/*
 * Bitmaps.h
 *
 *  Created on: Apr 2, 2025
 *      Author: pablo
 */

#ifndef INC_BITMAPS_H_
#define INC_BITMAPS_H_





const uint16_t CARRO_AMARILLO[] = {
		0x536f, 0x536f, 0x538f, 0x4b90, 0x536f, 0x5b8f, 0x5b6e, 0x632c, 0x632b, 0x6b29, 0x7b88, 0x9408, 0xac88, 0xbcc9, 0xcd2a, 0xdd49, 0xe549, 0xe549, 0xed68, 0xe547, 0xe567, 0xe567, 0xdd46, 0xcd07, 0xb4c7, 0xa448, 0x93e8, 0x738a, 0x634b, 0x5b2c, 0x5b4c, 0x5b6d, 0x5b8e, 0x5b8f, 0x536f, 0x536f, 0x536f, 0x538f,
		0x536e, 0x538f, 0x4b8f, 0x5370, 0x5b6f, 0x632c, 0x7349, 0x93c8, 0xb489, 0xd52a, 0xdd6a, 0xdd4a, 0xd529, 0xcd09, 0xc4a8, 0xb426, 0xabe5, 0xa3c4, 0x9ba4, 0xa3a5, 0xa3a5, 0xb3e6, 0xbc46, 0xccc8, 0xd529, 0xdd49, 0xdd69, 0xd56a, 0xbce9, 0xa469, 0x7ba9, 0x632a, 0x5b4d, 0x5b8e, 0x538f, 0x536f, 0x536f, 0x536f,
		0x538f, 0x538e, 0x4b8f, 0x5370, 0x632c, 0x8388, 0xbca8, 0xcd28, 0xcd08, 0xb447, 0x9b84, 0x82a2, 0x6a21, 0x5a01, 0x51c1, 0x41a1, 0x4181, 0x3982, 0x3982, 0x3963, 0x3963, 0x4163, 0x4982, 0x59c1, 0x6a21, 0x7261, 0x8303, 0xa3e6, 0xc4a8, 0xd50a, 0xcd0a, 0xa449, 0x6b49, 0x5b6d, 0x538e, 0x538e, 0x538f, 0x536f,
		0x4b8f, 0x536e, 0x536e, 0x536f, 0x6b2b, 0xc4a8, 0xf587, 0x9b83, 0x4961, 0x4182, 0x3983, 0x3983, 0x3964, 0x3984, 0x39a5, 0x39c5, 0x39c5, 0x39a6, 0x39a6, 0x39a6, 0x39a6, 0x39c6, 0x39c5, 0x39a4, 0x3984, 0x3964, 0x3964, 0x3184, 0x4183, 0x69a2, 0xdc85, 0xe588, 0x9407, 0x5b4b, 0x538f, 0x4b8f, 0x538f, 0x536e,
		0x538f, 0x536e, 0x5b8e, 0x5b4e, 0x83aa, 0xdd27, 0xf543, 0xc464, 0x4100, 0x3923, 0x39a6, 0x39c7, 0x39e8, 0x39c7, 0x39c7, 0x39a6, 0x39a6, 0x39a6, 0x39a7, 0x39a7, 0x39c7, 0x39c7, 0x31c7, 0x39c7, 0x39c7, 0x39c7, 0x39e7, 0x29a5, 0x28e0, 0x7a61, 0xf524, 0xf564, 0xbca7, 0x6b2a, 0x536f, 0x4b8f, 0x536f, 0x536f,
		0x536f, 0x536e, 0x5b8e, 0x5b0c, 0x9c09, 0xe545, 0xfd41, 0xf564, 0x9b04, 0x38c1, 0x3144, 0x2985, 0x2965, 0x2965, 0x2965, 0x2945, 0x2945, 0x2944, 0x2944, 0x2944, 0x2944, 0x2944, 0x2924, 0x3145, 0x3145, 0x3165, 0x3185, 0x2142, 0x41a0, 0xd4c5, 0xfd41, 0xf521, 0xd4e6, 0x7329, 0x5b4f, 0x4b70, 0x4b90, 0x536f,
		0x536f, 0x536e, 0x536e, 0x630a, 0xac48, 0xed64, 0xfd41, 0xfd22, 0xe4e7, 0x61a1, 0x28a0, 0x3100, 0x3120, 0x3120, 0x3140, 0x3960, 0x3960, 0x4180, 0x41a0, 0x41a0, 0x4180, 0x4160, 0x3940, 0x3920, 0x3900, 0x30e0, 0x3100, 0x30c0, 0x9b83, 0xf585, 0xfd00, 0xfd21, 0xdce6, 0x8369, 0x5b4e, 0x536f, 0x538f, 0x536f,
		0x536f, 0x538e, 0x536d, 0x632a, 0xb468, 0xed46, 0xece3, 0xf522, 0xf524, 0xc445, 0x9b83, 0xac04, 0xbc44, 0xc484, 0xccc3, 0xccc3, 0xd4e4, 0xd504, 0xdd24, 0xdd24, 0xd523, 0xcce3, 0xccc3, 0xc4a4, 0xb464, 0xac45, 0xa3c4, 0xabc3, 0xe4e4, 0xfd22, 0xf501, 0xf4e2, 0xdd07, 0x8b89, 0x5b4e, 0x538f, 0x538e, 0x536e,
		0x536f, 0x4b8e, 0x4b8e, 0x634a, 0xb489, 0xcc86, 0x9ac0, 0xed04, 0xf502, 0xfde4, 0xfe25, 0xfe25, 0xfe25, 0xfe24, 0xfe24, 0xfe23, 0xfe23, 0xfe23, 0xfe03, 0xfe23, 0xfe22, 0xfe22, 0xfe22, 0xfe43, 0xfe24, 0xfe45, 0xfe05, 0xfde5, 0xfd22, 0xfd02, 0xcbc2, 0xab02, 0xdd29, 0x83a9, 0x534d, 0x538e, 0x538e, 0x536e,
		0x536f, 0x4b8e, 0x4bae, 0x5b4a, 0xb46a, 0xcc88, 0x5900, 0xc3e3, 0xfd83, 0xfde1, 0xfe00, 0xfe01, 0xfe02, 0xfe02, 0xfe01, 0xfe01, 0xfe00, 0xfe01, 0xfe01, 0xfe01, 0xfe01, 0xfe01, 0xfe00, 0xfe00, 0xfe21, 0xfe02, 0xfe02, 0xfdc2, 0xfd20, 0xf524, 0x7a01, 0x8243, 0xd54a, 0x7ba9, 0x538d, 0x538e, 0x538e, 0x5b6f,
		0x536f, 0x4b8f, 0x4bae, 0x5b4b, 0xa44a, 0xcceb, 0x4901, 0x92e2, 0xf563, 0xfe00, 0xfe20, 0xfe01, 0xfe01, 0xfe02, 0xfe01, 0xfe01, 0xfe00, 0xfe01, 0xfe01, 0xfe02, 0xfe02, 0xfe02, 0xfe01, 0xfe21, 0xfe21, 0xfe21, 0xfe21, 0xfdc0, 0xf541, 0xdcc4, 0x5120, 0x8ae4, 0xd54b, 0x7388, 0x4b6d, 0x538e, 0x538e, 0x536f,
		0x536f, 0x536f, 0x4baf, 0x5b4b, 0xa409, 0xcd0a, 0x4981, 0x6a42, 0xed65, 0xfde1, 0xfe20, 0xfe01, 0xfe01, 0xfe02, 0xfe02, 0xfe01, 0xfe01, 0xfe01, 0xfe01, 0xfe01, 0xfe01, 0xfe01, 0xfe01, 0xfe00, 0xfe00, 0xfe21, 0xfe21, 0xfdc0, 0xf562, 0xcc65, 0x38e0, 0x8ae3, 0xcd0a, 0x7368, 0x536e, 0x538f, 0x536f, 0x5b6f,
		0x536e, 0x534f, 0x5390, 0x5b2b, 0x9c09, 0xcd09, 0x4980, 0x5a01, 0xe565, 0xfde2, 0xfe01, 0xfe01, 0xfe00, 0xfe21, 0xfe01, 0xfe01, 0xfe01, 0xfe01, 0xfe01, 0xfe00, 0xfe20, 0xfe00, 0xfe01, 0xfde1, 0xfde1, 0xfde2, 0xfde2, 0xfda1, 0xfd63, 0xbbe4, 0x38c0, 0x9324, 0xd50a, 0x7348, 0x536f, 0x536f, 0x536f, 0x536f,
		0x536f, 0x534f, 0x538f, 0x534c, 0x8c09, 0xcd08, 0x5181, 0x51a1, 0xd525, 0xfde3, 0xfe01, 0xfe01, 0xfe00, 0xfe01, 0xfe01, 0xfe01, 0xfe01, 0xfe01, 0xfe01, 0xfe00, 0xfe00, 0xfe00, 0xfe01, 0xfe01, 0xfde1, 0xfde2, 0xfde2, 0xfda1, 0xf563, 0xa364, 0x3080, 0x9b85, 0xc509, 0x6b48, 0x5b70, 0x5370, 0x536f, 0x538f,
		0x536f, 0x536f, 0x536f, 0x536d, 0x8409, 0xcd09, 0x6182, 0x4940, 0xcd06, 0xfe03, 0xfe01, 0xfe01, 0xfe01, 0xfe01, 0xfe01, 0xfe01, 0xfe01, 0xfe01, 0xfe01, 0xfe00, 0xfde0, 0xfde1, 0xfe01, 0xfe01, 0xfe01, 0xfe01, 0xfde2, 0xfdc1, 0xf564, 0x9324, 0x3060, 0x9ba5, 0xbd2a, 0x6369, 0x534f, 0x5370, 0x536f, 0x538e,
		0x536f, 0x536f, 0x538f, 0x536d, 0x83e9, 0xcd2a, 0x61a2, 0x4120, 0xc4c5, 0xfe03, 0xfe01, 0xfe01, 0xfe01, 0xfe01, 0xfe01, 0xfe01, 0xfe01, 0xfe01, 0xfe01, 0xfe00, 0xfde0, 0xfe01, 0xfe01, 0xfe01, 0xfe00, 0xfe01, 0xfde2, 0xfdc1, 0xed43, 0x8ac3, 0x3080, 0xa3e6, 0xb50a, 0x6369, 0x536f, 0x5370, 0x536f, 0x538f,
		0x536f, 0x536f, 0x538f, 0x536d, 0x7bc9, 0xcd2a, 0x69e2, 0x38e0, 0xbc84, 0xfe24, 0xfe01, 0xfe01, 0xfe01, 0xfe01, 0xfe00, 0xfe01, 0xfe01, 0xfe01, 0xfe01, 0xfe00, 0xfde0, 0xfe01, 0xfe01, 0xfe01, 0xfe00, 0xfe01, 0xfde2, 0xfdc1, 0xf564, 0x82a2, 0x30a0, 0xa407, 0xb4e9, 0x6349, 0x536f, 0x5370, 0x536f, 0x538e,
		0x536f, 0x5b6f, 0x536f, 0x536e, 0x7ba9, 0xcd2a, 0x7223, 0x30c0, 0xb465, 0xfe24, 0xfe01, 0xfe01, 0xfe01, 0xfe01, 0xfe01, 0xfe01, 0xfe01, 0xfe01, 0xfe01, 0xfe01, 0xfe01, 0xfe01, 0xfe01, 0xfe01, 0xfe00, 0xfe01, 0xfde1, 0xfdc1, 0xed64, 0x7a81, 0x30a0, 0xa407, 0xaca9, 0x6349, 0x536f, 0x536f, 0x536f, 0x536f,
		0x536f, 0x5b6f, 0x536f, 0x536e, 0x7388, 0xcd2b, 0x7243, 0x30a0, 0xb445, 0xfe04, 0xfe00, 0xfe01, 0xfe01, 0xfe01, 0xfe01, 0xfe01, 0xfe01, 0xfe01, 0xfe01, 0xfe01, 0xfe01, 0xfe01, 0xfe01, 0xfe01, 0xfe00, 0xfe01, 0xfde1, 0xfdc1, 0xed44, 0x7241, 0x30a0, 0xac28, 0xa469, 0x634a, 0x536f, 0x536f, 0x536f, 0x536f,
		0x536e, 0x536f, 0x538f, 0x536e, 0x7369, 0xcd2b, 0x7a83, 0x28a0, 0xac04, 0xfe24, 0xfe00, 0xfe01, 0xfe01, 0xfe01, 0xfe01, 0xfe01, 0xfe01, 0xfe01, 0xfe01, 0xfe01, 0xfe01, 0xfe01, 0xfe01, 0xfe00, 0xfe00, 0xfde1, 0xfde1, 0xfdc1, 0xed44, 0x6a21, 0x30c0, 0xac8a, 0xa46a, 0x636b, 0x536f, 0x536f, 0x536f, 0x538f,
		0x536e, 0x536e, 0x538f, 0x536e, 0x7bcb, 0xd56d, 0x7a83, 0x2880, 0xa3c4, 0xfe24, 0xfe20, 0xfe01, 0xfe01, 0xfe01, 0xfe01, 0xfe01, 0xfe01, 0xfe01, 0xfe01, 0xfe00, 0xfe01, 0xfe01, 0xfe01, 0xfe00, 0xfe20, 0xfe01, 0xfde1, 0xfde1, 0xed44, 0x6a01, 0x30e0, 0xb48a, 0xaced, 0x634b, 0x538e, 0x538f, 0x536f, 0x536f,
		0x536f, 0x536e, 0x538f, 0x4b4e, 0x83cb, 0xddad, 0x7263, 0x28a0, 0xa3c4, 0xfe45, 0xfe00, 0xfe01, 0xfe01, 0xfe01, 0xfe01, 0xfe01, 0xfe01, 0xfe01, 0xfe01, 0xfe00, 0xfe01, 0xfe01, 0xfe01, 0xfe00, 0xfe20, 0xfe01, 0xfe01, 0xfde2, 0xe545, 0x69e1, 0x30e0, 0xb48b, 0xb52e, 0x5b4a, 0x536e, 0x538f, 0x536f, 0x536f,
		0x536e, 0x536e, 0x538f, 0x536f, 0x7bcb, 0xdd8d, 0x7aa3, 0x28a0, 0xa3e5, 0xfe24, 0xfe00, 0xfe01, 0xfe01, 0xfe01, 0xfe01, 0xfe01, 0xfe01, 0xfe01, 0xfe01, 0xfe00, 0xfe01, 0xfe01, 0xfe01, 0xfe00, 0xfe00, 0xfe01, 0xfde1, 0xfde2, 0xe545, 0x6201, 0x3100, 0xb4ab, 0xacee, 0x634b, 0x538e, 0x538e, 0x536f, 0x536f,
		0x536f, 0x536e, 0x538e, 0x536f, 0x736a, 0xc4eb, 0x7ac4, 0x2880, 0xa3e5, 0xfe25, 0xfe20, 0xfe01, 0xfe01, 0xfe01, 0xfe01, 0xfe01, 0xfe01, 0xfe01, 0xfe01, 0xfe01, 0xfe01, 0xfe01, 0xfe01, 0xfe01, 0xfe00, 0xfe01, 0xfde1, 0xfde2, 0xe545, 0x6201, 0x3100, 0xac8b, 0x9c2b, 0x5b4b, 0x538e, 0x538e, 0x536f, 0x536f,
		0x536f, 0x538e, 0x4b8d, 0x538e, 0x634a, 0xaccc, 0x8305, 0x2880, 0xa3e4, 0xfe45, 0xfe21, 0xfde1, 0xfde1, 0xfde1, 0xfe00, 0xfde0, 0xfde1, 0xfde1, 0xfde1, 0xfde1, 0xfe01, 0xfe00, 0xfe01, 0xfde1, 0xfde0, 0xfe01, 0xfe02, 0xfde3, 0xed66, 0x6a01, 0x3100, 0xac8b, 0x8beb, 0x5b2b, 0x538e, 0x538f, 0x5b6f, 0x5b6f,
		0x536f, 0x538f, 0x4b8d, 0x538e, 0x5b4a, 0xacac, 0x82e5, 0x30a0, 0xb445, 0xfe44, 0xfe01, 0xfde1, 0xfe01, 0xfe21, 0xfe01, 0xfe00, 0xfe02, 0xfe02, 0xfe02, 0xfe02, 0xfe21, 0xfe00, 0xfde1, 0xfde1, 0xfde0, 0xfe00, 0xfe21, 0xfdc2, 0xed66, 0x7221, 0x30e0, 0xac8a, 0x8beb, 0x632c, 0x5b6f, 0x536f, 0x536f, 0x5b6f,
		0x536f, 0x536f, 0x536e, 0x536e, 0x632a, 0xac8b, 0x82e5, 0x38a0, 0xbc85, 0xfe45, 0xfe01, 0xfe01, 0xfe21, 0xfe21, 0xfe01, 0xfe21, 0xf602, 0xfe02, 0xfe02, 0xf601, 0xfe01, 0xfe00, 0xfde1, 0xfe01, 0xfde0, 0xfe20, 0xfe40, 0xfe01, 0xeda6, 0x7a61, 0x38e0, 0xac8a, 0x8beb, 0x632c, 0x536f, 0x538f, 0x536f, 0x536f,
		0x536f, 0x534f, 0x536f, 0x536f, 0x6329, 0xb48a, 0x82e5, 0x40e0, 0xc4c6, 0xfe26, 0xf604, 0xfde3, 0xfe02, 0xfe02, 0xfe01, 0xfe01, 0xfe01, 0xfde0, 0xfde0, 0xfde0, 0xfe00, 0xfe00, 0xfe02, 0xfe02, 0xfe01, 0xfe21, 0xfe20, 0xfe02, 0xed86, 0x8282, 0x38e0, 0xac6b, 0x83ea, 0x5b4c, 0x538f, 0x4b8f, 0x538e, 0x536e,
		0x536f, 0x5b4f, 0x5370, 0x536f, 0x6329, 0xb48a, 0x82e4, 0x4920, 0xc4e6, 0xdd45, 0xe565, 0xf584, 0xfdc4, 0xfde4, 0xfdc2, 0xfde2, 0xfde1, 0xfdc1, 0xfde1, 0xfdc1, 0xfde1, 0xfdc2, 0xfdc3, 0xfdc4, 0xfde5, 0xf5a3, 0xed82, 0xe524, 0xe4e7, 0x9b05, 0x40c0, 0xac6b, 0x83ca, 0x5b4d, 0x5390, 0x4b90, 0x536f, 0x536e,
		0x536e, 0x5b6f, 0x536f, 0x5390, 0x6329, 0xac8a, 0x82e5, 0x59a2, 0xac06, 0x61e0, 0x7241, 0x82a2, 0x9b42, 0xabe4, 0xc465, 0xccc5, 0xdd05, 0xe545, 0xdd45, 0xdd45, 0xdd46, 0xcce5, 0xc4a5, 0xb445, 0xa3c4, 0x9343, 0x7a81, 0x59a0, 0x7a83, 0x9ba8, 0x4100, 0xa46b, 0x83eb, 0x5b4c, 0x4b70, 0x4b70, 0x536f, 0x5b6f,
		0x538e, 0x536e, 0x536f, 0x4b90, 0x5b4a, 0xacaa, 0x7ac4, 0x6a24, 0x8b27, 0x28c0, 0x28e1, 0x28e1, 0x28e0, 0x3101, 0x3921, 0x4141, 0x51c1, 0x6201, 0x59e1, 0x5a01, 0x51e1, 0x49a1, 0x3960, 0x3140, 0x28e0, 0x28c1, 0x28c2, 0x20c3, 0x3982, 0x93ea, 0x4981, 0x9c4b, 0x7bca, 0x5b4c, 0x536f, 0x5390, 0x536f, 0x536e,
		0x538e, 0x536e, 0x536e, 0x5390, 0x5b4a, 0xaccb, 0x7ac3, 0x82e6, 0x6a65, 0x3142, 0x31a6, 0x31a5, 0x31a5, 0x2965, 0x2944, 0x2924, 0x2923, 0x2903, 0x20e3, 0x2904, 0x2904, 0x2903, 0x2923, 0x3143, 0x3965, 0x3967, 0x3987, 0x39a6, 0x3142, 0x8b87, 0x61e2, 0xa44b, 0x7baa, 0x5b4c, 0x5390, 0x5370, 0x536f, 0x536e,
		0x538e, 0x536e, 0x5b6e, 0x5370, 0x5b4b, 0xa4aa, 0x8b04, 0x9347, 0x49a4, 0x3165, 0x31e8, 0x31e7, 0x31e7, 0x31c7, 0x31c7, 0x39c7, 0x39a7, 0x39a8, 0x3987, 0x3987, 0x3988, 0x39a8, 0x39c7, 0x39c6, 0x39c7, 0x39a8, 0x3967, 0x39c7, 0x3122, 0x8325, 0x82a4, 0x9c09, 0x83ca, 0x5b6c, 0x536f, 0x536f, 0x536e, 0x536e,
		0x536f, 0x536e, 0x5b4e, 0x5b70, 0x5b4b, 0xa468, 0xabc4, 0x9b46, 0x4102, 0x3986, 0x31c7, 0x31c7, 0x31c6, 0x31c6, 0x39c7, 0x39c6, 0x39c6, 0x39c7, 0x39c7, 0x39c7, 0x39c7, 0x31c7, 0x31e7, 0x31e6, 0x31c6, 0x31a6, 0x39a6, 0x31c7, 0x2923, 0x6a44, 0xaba6, 0xa428, 0x83aa, 0x634c, 0x536e, 0x538f, 0x536e, 0x536e,
		0x536f, 0x536f, 0x5b4f, 0x5b50, 0x632b, 0xa448, 0xd4e7, 0x9365, 0x38e2, 0x41a7, 0x39a6, 0x39a6, 0x39c5, 0x39c5, 0x39c6, 0x39a6, 0x39c6, 0x31c6, 0x31c6, 0x39c6, 0x39c6, 0x31c6, 0x31c5, 0x31e5, 0x31e6, 0x31c6, 0x31a6, 0x31c7, 0x3986, 0x4942, 0xc468, 0xc4e9, 0x8388, 0x6b4b, 0x5b6e, 0x538f, 0x538f, 0x5b6e,
		0x5370, 0x5370, 0x5b6f, 0x5b4f, 0x6b2a, 0xac67, 0xe589, 0x7ac3, 0x3123, 0x39a7, 0x39a6, 0x39a7, 0x31c6, 0x31c6, 0x39c6, 0x39a6, 0x39c6, 0x31c6, 0x31c7, 0x31c7, 0x31c6, 0x31c6, 0x31c5, 0x31c5, 0x31c5, 0x39a7, 0x3988, 0x3987, 0x39a6, 0x4141, 0xc466, 0xdd89, 0x8b87, 0x632b, 0x5b4e, 0x538f, 0x538e, 0x5b6e,
		0x538f, 0x538e, 0x5b4c, 0x5b4c, 0x6b27, 0xb486, 0xe547, 0x6a41, 0x3144, 0x31c6, 0x31c6, 0x31c7, 0x31c7, 0x39a7, 0x39a7, 0x4187, 0x39a7, 0x39c6, 0x39a7, 0x39a7, 0x39a7, 0x31c7, 0x31c7, 0x31c7, 0x31c7, 0x31c7, 0x39c7, 0x39a6, 0x3986, 0x3941, 0xac05, 0xdda8, 0x8ba6, 0x6329, 0x5b4c, 0x538f, 0x4b6f, 0x536f,
		0x534e, 0x6b8b, 0x93c9, 0x9ba8, 0x9324, 0xcc84, 0xed46, 0x6200, 0x3164, 0x31c7, 0x31c6, 0x31c7, 0x31c7, 0x39a8, 0x39a7, 0x39a6, 0x39c6, 0x39c6, 0x39c6, 0x39a6, 0x39c7, 0x31c7, 0x31c7, 0x31c7, 0x31c7, 0x31c6, 0x31c6, 0x39c7, 0x3987, 0x3123, 0xa3a5, 0xed87, 0xb3c3, 0x9b65, 0x93c9, 0x7bac, 0x634e, 0x5b4f,
		0x5b4d, 0x7baa, 0xbc28, 0xdc26, 0xdba3, 0xec43, 0xed06, 0x6200, 0x3165, 0x31c7, 0x31c6, 0x31c7, 0x31c7, 0x31a7, 0x39a6, 0x39c6, 0x31c6, 0x31c6, 0x39c6, 0x39c6, 0x39c6, 0x39a7, 0x39c7, 0x31c6, 0x31c6, 0x31c6, 0x31c6, 0x31c6, 0x31c7, 0x3123, 0xa365, 0xfd05, 0xe3e1, 0xdbc3, 0xd447, 0xa3c9, 0x734c, 0x5b4e,
		0x536e, 0x636c, 0x934a, 0xbb67, 0xe3a4, 0xe401, 0xdcc5, 0x6222, 0x3164, 0x39c6, 0x39c5, 0x39c5, 0x39c7, 0x31c7, 0x39c7, 0x39c6, 0x31a7, 0x31c8, 0x31a8, 0x39a7, 0x39a7, 0x39a7, 0x39a7, 0x39a7, 0x39a7, 0x39a6, 0x39a6, 0x31a5, 0x39e6, 0x3142, 0xa384, 0xec82, 0xe3e2, 0xd3c5, 0xab86, 0x7b29, 0x5b2d, 0x5b70,
		0x538f, 0x5b6f, 0x632e, 0x7b0b, 0xa366, 0xdcc4, 0xed86, 0x7282, 0x3943, 0x41a7, 0x39a6, 0x39a6, 0x39c6, 0x39a7, 0x39a7, 0x39a7, 0x39a7, 0x31a7, 0x39a7, 0x39a7, 0x39a7, 0x39a7, 0x39a7, 0x39a7, 0x39a7, 0x39a7, 0x3987, 0x39a6, 0x39c5, 0x4140, 0xbc45, 0xf545, 0xc425, 0x8b06, 0x734a, 0x5b4c, 0x536f, 0x5370,
		0x536f, 0x5b50, 0x5b4f, 0x5b4d, 0x7b87, 0xd545, 0xf604, 0xbc64, 0x4120, 0x3945, 0x3987, 0x39a7, 0x39a6, 0x31a7, 0x39a7, 0x39a7, 0x39a7, 0x39c7, 0x39c7, 0x31c7, 0x31c7, 0x29c7, 0x29e6, 0x31c6, 0x31c6, 0x39a7, 0x3967, 0x41a6, 0x3121, 0x6a41, 0xed87, 0xf565, 0xbc47, 0x6b0a, 0x5b6e, 0x536e, 0x536f, 0x5370,
		0x536f, 0x5b4f, 0x634f, 0x536c, 0x7bc7, 0xd565, 0xf5a1, 0xfe23, 0xb464, 0x6243, 0x3983, 0x3183, 0x3184, 0x39a5, 0x31a5, 0x31c6, 0x31c6, 0x31c6, 0x39e6, 0x31e6, 0x29e6, 0x29e5, 0x29e4, 0x29c3, 0x31a3, 0x3962, 0x4163, 0x51c2, 0x8343, 0xd547, 0xfde6, 0xf523, 0xc468, 0x6b2b, 0x536f, 0x536e, 0x536e, 0x536f,
		0x4bae, 0x536e, 0x5b6f, 0x536d, 0x83c8, 0xdd05, 0xfd80, 0xfde0, 0xfe43, 0xde06, 0xb506, 0x8ba4, 0x6ac3, 0x5a41, 0x49e0, 0x41c2, 0x3983, 0x3163, 0x3983, 0x3983, 0x3982, 0x39a1, 0x39c1, 0x4a21, 0x6282, 0x7b02, 0xa424, 0xd545, 0xf645, 0xfe44, 0xfd81, 0xf501, 0xc487, 0x6b4b, 0x4b6f, 0x4b8f, 0x4b90, 0x536f,
		0x536e, 0x536e, 0x538f, 0x4b6d, 0x8be9, 0xed26, 0xfd42, 0xfdc1, 0xfde1, 0xfe42, 0xfe65, 0xf625, 0xf5e6, 0xe5a6, 0xcd45, 0xbcc4, 0xb484, 0xac64, 0xac64, 0xac43, 0xb463, 0xbca4, 0xcd06, 0xdd67, 0xe5c7, 0xf626, 0xfe66, 0xfe24, 0xfe01, 0xfe21, 0xfda0, 0xf521, 0xc4c6, 0x6369, 0x4b8e, 0x538e, 0x5b6e, 0x5b4f,
		0x5b4f, 0x536f, 0x538e, 0x538c, 0x9409, 0xed06, 0xf501, 0xfde2, 0xfe01, 0xfe01, 0xfde0, 0xfe01, 0xfe01, 0xfe22, 0xfe23, 0xfe44, 0xfe44, 0xfe44, 0xfe64, 0xfe64, 0xfe44, 0xfe44, 0xfe24, 0xfe24, 0xfe23, 0xfe02, 0xfde2, 0xfe02, 0xfe01, 0xfe00, 0xfd80, 0xf541, 0xc4e6, 0x6b89, 0x536d, 0x5b8e, 0x5b6e, 0x5b4e,
		0x5b6f, 0x536f, 0x538d, 0x536a, 0x9c08, 0xed06, 0xfd00, 0xfdc0, 0xfe21, 0xfe00, 0xfe00, 0xfe00, 0xfe00, 0xfe01, 0xfe01, 0xfe01, 0xfe01, 0xfe01, 0xfe01, 0xfe01, 0xfe01, 0xfe01, 0xfe01, 0xfe01, 0xfe01, 0xfde1, 0xfde1, 0xfde1, 0xfe01, 0xfe01, 0xfd60, 0xf521, 0xcce7, 0x7369, 0x5b4e, 0x536e, 0x536f, 0x538f,
		0x5370, 0x536f, 0x538e, 0x5b6b, 0x9c09, 0xf506, 0xfd00, 0xfda0, 0xfe01, 0xfe01, 0xfe01, 0xfe01, 0xfe01, 0xfe01, 0xfe01, 0xfe01, 0xfe01, 0xfe01, 0xfe01, 0xfe01, 0xfe01, 0xfe01, 0xfe01, 0xfe01, 0xfe01, 0xfde1, 0xfde1, 0xfde1, 0xfde1, 0xfde1, 0xfd60, 0xf522, 0xd4e8, 0x736a, 0x534e, 0x536f, 0x538f, 0x536f,
		0x536f, 0x5370, 0x536e, 0x5b4b, 0xa409, 0xf506, 0xfce0, 0xfd80, 0xfde1, 0xfde2, 0xfde1, 0xfe01, 0xfe01, 0xfe01, 0xfe01, 0xfe01, 0xfe01, 0xfe01, 0xfe01, 0xfe01, 0xfe01, 0xfe01, 0xfe01, 0xfe01, 0xfe01, 0xfe01, 0xfde1, 0xfde1, 0xfde1, 0xfda1, 0xfd20, 0xfd02, 0xd4c8, 0x736a, 0x534f, 0x5370, 0x536f, 0x536f,
		0x538f, 0x536f, 0x536e, 0x5b4b, 0x9be9, 0xf506, 0xfce0, 0xfd40, 0xfdc1, 0xfde2, 0xfde2, 0xfe01, 0xfe01, 0xfe01, 0xfe01, 0xfe01, 0xfe00, 0xfe01, 0xfe01, 0xfe01, 0xfe01, 0xfe01, 0xfe01, 0xfe01, 0xfe01, 0xfe01, 0xfde1, 0xfde1, 0xfde2, 0xfd81, 0xfd00, 0xfd01, 0xdcc7, 0x734a, 0x534f, 0x5370, 0x536f, 0x536f,
		0x538f, 0x536f, 0x5b6e, 0x5b4b, 0x93e9, 0xed06, 0xfd00, 0xfd20, 0xfda1, 0xfde2, 0xfde2, 0xfe01, 0xfe01, 0xfe01, 0xfe01, 0xfe01, 0xfe01, 0xfe01, 0xfe01, 0xfe01, 0xfe01, 0xfe01, 0xfe01, 0xfe00, 0xfe01, 0xfe01, 0xfde1, 0xfde1, 0xfde2, 0xfd60, 0xfd00, 0xfd02, 0xd4c7, 0x7349, 0x536e, 0x5370, 0x536f, 0x536f,
		0x4b8e, 0x538f, 0x5b6e, 0x5b4b, 0x8be9, 0xe527, 0xf501, 0xfd20, 0xfd60, 0xfde2, 0xfe01, 0xfe01, 0xfe01, 0xfe01, 0xfe01, 0xfe01, 0xfe01, 0xfe01, 0xfe01, 0xfe01, 0xfe01, 0xfe01, 0xfe01, 0xfe00, 0xfe01, 0xfe01, 0xfde1, 0xfde2, 0xfdc1, 0xf540, 0xf500, 0xf502, 0xcca6, 0x6b48, 0x538e, 0x4b6f, 0x536f, 0x536f,
		0x4b8e, 0x536f, 0x5b6e, 0x5b6c, 0x7ba9, 0xd529, 0xed23, 0xf521, 0xf540, 0xfde2, 0xfe01, 0xfe00, 0xfe01, 0xfe01, 0xfe01, 0xfe01, 0xfe01, 0xfe01, 0xfe01, 0xfe01, 0xfe01, 0xfe01, 0xfe01, 0xfe01, 0xfe01, 0xfe01, 0xfe01, 0xfde2, 0xfd81, 0xf520, 0xed01, 0xed45, 0xb487, 0x6349, 0x538e, 0x538f, 0x536f, 0x536f,
		0x538f, 0x536f, 0x5b6e, 0x536d, 0x6369, 0xcdcd, 0xfe4b, 0xece2, 0xf521, 0xfdc1, 0xfe01, 0xfe01, 0xfe01, 0xfe01, 0xfe01, 0xfe01, 0xfe01, 0xfe01, 0xfe01, 0xfe01, 0xfe01, 0xfe01, 0xfe01, 0xfe01, 0xfe01, 0xfe01, 0xfe01, 0xfde2, 0xfd81, 0xed01, 0xe545, 0xf68d, 0xa469, 0x5b4a, 0x538e, 0x538f, 0x536f, 0x536f,
		0x4b8f, 0x5b6f, 0x5b4e, 0x538e, 0x534a, 0xbd8f, 0xff11, 0xe4c5, 0xed02, 0xf580, 0xfe20, 0xfe00, 0xfe01, 0xfe01, 0xfe01, 0xfe01, 0xfe01, 0xfe01, 0xfe01, 0xfe01, 0xfe01, 0xfe01, 0xfe01, 0xfe01, 0xfe01, 0xfe01, 0xfe01, 0xfdc1, 0xf520, 0xe4c1, 0xedca, 0xf734, 0x83eb, 0x536d, 0x4b6f, 0x536f, 0x5b4f, 0x536f,
		0x536f, 0x5b70, 0x5b4f, 0x538f, 0x536c, 0x842b, 0xff14, 0xf5aa, 0xe4e3, 0xf561, 0xfe01, 0xfe01, 0xfe01, 0xfe01, 0xfe01, 0xfe00, 0xfe01, 0xfe01, 0xfe01, 0xfe01, 0xfe01, 0xfe01, 0xfe01, 0xfe01, 0xfe01, 0xfe01, 0xfe01, 0xfda1, 0xf500, 0xed04, 0xfef0, 0xcdf2, 0x632b, 0x536f, 0x4b70, 0x536f, 0x5b6f, 0x536f,
		0x536f, 0x536f, 0x536f, 0x538f, 0x5b6d, 0x5b4b, 0xb591, 0xff12, 0xe547, 0xe502, 0xfde2, 0xfe01, 0xfe01, 0xfe01, 0xfe01, 0xfe01, 0xfe01, 0xfe02, 0xfe02, 0xfe03, 0xfe02, 0xfe22, 0xf621, 0xf600, 0xfe21, 0xfe01, 0xfde1, 0xfd61, 0xe4e2, 0xf62c, 0xef14, 0x7c0d, 0x534c, 0x538f, 0x5370, 0x534f, 0x536f, 0x536f,
		0x536f, 0x536f, 0x536f, 0x536f, 0x5b6e, 0x5b6d, 0x632a, 0xbdb0, 0xff12, 0xe588, 0xf583, 0xfe02, 0xfe01, 0xfe00, 0xfe00, 0xfe00, 0xfe00, 0xfe01, 0xfe02, 0xfe02, 0xfde2, 0xfe01, 0xfe21, 0xfe20, 0xfe00, 0xfde1, 0xfde2, 0xe524, 0xf62d, 0xeef5, 0x8c6f, 0x4b0b, 0x53ae, 0x536e, 0x5b6f, 0x534f, 0x536f, 0x536f,
		0x536e, 0x536e, 0x536e, 0x536e, 0x536e, 0x538e, 0x534d, 0x634a, 0xaccd, 0xee2e, 0xeda7, 0xfde4, 0xfe02, 0xfde1, 0xfde0, 0xfde0, 0xfde0, 0xfe00, 0xfe00, 0xfde1, 0xfe01, 0xfde0, 0xfde0, 0xfe00, 0xfe01, 0xfde3, 0xf5c5, 0xee0c, 0xcdf2, 0x73cd, 0x4b0d, 0x53af, 0x538d, 0x536d, 0x538f, 0x536f, 0x538e, 0x536e,
		0x536e, 0x536e, 0x5b6e, 0x536e, 0x536f, 0x536f, 0x4b6f, 0x5b8e, 0x5b2a, 0x7b88, 0xa467, 0xcd67, 0xe607, 0xf646, 0xf624, 0xfe23, 0xfe02, 0xfe01, 0xfe01, 0xfde1, 0xfde2, 0xfde2, 0xfe23, 0xfe44, 0xf626, 0xe5e7, 0xbce6, 0x8c07, 0x5b4a, 0x536e, 0x4b6f, 0x4b8e, 0x538d, 0x5baf, 0x536f, 0x536f, 0x538f, 0x536f,
		0x538e, 0x536e, 0x5b6d, 0x5b6e, 0x536f, 0x4b70, 0x4bb1, 0x4b6f, 0x536e, 0x5b6c, 0x5b29, 0x6b68, 0x7be8, 0x9ca9, 0xbd4a, 0xd5ca, 0xde09, 0xe628, 0xee28, 0xee07, 0xee28, 0xe5e8, 0xc569, 0xad0a, 0x8c49, 0x7388, 0x6b69, 0x5329, 0x536d, 0x536e, 0x538f, 0x53ae, 0x538e, 0x534f, 0x536f, 0x536f, 0x538f, 0x538f
};
const uint16_t CARRO_ROSADO[] = {
		0x536f, 0x5b6f, 0x5b4f, 0x536f, 0x4b8f, 0x4b8f, 0x536f, 0x5b6e, 0x5b4e, 0x428a, 0x31e8, 0x31c7, 0x31c7, 0x31c7, 0x31a7, 0x31a7, 0x31c7, 0x31c7, 0x31c7, 0x31c7, 0x31c7, 0x31c7, 0x31a7, 0x31a7, 0x29a7, 0x31a7, 0x31c7, 0x3a29, 0x52ec, 0x5b8e, 0x538e, 0x4b8e, 0x5b6f, 0x5b4f, 0x536f, 0x536f, 0x536f, 0x538f,
		0x536f, 0x5b6f, 0x5b6f, 0x538f, 0x4b8e, 0x538f, 0x5b4e, 0x6b2e, 0x39e8, 0x31a7, 0x31c7, 0x31c7, 0x31e7, 0x31c7, 0x39a7, 0x31a7, 0x31c7, 0x31c7, 0x31c7, 0x31c7, 0x31a7, 0x31c7, 0x31c7, 0x31c7, 0x39c7, 0x31c7, 0x31c7, 0x31a7, 0x31a7, 0x52cc, 0x5b6e, 0x536e, 0x5b6f, 0x5b4f, 0x536f, 0x538f, 0x536f, 0x536f,
		0x536f, 0x5b6f, 0x536f, 0x536f, 0x536e, 0x5b6e, 0x730e, 0x8b2f, 0x4167, 0x31a6, 0x31c7, 0x31c7, 0x31c7, 0x31c6, 0x39c7, 0x39a7, 0x39a7, 0x39a7, 0x39a7, 0x39a7, 0x39a7, 0x39a7, 0x39a7, 0x39a7, 0x39c7, 0x31c7, 0x31c7, 0x31a7, 0x3146, 0x6a6c, 0x7b6f, 0x634e, 0x5b4f, 0x536f, 0x536f, 0x538f, 0x536f, 0x536f,
		0x536f, 0x536f, 0x536f, 0x536e, 0x536e, 0x630e, 0x9310, 0xab10, 0x5107, 0x3986, 0x31c6, 0x39c6, 0x31c6, 0x31c6, 0x39a7, 0x39a6, 0x39a6, 0x39a6, 0x39a6, 0x39a6, 0x39a6, 0x39a6, 0x39a6, 0x39a6, 0x39a6, 0x31a6, 0x31c6, 0x39a7, 0x4106, 0x822c, 0xab71, 0x730f, 0x5b4f, 0x536f, 0x538f, 0x538f, 0x538f, 0x536f,
		0x536f, 0x536f, 0x538f, 0x538e, 0x5b4e, 0x72ee, 0xb331, 0xcaf1, 0x6107, 0x3966, 0x39e7, 0x39a6, 0x39e6, 0x31c7, 0x39c7, 0x39c7, 0x39c6, 0x39c6, 0x39c7, 0x39c7, 0x39c7, 0x39c7, 0x39c7, 0x39c7, 0x39c7, 0x39c6, 0x39c7, 0x39c7, 0x40c5, 0xa22d, 0xcb52, 0x82cf, 0x5b4f, 0x536f, 0x538f, 0x4b8f, 0x536f, 0x536f,
		0x536f, 0x536f, 0x538f, 0x536e, 0x5b4e, 0x82ee, 0xcb12, 0xeb13, 0x8149, 0x30e4, 0x3186, 0x3986, 0x31a6, 0x3186, 0x3186, 0x3186, 0x3186, 0x3186, 0x3186, 0x3186, 0x3186, 0x3186, 0x3186, 0x3186, 0x3186, 0x31a6, 0x3186, 0x3145, 0x50a5, 0xca90, 0xe2f2, 0x9af0, 0x632f, 0x536f, 0x4b8f, 0x538f, 0x536f, 0x536f,
		0x536f, 0x536f, 0x5b6f, 0x5b6f, 0x632e, 0x9af0, 0xe2d2, 0xfab3, 0xca70, 0x6908, 0x40a5, 0x38c5, 0x30e5, 0x3905, 0x40e6, 0x40e6, 0x40e6, 0x40e5, 0x40e5, 0x40e5, 0x40e6, 0x4106, 0x40e5, 0x40e5, 0x38e5, 0x38e5, 0x38c5, 0x50c6, 0xa9ed, 0xeab2, 0xf2d2, 0xb2f1, 0x6b0f, 0x536f, 0x4b8f, 0x538f, 0x538f, 0x536f,
		0x536f, 0x536f, 0x5b4f, 0x5b6f, 0x630f, 0xab31, 0xe2d2, 0xfa93, 0xf2b3, 0xdad1, 0xc26f, 0xba6f, 0xb26e, 0xbaaf, 0xc28f, 0xc28f, 0xc28f, 0xc28f, 0xc28f, 0xc28f, 0xc28f, 0xc28f, 0xc28f, 0xc28f, 0xba4e, 0xba4e, 0xba6f, 0xd290, 0xf2f3, 0xf292, 0xf2d2, 0xc312, 0x72ee, 0x536f, 0x538f, 0x536f, 0x536f, 0x536f,
		0x536f, 0x5b6f, 0x536f, 0x536f, 0x6b0f, 0xb311, 0xe313, 0xeab2, 0xea92, 0xf2d2, 0xfb54, 0xfb74, 0xfb94, 0xf373, 0xfb53, 0xfb53, 0xfb53, 0xfb53, 0xfb53, 0xfb53, 0xfb53, 0xfb53, 0xfb53, 0xfb53, 0xfb54, 0xfb74, 0xfb74, 0xfaf3, 0xea91, 0xe2b1, 0xdad1, 0xcb32, 0x8b0f, 0x5b4f, 0x536f, 0x5b6f, 0x536f, 0x536f,
		0x5b6f, 0x5b6f, 0x538f, 0x536e, 0x7b0f, 0xc352, 0xba6f, 0x88e9, 0xdad1, 0xf2d2, 0xfb54, 0xfb95, 0xfbb4, 0xfbd4, 0xfbb4, 0xfb94, 0xfb94, 0xfbb4, 0xfbb4, 0xfbb4, 0xfbb4, 0xfbb4, 0xfbb4, 0xfbb4, 0xfbb4, 0xfbb4, 0xfb95, 0xfb13, 0xeab2, 0xa16b, 0x996b, 0xdb53, 0x9acf, 0x630f, 0x536f, 0x5b6f, 0x5b6f, 0x536f,
		0x5b4f, 0x5b6f, 0x538f, 0x536f, 0x82ef, 0xcb73, 0x99cc, 0x4804, 0xaa2e, 0xf333, 0xfb74, 0xfb94, 0xfbb4, 0xf3b4, 0xfbb4, 0xfb94, 0xfb94, 0xfb94, 0xfbb4, 0xfbb4, 0xfbb4, 0xfbb4, 0xf3b4, 0xf3b4, 0xf3b4, 0xf3b4, 0xfbb5, 0xfb13, 0xe2d1, 0x6086, 0x68c7, 0xd332, 0xaaf0, 0x632f, 0x536f, 0x5b6f, 0x536f, 0x536f,
		0x5b4f, 0x5b6f, 0x4b8f, 0x536e, 0x8aef, 0xd352, 0x816a, 0x3824, 0x91ec, 0xf353, 0xfb74, 0xfbb4, 0xf3b4, 0xf3b4, 0xfbb4, 0xfbb4, 0xfbb4, 0xfbb4, 0xfbb4, 0xfbb4, 0xfbb4, 0xfb94, 0xfb94, 0xfb94, 0xfbb4, 0xf3b4, 0xfb94, 0xfb34, 0xcab0, 0x48c6, 0x48c5, 0xbad0, 0xb311, 0x630e, 0x538f, 0x536f, 0x536f, 0x536f,
		0x5b4f, 0x536f, 0x538f, 0x5b4e, 0x9310, 0xc352, 0x6128, 0x3064, 0x91ec, 0xf333, 0xfb54, 0xfb94, 0xfb94, 0xfb94, 0xfb94, 0xfb94, 0xfb94, 0xfb94, 0xfb94, 0xfb94, 0xfb94, 0xfb94, 0xfb74, 0xfb74, 0xfb94, 0xfb94, 0xfb94, 0xfb33, 0xcad0, 0x4106, 0x30c4, 0xa2af, 0xb351, 0x630e, 0x538f, 0x536f, 0x536f, 0x538f,
		0x5b6f, 0x536f, 0x536f, 0x5b2e, 0x9b30, 0xb310, 0x48c5, 0x30a4, 0x9a0c, 0xf333, 0xfb54, 0xfb74, 0xfb94, 0xfb94, 0xfb93, 0xfb93, 0xfb94, 0xfb94, 0xfb94, 0xfb94, 0xfb94, 0xfb94, 0xfb94, 0xfb94, 0xfb94, 0xfb94, 0xfb94, 0xfb54, 0xd2f1, 0x4906, 0x28a4, 0x924c, 0xb372, 0x6b0e, 0x536f, 0x538f, 0x536f, 0x538f,
		0x536f, 0x536f, 0x536f, 0x632e, 0x9b51, 0xa2ce, 0x38a4, 0x30c4, 0xaa4d, 0xfb33, 0xfb74, 0xfb94, 0xfb94, 0xfbb4, 0xfb93, 0xfb94, 0xfbb4, 0xfbb4, 0xfbb4, 0xfbb4, 0xf3b4, 0xfbb4, 0xf3b4, 0xf3b4, 0xfbb4, 0xfbb4, 0xfbb4, 0xfb54, 0xdad1, 0x5127, 0x2883, 0x79aa, 0xab71, 0x6b2f, 0x534e, 0x5b6f, 0x536f, 0x536f,
		0x536f, 0x538f, 0x536f, 0x630e, 0x9b71, 0x926d, 0x38a4, 0x38a4, 0xb26e, 0xfb53, 0xfb94, 0xfbb4, 0xf394, 0xfbb4, 0xfb94, 0xfbb4, 0xfbb4, 0xf3b4, 0xf3b4, 0xfbb4, 0xfbb4, 0xfb94, 0xfb94, 0xfb94, 0xfb94, 0xfbb4, 0xfbb4, 0xfb74, 0xdad1, 0x5927, 0x28a3, 0x6968, 0xa371, 0x732f, 0x5b4e, 0x5b6f, 0x5b6f, 0x5b6f,
		0x536f, 0x538f, 0x5b6f, 0x630e, 0x9b91, 0x822c, 0x3884, 0x40c5, 0xb28e, 0xf373, 0xfb94, 0xfb94, 0xfbb4, 0xfbb4, 0xfb94, 0xfb94, 0xfbb4, 0xfbd4, 0xf3d4, 0xfbb4, 0xfbb4, 0xfb94, 0xfb73, 0xfb94, 0xfbb4, 0xfb94, 0xfb94, 0xfb74, 0xdb12, 0x6948, 0x28a3, 0x5127, 0xa391, 0x730f, 0x634f, 0x536f, 0x536f, 0x536f,
		0x538f, 0x538f, 0x5b4e, 0x6b0e, 0xa392, 0x79eb, 0x3064, 0x48e5, 0xbaaf, 0xf373, 0xfb94, 0xfbb4, 0xf3b4, 0xfb94, 0xfb93, 0xfb94, 0xfbb4, 0xfbb4, 0xf3b4, 0xfbb4, 0xfbb4, 0xf3b4, 0xf3b4, 0xebb3, 0xebd3, 0xf3b4, 0xfbb4, 0xfb94, 0xdb12, 0x7189, 0x30a3, 0x5106, 0xa371, 0x830f, 0x632f, 0x536f, 0x536f, 0x536f,
		0x536f, 0x538f, 0x5b6e, 0x6b0e, 0xa391, 0x71aa, 0x3064, 0x50e6, 0xc2d0, 0xf373, 0xfb94, 0xfbb4, 0xf3d4, 0xf415, 0xfbf5, 0xfbf5, 0xfbf5, 0xfc15, 0xfc15, 0xfbf5, 0xfbf5, 0xfc15, 0xfc15, 0xf415, 0xf414, 0xfbd4, 0xfb94, 0xfb74, 0xeb12, 0x81aa, 0x30a3, 0x48e6, 0x9b50, 0x7b2f, 0x5b4f, 0x536f, 0x536f, 0x536f,
		0x536f, 0x538f, 0x5b4e, 0x6b0e, 0x9b71, 0x6189, 0x3064, 0x5907, 0xd2f0, 0xf353, 0xfb94, 0xf3f5, 0xc371, 0x928d, 0x926c, 0x928c, 0x9a8d, 0x928d, 0x928c, 0x928c, 0x928d, 0x928d, 0x926c, 0x926c, 0xb2ef, 0xebd3, 0xfb94, 0xfb74, 0xeb33, 0x89eb, 0x3083, 0x40c5, 0x930f, 0x8350, 0x5b4f, 0x536f, 0x536f, 0x538f,
		0x536f, 0x538f, 0x5b4e, 0x730f, 0xa371, 0x5968, 0x3084, 0x6127, 0xdb11, 0xf353, 0xfbd5, 0xdbb3, 0x69a9, 0x3105, 0x3145, 0x3945, 0x3945, 0x3165, 0x3165, 0x3165, 0x3165, 0x2965, 0x3165, 0x3945, 0x4905, 0xbb0f, 0xfc15, 0xfb74, 0xeb33, 0x920c, 0x3083, 0x40a5, 0x9acf, 0x8b30, 0x632f, 0x536f, 0x536f, 0x536f,
		0x536f, 0x536f, 0x5b6e, 0x730f, 0xa371, 0x5968, 0x3084, 0x6928, 0xdb11, 0xf373, 0xfbd5, 0xcb52, 0x5147, 0x31a6, 0x31c7, 0x39a7, 0x39c7, 0x31c7, 0x31c7, 0x31c7, 0x31c7, 0x29e6, 0x31c7, 0x39c7, 0x4125, 0x9a8d, 0xfc15, 0xfb74, 0xf353, 0x9a0c, 0x30a4, 0x38c5, 0x92ae, 0x8b50, 0x5b2f, 0x536f, 0x536f, 0x536f,
		0x536f, 0x536f, 0x5b6e, 0x730f, 0xab51, 0x5968, 0x3063, 0x7148, 0xdb11, 0xfb94, 0xfbd4, 0xd392, 0x5167, 0x31a6, 0x31c7, 0x39a7, 0x39a7, 0x31c7, 0x31c7, 0x39a7, 0x39a7, 0x31c7, 0x31c7, 0x39a7, 0x3925, 0x9aad, 0xf415, 0xfb95, 0xf354, 0xa22d, 0x38a4, 0x38a4, 0x926d, 0x9330, 0x5b2f, 0x538f, 0x536f, 0x536f,
		0x538f, 0x536f, 0x5b4e, 0x7b0f, 0xa351, 0x5968, 0x2863, 0x7969, 0xe332, 0xfb94, 0xfbd5, 0xd352, 0x5127, 0x39a7, 0x39a7, 0x4187, 0x41a7, 0x39c7, 0x39a7, 0x4187, 0x4187, 0x39c7, 0x31c7, 0x31c7, 0x3946, 0x928d, 0xfc15, 0xfb95, 0xf333, 0xaa6e, 0x38c4, 0x38a4, 0x926d, 0x9b31, 0x5b2f, 0x538f, 0x536f, 0x536f,
		0x536f, 0x536f, 0x534e, 0x7b2f, 0xab51, 0x5168, 0x2884, 0x81aa, 0xeb32, 0xfb74, 0xfb94, 0xdb72, 0x5127, 0x3166, 0x39a6, 0x3986, 0x39a6, 0x29c6, 0x31c6, 0x3986, 0x3986, 0x31a6, 0x31a6, 0x31a6, 0x3125, 0x9ace, 0xfbf5, 0xfb74, 0xf333, 0xb26e, 0x38c4, 0x30c4, 0x926d, 0x9b51, 0x5b2f, 0x538f, 0x536f, 0x536f,
		0x536f, 0x538f, 0x536e, 0x832f, 0xab31, 0x5127, 0x3084, 0x89aa, 0xeb12, 0xfb74, 0xfb94, 0xf3b4, 0x9a4c, 0x5147, 0x5167, 0x5167, 0x5187, 0x49a7, 0x49a7, 0x5187, 0x5987, 0x5187, 0x5187, 0x5146, 0x69a8, 0xd3b2, 0xf3d4, 0xfb94, 0xf333, 0xba8f, 0x40c5, 0x30a4, 0x926e, 0x9b31, 0x632e, 0x538f, 0x536f, 0x534f,
		0x536f, 0x538f, 0x534e, 0x7b0f, 0xb351, 0x5107, 0x3064, 0x99ec, 0xeb32, 0xfb94, 0xfb94, 0xfbb4, 0xf3b4, 0xdb72, 0xdb92, 0xd3b2, 0xd3b2, 0xd3b2, 0xd3b2, 0xd3b2, 0xd3b2, 0xd3b2, 0xd3b2, 0xd3b2, 0xe3d3, 0xf3d4, 0xf393, 0xfbb4, 0xfb53, 0xc2af, 0x48e6, 0x28a5, 0x8a8e, 0xa351, 0x630e, 0x536f, 0x536f, 0x534f,
		0x536f, 0x536f, 0x5b4e, 0x7b0e, 0xa330, 0x5947, 0x3864, 0xa22c, 0xeb32, 0xfbb4, 0xfbb4, 0xfb74, 0xfbd4, 0xfbf5, 0xfbd4, 0xfbd4, 0xfbd4, 0xfbd4, 0xfbd4, 0xfbd4, 0xf3d4, 0xfbd4, 0xf3d4, 0xf3f4, 0xf3d4, 0xf394, 0xfbb4, 0xfb74, 0xfb33, 0xcab0, 0x5907, 0x28a4, 0x828d, 0x9b10, 0x630e, 0x538f, 0x536f, 0x536f,
		0x536f, 0x5b4f, 0x634e, 0x7aee, 0x8ace, 0x5147, 0x3844, 0xaa4d, 0xf373, 0xfb94, 0xfbd5, 0xfbb4, 0xf3b4, 0xf3b4, 0xfbb4, 0xfbb4, 0xfb94, 0xfb94, 0xfb94, 0xfb94, 0xfb94, 0xfb94, 0xfb94, 0xfb94, 0xf394, 0xf3b4, 0xfb94, 0xfb74, 0xfb53, 0xdb12, 0x5907, 0x30a5, 0x7a4c, 0x8acf, 0x632f, 0x538f, 0x536f, 0x536f,
		0x536f, 0x536e, 0x5b6e, 0x7b0e, 0x92cf, 0x5948, 0x4884, 0xbaaf, 0xe2f1, 0xfb53, 0xfb94, 0xfb94, 0xfbb4, 0xfb94, 0xfb94, 0xfb94, 0xfbb4, 0xfbb4, 0xfbb4, 0xfbb4, 0xfbb4, 0xfb94, 0xfb74, 0xfb54, 0xfb74, 0xfb94, 0xfb74, 0xfb53, 0xeaf2, 0xdb32, 0x7169, 0x3084, 0x7a0c, 0x8acf, 0x6b2f, 0x538f, 0x536f, 0x536f,
		0x538f, 0x536f, 0x5b6f, 0x7aee, 0xa2f0, 0x6128, 0x58e6, 0xaaae, 0x8129, 0x91ab, 0xaa4d, 0xbacf, 0xd331, 0xdb52, 0xeb73, 0xeb53, 0xf373, 0xf373, 0xf373, 0xf353, 0xf353, 0xf353, 0xeb54, 0xe333, 0xdb12, 0xc2f0, 0xb28e, 0x9a0c, 0x8129, 0x9a4d, 0x822c, 0x3844, 0x8a4d, 0x9aef, 0x6b0e, 0x536e, 0x5b8f, 0x538f,
		0x4b4e, 0x538f, 0x5b6e, 0x8b2f, 0xc372, 0x68c7, 0x6948, 0x928d, 0x40e5, 0x4146, 0x4146, 0x4967, 0x5968, 0x71a9, 0x89eb, 0x920c, 0xa20c, 0xb26e, 0xba6e, 0xb24e, 0xaa2d, 0x9a0c, 0x920c, 0x79ca, 0x6169, 0x5167, 0x4967, 0x4166, 0x3905, 0x69e9, 0x8a8d, 0x4044, 0x9a6e, 0xb331, 0x730e, 0x5b6f, 0x5b6f, 0x536e,
		0x536f, 0x534e, 0x5b0d, 0x9330, 0xcb52, 0x6887, 0x79ca, 0x720a, 0x3966, 0x31c7, 0x31c7, 0x31a7, 0x3987, 0x3966, 0x4146, 0x4146, 0x4146, 0x4946, 0x4947, 0x4946, 0x4947, 0x4146, 0x4146, 0x4166, 0x3966, 0x39a7, 0x31c7, 0x29e7, 0x31c6, 0x4987, 0x826c, 0x5886, 0xaa8f, 0xb351, 0x7aee, 0x5b0e, 0x532e, 0x538f,
		0x6390, 0x7c32, 0x6b2e, 0x9b10, 0xc311, 0x70e7, 0x820b, 0x59a8, 0x3186, 0x31c7, 0x31c7, 0x31c7, 0x31a7, 0x39c7, 0x39a7, 0x39a7, 0x39a7, 0x39a7, 0x39a7, 0x39a7, 0x39a7, 0x39a7, 0x39c7, 0x39c7, 0x39a7, 0x39a7, 0x39c7, 0x31e7, 0x31e7, 0x4146, 0x8a4c, 0x68e7, 0xa26e, 0xb331, 0x7aae, 0x7bd1, 0x7bf1, 0x5b6f,
		0x6b90, 0xbd78, 0xc558, 0xcc55, 0xcb72, 0x7128, 0x7a0b, 0x5167, 0x3186, 0x39a7, 0x39a7, 0x39a7, 0x39c7, 0x31a7, 0x31c7, 0x39a7, 0x39c7, 0x31c7, 0x31c7, 0x31c7, 0x31c6, 0x31c6, 0x31c6, 0x31c6, 0x39c7, 0x39a7, 0x39a7, 0x39c7, 0x39c7, 0x4126, 0x79ca, 0x7148, 0xa26e, 0xcc14, 0xc4d6, 0xc598, 0x8c53, 0x5b4e,
		0x5b0e, 0x7bb1, 0xb517, 0xe538, 0xecb7, 0x8a2c, 0x6a0a, 0x4146, 0x39a6, 0x39a6, 0x39a6, 0x39a7, 0x39c7, 0x39c7, 0x31c7, 0x31c7, 0x31c7, 0x39a6, 0x39a7, 0x39c7, 0x31a6, 0x31c6, 0x39c6, 0x39c6, 0x39c6, 0x31a6, 0x31a6, 0x31c6, 0x31c6, 0x3966, 0x61a9, 0x79ca, 0xc3b3, 0xed59, 0xc538, 0x9454, 0x5b4f, 0x536f,
		0x5b6f, 0x5b2e, 0x632e, 0xa3b2, 0xdbf5, 0xa26e, 0x69c9, 0x3925, 0x39c7, 0x39a6, 0x39a6, 0x39a7, 0x39c7, 0x31c7, 0x39c7, 0x31c7, 0x31c7, 0x39c7, 0x39c7, 0x39c7, 0x39c7, 0x39c7, 0x39a7, 0x39a7, 0x39a7, 0x39c7, 0x39a6, 0x39c6, 0x31c6, 0x3186, 0x5188, 0x922c, 0xcb52, 0xc3f4, 0x734f, 0x5b0e, 0x534f, 0x5b8f,
		0x538f, 0x4b8f, 0x534e, 0x9310, 0xd2f2, 0xc28f, 0x6968, 0x3946, 0x39c6, 0x39a6, 0x39a6, 0x31c7, 0x31c7, 0x39c6, 0x39a6, 0x31c6, 0x31c7, 0x31c7, 0x31c7, 0x31c7, 0x31c7, 0x31c7, 0x31c7, 0x39c7, 0x39a7, 0x39a6, 0x39a6, 0x4186, 0x41a6, 0x3986, 0x4906, 0xa20d, 0xda91, 0xb311, 0x630e, 0x536f, 0x5b6f, 0x5b6f,
		0x538f, 0x4b8f, 0x536e, 0x9b10, 0xead3, 0xe2b1, 0x6948, 0x3986, 0x31c6, 0x39c6, 0x31a6, 0x31c7, 0x31c7, 0x39a6, 0x39a6, 0x39c6, 0x39c6, 0x39c6, 0x39c6, 0x39c6, 0x31c6, 0x31c6, 0x31c6, 0x31c6, 0x39c6, 0x39a6, 0x39a6, 0x4186, 0x3986, 0x39c7, 0x4106, 0xb22e, 0xfad3, 0xc312, 0x6b2f, 0x4b8f, 0x5b6f, 0x5b4f,
		0x536f, 0x538f, 0x5b4e, 0xa2f0, 0xf2b3, 0xead2, 0x6107, 0x3105, 0x39c7, 0x41a7, 0x39a6, 0x39c7, 0x31c7, 0x39a6, 0x39a6, 0x39c6, 0x31c6, 0x39a6, 0x39a6, 0x39c6, 0x31c6, 0x31c6, 0x31c6, 0x31c6, 0x39c6, 0x39a7, 0x39a7, 0x39a7, 0x39c7, 0x31a7, 0x30c4, 0xb24e, 0xfad3, 0xc2f1, 0x630f, 0x4baf, 0x536f, 0x5b6f,
		0x536f, 0x534e, 0x632e, 0xaad0, 0xf2b3, 0xead3, 0x89ab, 0x3864, 0x2904, 0x3145, 0x3986, 0x31a6, 0x39c7, 0x31c7, 0x31a6, 0x31c7, 0x39c7, 0x39a7, 0x39a6, 0x39a7, 0x39c7, 0x39c7, 0x31c7, 0x31c7, 0x31c7, 0x31e7, 0x31a6, 0x3166, 0x2945, 0x20c4, 0x5107, 0xd2d1, 0xf2d3, 0xc2f1, 0x6aee, 0x536f, 0x536f, 0x536f,
		0x538f, 0x536e, 0x630e, 0xaab0, 0xead3, 0xf2b3, 0xe333, 0xa24d, 0x5106, 0x30c4, 0x28a4, 0x2905, 0x2925, 0x2965, 0x2986, 0x31a6, 0x31a6, 0x3986, 0x3987, 0x3986, 0x3986, 0x3186, 0x3186, 0x2965, 0x2965, 0x2125, 0x28e4, 0x30a4, 0x48c6, 0x79aa, 0xcb11, 0xead3, 0xf292, 0xc2f1, 0x72ee, 0x5b6f, 0x536f, 0x538f,
		0x4b8f, 0x4b8f, 0x632e, 0xa2d0, 0xe2b3, 0xf272, 0xfaf3, 0xf353, 0xcb11, 0xaa6e, 0x818a, 0x6108, 0x48c6, 0x38a4, 0x30c4, 0x28c4, 0x28c4, 0x28e4, 0x28e4, 0x28c4, 0x28c4, 0x28c4, 0x30a4, 0x3884, 0x40a5, 0x58c6, 0x7949, 0xa1cc, 0xcab0, 0xeb13, 0xfb14, 0xfa52, 0xfa93, 0xbaf1, 0x72ee, 0x5b6f, 0x536f, 0x538f,
		0x4b8e, 0x4b8e, 0x5b4e, 0x9af0, 0xead3, 0xfa72, 0xfa93, 0xfab3, 0xf292, 0xfad2, 0xf2f2, 0xe2d2, 0xcab0, 0xba6f, 0x9a0d, 0x89cb, 0x81cb, 0x718a, 0x6989, 0x71aa, 0x79cb, 0x81eb, 0x91ec, 0xb24e, 0xca90, 0xdab1, 0xead2, 0xfad3, 0xfab2, 0xf272, 0xfab3, 0xfa52, 0xf272, 0xbb11, 0x6b0f, 0x536f, 0x536f, 0x536f,
		0x536e, 0x4b8e, 0x536e, 0x92f0, 0xead3, 0xfa52, 0xfa93, 0xfab3, 0xfa71, 0xfa72, 0xfa72, 0xfab2, 0xfab3, 0xfad3, 0xf2f3, 0xf2d2, 0xf2d2, 0xf2d2, 0xead2, 0xead2, 0xead2, 0xead2, 0xf2f3, 0xf2d3, 0xf2b2, 0xfa92, 0xfa92, 0xfa92, 0xf272, 0xf2b2, 0xfad3, 0xfa93, 0xf293, 0xb311, 0x632e, 0x538f, 0x5b6f, 0x5b4f,
		0x536f, 0x4b8f, 0x536e, 0x92ef, 0xe2d2, 0xfa72, 0xfab3, 0xfab3, 0xfa51, 0xfa72, 0xfa72, 0xfa72, 0xfa72, 0xfa72, 0xfa72, 0xfa72, 0xfa52, 0xfa52, 0xfa72, 0xfa72, 0xfa72, 0xfa72, 0xfa72, 0xfa72, 0xfa72, 0xfa72, 0xfa72, 0xfa92, 0xf271, 0xfad2, 0xfad3, 0xfa92, 0xf2b3, 0xb2f1, 0x630f, 0x538f, 0x536f, 0x536f,
		0x538f, 0x4b8f, 0x534e, 0x92ef, 0xe2d2, 0xf272, 0xfab3, 0xfab3, 0xfa72, 0xfa72, 0xfa72, 0xfa72, 0xfa72, 0xfa72, 0xfa72, 0xfa72, 0xfa72, 0xfa72, 0xfa72, 0xfa72, 0xfa72, 0xfa72, 0xfa72, 0xfa72, 0xfa72, 0xfa72, 0xfa72, 0xfa92, 0xfa71, 0xfab2, 0xfab2, 0xfa72, 0xf2b3, 0xb2f1, 0x6b0e, 0x536f, 0x538f, 0x536f,
		0x536f, 0x538f, 0x5b4e, 0x8aef, 0xe2d2, 0xf272, 0xfa93, 0xfab3, 0xfa72, 0xfa72, 0xfa72, 0xfa72, 0xfa72, 0xfa72, 0xfa72, 0xfa72, 0xfa72, 0xfa72, 0xfa72, 0xfa72, 0xfa72, 0xfa72, 0xfa72, 0xfa72, 0xfa72, 0xfa72, 0xfa72, 0xfa72, 0xfa71, 0xfab2, 0xfab2, 0xfa72, 0xeab3, 0xaad1, 0x6b0f, 0x536f, 0x536f, 0x536f,
		0x538f, 0x538f, 0x5b4e, 0x8acf, 0xdad2, 0xf292, 0xf292, 0xfab3, 0xfa72, 0xfa72, 0xfa72, 0xfa72, 0xfa72, 0xfa72, 0xfa72, 0xfa72, 0xfa72, 0xfa72, 0xfa72, 0xfa72, 0xfa72, 0xfa72, 0xfa72, 0xfa72, 0xfa72, 0xfa72, 0xfa72, 0xfa72, 0xfa72, 0xfab2, 0xfa92, 0xfa72, 0xeab3, 0xa2f0, 0x6b0f, 0x5b6f, 0x536f, 0x536f,
		0x538f, 0x536f, 0x5b4e, 0x82ef, 0xd2d2, 0xf292, 0xf292, 0xfad3, 0xfa92, 0xfa72, 0xfa72, 0xfa72, 0xfa72, 0xfa72, 0xfa72, 0xfa72, 0xfa72, 0xfa72, 0xfa72, 0xfa72, 0xfa72, 0xfa72, 0xfa72, 0xfa72, 0xfa72, 0xfa72, 0xfa72, 0xfa72, 0xfa72, 0xfab3, 0xfa92, 0xf272, 0xe2d3, 0x9af0, 0x630f, 0x5b6f, 0x536f, 0x536f,
		0x538f, 0x536f, 0x5b4f, 0x7aee, 0xcaf2, 0xf292, 0xfa92, 0xfab3, 0xfab3, 0xfa72, 0xfa72, 0xfa72, 0xfa72, 0xfa72, 0xfa72, 0xfa72, 0xfa72, 0xfa72, 0xfa72, 0xfa72, 0xfa72, 0xfa72, 0xfa72, 0xfa72, 0xfa72, 0xfa72, 0xfa72, 0xfa72, 0xfa92, 0xfab2, 0xfa72, 0xf272, 0xdaf3, 0x92f0, 0x632e, 0x5b6f, 0x536f, 0x538f,
		0x538f, 0x536f, 0x5b6e, 0x6b0e, 0xb311, 0xeab2, 0xfa72, 0xfab3, 0xfad3, 0xfa92, 0xfa72, 0xfa72, 0xfa72, 0xfa72, 0xfa72, 0xfa72, 0xfa72, 0xfa72, 0xfa72, 0xfa72, 0xfa72, 0xfa72, 0xfa72, 0xfa72, 0xfa72, 0xfa72, 0xfa72, 0xfa72, 0xfa92, 0xfab2, 0xfa72, 0xf292, 0xd312, 0x830f, 0x5b2e, 0x5b6f, 0x536f, 0x538f,
		0x538f, 0x536f, 0x536f, 0x632e, 0xa310, 0xead2, 0xfa72, 0xfa92, 0xfad3, 0xfab2, 0xfa92, 0xfa72, 0xfa72, 0xfa72, 0xfa72, 0xfa72, 0xfa72, 0xfa72, 0xfa72, 0xfa72, 0xfa72, 0xfa72, 0xfa72, 0xfa72, 0xfa72, 0xfa72, 0xfa72, 0xfa72, 0xfa92, 0xfab2, 0xfa72, 0xf2b2, 0xc312, 0x730f, 0x5b4f, 0x5b6f, 0x536f, 0x538f,
		0x536f, 0x536f, 0x538f, 0x5b6e, 0x92ef, 0xe2d2, 0xfa92, 0xf272, 0xfab3, 0xfab3, 0xfa92, 0xfa92, 0xfa72, 0xfa72, 0xfa72, 0xfa72, 0xfa72, 0xfa72, 0xfa72, 0xfa72, 0xfa72, 0xfa72, 0xfa72, 0xfa72, 0xfa72, 0xfa72, 0xfa72, 0xfa72, 0xfad2, 0xfa92, 0xfa72, 0xf2b2, 0xb2f1, 0x6b0e, 0x5b6f, 0x5b6f, 0x538f, 0x538f,
		0x536f, 0x536f, 0x536f, 0x5b4e, 0x82ee, 0xd2d1, 0xf292, 0xea92, 0xfad3, 0xfad3, 0xfa72, 0xfa72, 0xfa72, 0xfa72, 0xfa72, 0xfa72, 0xfa72, 0xfa72, 0xfa72, 0xfa72, 0xfa72, 0xfa72, 0xfa72, 0xfa52, 0xfa52, 0xfa72, 0xfa72, 0xfa92, 0xfad3, 0xf271, 0xf271, 0xe2f2, 0xa2f0, 0x630e, 0x536f, 0x536f, 0x536f, 0x538f,
		0x536f, 0x538f, 0x536f, 0x632e, 0x72ee, 0xa2f0, 0xdbb4, 0xdb33, 0xe291, 0xfad3, 0xfa92, 0xfa72, 0xfa72, 0xfa72, 0xfa72, 0xfa72, 0xfa72, 0xfa72, 0xfa72, 0xfa72, 0xfa72, 0xfa52, 0xfa52, 0xfa52, 0xfa52, 0xfa92, 0xf272, 0xfab3, 0xf292, 0xe2b2, 0xe3b4, 0xbb92, 0x7aee, 0x632e, 0x536f, 0x536f, 0x536f, 0x536f,
		0x538f, 0x4b8f, 0x538f, 0x534e, 0x634e, 0x72ee, 0xe5da, 0xfe5d, 0xecb7, 0xe374, 0xeaf3, 0xeab2, 0xf292, 0xfa92, 0xfa92, 0xf292, 0xfa92, 0xfa92, 0xfa92, 0xfa72, 0xfa72, 0xfa72, 0xf272, 0xfa72, 0xfa92, 0xf272, 0xf2b2, 0xeb33, 0xe415, 0xf5bb, 0xfebe, 0x8bf2, 0x5b0d, 0x5b6e, 0x536f, 0x536f, 0x536f, 0x536f,
		0x4b8f, 0x4b8f, 0x4baf, 0x4b8e, 0x53af, 0x532d, 0x8472, 0xce9b, 0xf6de, 0xcc55, 0xc352, 0xdb12, 0xeab2, 0xf2b3, 0xf2b3, 0xf2b3, 0xf2b3, 0xfa93, 0xfa72, 0xfa73, 0xfa93, 0xfab3, 0xf2d3, 0xead3, 0xeab2, 0xe2d2, 0xe313, 0xc373, 0xee1b, 0xdefd, 0x9d56, 0x536e, 0x536e, 0x4b8f, 0x536f, 0x536f, 0x536f, 0x536f,
		0x4b8f, 0x538f, 0x4b8f, 0x4b8f, 0x4b8e, 0x53af, 0x4b2d, 0x5baf, 0x6bd0, 0x6b2f, 0x7b0f, 0x9310, 0xaaf0, 0xb2f1, 0xbad1, 0xba70, 0xc290, 0xcab1, 0xd2b1, 0xd2b1, 0xca91, 0xba90, 0xb2b0, 0xb311, 0xa2f0, 0x9b30, 0x8b30, 0x72ee, 0x738f, 0x63b0, 0x534e, 0x4b6e, 0x538e, 0x538f, 0x538f, 0x536f, 0x536f, 0x536f,
		0x538f, 0x536f, 0x536f, 0x5b6f, 0x536e, 0x5b6f, 0x5b8f, 0x534e, 0x534e, 0x536e, 0x536e, 0x5b4f, 0x5b0e, 0x6b2f, 0x6aad, 0x622c, 0x6a2c, 0x724d, 0x726d, 0x6a8d, 0x626c, 0x5a4c, 0x628c, 0x630e, 0x5b2e, 0x536e, 0x4b8e, 0x4b6e, 0x534e, 0x532e, 0x5b6f, 0x5b6e, 0x5b6f, 0x5b6f, 0x536f, 0x536f, 0x536f, 0x536f,
		0x536f, 0x5b6f, 0x5b4f, 0x5b4f, 0x5b6f, 0x5b6f, 0x5b6f, 0x5b6e, 0x536f, 0x538f, 0x536f, 0x536f, 0x536f, 0x536f, 0x5b6f, 0x636f, 0x634f, 0x634f, 0x5b4f, 0x5b6f, 0x5b6f, 0x5b6f, 0x5b6f, 0x536e, 0x536e, 0x536e, 0x4b8e, 0x538e, 0x5b6f, 0x5b6f, 0x5b4f, 0x5b4f, 0x5b4f, 0x5b4f, 0x5b6f, 0x536f, 0x536f, 0x536f
};
const uint16_t CARRO_CELESTE[] = {
		0x536f, 0x536f, 0x538f, 0x536f, 0x536f, 0x536f, 0x536f, 0x536f, 0x536f, 0x536f, 0x536f, 0x5370, 0x4b90, 0x4b90, 0x4390, 0x4390, 0x4390, 0x4390, 0x4390, 0x4390, 0x4390, 0x4390, 0x4b70, 0x4b70, 0x4b6f, 0x4b6f, 0x536f, 0x536f, 0x536f, 0x536f, 0x536f, 0x536f, 0x536f, 0x5b6f, 0x536f, 0x536f, 0x536f, 0x536f,
		0x536f, 0x536f, 0x536f, 0x536f, 0x536f, 0x536f, 0x4b6f, 0x4b8f, 0x4bb0, 0x43b1, 0x43f1, 0x3c12, 0x3432, 0x3453, 0x3473, 0x2c94, 0x2cb4, 0x34f5, 0x34f5, 0x2cf5, 0x2cf5, 0x2cd4, 0x3493, 0x3473, 0x3452, 0x3c12, 0x3bf1, 0x43b0, 0x4b90, 0x4b6f, 0x4b90, 0x538f, 0x538f, 0x536f, 0x536f, 0x536f, 0x536f, 0x536f,
		0x5390, 0x5390, 0x534f, 0x5b70, 0x536f, 0x4b8f, 0x43d0, 0x4c12, 0x4c34, 0x4495, 0x3d17, 0x3557, 0x3dd9, 0x463a, 0x465a, 0x563a, 0x565b, 0x4e7c, 0x469c, 0x469c, 0x4e7b, 0x565a, 0x565a, 0x4e39, 0x4e3a, 0x3db8, 0x2d37, 0x44f7, 0x5434, 0x5c13, 0x53f1, 0x43af, 0x438f, 0x5390, 0x5371, 0x5370, 0x536f, 0x4b6e,
		0x536f, 0x534f, 0x5b6f, 0x536f, 0x4b8e, 0x5bef, 0x7c30, 0x7b6f, 0x6b70, 0x5454, 0x3557, 0x3e7b, 0x4edd, 0x4ebc, 0x4ebc, 0x569c, 0x567c, 0x4e9c, 0x4e9c, 0x4e9c, 0x4e9c, 0x569b, 0x569b, 0x569b, 0x4ebc, 0x46bc, 0x2e5a, 0x3557, 0x53f2, 0x7b2f, 0x936f, 0x7bef, 0x5bae, 0x4b6f, 0x5350, 0x5b70, 0x536e, 0x538e,
		0x5b4e, 0x5b4e, 0x5bae, 0x4b6d, 0x6bce, 0x936d, 0x9aab, 0x928a, 0x7b8e, 0x54b3, 0x45d8, 0x469c, 0x3e7c, 0x465c, 0x463b, 0x4e3b, 0x465a, 0x467b, 0x3e9b, 0x3e9b, 0x467b, 0x465b, 0x463a, 0x463a, 0x465a, 0x469b, 0x3e9a, 0x3576, 0x5c92, 0x82ed, 0x9a8b, 0x9aec, 0x8b8e, 0x636e, 0x5b6d, 0x538d, 0x538e, 0x538e,
		0x5b4e, 0x5b6e, 0x4bad, 0x5b8d, 0x8b4e, 0x9aad, 0x92ee, 0x7410, 0x44d2, 0x2d75, 0x3e3a, 0x469c, 0x467c, 0x4e7c, 0x565c, 0x567b, 0x569b, 0x46bc, 0x46bc, 0x46bc, 0x469c, 0x4e9c, 0x4e7c, 0x4e9c, 0x4e9c, 0x467b, 0x469b, 0x3619, 0x3576, 0x54b3, 0x73b0, 0x8aee, 0x8aed, 0x7b6e, 0x5b8d, 0x4bad, 0x53ae, 0x538e,
		0x536e, 0x538e, 0x538f, 0x6bd0, 0x7390, 0x6bf2, 0x4c95, 0x2517, 0x0d58, 0x1e1b, 0x3ebd, 0x467c, 0x4e9d, 0x4e7c, 0x567b, 0x567b, 0x567c, 0x567c, 0x4e7c, 0x4e7d, 0x4e9d, 0x4e9c, 0x4ebc, 0x4e9c, 0x4e9c, 0x4e7d, 0x4e9e, 0x3e7d, 0x0d98, 0x1598, 0x2d17, 0x5454, 0x6bd1, 0x6baf, 0x5bcf, 0x538e, 0x536e, 0x538f,
		0x4b8f, 0x4b70, 0x4bf2, 0x4c74, 0x34f5, 0x2577, 0x0d57, 0x0579, 0x0d9a, 0x2e1c, 0x465e, 0x463c, 0x4e9d, 0x4e9c, 0x4e9c, 0x567c, 0x567c, 0x567c, 0x567c, 0x567c, 0x4e7c, 0x4e9c, 0x4e9c, 0x4e9c, 0x4e9d, 0x467d, 0x463c, 0x467e, 0x15ba, 0x0d79, 0x0558, 0x1557, 0x3577, 0x44b4, 0x5412, 0x5390, 0x5370, 0x5370,
		0x4b90, 0x3b91, 0x3474, 0x2d78, 0x1d98, 0x0577, 0x0556, 0x05b7, 0x0dd8, 0x365c, 0x463c, 0x3e1c, 0x469d, 0x469c, 0x4e7c, 0x567c, 0x4e9c, 0x46bb, 0x46db, 0x46bb, 0x569b, 0x567b, 0x567c, 0x4e9c, 0x469d, 0x467d, 0x3dfb, 0x465c, 0x261a, 0x0db8, 0x0597, 0x0597, 0x0db8, 0x2598, 0x3cf6, 0x43f2, 0x4390, 0x4b90,
		0x4b91, 0x33f2, 0x3517, 0x2599, 0x1599, 0x0578, 0x0577, 0x05b7, 0x0df8, 0x36bc, 0x363a, 0x363b, 0x4ebd, 0x567c, 0x565c, 0x4e9c, 0x46bc, 0x3edb, 0x3edb, 0x46bb, 0x4e9b, 0x567b, 0x567c, 0x4e9c, 0x4e9c, 0x469c, 0x35d9, 0x3e5b, 0x2e7a, 0x05f7, 0x05d7, 0x0557, 0x0578, 0x0dd9, 0x2598, 0x34b4, 0x3bd0, 0x438f,
		0x43b1, 0x2c12, 0x2d57, 0x1db9, 0x0d98, 0x0578, 0x0579, 0x0d9a, 0x1dba, 0x46bd, 0x2e19, 0x3639, 0x4ebc, 0x567c, 0x567c, 0x469c, 0x469c, 0x4e9c, 0x567c, 0x567c, 0x567c, 0x567c, 0x4e9c, 0x4e9c, 0x46bc, 0x46bc, 0x2dd9, 0x365b, 0x369c, 0x15b9, 0x0d99, 0x0579, 0x0579, 0x0db9, 0x25b8, 0x2cd4, 0x33d0, 0x4b8f,
		0x43b0, 0x2c32, 0x2577, 0x15f9, 0x05b9, 0x0579, 0x05ba, 0x0d9a, 0x261b, 0x46de, 0x1db9, 0x363a, 0x4ebc, 0x4e7c, 0x4e7c, 0x4e9c, 0x4e9c, 0x567c, 0x5e5c, 0x565c, 0x567c, 0x4e7c, 0x4e9c, 0x4e9c, 0x46bc, 0x469c, 0x25f9, 0x2e1a, 0x3ebe, 0x15ba, 0x0d9a, 0x0579, 0x0579, 0x0db9, 0x25b8, 0x2cf5, 0x33f0, 0x4b8f,
		0x43af, 0x2c32, 0x2d78, 0x15d9, 0x05b9, 0x0579, 0x0dd9, 0x0db8, 0x2e5b, 0x3ebd, 0x1599, 0x365b, 0x4e9d, 0x4e7c, 0x4e7c, 0x4e9c, 0x4e9c, 0x4e7c, 0x567c, 0x567c, 0x4e7c, 0x4e9c, 0x4e9c, 0x4e9c, 0x469c, 0x46bc, 0x25f9, 0x1dd9, 0x3ede, 0x1dda, 0x0db9, 0x05ba, 0x0578, 0x0db9, 0x1db8, 0x2d15, 0x33f1, 0x43af,
		0x43af, 0x2c32, 0x2d57, 0x15d9, 0x05ba, 0x0599, 0x0db9, 0x15b9, 0x367c, 0x367c, 0x1d78, 0x363b, 0x4e9d, 0x567c, 0x567c, 0x4e9c, 0x4e9c, 0x4e7c, 0x567c, 0x567c, 0x4e7c, 0x4e9c, 0x4e9c, 0x469c, 0x469c, 0x4ebd, 0x25d9, 0x1d99, 0x46be, 0x25fb, 0x0d99, 0x0dda, 0x0599, 0x05b9, 0x15d8, 0x2d15, 0x33f1, 0x43af,
		0x43af, 0x3432, 0x2d77, 0x0dd9, 0x05ba, 0x05da, 0x05d9, 0x15d9, 0x3e9d, 0x2e3b, 0x1578, 0x363b, 0x56bd, 0x569d, 0x4e9d, 0x4e9c, 0x4e9c, 0x4e9c, 0x569c, 0x4e9c, 0x4e9c, 0x4ebc, 0x4ebc, 0x4e9c, 0x4ebc, 0x4ebd, 0x2dd9, 0x1d58, 0x3e7d, 0x365c, 0x1599, 0x0dda, 0x05ba, 0x05b9, 0x15b8, 0x2cf5, 0x33f0, 0x438f,
		0x43af, 0x3412, 0x2d57, 0x0dd9, 0x05da, 0x05fa, 0x05f9, 0x15d9, 0x3edd, 0x261a, 0x0d78, 0x2e5b, 0x3ebc, 0x3e7c, 0x3e7c, 0x367b, 0x3e7b, 0x3e5b, 0x3e5b, 0x3e5b, 0x367b, 0x367b, 0x369b, 0x369b, 0x3ebc, 0x3ebc, 0x25f9, 0x1578, 0x2e5c, 0x36bd, 0x0db9, 0x05da, 0x05da, 0x05d9, 0x1db8, 0x2cf5, 0x33d0, 0x438f,
		0x438f, 0x33f2, 0x2d37, 0x15da, 0x05da, 0x061a, 0x05f9, 0x1e1a, 0x3edd, 0x1dd9, 0x0577, 0x15b8, 0x15b8, 0x1db8, 0x1db8, 0x1dd8, 0x1dd8, 0x25d9, 0x25d9, 0x1dd9, 0x1dd8, 0x15d8, 0x15d8, 0x15d8, 0x15b8, 0x15b8, 0x1598, 0x0557, 0x263b, 0x3efe, 0x0dfa, 0x05fa, 0x061a, 0x05fa, 0x1dd9, 0x2cd5, 0x3bb0, 0x4b8f,
		0x4b8f, 0x3bd1, 0x2cf6, 0x1db9, 0x05da, 0x05fa, 0x05d9, 0x365b, 0x4ebd, 0x361b, 0x2e3b, 0x365b, 0x465c, 0x467c, 0x467c, 0x469c, 0x46bc, 0x4ebd, 0x4ebd, 0x4ebd, 0x46bd, 0x46bc, 0x46bc, 0x3e9c, 0x3e7c, 0x3e5b, 0x365b, 0x2dfa, 0x363b, 0x46de, 0x25fb, 0x0dba, 0x05fa, 0x0dfa, 0x1db8, 0x2cb4, 0x43b0, 0x538f,
		0x4b8f, 0x3b91, 0x2cb6, 0x1d99, 0x0dda, 0x05fa, 0x0db9, 0x3e7c, 0x4e9d, 0x4ebd, 0x4efe, 0x4ebd, 0x4e7c, 0x4e5c, 0x4e5c, 0x465c, 0x463b, 0x463b, 0x461b, 0x463c, 0x463c, 0x465b, 0x465b, 0x467c, 0x4e7c, 0x4e9d, 0x4edd, 0x4ebd, 0x4e9d, 0x4ebe, 0x2dfb, 0x15ba, 0x0dda, 0x0dda, 0x2598, 0x2c53, 0x4bb0, 0x536f,
		0x538f, 0x3b70, 0x2c95, 0x1d99, 0x0dda, 0x05fa, 0x05d9, 0x25fa, 0x2dfa, 0x2e3b, 0x261a, 0x261a, 0x2dd9, 0x2dd9, 0x2dfa, 0x2dfa, 0x2df9, 0x35fa, 0x35fa, 0x35fa, 0x2dfa, 0x2dfa, 0x2df9, 0x2df9, 0x2dd9, 0x2df9, 0x25fa, 0x2e1a, 0x261a, 0x2e3b, 0x15da, 0x0dda, 0x0dda, 0x0dda, 0x2578, 0x2c12, 0x4bb1, 0x534f,
		0x538f, 0x4390, 0x2c53, 0x1d99, 0x0dfa, 0x0e1a, 0x15d8, 0x15b8, 0x25f9, 0x2e5b, 0x367b, 0x3e9c, 0x467c, 0x469c, 0x46bc, 0x46bc, 0x4ebc, 0x4ebc, 0x4ebc, 0x4ebc, 0x4ebc, 0x4ebc, 0x4ebc, 0x46bc, 0x469c, 0x469c, 0x467c, 0x365c, 0x267b, 0x1e19, 0x15b8, 0x1df9, 0x0db9, 0x15ba, 0x2d58, 0x2bf1, 0x4baf, 0x4b6f,
		0x536f, 0x4b6f, 0x2c32, 0x2598, 0x1dfa, 0x1598, 0x0cb4, 0x1d97, 0x3e9c, 0x46dd, 0x46bd, 0x4ebd, 0x4e9c, 0x4e9c, 0x4e9c, 0x4e9c, 0x4e9c, 0x4e9c, 0x4e9c, 0x4e9c, 0x4e9c, 0x4e9b, 0x4e9b, 0x4e9c, 0x4e9c, 0x569d, 0x567d, 0x4e9d, 0x3efd, 0x2e7a, 0x1d76, 0x14f4, 0x1db9, 0x1dba, 0x2cf7, 0x33f1, 0x4bae, 0x4b8e,
		0x538f, 0x4b6f, 0x3412, 0x2d37, 0x2558, 0x0370, 0x032e, 0x2536, 0x3e5b, 0x467c, 0x4e9d, 0x4ebd, 0x4e7c, 0x4e9c, 0x4e9c, 0x4e9c, 0x4e9c, 0x4e9c, 0x4e9c, 0x4e9c, 0x4e9c, 0x4e9b, 0x4e9b, 0x4e9c, 0x4e9c, 0x4e9d, 0x4e5c, 0x4e9d, 0x46bc, 0x2e19, 0x1cd3, 0x02ec, 0x1474, 0x2d99, 0x2cb6, 0x3bf1, 0x4bae, 0x53ae,
		0x536f, 0x4b8f, 0x3411, 0x3d37, 0x2cb6, 0x01ea, 0x0a8c, 0x3557, 0x463a, 0x4e9c, 0x569d, 0x4e9c, 0x4e7c, 0x4e7c, 0x4e7c, 0x4e7c, 0x4e7c, 0x4e7c, 0x4e7c, 0x4e9c, 0x4e9c, 0x4e9b, 0x4e9b, 0x4e9b, 0x4e9c, 0x4e7c, 0x4e9c, 0x4e9c, 0x46bc, 0x35d8, 0x2493, 0x0209, 0x030e, 0x3558, 0x3cd6, 0x3bd1, 0x4b8e, 0x53ae,
		0x4b8f, 0x4bd0, 0x2c31, 0x4577, 0x3494, 0x01c9, 0x024b, 0x3516, 0x3e1a, 0x56bc, 0x4e7c, 0x4e7c, 0x569c, 0x4e7c, 0x567c, 0x567c, 0x567c, 0x567c, 0x567c, 0x4e7c, 0x4e9c, 0x4e9b, 0x4e9b, 0x4e9b, 0x4e9c, 0x4e9c, 0x56bd, 0x4e9c, 0x4e9b, 0x3dd7, 0x2431, 0x01a7, 0x0acd, 0x3d37, 0x44f6, 0x33d0, 0x4b8e, 0x53ae,
		0x4baf, 0x3baf, 0x2452, 0x3d77, 0x2c73, 0x01a8, 0x024a, 0x2cf5, 0x3e3a, 0x4ebc, 0x4e7c, 0x569c, 0x4e7c, 0x4e7c, 0x567c, 0x567c, 0x567c, 0x567c, 0x567c, 0x4e7c, 0x4e9c, 0x4e9c, 0x4e9b, 0x4e9b, 0x4e9c, 0x4e9c, 0x4e9c, 0x4e9c, 0x469b, 0x3dd8, 0x2432, 0x0187, 0x0a8c, 0x4516, 0x44f6, 0x33d0, 0x4baf, 0x4b8e,
		0x4b8f, 0x3bb0, 0x2452, 0x3577, 0x2c72, 0x01a7, 0x028a, 0x2515, 0x363a, 0x46bc, 0x4e9c, 0x4e9c, 0x4e7c, 0x4e7c, 0x569c, 0x4e7c, 0x4e7c, 0x567c, 0x567c, 0x4e7c, 0x4e9c, 0x4e9b, 0x4e9b, 0x4e9c, 0x4e9c, 0x4e7c, 0x4e7c, 0x4e9c, 0x469b, 0x35d8, 0x2452, 0x01a7, 0x0a6b, 0x3d16, 0x3d16, 0x33d1, 0x4b8f, 0x538f,
		0x5370, 0x4390, 0x2c33, 0x3d77, 0x2c72, 0x01a7, 0x0acb, 0x2d36, 0x361a, 0x46bc, 0x4e9c, 0x4e9c, 0x4e7c, 0x4e9c, 0x4e9c, 0x4e9c, 0x4e9c, 0x4e7c, 0x4e7c, 0x4e9c, 0x4e9c, 0x4e9b, 0x4e9b, 0x4e9c, 0x4e9c, 0x4e7c, 0x567d, 0x4e9d, 0x46bc, 0x2df9, 0x1c93, 0x01c8, 0x024a, 0x3515, 0x3d16, 0x33f1, 0x4b8f, 0x538f,
		0x5b50, 0x4b71, 0x3413, 0x3d57, 0x2c32, 0x01a7, 0x130c, 0x3577, 0x361a, 0x46dd, 0x4e9c, 0x4e9c, 0x4e7c, 0x4e9c, 0x4e9c, 0x4e9c, 0x4e9c, 0x4e9c, 0x4e9c, 0x4e9c, 0x4e9c, 0x4e9c, 0x4e9c, 0x4e9c, 0x4e9c, 0x567c, 0x567d, 0x4e9d, 0x3ebc, 0x2e1a, 0x24d5, 0x0209, 0x026a, 0x2d15, 0x3536, 0x33d1, 0x536f, 0x5b6f,
		0x5b70, 0x4370, 0x3433, 0x4577, 0x23d0, 0x01a7, 0x1b6e, 0x2d98, 0x2e3b, 0x46bd, 0x4ebc, 0x4e7c, 0x569c, 0x4e7c, 0x4e9c, 0x4e9c, 0x4e9c, 0x4e9c, 0x4e9c, 0x4e9c, 0x4e9c, 0x4e9c, 0x4e9c, 0x4e7c, 0x4e7c, 0x567d, 0x4e7d, 0x4e7d, 0x469d, 0x2dfa, 0x2517, 0x026b, 0x024a, 0x34f5, 0x3516, 0x3412, 0x4b6f, 0x536f,
		0x5370, 0x4390, 0x2c32, 0x4598, 0x23d1, 0x01a8, 0x2411, 0x25b9, 0x2e7c, 0x46dd, 0x4ebc, 0x569b, 0x4e9b, 0x4e9c, 0x4e9c, 0x4e9c, 0x4e9c, 0x4e9c, 0x4e9c, 0x4e9c, 0x4e9c, 0x4e9c, 0x4e7c, 0x4e7c, 0x4e7c, 0x4e9c, 0x4e9c, 0x4e7c, 0x4e9c, 0x2e3b, 0x2d78, 0x12ed, 0x0209, 0x34d4, 0x3515, 0x3412, 0x4b8f, 0x5b8f,
		0x536f, 0x4b90, 0x3432, 0x4558, 0x23b1, 0x020a, 0x2cd5, 0x25d9, 0x36bd, 0x46dd, 0x4e9c, 0x56bc, 0x4e7b, 0x4e9b, 0x4e9b, 0x567c, 0x567c, 0x567c, 0x569c, 0x569c, 0x567c, 0x567c, 0x567c, 0x569c, 0x569c, 0x4e9c, 0x4ebd, 0x4ebc, 0x46dd, 0x2e5b, 0x2dd9, 0x1bd0, 0x0209, 0x34d4, 0x3d36, 0x33d1, 0x4b90, 0x5b6f,
		0x538f, 0x438f, 0x3c53, 0x4558, 0x132f, 0x130e, 0x3d77, 0x2d98, 0x35fa, 0x463b, 0x4e1b, 0x5e5c, 0x567c, 0x569b, 0x569c, 0x569d, 0x5e9d, 0x569d, 0x569d, 0x569d, 0x569d, 0x569d, 0x56bd, 0x569c, 0x569c, 0x4e7c, 0x4e5c, 0x465b, 0x3e3b, 0x2dd9, 0x35b9, 0x34b4, 0x028b, 0x2c73, 0x3d37, 0x33d2, 0x4b70, 0x536f,
		0x4baf, 0x3b8e, 0x3432, 0x4558, 0x0bb1, 0x2452, 0x23d0, 0x0aed, 0x12ed, 0x1b0d, 0x232e, 0x2370, 0x23d0, 0x2430, 0x2471, 0x2c93, 0x2cb4, 0x2cd4, 0x2cd4, 0x2cd4, 0x2cd4, 0x24d3, 0x2493, 0x2432, 0x2411, 0x23d0, 0x1b8f, 0x1b4e, 0x130e, 0x12ed, 0x12ed, 0x3432, 0x1bd0, 0x1c93, 0x3557, 0x2bd2, 0x4370, 0x536f,
		0x43cf, 0x4c51, 0x3474, 0x3d38, 0x2d37, 0x2452, 0x0249, 0x11c7, 0x21c7, 0x21c6, 0x21a6, 0x21a7, 0x21c7, 0x19e6, 0x19e6, 0x19e7, 0x19e7, 0x19e8, 0x19e8, 0x19e7, 0x19e7, 0x19e7, 0x19e7, 0x19c7, 0x21c7, 0x21a7, 0x21a7, 0x29a6, 0x29c6, 0x29a6, 0x1986, 0x22aa, 0x2cd3, 0x1d55, 0x1d36, 0x2c74, 0x5432, 0x4b6f,
		0x43af, 0x75b7, 0x6e5b, 0x45fb, 0x3db8, 0x0b4d, 0x11e6, 0x31e7, 0x39c6, 0x39c6, 0x31c6, 0x31c6, 0x39c6, 0x31e6, 0x31e6, 0x31e7, 0x31c7, 0x31c7, 0x39c7, 0x39c7, 0x39c6, 0x39c6, 0x39c6, 0x39c6, 0x39c6, 0x39a6, 0x39a6, 0x39a6, 0x39c5, 0x41c6, 0x31c6, 0x11e7, 0x2430, 0x3639, 0x3e5b, 0x6e9c, 0x64d4, 0x436e,
		0x436f, 0x4c31, 0x4d77, 0x565b, 0x3d16, 0x0a6a, 0x29e7, 0x39c6, 0x39c6, 0x39c7, 0x31c7, 0x39c7, 0x39c7, 0x39c7, 0x31c7, 0x39a7, 0x41a7, 0x4187, 0x4187, 0x4187, 0x4187, 0x4187, 0x4187, 0x41a7, 0x39a7, 0x39a7, 0x39a7, 0x39a6, 0x31c6, 0x31c6, 0x31c7, 0x11c7, 0x132e, 0x45d9, 0x4e3b, 0x4516, 0x43d0, 0x4baf,
		0x5390, 0x3b6f, 0x2c72, 0x3576, 0x23f1, 0x1a09, 0x39c7, 0x39a6, 0x39a7, 0x39a7, 0x39a7, 0x39c7, 0x39c7, 0x39c7, 0x31c7, 0x39c7, 0x39c7, 0x39a7, 0x39a7, 0x39a7, 0x39a7, 0x39a7, 0x39c7, 0x31c7, 0x31c7, 0x31c7, 0x31c7, 0x31c7, 0x39c7, 0x31c7, 0x31e7, 0x21e8, 0x126c, 0x3c95, 0x4517, 0x2bd1, 0x43af, 0x4b8e,
		0x536f, 0x436f, 0x3473, 0x3d76, 0x1b8f, 0x19e8, 0x39a6, 0x39a6, 0x39a7, 0x39c8, 0x31a7, 0x31a6, 0x39c7, 0x31c7, 0x31c7, 0x31c7, 0x31c7, 0x39c7, 0x39c7, 0x39a7, 0x31c7, 0x31c7, 0x31c7, 0x31e7, 0x31e7, 0x31e6, 0x31e7, 0x39c7, 0x39a6, 0x39a6, 0x39a7, 0x31c8, 0x1a2a, 0x3433, 0x4536, 0x3411, 0x4b8f, 0x538f,
		0x536f, 0x4bb0, 0x2c32, 0x3d77, 0x0b6e, 0x11c7, 0x39e7, 0x39c6, 0x39a6, 0x31a7, 0x39c7, 0x31c6, 0x39a6, 0x31c6, 0x31c6, 0x31c6, 0x31c6, 0x39c7, 0x39c7, 0x39a7, 0x31a7, 0x31c7, 0x31c7, 0x31c6, 0x31c6, 0x31c6, 0x31c6, 0x31a6, 0x39a7, 0x39c7, 0x41a7, 0x31a8, 0x09c8, 0x2432, 0x3535, 0x3411, 0x5390, 0x536f,
		0x538f, 0x4390, 0x2c53, 0x35b8, 0x1c32, 0x01a7, 0x1925, 0x31a6, 0x39a7, 0x39a7, 0x39c7, 0x39c6, 0x39a6, 0x39e6, 0x31c6, 0x39c6, 0x39c6, 0x39c6, 0x39c6, 0x39c6, 0x39c6, 0x39c6, 0x39c6, 0x39c6, 0x39c6, 0x39c6, 0x39a6, 0x31c6, 0x31c7, 0x31a6, 0x21a6, 0x1166, 0x022a, 0x2d35, 0x3556, 0x2bf1, 0x4b6f, 0x5b70,
		0x538f, 0x3b6f, 0x2494, 0x25b8, 0x2d77, 0x238f, 0x1187, 0x0904, 0x1905, 0x2946, 0x3166, 0x3186, 0x3986, 0x39a6, 0x39a6, 0x39a5, 0x39c6, 0x31c6, 0x31c6, 0x31c6, 0x31c6, 0x39a6, 0x39a6, 0x39a6, 0x39a6, 0x31a6, 0x3186, 0x2966, 0x2146, 0x0905, 0x0966, 0x0a29, 0x2c93, 0x2db8, 0x2515, 0x3412, 0x4b70, 0x5b70,
		0x536f, 0x3bb0, 0x2494, 0x1db9, 0x1db9, 0x45b8, 0x6576, 0x43d0, 0x1a4a, 0x1188, 0x0925, 0x08e4, 0x1905, 0x1905, 0x2105, 0x2104, 0x2124, 0x2145, 0x1945, 0x2145, 0x2145, 0x2125, 0x2104, 0x18e4, 0x18e4, 0x10e4, 0x1105, 0x0946, 0x11c8, 0x22ac, 0x4c93, 0x5dd8, 0x2db8, 0x1d98, 0x2d57, 0x3412, 0x5390, 0x5350,
		0x4b6f, 0x3bd0, 0x24b5, 0x1dda, 0x0db9, 0x25f9, 0x56dc, 0x5edb, 0x5659, 0x4d97, 0x3cb3, 0x33f0, 0x230d, 0x226b, 0x220a, 0x21e9, 0x19c8, 0x19a8, 0x1187, 0x1187, 0x19a8, 0x21a8, 0x21c9, 0x220a, 0x228b, 0x2b2e, 0x3c31, 0x44d4, 0x5df8, 0x669b, 0x5ebb, 0x469b, 0x0dd9, 0x0dda, 0x2578, 0x3413, 0x4b70, 0x536f,
		0x4b8f, 0x3bd0, 0x2cd5, 0x1dba, 0x05da, 0x15fa, 0x3ebc, 0x46bb, 0x4e9b, 0x56dc, 0x66dc, 0x66bb, 0x667b, 0x665b, 0x65f9, 0x5dd8, 0x5dd8, 0x5dd8, 0x55b8, 0x55b8, 0x55f8, 0x5e18, 0x5e19, 0x6639, 0x665a, 0x667b, 0x6ebc, 0x66bc, 0x5e9c, 0x567b, 0x4ebc, 0x367c, 0x05ba, 0x0dda, 0x2579, 0x3453, 0x4b90, 0x536f,
		0x4b8f, 0x33cf, 0x2cf5, 0x1dba, 0x05da, 0x0dda, 0x367c, 0x4ebc, 0x4e9c, 0x4e9c, 0x4e7b, 0x4e9b, 0x4ebc, 0x4e9c, 0x4e9b, 0x4e9b, 0x4ebb, 0x4edc, 0x4ebc, 0x4edc, 0x46dc, 0x4edc, 0x4edc, 0x4ebb, 0x4ebb, 0x4ebc, 0x4e7b, 0x4e7b, 0x4e7c, 0x56bd, 0x469d, 0x261b, 0x05ba, 0x0dda, 0x2d99, 0x3453, 0x43af, 0x4b8f,
		0x4bae, 0x33cf, 0x3515, 0x1d99, 0x0ddb, 0x05b9, 0x261b, 0x4e9c, 0x56bd, 0x4e7c, 0x569c, 0x56bc, 0x469c, 0x4e9c, 0x4e9c, 0x4e9c, 0x4e9c, 0x4e7c, 0x567c, 0x567c, 0x4e7c, 0x4e7c, 0x4e9c, 0x4e9c, 0x4e9c, 0x4e9c, 0x4e7b, 0x4e9c, 0x4e9c, 0x4e9c, 0x469c, 0x1dfa, 0x05da, 0x0dda, 0x2598, 0x2c72, 0x3bcf, 0x4baf,
		0x4b8f, 0x43b0, 0x34f5, 0x25d9, 0x0e1a, 0x05da, 0x15b9, 0x3ebc, 0x46bc, 0x4e9b, 0x569c, 0x5e5c, 0x565c, 0x4e7c, 0x4e9c, 0x4e9c, 0x4e7c, 0x567c, 0x567c, 0x5e5c, 0x567c, 0x4e9c, 0x4e9c, 0x4e7c, 0x567c, 0x5e7c, 0x565b, 0x569b, 0x469b, 0x4edd, 0x2e5b, 0x05b9, 0x061a, 0x0dfa, 0x2598, 0x3453, 0x4390, 0x536f,
		0x4b90, 0x43d1, 0x2cf5, 0x1df9, 0x0dfa, 0x0dda, 0x0d99, 0x2e7b, 0x3edc, 0x4ebc, 0x569c, 0x563c, 0x5e5c, 0x567c, 0x4e9c, 0x4e9c, 0x4e9c, 0x4e9b, 0x569b, 0x567b, 0x4e9b, 0x4e9c, 0x469c, 0x4e9c, 0x567c, 0x567c, 0x567b, 0x4ebb, 0x46bb, 0x46bd, 0x1dfa, 0x05da, 0x061a, 0x0dda, 0x2d98, 0x3453, 0x43b1, 0x536f,
		0x3bb0, 0x2bf1, 0x1cf5, 0x15d9, 0x0dda, 0x0dbb, 0x159a, 0x1dba, 0x46dd, 0x4e9c, 0x4e9c, 0x4e9c, 0x569c, 0x4e7c, 0x4e7c, 0x4e9c, 0x4e9c, 0x4e9c, 0x4e9b, 0x4e9b, 0x4e9c, 0x4e7c, 0x567c, 0x4e7c, 0x4e9c, 0x46bc, 0x46fc, 0x3ebb, 0x4ebd, 0x3e5c, 0x157a, 0x0dbb, 0x05db, 0x15ba, 0x2d98, 0x2493, 0x2bf0, 0x3bcf,
		0x3bb0, 0x2bf1, 0x24d5, 0x1dd9, 0x05fa, 0x061b, 0x0dfb, 0x0d99, 0x365c, 0x4e9d, 0x46bc, 0x46bb, 0x4e9b, 0x4e7c, 0x567c, 0x4e7c, 0x4e7c, 0x567c, 0x4e9c, 0x4e9c, 0x4e9c, 0x567c, 0x567c, 0x4e7b, 0x46bc, 0x46bb, 0x46dc, 0x469c, 0x4e9d, 0x25fb, 0x059a, 0x05fb, 0x05fa, 0x0dd9, 0x2577, 0x2c72, 0x33ef, 0x3bae,
		0x4b90, 0x3b91, 0x3474, 0x2d98, 0x0df9, 0x0619, 0x05f9, 0x15b9, 0x25ba, 0x46be, 0x46bd, 0x469c, 0x4e9b, 0x569c, 0x567c, 0x567c, 0x567c, 0x567c, 0x4e7d, 0x4e9d, 0x4e9c, 0x4e9c, 0x4e9b, 0x4e9b, 0x4e9b, 0x4e7b, 0x5e7c, 0x567d, 0x3e7d, 0x15da, 0x05d9, 0x05d9, 0x05f9, 0x0df8, 0x2d76, 0x3432, 0x4b6f, 0x538f,
		0x5b50, 0x4b50, 0x3c33, 0x3577, 0x25b7, 0x2df8, 0x2d97, 0x2556, 0x1d77, 0x3e7c, 0x4ebd, 0x4e9d, 0x569c, 0x4e9c, 0x4e9c, 0x4e9c, 0x4e7c, 0x567c, 0x567d, 0x567d, 0x4e7c, 0x4e7c, 0x4e9b, 0x4e9b, 0x4e9b, 0x4e5b, 0x667d, 0x567c, 0x2e1a, 0x1577, 0x2577, 0x35b8, 0x2dd8, 0x1db7, 0x2d35, 0x3bd1, 0x5b2f, 0x636f,
		0x5b4f, 0x5370, 0x33f1, 0x2cf4, 0x76dc, 0xb7df, 0xb79e, 0x7ebb, 0x3576, 0x35d9, 0x4e7d, 0x567d, 0x4e5c, 0x4e9c, 0x469b, 0x4e9c, 0x4e9c, 0x4e9c, 0x4e7c, 0x567c, 0x567c, 0x567c, 0x4e9c, 0x4e9b, 0x4e9b, 0x4e9c, 0x4e9c, 0x469c, 0x2577, 0x45b8, 0x973d, 0xc7bf, 0xafdf, 0x6639, 0x2c72, 0x3bb0, 0x5b50, 0x5b4f,
		0x5b6f, 0x4b8f, 0x33d0, 0x2c31, 0x7e5a, 0xdfff, 0xe7ff, 0xcfff, 0x8f1c, 0x3d56, 0x563b, 0x569d, 0x4e9c, 0x4e9c, 0x46bb, 0x4e9b, 0x4e9b, 0x4e9c, 0x4e7c, 0x567c, 0x567c, 0x567c, 0x4e7c, 0x4e9c, 0x4e9c, 0x469c, 0x46dc, 0x35f8, 0x4df8, 0xb7bf, 0xdfff, 0xe7ff, 0xc7df, 0x5d56, 0x3bd0, 0x4bb0, 0x536f, 0x538f,
		0x5b6e, 0x4b4e, 0x43af, 0x3bcf, 0x4492, 0x8659, 0xbf7d, 0xd7ff, 0xdfff, 0x8edb, 0x4598, 0x569d, 0x4e9c, 0x469c, 0x4ebc, 0x4e9b, 0x4e9b, 0x4e7b, 0x567b, 0x4e9c, 0x4e9c, 0x4e9c, 0x4e9c, 0x4e9c, 0x4e9c, 0x4e9c, 0x467b, 0x45d8, 0xb79e, 0xe7ff, 0xd7ff, 0xa75c, 0x65f6, 0x3431, 0x43b0, 0x5390, 0x4b8e, 0x4b8e,
		0x536e, 0x536f, 0x538e, 0x4baf, 0x3bf0, 0x3c92, 0x4d55, 0x6e5a, 0x7edc, 0x5e7b, 0x2db9, 0x3e7c, 0x46be, 0x4e9e, 0x4e7d, 0x567c, 0x569c, 0x4e9c, 0x4e9b, 0x4e9b, 0x4e9b, 0x469c, 0x4e9c, 0x569d, 0x4e9d, 0x4ebe, 0x361b, 0x35b9, 0x76fd, 0x7ebb, 0x5df8, 0x3d34, 0x3451, 0x43b0, 0x536f, 0x534f, 0x538f, 0x4b8e,
		0x536f, 0x536f, 0x538f, 0x4baf, 0x438f, 0x3bd1, 0x3c94, 0x2cf6, 0x1d77, 0x1db9, 0x0db9, 0x15fa, 0x2e7c, 0x3e9d, 0x467d, 0x4e9d, 0x56bd, 0x4ebd, 0x4e9c, 0x4e9b, 0x56bc, 0x569c, 0x4e9d, 0x4e9d, 0x3e7d, 0x263b, 0x0dd9, 0x0dd8, 0x15b9, 0x1d57, 0x24d5, 0x3433, 0x43b0, 0x5370, 0x534f, 0x536f, 0x538f, 0x538f,
		0x536f, 0x536f, 0x538f, 0x4baf, 0x5390, 0x5370, 0x4370, 0x3bd1, 0x3494, 0x2d36, 0x1d97, 0x15b7, 0x15f8, 0x15f9, 0x1dd9, 0x25d9, 0x25f9, 0x2e3a, 0x365a, 0x365a, 0x2e3a, 0x25f9, 0x25fa, 0x1dd9, 0x1dd9, 0x15b8, 0x1dd7, 0x1d97, 0x24f5, 0x3493, 0x3bf1, 0x436f, 0x5370, 0x536f, 0x538f, 0x538f, 0x538f, 0x536f,
		0x536f, 0x536f, 0x536f, 0x536f, 0x536f, 0x5b6f, 0x536f, 0x4b6f, 0x438f, 0x33f0, 0x2c52, 0x2cb4, 0x2cf5, 0x2cf6, 0x2d57, 0x2577, 0x1d77, 0x1d76, 0x1597, 0x1597, 0x1597, 0x1d98, 0x1d78, 0x2537, 0x2cf5, 0x34d5, 0x2c73, 0x3412, 0x43d0, 0x434f, 0x534f, 0x5b6f, 0x536f, 0x538f, 0x538f, 0x536f, 0x534f, 0x5b4f,
		0x536f, 0x538f, 0x5b6f, 0x534f, 0x538f, 0x538f, 0x4b6e, 0x538f, 0x4baf, 0x43af, 0x438f, 0x4b90, 0x4b70, 0x4b71, 0x4bb2, 0x3bb2, 0x2b91, 0x2370, 0x1b70, 0x1b70, 0x1b90, 0x2bb1, 0x3bd2, 0x4392, 0x4371, 0x4b70, 0x4b90, 0x4b8f, 0x538f, 0x538f, 0x5b6f, 0x5b4e, 0x5b6e, 0x536f, 0x536e, 0x536f, 0x536f, 0x536f
};
const uint16_t CARRO_MORADO[] = {
		0x536f, 0x536f, 0x536f, 0x536f, 0x536f, 0x536f, 0x5b4f, 0x5b4f, 0x5b2f, 0x5b2f, 0x5b2f, 0x5b70, 0x5b91, 0x5bb1, 0x63b1, 0x63b0, 0x63b0, 0x63b0, 0x63b1, 0x63b1, 0x6391, 0x6371, 0x6391, 0x6392, 0x6371, 0x5b50, 0x5350, 0x4b2f, 0x536f, 0x538f, 0x536f, 0x536f, 0x536f, 0x536f, 0x536f, 0x536f, 0x536f, 0x538e,
		0x538e, 0x536e, 0x536f, 0x536f, 0x536f, 0x5b70, 0x5b2f, 0x6330, 0x7372, 0x83b3, 0x83b3, 0x8372, 0x7b31, 0x6acf, 0x5a4d, 0x5a4d, 0x5a2c, 0x520b, 0x51eb, 0x520c, 0x5a4d, 0x5a6e, 0x62af, 0x7311, 0x7b52, 0x8393, 0x83b3, 0x7b93, 0x6330, 0x5b2f, 0x536f, 0x536f, 0x536f, 0x536f, 0x536f, 0x538f, 0x538f, 0x538e,
		0x536e, 0x538e, 0x538f, 0x536f, 0x534f, 0x5b10, 0x7352, 0x8bf4, 0x7351, 0x51ec, 0x3929, 0x38c8, 0x30a7, 0x30a7, 0x30a7, 0x38c7, 0x38e7, 0x38e7, 0x38e7, 0x38e7, 0x30e7, 0x30c7, 0x28c6, 0x28c6, 0x28e7, 0x3928, 0x49aa, 0x6acf, 0x8bf4, 0x7372, 0x5b10, 0x5b50, 0x538f, 0x538e, 0x538e, 0x538f, 0x536f, 0x538e,
		0x536f, 0x4bae, 0x538e, 0x5b4f, 0x5b30, 0x7352, 0xa437, 0x624e, 0x2065, 0x496a, 0x7251, 0x92f4, 0xa315, 0xa337, 0xab78, 0xb398, 0xb378, 0xb378, 0xbb79, 0xbb99, 0xb398, 0xab77, 0xa356, 0x9b36, 0x9314, 0x8272, 0x618d, 0x28a6, 0x394a, 0xa417, 0x8b96, 0x6310, 0x5b6e, 0x538e, 0x538f, 0x538f, 0x536f, 0x538e,
		0x536f, 0x538e, 0x538e, 0x5b4f, 0x6311, 0x9c37, 0x9374, 0x3067, 0x7ab0, 0xbc38, 0xc41a, 0xcc1b, 0xcbdb, 0xcbbb, 0xcbbc, 0xcbbb, 0xcbbb, 0xcbbb, 0xcbbb, 0xcbbb, 0xcbbb, 0xc3bb, 0xc3db, 0xc3fb, 0xc3fb, 0xcc1b, 0xc419, 0x9b95, 0x38e9, 0x69ef, 0xb47a, 0x7372, 0x5b4f, 0x536e, 0x538e, 0x536e, 0x536f, 0x538e,
		0x5b6f, 0x536f, 0x4b8e, 0x534f, 0x8354, 0xbc7a, 0x6a0f, 0x596d, 0xc41a, 0xc3da, 0xc3bb, 0xc37b, 0xcb9b, 0xcb7c, 0xcb7c, 0xcb7b, 0xcb7b, 0xcb9c, 0xcb9c, 0xc37c, 0xc37c, 0xcb9c, 0xcb9c, 0xc39b, 0xc39b, 0xc39b, 0xc39a, 0xc45a, 0x8ab2, 0x50cb, 0xb419, 0x93f6, 0x6330, 0x5b6f, 0x536e, 0x538e, 0x536e, 0x538e,
		0x5b6f, 0x536f, 0x4b8e, 0x5b4f, 0x9b76, 0xc43b, 0x618e, 0x8252, 0xd3fd, 0xcb9c, 0xc39c, 0xcb7c, 0xcb9c, 0xcb9d, 0xcb9c, 0xcb9c, 0xcb9c, 0xc39c, 0xc39c, 0xc39c, 0xcb9c, 0xcb9c, 0xcb9c, 0xcb9c, 0xcb9c, 0xcb9d, 0xcb7c, 0xc3db, 0xb377, 0x58ab, 0xab77, 0xac39, 0x6b32, 0x5b4f, 0x536e, 0x538e, 0x536e, 0x538e,
		0x5b6f, 0x5b70, 0x4b8e, 0x5b2f, 0xab98, 0xcbdb, 0x79d1, 0xb358, 0xcb9c, 0xc35c, 0xbb5b, 0xbb5b, 0xbb5b, 0xbb5b, 0xbb5a, 0xbb5a, 0xbb5a, 0xb35a, 0xb35a, 0xb35a, 0xb35a, 0xbb5a, 0xbb5a, 0xbb5b, 0xbb5b, 0xbb5c, 0xc35c, 0xbb7b, 0xc3da, 0x81b1, 0xab17, 0xbc1a, 0x7353, 0x5b2f, 0x536f, 0x536e, 0x536e, 0x538e,
		0x5b4f, 0x536f, 0x4b8e, 0x6b50, 0xbbba, 0xcb9b, 0xb339, 0xaaf9, 0xb33a, 0xbb7b, 0xc39b, 0xc3bb, 0xc3dc, 0xc3dc, 0xcbdc, 0xcbdc, 0xcbfc, 0xcbfc, 0xcbfc, 0xcbfc, 0xcbfc, 0xcbfc, 0xcbdc, 0xc3db, 0xc3bb, 0xc39b, 0xbb7b, 0xbb5a, 0xb319, 0xaaf8, 0xbb5a, 0xbbfa, 0x7b73, 0x5b4f, 0x536f, 0x536e, 0x536f, 0x538e,
		0x5b50, 0x536f, 0x4b8d, 0x6b32, 0xbbba, 0xcb9c, 0xcb7c, 0xaab9, 0xcbfc, 0xdc9e, 0xdc9d, 0xdc9d, 0xdc9e, 0xdc9d, 0xdc9e, 0xe49e, 0xe49e, 0xe49e, 0xe49e, 0xdc9d, 0xdc9d, 0xdc9d, 0xdc9e, 0xdc9d, 0xdc9d, 0xdc9e, 0xdc9e, 0xdc5d, 0xaaf9, 0xbb5c, 0xc39d, 0xc3fa, 0x8393, 0x534f, 0x536f, 0x536f, 0x536f, 0x538e,
		0x5370, 0x536f, 0x4b8e, 0x6b31, 0xb3ba, 0xcb9c, 0xcb9d, 0xb2da, 0xcc1c, 0xdcbd, 0xdc7d, 0xdc7d, 0xdc7d, 0xdc9d, 0xdc7d, 0xdc7d, 0xdc7d, 0xdc7d, 0xdc7d, 0xdc7d, 0xdc7d, 0xdc7d, 0xdc7d, 0xdc9d, 0xdc9c, 0xdc9d, 0xdc7d, 0xdc9e, 0xb31a, 0xbb5d, 0xc37d, 0xc3fa, 0x8393, 0x532f, 0x536f, 0x536f, 0x536f, 0x538e,
		0x536f, 0x536f, 0x536e, 0x7351, 0xb3ba, 0xcb7d, 0xc39d, 0xaaf9, 0xd41c, 0xdc9d, 0xdc7d, 0xdc7d, 0xdc7c, 0xdc7d, 0xdc7d, 0xdc7d, 0xdc7d, 0xdc7d, 0xdc7d, 0xdc7d, 0xdc7d, 0xdc7d, 0xdc7d, 0xdc7d, 0xdc7d, 0xdc7d, 0xdc7d, 0xdc7e, 0xab1a, 0xc33c, 0xcb9c, 0xbbfa, 0x8374, 0x5b2f, 0x536f, 0x536f, 0x536f, 0x538e,
		0x536f, 0x536f, 0x536e, 0x6b51, 0xb3ba, 0xc39c, 0xc39c, 0xaaf9, 0xd41c, 0xdc9d, 0xdc7d, 0xdc7d, 0xdc7c, 0xdc7d, 0xdc7d, 0xdc7d, 0xdc7d, 0xdc7d, 0xdc7d, 0xdc7d, 0xdc7d, 0xdc7d, 0xdc7d, 0xdc7d, 0xdc7d, 0xdc7d, 0xdc7d, 0xdc7e, 0xab1a, 0xc33c, 0xcb9c, 0xbbfa, 0x8374, 0x5b2f, 0x536f, 0x536f, 0x536f, 0x538e,
		0x536f, 0x536f, 0x536e, 0x6b51, 0xb3d9, 0xc39c, 0xc3bc, 0xaaf9, 0xcc1c, 0xdc9d, 0xdc7d, 0xdc7d, 0xdc7d, 0xdc7d, 0xdc7d, 0xdc7d, 0xdc7d, 0xdc7d, 0xdc7d, 0xdc7d, 0xdc7d, 0xdc7d, 0xdc7d, 0xdc7d, 0xdc7d, 0xdc7d, 0xdc7d, 0xdc7e, 0xab1a, 0xbb3b, 0xcbbc, 0xbbfa, 0x8394, 0x5b2f, 0x536f, 0x536f, 0x536f, 0x538e,
		0x536f, 0x536f, 0x536e, 0x6b51, 0xb3d8, 0xbb7a, 0xc3bb, 0xaaf9, 0xcc1c, 0xdc9d, 0xdc7d, 0xdc7d, 0xdc7d, 0xdc7d, 0xdc7d, 0xdc7d, 0xdc7d, 0xdc7d, 0xdc7d, 0xdc7d, 0xdc7d, 0xdc7d, 0xdc7d, 0xdc7d, 0xdc7d, 0xdc7d, 0xdc9d, 0xdc9e, 0xab19, 0xbb5b, 0xc39b, 0xb3f9, 0x8393, 0x5b2f, 0x536f, 0x536f, 0x536f, 0x538e,
		0x536f, 0x536f, 0x536f, 0x6b71, 0xa376, 0xa2b6, 0xc3fb, 0xaaf9, 0xcc1d, 0xdc9d, 0xdc7d, 0xdc7d, 0xdc7d, 0xdc7d, 0xdc7d, 0xdc7d, 0xdc7d, 0xdc7d, 0xdc7d, 0xdc7d, 0xdc7d, 0xdc7d, 0xdc7d, 0xdc7d, 0xdc7d, 0xdc7d, 0xdc7d, 0xdc9e, 0xab19, 0xc37b, 0xb339, 0x9b56, 0x83b3, 0x5b4f, 0x536f, 0x536f, 0x536f, 0x538e,
		0x536f, 0x5370, 0x536f, 0x6b71, 0x9354, 0x8212, 0xc3fb, 0xaaf9, 0xd41d, 0xdc9d, 0xdc7d, 0xdc7d, 0xdc7d, 0xdc7d, 0xdc7d, 0xdc7d, 0xdc7d, 0xdc7d, 0xdc7d, 0xdc7d, 0xdc7d, 0xdc7d, 0xdc7d, 0xdc7d, 0xdc7d, 0xdc7d, 0xdc7d, 0xdc7d, 0xab19, 0xc39b, 0x9a96, 0x82b3, 0x83b3, 0x5b2f, 0x5b6f, 0x536f, 0x536f, 0x538e,
		0x536f, 0x5370, 0x536f, 0x6b91, 0x9354, 0x71b0, 0xbbda, 0xaaf9, 0xd41d, 0xdc9d, 0xdc7d, 0xdc7d, 0xdc7d, 0xdc7d, 0xdc7d, 0xdc7d, 0xdc7d, 0xdc7d, 0xdc7d, 0xdc7d, 0xdc7d, 0xdc7d, 0xdc7d, 0xdc7d, 0xdc7d, 0xdc7d, 0xdc7d, 0xdc9d, 0xab39, 0xc39b, 0x9254, 0x7a51, 0x83d3, 0x5b2f, 0x536e, 0x536f, 0x536f, 0x538e,
		0x536f, 0x536f, 0x536f, 0x6330, 0x8333, 0x616d, 0xbbda, 0xaaf9, 0xd43d, 0xdc9d, 0xdc7d, 0xdc7d, 0xdc7d, 0xdc7d, 0xdc7d, 0xdc7d, 0xdc7d, 0xdc7d, 0xdc7d, 0xdc7d, 0xdc7d, 0xdc7d, 0xdc7d, 0xdc7d, 0xdc7d, 0xdc7d, 0xdc7d, 0xdc9d, 0xab39, 0xc39b, 0x8232, 0x6a2e, 0x7b72, 0x5b2f, 0x536f, 0x536f, 0x536f, 0x538e,
		0x536f, 0x538e, 0x5b8f, 0x52cf, 0x72d1, 0x514b, 0xbbd9, 0xaad9, 0xd43d, 0xdc9d, 0xdc7d, 0xdc7d, 0xdc7c, 0xdc7d, 0xdc7d, 0xdc7c, 0xdc7d, 0xdc7d, 0xdc7d, 0xdc7d, 0xdc7d, 0xdc7d, 0xdc7d, 0xdc7d, 0xdc7d, 0xdc7d, 0xdc7c, 0xdc9d, 0xab39, 0xbbbb, 0x7a30, 0x59ec, 0x6acf, 0x5b2f, 0x538f, 0x536e, 0x536f, 0x538e,
		0x534e, 0x538e, 0x538f, 0x52cf, 0x6ab0, 0x490a, 0xb3b9, 0xaaf9, 0xd43d, 0xdc9d, 0xdc7d, 0xdc7d, 0xdc7c, 0xdc7d, 0xdc7d, 0xdc7c, 0xdc7d, 0xdc7d, 0xdc7d, 0xdc7d, 0xdc7d, 0xdc7d, 0xdc7d, 0xdc7d, 0xdc7d, 0xdc7d, 0xdc7c, 0xdc9d, 0xab3a, 0xbb9b, 0x7210, 0x59ec, 0x6acf, 0x530f, 0x538f, 0x538e, 0x536e, 0x538e,
		0x536f, 0x536e, 0x536e, 0x6b71, 0x72d1, 0x48ea, 0xb3b9, 0xb2f9, 0xd43d, 0xdc9d, 0xdc7d, 0xdc7d, 0xdc7c, 0xdc7d, 0xdc7d, 0xdc7c, 0xdc7d, 0xdc7d, 0xdc7d, 0xdc7d, 0xdc7d, 0xdc7d, 0xdc7d, 0xdc7d, 0xdc7d, 0xdc7d, 0xdc7c, 0xdc9d, 0xb33a, 0xbb9b, 0x69cf, 0x59ec, 0x7b92, 0x530f, 0x536f, 0x538e, 0x536f, 0x538e,
		0x536e, 0x538e, 0x536e, 0x73b2, 0x72d1, 0x48ea, 0xb3b9, 0xb31a, 0xd43d, 0xdc9d, 0xdc9d, 0xdc7d, 0xdc7c, 0xdc7d, 0xdc7d, 0xdc9d, 0xdc9d, 0xdc9d, 0xdc7d, 0xdc7d, 0xdc7d, 0xdc7d, 0xdc7d, 0xdc9d, 0xdc7d, 0xdc7d, 0xdc7c, 0xdc9d, 0xab3a, 0xbbbb, 0x61af, 0x51cb, 0x83d3, 0x5b30, 0x536f, 0x538e, 0x536e, 0x538e,
		0x536f, 0x538e, 0x536e, 0x73b2, 0x6a90, 0x40c9, 0xb3b9, 0xb31a, 0xd45d, 0xdc9d, 0xdc7d, 0xdc7c, 0xdc7c, 0xdc7d, 0xdc7d, 0xdc9d, 0xdc9d, 0xdc9d, 0xdc7d, 0xdc7d, 0xdc7d, 0xdc7d, 0xdc7d, 0xdc9d, 0xdc9d, 0xdc7d, 0xdc7c, 0xdc9d, 0xab5a, 0xbb9b, 0x61af, 0x51ab, 0x83d3, 0x5b30, 0x536f, 0x538e, 0x536e, 0x538e,
		0x536f, 0x538e, 0x536e, 0x73d3, 0x72b0, 0x48ea, 0xb3b8, 0xb2fa, 0xd45e, 0xdc9d, 0xdc7d, 0xdc7d, 0xdc7c, 0xdc9d, 0xdc9d, 0xdc9d, 0xdc7d, 0xdc7d, 0xdc7d, 0xdc7d, 0xdc7d, 0xdc7d, 0xdc7d, 0xdc9d, 0xdc7d, 0xdc7d, 0xdc7c, 0xdc9d, 0xb35a, 0xb37b, 0x69ef, 0x498b, 0x8bf4, 0x5b30, 0x536f, 0x536e, 0x536f, 0x538e,
		0x536f, 0x538e, 0x534e, 0x7bd3, 0x6ab0, 0x40ea, 0xb398, 0xb2fa, 0xd45e, 0xdcbe, 0xe4de, 0xe4de, 0xe4de, 0xe4be, 0xe4be, 0xe4dd, 0xe4be, 0xe4be, 0xe4be, 0xe4be, 0xe4be, 0xe4be, 0xe4be, 0xe4be, 0xe4be, 0xe4be, 0xe4bd, 0xdcbd, 0xb37a, 0xbb9b, 0x7210, 0x496b, 0x8bf4, 0x5b30, 0x536f, 0x536e, 0x536f, 0x538e,
		0x538f, 0x4b8f, 0x534f, 0x8bb4, 0x6a30, 0x48cc, 0xb3ba, 0xb31a, 0xdc7f, 0xc3fa, 0x82d3, 0x7af2, 0x82d3, 0x82b4, 0x82b3, 0x82d2, 0x82d3, 0x82d3, 0x82d3, 0x82d3, 0x82d3, 0x82b3, 0x82b3, 0x82b3, 0x82d4, 0x82b3, 0xa377, 0xdcbe, 0xbb5b, 0xc37b, 0x7a11, 0x490b, 0x9bd6, 0x632f, 0x538e, 0x538e, 0x536e, 0x538e,
		0x536f, 0x4b8f, 0x5b4f, 0x8b74, 0xa376, 0x9b16, 0xbbbb, 0xb31a, 0xdc9e, 0x7211, 0x2927, 0x2987, 0x3147, 0x3928, 0x3148, 0x3167, 0x3147, 0x3148, 0x3148, 0x3147, 0x3167, 0x3167, 0x3167, 0x3167, 0x3167, 0x3127, 0x494b, 0xc43b, 0xcbbc, 0xbb1a, 0xab98, 0x9335, 0x9bd6, 0x6330, 0x538e, 0x538e, 0x538f, 0x538e,
		0x5b6f, 0x538f, 0x5b2f, 0x9374, 0xbc39, 0xb3b8, 0xb37a, 0xb33a, 0xd49d, 0x6a30, 0x2967, 0x29e7, 0x31c7, 0x39a7, 0x31c7, 0x31e6, 0x31c7, 0x31c7, 0x31c7, 0x31c6, 0x31c6, 0x31c6, 0x31c6, 0x31e6, 0x31e6, 0x31a7, 0x498b, 0xbc3a, 0xcbdc, 0xb31a, 0xb3d9, 0xb418, 0xa3f7, 0x6330, 0x536e, 0x538f, 0x536f, 0x538e,
		0x536f, 0x536f, 0x5b2f, 0x9bd5, 0x8272, 0x592e, 0xb37a, 0xb35a, 0xdc9e, 0x69f0, 0x3147, 0x31c7, 0x39c6, 0x39a6, 0x39c6, 0x31c6, 0x39a6, 0x39a6, 0x39a7, 0x39a7, 0x39c7, 0x39c7, 0x39c7, 0x39c7, 0x39c7, 0x39a8, 0x418b, 0xbc3a, 0xc3fc, 0xb35a, 0x8273, 0x596e, 0xa3f7, 0x6b10, 0x536f, 0x536f, 0x538f, 0x538e,
		0x536f, 0x536f, 0x5b4f, 0x9bf5, 0x7a71, 0x512d, 0xab9a, 0xb35a, 0xdc9d, 0x7210, 0x3168, 0x31c6, 0x39a6, 0x41a6, 0x39a6, 0x39c6, 0x39c6, 0x39a7, 0x39a7, 0x39c7, 0x39c7, 0x39c7, 0x39a7, 0x39a7, 0x39a7, 0x39a8, 0x418b, 0xb43a, 0xc41d, 0xb33a, 0x8294, 0x594d, 0xa3f8, 0x6b31, 0x536f, 0x536f, 0x536f, 0x538e,
		0x536f, 0x538f, 0x532f, 0x93f5, 0x7a92, 0x596e, 0xabb9, 0xb39a, 0xd4dd, 0x61ef, 0x2967, 0x31c7, 0x39a7, 0x39a7, 0x39a7, 0x31c6, 0x31c7, 0x31c7, 0x31c7, 0x31c7, 0x31c6, 0x31c6, 0x31c6, 0x31c6, 0x31c6, 0x3187, 0x416a, 0xb41a, 0xcc3d, 0xb33a, 0x8273, 0x516d, 0xac18, 0x6b31, 0x5b6f, 0x536f, 0x536f, 0x538e,
		0x5b6f, 0x5390, 0x4ace, 0x8b73, 0x8292, 0x616e, 0xab99, 0xbb9b, 0xdcbe, 0x69ef, 0x1885, 0x20e5, 0x20a5, 0x28a6, 0x28c6, 0x20e5, 0x20c5, 0x20c6, 0x20c6, 0x20c5, 0x20e5, 0x20e5, 0x20c5, 0x20c5, 0x20e5, 0x20a5, 0x410a, 0xc43b, 0xd41e, 0xb319, 0x8273, 0x598d, 0xa3f7, 0x5aaf, 0x5b6f, 0x536f, 0x536f, 0x538e,
		0x536f, 0x536f, 0x52ae, 0x9374, 0x8ad3, 0x698f, 0xb379, 0xc39c, 0xec9f, 0xc3fa, 0x82b2, 0x7291, 0x7a92, 0x7a73, 0x7a92, 0x7a91, 0x7a92, 0x7a92, 0x7a92, 0x7a92, 0x7a92, 0x7a92, 0x7a72, 0x8272, 0x8292, 0x7a72, 0xa378, 0xdcbf, 0xd43e, 0xb319, 0x82b3, 0x61ae, 0xac17, 0x524d, 0x5b6e, 0x536f, 0x536f, 0x538e,
		0x536e, 0x536f, 0x5acf, 0x9b96, 0x8ab4, 0x71b0, 0xb359, 0xcbdd, 0xe47e, 0xe49e, 0xe4dd, 0xe4dd, 0xe4de, 0xe4be, 0xe4be, 0xdcdd, 0xdcdd, 0xdcde, 0xdcdd, 0xdcdd, 0xdcde, 0xe4de, 0xe4de, 0xe4de, 0xe4de, 0xe4de, 0xdcbe, 0xdc9d, 0xdc5d, 0xb35a, 0x8ab4, 0x69cf, 0xac38, 0x5aaf, 0x5b6f, 0x536f, 0x536f, 0x538e,
		0x536f, 0x536f, 0x6b30, 0xac18, 0x8a94, 0x71f0, 0xab98, 0xcc3d, 0xe49e, 0xdc5d, 0xe47d, 0xe47d, 0xdc7d, 0xe47e, 0xe47d, 0xdc5d, 0xdc5d, 0xe45d, 0xe47e, 0xe47d, 0xe47e, 0xe47e, 0xdc5d, 0xe45d, 0xe47d, 0xdc7d, 0xdc7e, 0xdc9c, 0xe49d, 0xb379, 0x8ab4, 0x69cf, 0xb439, 0x7b52, 0x5b4f, 0x536f, 0x536f, 0x538e,
		0x536f, 0x536f, 0x6310, 0xac18, 0x92d4, 0x7a50, 0x7a91, 0x9b56, 0xcc5b, 0xdc9c, 0xe49d, 0xe49d, 0xe49d, 0xe49d, 0xe47d, 0xe47e, 0xe47e, 0xe47e, 0xe45e, 0xe47e, 0xe47e, 0xe49e, 0xe49d, 0xe47d, 0xe4bd, 0xdcbd, 0xdcbd, 0xcc9a, 0xbbd7, 0x8252, 0x8293, 0x71f0, 0xb419, 0x7b32, 0x5b2f, 0x5b70, 0x536f, 0x538e,
		0x536f, 0x538f, 0x6330, 0xa418, 0x9b15, 0x7a50, 0x496b, 0x412a, 0x59cd, 0x7a70, 0x9333, 0xabb6, 0xb418, 0xc459, 0xcc7a, 0xcc9b, 0xd49b, 0xd4bc, 0xd49c, 0xd49b, 0xd49b, 0xcc9a, 0xc479, 0xbc18, 0xabd6, 0x9b74, 0x82d2, 0x620d, 0x514a, 0x40e9, 0x7291, 0x7a51, 0xbc19, 0x7b32, 0x5b4f, 0x536f, 0x536f, 0x538e,
		0x538f, 0x536f, 0x6331, 0xa418, 0xa316, 0x7a30, 0x498a, 0x3967, 0x3187, 0x3167, 0x3967, 0x4188, 0x41a9, 0x51ca, 0x59eb, 0x5a2c, 0x622d, 0x6a4d, 0x6a4e, 0x622d, 0x620c, 0x5a0b, 0x51eb, 0x49aa, 0x4189, 0x3968, 0x3147, 0x3167, 0x3987, 0x3947, 0x6a8f, 0x8ab3, 0xbc39, 0x7b52, 0x534f, 0x538f, 0x538f, 0x538e,
		0x538f, 0x536e, 0x6331, 0xa3f8, 0xab57, 0x8a72, 0x4168, 0x31a6, 0x31e6, 0x31e6, 0x31c6, 0x31c6, 0x31a7, 0x3187, 0x3187, 0x3186, 0x3186, 0x3187, 0x3167, 0x3167, 0x3187, 0x3186, 0x3186, 0x31a6, 0x31a6, 0x31c7, 0x31c7, 0x31c6, 0x39c6, 0x3166, 0x628e, 0x92d5, 0xbc19, 0x7b52, 0x534f, 0x538f, 0x538f, 0x538e,
		0x536e, 0x536e, 0x6310, 0xa3d8, 0xbb99, 0x92d4, 0x3948, 0x31c6, 0x29c6, 0x31c7, 0x39a7, 0x31a7, 0x31c7, 0x31c6, 0x39c7, 0x31c7, 0x31c6, 0x31c7, 0x31c7, 0x31c7, 0x31c6, 0x31a6, 0x31a7, 0x31a6, 0x31c6, 0x39c7, 0x39c7, 0x31c7, 0x39c6, 0x3145, 0x624e, 0xa316, 0xbbda, 0x7b32, 0x532f, 0x4b6f, 0x536f, 0x538e,
		0x73b1, 0x7331, 0x7af2, 0xabb8, 0xc3db, 0x9b15, 0x3928, 0x31c7, 0x31c7, 0x39a7, 0x39a7, 0x39a7, 0x39a7, 0x39c6, 0x39c7, 0x39c7, 0x39a6, 0x39c6, 0x31c6, 0x31c6, 0x39c7, 0x39c7, 0x39c7, 0x39c7, 0x39c7, 0x39a7, 0x39c7, 0x31a6, 0x39c6, 0x3146, 0x6a6f, 0xbbda, 0xc3ba, 0x82f3, 0x6b11, 0x7392, 0x6371, 0x536e,
		0xcd3b, 0xcc9b, 0xc45b, 0xcc7c, 0xd47d, 0x9b35, 0x3907, 0x39a7, 0x31c7, 0x39a7, 0x39a7, 0x39c7, 0x39a7, 0x31c7, 0x31c6, 0x39c7, 0x39c7, 0x39c7, 0x39c7, 0x39c7, 0x39c7, 0x39c7, 0x39c7, 0x39a7, 0x39a7, 0x31c7, 0x31c6, 0x39a6, 0x39c7, 0x3166, 0x6a4f, 0xcc3c, 0xd43d, 0xcc5b, 0xc49a, 0xc51b, 0x9c56, 0x536e,
		0xa477, 0xcd1c, 0xd51d, 0xdcdd, 0xdc9d, 0x9b35, 0x3107, 0x39c7, 0x31c6, 0x39c7, 0x31c7, 0x39c7, 0x39a7, 0x39c7, 0x31c6, 0x39c7, 0x39c7, 0x39c7, 0x39c7, 0x39c7, 0x39c7, 0x39c7, 0x39c7, 0x39c6, 0x39a7, 0x31c6, 0x31c6, 0x39a6, 0x39c7, 0x3146, 0x722f, 0xdc5c, 0xdc7d, 0xdd1d, 0xcd5c, 0xb4fa, 0x7392, 0x536e,
		0x5b0f, 0x8b94, 0xa3f7, 0xbbf9, 0xc3fb, 0x9b35, 0x3927, 0x31c7, 0x31c6, 0x31c6, 0x31c6, 0x39c7, 0x39a7, 0x39c7, 0x31c7, 0x39c7, 0x39c7, 0x39c7, 0x39c7, 0x39c7, 0x39c7, 0x39c7, 0x39c7, 0x39c6, 0x39c6, 0x31c6, 0x31c6, 0x39a6, 0x41c7, 0x3126, 0x724f, 0xcbda, 0xc3fb, 0xabf8, 0x8bf5, 0x6b51, 0x5b2f, 0x538e,
		0x5b50, 0x5af0, 0x6ab0, 0xa396, 0xcbfb, 0xa356, 0x3928, 0x31a7, 0x31e6, 0x31c6, 0x31c6, 0x39c7, 0x39a7, 0x39a7, 0x39c7, 0x39c7, 0x39c7, 0x39c7, 0x39c7, 0x39c7, 0x39c7, 0x39c7, 0x39c7, 0x39c6, 0x39c6, 0x31c6, 0x31c6, 0x39c6, 0x39c7, 0x3126, 0x7250, 0xcbfb, 0xb3da, 0x72f2, 0x5aef, 0x5b4f, 0x534f, 0x538e,
		0x536f, 0x5b50, 0x6310, 0x9bb6, 0xcbfc, 0xab58, 0x38e8, 0x3166, 0x39c6, 0x39c7, 0x39c7, 0x31c7, 0x39a7, 0x39c7, 0x39c7, 0x39c7, 0x39c7, 0x39c7, 0x39c7, 0x39c7, 0x39c7, 0x39c7, 0x39c7, 0x39c7, 0x31c7, 0x31c6, 0x31c6, 0x39c7, 0x3987, 0x28e6, 0x7a91, 0xc41c, 0xabf9, 0x7352, 0x534f, 0x538f, 0x536f, 0x538e,
		0x536f, 0x5b6f, 0x5b2f, 0x93b6, 0xc3fc, 0xbb9a, 0x492b, 0x20c5, 0x3165, 0x3186, 0x31a6, 0x39c7, 0x39c7, 0x39c7, 0x39c6, 0x39c7, 0x39c7, 0x39c7, 0x39c7, 0x31a6, 0x39c7, 0x39c7, 0x39c7, 0x39c7, 0x39c7, 0x39c6, 0x31c6, 0x3186, 0x2926, 0x28a6, 0x9b35, 0xcbfc, 0xabd9, 0x6b31, 0x536f, 0x4b8f, 0x538f, 0x538e,
		0x536f, 0x536f, 0x5b4f, 0x8bb6, 0xc3bc, 0xcbdc, 0x9334, 0x30e6, 0x18a3, 0x20e4, 0x2925, 0x2965, 0x3166, 0x3186, 0x31a6, 0x31a6, 0x31a6, 0x31a6, 0x31a6, 0x31a6, 0x31a6, 0x31a6, 0x3186, 0x3186, 0x2966, 0x2945, 0x2124, 0x18c4, 0x20a5, 0x724e, 0xc3f9, 0xcb9c, 0xb3b9, 0x6b31, 0x536f, 0x4b8f, 0x538f, 0x538e,
		0x536f, 0x536f, 0x532f, 0x8bb5, 0xc3db, 0xc37b, 0xd47c, 0xb438, 0x728e, 0x4169, 0x28c5, 0x20a5, 0x20a4, 0x20c4, 0x20e4, 0x2104, 0x2124, 0x2124, 0x2124, 0x2124, 0x2124, 0x20e4, 0x20c4, 0x20c4, 0x20c4, 0x28a5, 0x3907, 0x620d, 0x9b74, 0xd4bb, 0xcbbb, 0xc39b, 0xabd9, 0x6331, 0x538e, 0x538e, 0x538f, 0x538e,
		0x536f, 0x536f, 0x5330, 0x8394, 0xbbda, 0xc35b, 0xd43d, 0xe4de, 0xdd1c, 0xc4ba, 0xabf6, 0x8b32, 0x6a2e, 0x59cb, 0x498a, 0x3948, 0x3927, 0x3947, 0x3127, 0x3127, 0x3948, 0x4169, 0x51ab, 0x5a0c, 0x7af0, 0xa3b5, 0xc479, 0xd4fb, 0xe51d, 0xdc5d, 0xcb9b, 0xc3bb, 0x9bb8, 0x6310, 0x536e, 0x538e, 0x536f, 0x538e,
		0x536f, 0x536f, 0x534f, 0x7b73, 0xbbfa, 0xcb9b, 0xd43d, 0xdc9d, 0xdc7c, 0xdcbd, 0xe4de, 0xe4dd, 0xdcdd, 0xd4fc, 0xccbb, 0xc49a, 0xc479, 0xc459, 0xc459, 0xc459, 0xc47a, 0xcc9a, 0xd4bb, 0xdcfc, 0xdcfd, 0xdcdd, 0xdcbc, 0xd49c, 0xd49c, 0xdc5d, 0xcbbb, 0xbbda, 0x93b7, 0x6330, 0x536f, 0x538e, 0x536f, 0x538e,
		0x536f, 0x536f, 0x5b6f, 0x7332, 0xb3d9, 0xcb9b, 0xdc3d, 0xdc5d, 0xe47d, 0xe47d, 0xe45d, 0xe45e, 0xdc7e, 0xdc7d, 0xdc9d, 0xe49d, 0xe49e, 0xe49e, 0xe49e, 0xe49e, 0xe49d, 0xe49d, 0xe49d, 0xdc7d, 0xdc7d, 0xdc5d, 0xdc7d, 0xdc9d, 0xdc7d, 0xe47e, 0xcbbb, 0xbbfa, 0x8b95, 0x5b30, 0x536f, 0x536e, 0x536f, 0x538e,
		0x5b6f, 0x536f, 0x536f, 0x6b31, 0xabd8, 0xc3bb, 0xdc3d, 0xdc7e, 0xdc7d, 0xdc7d, 0xdc7d, 0xdc7d, 0xdc7d, 0xdc7d, 0xdc7d, 0xdc7d, 0xdc7d, 0xe47e, 0xe47d, 0xdc5d, 0xdc7d, 0xdc7d, 0xdc7d, 0xdc7d, 0xdc7d, 0xdc7d, 0xdc7d, 0xdc9d, 0xdc7d, 0xe47e, 0xcbbb, 0xbbfa, 0x7b53, 0x5b50, 0x536f, 0x536f, 0x536f, 0x538e,
		0x5b6f, 0x538e, 0x4b8e, 0x5b30, 0x9b96, 0xc3da, 0xd45d, 0xdc9e, 0xdc7d, 0xd49c, 0xd49c, 0xd49c, 0xdc9c, 0xdc7c, 0xdc7d, 0xdc9d, 0xdc9d, 0xdc7d, 0xdc7d, 0xdc7d, 0xdc7d, 0xdc9d, 0xdc9d, 0xdc9c, 0xdc9c, 0xdc9c, 0xdc9c, 0xdc9d, 0xd49d, 0xdc7e, 0xc3fb, 0xabf8, 0x6b32, 0x534f, 0x534f, 0x538f, 0x536f, 0x538e,
		0x5b4f, 0x538e, 0x4bae, 0x532f, 0x8354, 0xbbfa, 0xcc5c, 0xdc9e, 0xdc9d, 0xdc9d, 0xdc9c, 0xd49c, 0xdc9c, 0xdc7d, 0xdc7d, 0xdc9d, 0xdc9d, 0xdc9d, 0xdc9d, 0xdc9d, 0xdc9d, 0xdc9d, 0xdc7d, 0xdc7d, 0xdc9c, 0xdc7d, 0xdc7d, 0xdc9d, 0xdc9e, 0xdc5d, 0xc41a, 0x93b5, 0x5b0f, 0x538f, 0x536f, 0x536f, 0x536f, 0x538e,
		0x5b6f, 0x4b8e, 0x4bae, 0x536f, 0x6ad1, 0xa377, 0xcc5b, 0xdcbd, 0xdc7d, 0xe45e, 0xdc7e, 0xdc7e, 0xdc7e, 0xdc7e, 0xdc7d, 0xdc7d, 0xdc7d, 0xdc7d, 0xdc9d, 0xdc7d, 0xdc7d, 0xdc7d, 0xdc7d, 0xe47d, 0xdc7d, 0xdc7d, 0xdc7d, 0xdc7d, 0xdc9e, 0xd47d, 0xabd8, 0x7331, 0x534f, 0x538f, 0x536f, 0x536f, 0x538e, 0x538e,
		0x536f, 0x4b8e, 0x4bae, 0x538f, 0x5b2f, 0x6af0, 0x9bb5, 0xccfc, 0xdcdd, 0xdc9e, 0xdc7e, 0xdc7e, 0xdc7e, 0xe45d, 0xdc7d, 0xdc7d, 0xdc7d, 0xdc9d, 0xdc9d, 0xdc9d, 0xdc7d, 0xdc5d, 0xe45d, 0xe47d, 0xdc5d, 0xe45e, 0xe47d, 0xdcbd, 0xdcfd, 0xac39, 0x7332, 0x5b30, 0x536f, 0x536f, 0x536f, 0x536f, 0x538f, 0x538e,
		0x536f, 0x4b8f, 0x4b8f, 0x538f, 0x536f, 0x5b2f, 0x6310, 0x8373, 0xb458, 0xccbb, 0xdcdd, 0xdcbd, 0xdc9d, 0xdc7d, 0xdc7d, 0xdc7d, 0xdc7d, 0xdc5c, 0xdc5c, 0xdc7d, 0xdc7c, 0xdc7c, 0xe47d, 0xdc9d, 0xdcbd, 0xdcdd, 0xccdc, 0xbc9a, 0x8bd5, 0x6331, 0x5b2f, 0x536f, 0x536f, 0x536f, 0x536f, 0x536f, 0x538f, 0x538e,
		0x5b6f, 0x536f, 0x538f, 0x538e, 0x538e, 0x4b8f, 0x5370, 0x5b2f, 0x62ef, 0x7b71, 0x93f4, 0xac57, 0xbcb9, 0xccdb, 0xd4dc, 0xd4dd, 0xdcfd, 0xc3f9, 0xab57, 0xdcfd, 0xdcdc, 0xd4fb, 0xccfb, 0xc4da, 0xb499, 0x9c16, 0x7b93, 0x6331, 0x532f, 0x536f, 0x536e, 0x536e, 0x536e, 0x536e, 0x536e, 0x536e, 0x536f, 0x538e,
		0x536f, 0x5b6f, 0x5b6e, 0x536e, 0x538e, 0x538e, 0x538f, 0x538f, 0x4b8e, 0x4b6e, 0x4b4e, 0x534f, 0x5b50, 0x6b72, 0x7b93, 0x83b4, 0x93f5, 0x9c37, 0x9c37, 0x9416, 0x8bd4, 0x7bb3, 0x7372, 0x6350, 0x5b50, 0x532f, 0x4b4f, 0x536f, 0x538f, 0x538e, 0x538e, 0x536e, 0x536f, 0x536f, 0x536f, 0x536f, 0x536f, 0x538e
};
const uint16_t CARRO_ROJO[] = {
		0x5b6f, 0x5b8e, 0x536e, 0x5b90, 0x536f, 0x5b6e, 0x5b4d, 0x5acb, 0x6aec, 0x8b4e, 0xa3b0, 0xb390, 0xaaed, 0xa24a, 0x91e8, 0x8166, 0x7105, 0x6925, 0x7166, 0x6945, 0x6904, 0x7946, 0x99e9, 0xa22a, 0xaaac, 0xbb8f, 0xab8f, 0x934e, 0x730c, 0x62ec, 0x5b0c, 0x638f, 0x534f, 0x534f, 0x538f, 0x536e, 0x538e, 0x534e,
		0x534f, 0x536f, 0x538f, 0x5370, 0x634e, 0x62ea, 0x836b, 0xbd33, 0xe638, 0xed96, 0xe431, 0xe2ec, 0xda09, 0xd1a7, 0xd1a6, 0xd1e7, 0xd228, 0xd248, 0xca47, 0xca67, 0xd247, 0xd1e7, 0xd1a6, 0xd1a7, 0xd208, 0xdaab, 0xe3af, 0xecf4, 0xee38, 0xcdb5, 0x8c0e, 0x62ea, 0x632d, 0x5b70, 0x4b4f, 0x53af, 0x536d, 0x5b8f,
		0x5b4f, 0x5b8f, 0x538f, 0x5b2e, 0x6b0b, 0xa40c, 0xf695, 0xedd4, 0xc34d, 0xaa08, 0xa944, 0xb102, 0xd986, 0xf207, 0xfa27, 0xf246, 0xea46, 0xea46, 0xea66, 0xea66, 0xf246, 0xf246, 0xf227, 0xf227, 0xe1e7, 0xc124, 0xa8e3, 0xa9a5, 0xbaaa, 0xe4f2, 0xfeb6, 0xc530, 0x732a, 0x5b2d, 0x5b6f, 0x538f, 0x536e, 0x536f,
		0x5b70, 0x534f, 0x5b6e, 0x6309, 0xacac, 0xfe92, 0xdc0a, 0xb9a4, 0xb925, 0xc986, 0xb923, 0xc143, 0xea27, 0xf227, 0xf206, 0xf225, 0xf226, 0xf226, 0xf206, 0xf206, 0xfa26, 0xf226, 0xf226, 0xf227, 0xf247, 0xd184, 0xb903, 0xc985, 0xc145, 0xb944, 0xcb07, 0xfdf0, 0xddf0, 0x7369, 0x5b2c, 0x5b6e, 0x5b6f, 0x536f,
		0x5b4f, 0x5b6f, 0x5b0c, 0x944b, 0xfed1, 0xeca9, 0xb981, 0xc943, 0xd966, 0xd145, 0xc0e3, 0xd184, 0xea06, 0xea27, 0xf227, 0xf206, 0xfa06, 0xf9e7, 0xf9e7, 0xf9e7, 0xf9e7, 0xfa07, 0xf207, 0xf207, 0xf227, 0xe1a6, 0xc8e3, 0xd124, 0xd966, 0xd145, 0xc162, 0xd345, 0xfeb1, 0xbd2d, 0x6329, 0x636e, 0x5b4f, 0x5b6f,
		0x5b6f, 0x6b4e, 0x72ca, 0xc46c, 0xeceb, 0xc201, 0xc982, 0xd164, 0xd165, 0xc964, 0xc103, 0xd9a5, 0xf207, 0xf207, 0xf208, 0xfa07, 0xfa07, 0xf9e7, 0xf9e7, 0xf9e8, 0xf9e8, 0xf9e8, 0xf207, 0xf207, 0xf227, 0xe1c6, 0xc903, 0xc124, 0xd186, 0xd185, 0xc9a3, 0xb9a0, 0xdbc7, 0xe54e, 0x8309, 0x630c, 0x5b4f, 0x536f,
		0x534e, 0x6b2d, 0x92aa, 0xa9e5, 0xc1e4, 0xc1a3, 0xc984, 0xc985, 0xc985, 0xc144, 0xc123, 0xd9c6, 0xf247, 0xf227, 0xf207, 0xf207, 0xf207, 0xf207, 0xf207, 0xf207, 0xf207, 0xf207, 0xf207, 0xf227, 0xf227, 0xea07, 0xd164, 0xc124, 0xc985, 0xc9a5, 0xc9a5, 0xc9a4, 0xc183, 0xb1e5, 0x9268, 0x730c, 0x5b4e, 0x536e,
		0x536f, 0x732c, 0x9a69, 0xb986, 0xd187, 0xc967, 0xd186, 0xd166, 0xd966, 0xd124, 0xd103, 0xe9c6, 0xf247, 0xf226, 0xf226, 0xf226, 0xf226, 0xf226, 0xf226, 0xf225, 0xf225, 0xf225, 0xf226, 0xf226, 0xf206, 0xf207, 0xd965, 0xc904, 0xd965, 0xd165, 0xd166, 0xd146, 0xd967, 0xc967, 0xa209, 0x7acb, 0x5b6d, 0x538f,
		0x5b6f, 0x730c, 0x9a49, 0xc1a7, 0xd166, 0xd167, 0xd166, 0xd166, 0xd146, 0xd104, 0xd924, 0xf1e6, 0xfa27, 0xf206, 0xf206, 0xf206, 0xf206, 0xf206, 0xfa06, 0xf206, 0xf226, 0xf226, 0xf226, 0xf226, 0xf226, 0xf227, 0xe185, 0xd104, 0xd945, 0xd965, 0xd166, 0xd166, 0xd146, 0xc967, 0xaa09, 0x82cb, 0x636e, 0x536f,
		0x536f, 0x730d, 0x9a49, 0xb9a6, 0xd166, 0xd166, 0xd166, 0xd186, 0xc965, 0xc924, 0xd965, 0xea07, 0xf227, 0xf226, 0xf226, 0xf226, 0xf226, 0xf226, 0xf226, 0xf226, 0xf226, 0xf226, 0xea27, 0xea27, 0xf227, 0xf227, 0xe1c5, 0xc944, 0xc945, 0xd165, 0xd166, 0xd165, 0xd165, 0xc986, 0xaa08, 0x7aec, 0x5b4e, 0x536f,
		0x536f, 0x730d, 0x9a49, 0xb9a6, 0xd166, 0xd166, 0xd166, 0xc986, 0xc965, 0xc944, 0xd9a6, 0xea27, 0xea27, 0xf227, 0xea26, 0xea26, 0xea46, 0xea46, 0xea26, 0xea26, 0xea26, 0xf227, 0xf227, 0xf227, 0xea27, 0xea27, 0xe1e6, 0xc965, 0xc965, 0xc985, 0xc986, 0xd186, 0xd166, 0xc966, 0xa208, 0x7aec, 0x5b6e, 0x536f,
		0x536f, 0x730d, 0x9a4a, 0xc1a6, 0xd166, 0xd166, 0xd165, 0xd185, 0xc965, 0xd144, 0xe9c6, 0xfa07, 0xfa07, 0xfa07, 0xfa07, 0xf227, 0xf226, 0xf226, 0xf226, 0xf207, 0xf207, 0xfa07, 0xfa07, 0xfa07, 0xf207, 0xf227, 0xea06, 0xd165, 0xc944, 0xc985, 0xd186, 0xd166, 0xd166, 0xc966, 0xa208, 0x7aec, 0x5b6e, 0x536f,
		0x536f, 0x730d, 0x9a4a, 0xb9a7, 0xd166, 0xd166, 0xd165, 0xd165, 0xc944, 0xd144, 0xf1e6, 0xfa27, 0xfa07, 0xfa07, 0xfa07, 0xf227, 0xf227, 0xf227, 0xf227, 0xf227, 0xf227, 0xfa07, 0xfa07, 0xfa07, 0xfa07, 0xfa07, 0xf207, 0xd985, 0xc944, 0xd165, 0xd185, 0xd165, 0xd166, 0xc986, 0xa228, 0x7aec, 0x634e, 0x5b4f,
		0x5b6f, 0x730d, 0x9a4a, 0xc1a7, 0xd186, 0xd166, 0xd165, 0xd185, 0xc964, 0xd985, 0xe9e7, 0xf228, 0xf207, 0xf1e7, 0xf1e7, 0xf1c6, 0xe9c6, 0xe9c6, 0xe1c6, 0xe1c6, 0xe9c6, 0xe9c6, 0xf1c6, 0xf1e7, 0xf1e7, 0xf207, 0xf227, 0xe1a6, 0xd144, 0xd165, 0xd186, 0xd186, 0xd186, 0xc1a6, 0xa228, 0x7acc, 0x634e, 0x5b4f,
		0x536f, 0x730d, 0x9a4a, 0xc1a7, 0xd166, 0xd166, 0xd166, 0xc965, 0xc965, 0xd186, 0xd9c7, 0xd9c7, 0xd1a6, 0xc986, 0xc986, 0xc165, 0xb965, 0xb965, 0xb965, 0xb985, 0xb985, 0xb985, 0xc185, 0xc185, 0xc986, 0xd1a6, 0xd9c7, 0xd9a6, 0xd165, 0xd145, 0xd966, 0xd165, 0xd165, 0xc9a6, 0xa229, 0x7acc, 0x632e, 0x5b4f,
		0x536f, 0x730d, 0x9a6a, 0xc1a6, 0xd165, 0xd166, 0xd1a7, 0xc9a7, 0xc1a7, 0xb9a7, 0xa986, 0x9945, 0x8145, 0x8145, 0x7144, 0x6944, 0x6144, 0x6144, 0x6164, 0x5964, 0x5964, 0x6164, 0x6964, 0x7164, 0x8144, 0x8945, 0xa166, 0xb187, 0xc1a7, 0xc9a7, 0xd187, 0xd186, 0xd165, 0xc966, 0xaa08, 0x82cc, 0x634e, 0x5b6f,
		0x5b6f, 0x730d, 0x9a49, 0xc1c7, 0xd1a6, 0xc9a7, 0xb986, 0x9965, 0x8145, 0x7144, 0x6124, 0x5145, 0x4965, 0x4185, 0x3986, 0x31a6, 0x39a6, 0x39a6, 0x39c6, 0x39a6, 0x31a6, 0x31a6, 0x39a5, 0x3985, 0x4985, 0x5165, 0x5945, 0x6925, 0x7945, 0x9166, 0xa986, 0xc1a6, 0xd186, 0xc986, 0xa208, 0x7acb, 0x634e, 0x5b6f,
		0x538f, 0x730d, 0x9a29, 0xc1a7, 0xc166, 0x9924, 0x7924, 0x6144, 0x4944, 0x4185, 0x41a6, 0x39a6, 0x31c7, 0x31e7, 0x31e7, 0x31e7, 0x31c7, 0x31a7, 0x39a7, 0x39a7, 0x39a7, 0x39a7, 0x31a7, 0x31c7, 0x31c6, 0x39c6, 0x39a6, 0x4185, 0x4165, 0x5144, 0x6124, 0x8904, 0xb966, 0xc9a7, 0xa228, 0x7acb, 0x5b4e, 0x5b6f,
		0x536e, 0x730c, 0x9a49, 0xc9a8, 0xb187, 0x68e3, 0x4923, 0x41a6, 0x39a6, 0x39a7, 0x39c7, 0x39c7, 0x39c7, 0x31c6, 0x31e6, 0x31c7, 0x31c7, 0x31c7, 0x31c7, 0x39a7, 0x39a7, 0x39a7, 0x31c7, 0x31c7, 0x31c7, 0x39c7, 0x39c6, 0x39c6, 0x39a6, 0x39c6, 0x3985, 0x58a3, 0xa125, 0xc987, 0xa228, 0x7aeb, 0x5b6e, 0x534f,
		0x538e, 0x732d, 0x9a49, 0xb9a8, 0xb9c7, 0x7904, 0x50e3, 0x4186, 0x39a6, 0x31c7, 0x31c7, 0x31c6, 0x31c6, 0x31c6, 0x31c6, 0x39a7, 0x39a6, 0x39a6, 0x39a6, 0x39a6, 0x39a6, 0x39a7, 0x39a6, 0x39a6, 0x39a6, 0x39a6, 0x39a6, 0x39a6, 0x39c6, 0x39c6, 0x4144, 0x60a3, 0xb187, 0xc1a7, 0xa228, 0x730b, 0x5b6e, 0x534f,
		0x538f, 0x6aec, 0x9249, 0xb1c7, 0xc1e8, 0x9965, 0x60c2, 0x4944, 0x39c6, 0x31c7, 0x31c6, 0x31e6, 0x31c6, 0x31c6, 0x39c7, 0x39a7, 0x39a7, 0x39a6, 0x39a6, 0x39a6, 0x39a6, 0x39a6, 0x39c6, 0x39c6, 0x39c6, 0x39c5, 0x39c6, 0x31c6, 0x31e5, 0x39c5, 0x4903, 0x8104, 0xc1c8, 0xb9c7, 0x9208, 0x72cb, 0x5b6e, 0x536f,
		0x536f, 0x83af, 0xbbcf, 0xc269, 0xa924, 0xb1c7, 0x70e3, 0x4104, 0x39c7, 0x31a7, 0x31c7, 0x39c7, 0x31c6, 0x31c7, 0x39a7, 0x39a7, 0x39c7, 0x39c7, 0x31c7, 0x31c6, 0x31c6, 0x31c7, 0x31c7, 0x31c6, 0x31c6, 0x31e6, 0x31e6, 0x31c6, 0x3206, 0x3984, 0x58c2, 0xa186, 0xb166, 0xb1c6, 0xc3ae, 0x8bcf, 0x5b8f, 0x5370,
		0x7cd4, 0xad35, 0xd492, 0xcaeb, 0xa924, 0xb1c7, 0x8165, 0x48e3, 0x41a6, 0x39a7, 0x39a7, 0x39c7, 0x31a7, 0x39a7, 0x39a8, 0x39a7, 0x31a7, 0x31c7, 0x31c7, 0x31c7, 0x31c7, 0x31c7, 0x31c7, 0x31c7, 0x31c7, 0x31c7, 0x39c7, 0x39a7, 0x41c6, 0x4103, 0x7104, 0xb1e7, 0xa944, 0xb1e6, 0xd450, 0xbd35, 0x9516, 0x6c13,
		0x6c52, 0x734e, 0x8a6a, 0xa9e7, 0xa145, 0xa145, 0x9a08, 0x5104, 0x4145, 0x41a6, 0x39a6, 0x39c7, 0x31a7, 0x39c7, 0x39a7, 0x39a7, 0x39a7, 0x39c7, 0x39c7, 0x39c6, 0x39c7, 0x39a7, 0x39a7, 0x39a7, 0x39a8, 0x31c8, 0x31a7, 0x4187, 0x4986, 0x40c3, 0x89a7, 0xa1c6, 0x9923, 0xa9e6, 0x9a28, 0x7b0c, 0x6c11, 0x63f2,
		0x4b4e, 0x6b0d, 0x8a4a, 0xb208, 0x9904, 0x78a3, 0x9a29, 0x7166, 0x48e3, 0x4964, 0x41c5, 0x39c6, 0x31a5, 0x3965, 0x3944, 0x4124, 0x4124, 0x3903, 0x3903, 0x3903, 0x4124, 0x4124, 0x4125, 0x4145, 0x4166, 0x3986, 0x3986, 0x4186, 0x4924, 0x5104, 0x8a28, 0x8144, 0x80c2, 0xba07, 0xa228, 0x7acb, 0x4b2e, 0x4b6f,
		0x538f, 0x732d, 0x924a, 0xb9e9, 0x9146, 0x5021, 0x81c7, 0x91e7, 0x6061, 0x5081, 0x50e2, 0x4903, 0x50e3, 0x58e3, 0x68e3, 0x7103, 0x7923, 0x7923, 0x7943, 0x7923, 0x7923, 0x7103, 0x70e3, 0x60c3, 0x58c3, 0x50e3, 0x50e2, 0x48c1, 0x5881, 0x8186, 0x8a28, 0x58a2, 0x70e3, 0xba09, 0xaa09, 0x82ec, 0x538e, 0x538f,
		0x538e, 0x6b0d, 0x9a6b, 0xb1c9, 0x8966, 0x4862, 0x6104, 0xa208, 0xa124, 0x9903, 0x9944, 0xa186, 0xb1a7, 0xb9a7, 0xc9a7, 0xd1c7, 0xd9c7, 0xd1e7, 0xd1e7, 0xd9e7, 0xd1e7, 0xd1c7, 0xc9a7, 0xc1a6, 0xb186, 0xa9a6, 0x9964, 0x9923, 0xa0e4, 0xb1c8, 0x8166, 0x4081, 0x6924, 0xb1e8, 0xa209, 0x82cc, 0x536e, 0x536f,
		0x536f, 0x730d, 0x9a4b, 0xb209, 0x89a7, 0x40a2, 0x50a3, 0xa1a7, 0xc9a7, 0xd9c6, 0xe207, 0xe227, 0xea27, 0xf228, 0xf207, 0xfa07, 0xfa07, 0xfa07, 0xfa07, 0xfa07, 0xfa27, 0xf227, 0xea27, 0xea27, 0xea47, 0xe247, 0xe207, 0xe1c7, 0xd187, 0xb9c8, 0x6104, 0x4082, 0x6125, 0xa22a, 0x9a4a, 0x7acc, 0x5b6f, 0x534f,
		0x536f, 0x730d, 0x926b, 0xa208, 0x81c6, 0x40c2, 0x40a2, 0x8166, 0xc1a7, 0xe9c7, 0xfa47, 0xf247, 0xf206, 0xfa26, 0xf206, 0xf207, 0xfa07, 0xfa07, 0xfa07, 0xfa07, 0xf206, 0xf226, 0xf226, 0xf226, 0xf226, 0xf226, 0xfa27, 0xf208, 0xd1c7, 0xa1a7, 0x50c3, 0x40a2, 0x6945, 0x9a09, 0x924a, 0x7aed, 0x5b4e, 0x536f,
		0x538f, 0x6b2d, 0x8a6a, 0x8965, 0x7985, 0x40e2, 0x30c2, 0x6124, 0xa9c7, 0xd9c6, 0xf207, 0xfa07, 0xf9e6, 0xfa06, 0xf226, 0xea27, 0xf227, 0xfa07, 0xfa07, 0xf207, 0xf226, 0xf226, 0xf226, 0xf206, 0xfa06, 0xf206, 0xf227, 0xe1e7, 0xc1c7, 0x8165, 0x40c2, 0x40c2, 0x6924, 0x8945, 0x81e8, 0x7b2d, 0x536e, 0x536f,
		0x4baf, 0x6b4d, 0x8269, 0x8123, 0x7964, 0x48c2, 0x38c2, 0x5123, 0xa1e7, 0xd1c6, 0xf1e6, 0xf9e7, 0xf9e6, 0xfa06, 0xf226, 0xea47, 0xf227, 0xf207, 0xfa07, 0xf206, 0xf226, 0xf227, 0xf206, 0xfa06, 0xfa06, 0xfa06, 0xfa27, 0xd9a6, 0xb9c7, 0x7164, 0x38c1, 0x38c2, 0x6944, 0x8104, 0x79c7, 0x734c, 0x538e, 0x536f,
		0x4b8f, 0x6b2d, 0x8a8a, 0x99a5, 0x99c6, 0x58c2, 0x4081, 0x5082, 0xa1a6, 0xc986, 0xe9c6, 0xfa07, 0xfa06, 0xf206, 0xf226, 0xea26, 0xf226, 0xf206, 0xfa06, 0xf206, 0xf226, 0xf226, 0xf206, 0xfa06, 0xfa07, 0xf206, 0xf207, 0xd986, 0xb9c7, 0x7103, 0x3881, 0x48c2, 0x8986, 0xa186, 0x9208, 0x730b, 0x536e, 0x538f,
		0x538f, 0x732d, 0x924a, 0xb1e7, 0xc289, 0xbb2c, 0x9a8a, 0x8987, 0xb1a7, 0xc965, 0xe1c6, 0xf227, 0xf206, 0xf226, 0xf226, 0xf226, 0xf206, 0xfa06, 0xfa06, 0xfa06, 0xf206, 0xf226, 0xf226, 0xf226, 0xf226, 0xf227, 0xf207, 0xd946, 0xc1a7, 0x9186, 0x8a28, 0xb30c, 0xcaab, 0xc1c8, 0xa208, 0x7acb, 0x5b4e, 0x536f,
		0x536f, 0x7b0d, 0x9a4a, 0xb9c7, 0xb1c7, 0xaa6a, 0xb30d, 0xc30d, 0xca09, 0xd186, 0xd9c6, 0xf267, 0xea06, 0xf226, 0xf226, 0xf206, 0xfa06, 0xfa06, 0xfa06, 0xfa06, 0xf206, 0xf227, 0xf226, 0xea26, 0xea26, 0xf247, 0xe9c6, 0xd966, 0xc9c8, 0xc2cb, 0xb32d, 0xaa8b, 0xb1e8, 0xb987, 0xaa09, 0x82cb, 0x636e, 0x536f,
		0x536e, 0x72ed, 0x9a4b, 0xb208, 0x9124, 0x5842, 0x5082, 0x68a3, 0xa986, 0xc9a6, 0xd9c6, 0xf247, 0xf227, 0xf206, 0xf206, 0xf206, 0xf206, 0xfa06, 0xfa06, 0xfa06, 0xf206, 0xf227, 0xf226, 0xf227, 0xf226, 0xf226, 0xe9c6, 0xd146, 0xb9a7, 0x7904, 0x50c2, 0x4861, 0x78e3, 0xb1e8, 0xa26a, 0x7acb, 0x5b4e, 0x536f,
		0x538f, 0x732e, 0x924a, 0xaa08, 0x8986, 0x4882, 0x40e3, 0x48a2, 0x91a6, 0xc1a6, 0xe1e7, 0xf227, 0xf227, 0xfa06, 0xf206, 0xf226, 0xf226, 0xfa06, 0xfa06, 0xf206, 0xf226, 0xf226, 0xf206, 0xf206, 0xf206, 0xfa07, 0xf207, 0xc966, 0xa9c7, 0x58e3, 0x38c2, 0x4081, 0x7124, 0xa228, 0x9249, 0x72ec, 0x5b4e, 0x5370,
		0x536f, 0x6b0d, 0x926a, 0xaa08, 0x89a6, 0x48a2, 0x30e3, 0x48e3, 0x91a6, 0xc9a6, 0xe185, 0xfa27, 0xfa06, 0xfa06, 0xf206, 0xea26, 0xf227, 0xfa07, 0xfa06, 0xf207, 0xf207, 0xf207, 0xfa07, 0xfa07, 0xfa06, 0xfa27, 0xe9e6, 0xd1a6, 0xa9e7, 0x6144, 0x30e2, 0x38c2, 0x6925, 0xa208, 0x9269, 0x7b0c, 0x5b4e, 0x5b70,
		0x536f, 0x730d, 0x9a8a, 0xb208, 0x8986, 0x48c3, 0x38c3, 0x50a3, 0xa1a7, 0xc986, 0xe1c6, 0xfa27, 0xfa06, 0xfa06, 0xf206, 0xf226, 0xf227, 0xf227, 0xf226, 0xf207, 0xf207, 0xfa07, 0xfa07, 0xfa07, 0xf206, 0xfa26, 0xf206, 0xd186, 0xb9c7, 0x7104, 0x30c2, 0x30e3, 0x6945, 0xaa09, 0x9a49, 0x7aec, 0x634e, 0x534f,
		0x538f, 0x732d, 0x926a, 0xaa29, 0x8186, 0x40c3, 0x38a2, 0x60e4, 0xb1c7, 0xc9a6, 0xea07, 0xf227, 0xfa06, 0xfa26, 0xf226, 0xf226, 0xf226, 0xf226, 0xea26, 0xea26, 0xea26, 0xf226, 0xf227, 0xf206, 0xf206, 0xfa06, 0xfa27, 0xd986, 0xc9a7, 0x8125, 0x3882, 0x38c3, 0x6924, 0xaa09, 0x9a29, 0x7aec, 0x5b6e, 0x5370,
		0x538f, 0x6b2d, 0x8a8b, 0xa249, 0x79c7, 0x40c2, 0x38a2, 0x7144, 0xb1e7, 0xc9e6, 0xe267, 0xea46, 0xf226, 0xf226, 0xf226, 0xf226, 0xf206, 0xf226, 0xf226, 0xf226, 0xea26, 0xf226, 0xf226, 0xf226, 0xf226, 0xf226, 0xf247, 0xe1e6, 0xc9c6, 0x9186, 0x48c2, 0x38c2, 0x6145, 0xa249, 0x926a, 0x7b0d, 0x5b6f, 0x5370,
		0x536f, 0x6b2d, 0x8aab, 0x9a29, 0x79a6, 0x48a2, 0x50a1, 0x99a6, 0xc1a6, 0xda07, 0xea47, 0xf247, 0xfa06, 0xf206, 0xf206, 0xf206, 0xf206, 0xf226, 0xf226, 0xf226, 0xea26, 0xf226, 0xf226, 0xf226, 0xf226, 0xf247, 0xf227, 0xea07, 0xd1a6, 0xb1a6, 0x6103, 0x38a1, 0x6165, 0x9a29, 0x8a6a, 0x732d, 0x5b4e, 0x5370,
		0x538f, 0x6b2e, 0x82ab, 0x7987, 0x7945, 0x5861, 0x78c3, 0xb9c7, 0xc986, 0xe1c7, 0xe9e7, 0xf207, 0xf207, 0xf208, 0xf208, 0xfa28, 0xfa27, 0xf227, 0xf228, 0xf227, 0xf227, 0xf228, 0xf227, 0xf227, 0xf207, 0xea07, 0xe9e7, 0xe9e7, 0xd966, 0xc9c7, 0x9145, 0x5061, 0x6903, 0x8166, 0x8229, 0x732e, 0x536f, 0x5370,
		0x536f, 0x6b2e, 0x82cc, 0x7945, 0x78e4, 0x78e3, 0xa9a6, 0xc1c7, 0xb966, 0xa904, 0xb145, 0xb986, 0xc1a6, 0xc9c7, 0xc9c7, 0xd1e7, 0xd9e7, 0xd9e8, 0xd9e8, 0xd9e8, 0xd9e8, 0xd9e7, 0xd1c7, 0xc9c7, 0xc1a7, 0xb986, 0xb986, 0xa925, 0xa945, 0xb9c7, 0xb1e8, 0x8103, 0x70c3, 0x7904, 0x824a, 0x732e, 0x536f, 0x536f,
		0x536f, 0x634e, 0x82cc, 0x91c7, 0xa1a6, 0xa986, 0xc1e7, 0xb1e7, 0x7904, 0x5881, 0x58c2, 0x58a2, 0x60e3, 0x6903, 0x6904, 0x7903, 0x7924, 0x8124, 0x8125, 0x8104, 0x8104, 0x8103, 0x7903, 0x70e3, 0x68c3, 0x58c3, 0x58c3, 0x48a1, 0x60e2, 0x99a6, 0xba28, 0xb1c7, 0xa186, 0x99a6, 0x826a, 0x6b2d, 0x5b8f, 0x536f,
		0x5b6f, 0x632e, 0x82cc, 0xa208, 0xc1c7, 0xc9a6, 0xc9a7, 0x9965, 0x50a2, 0x4144, 0x4165, 0x3104, 0x3944, 0x3124, 0x3103, 0x3903, 0x3903, 0x3903, 0x3903, 0x3903, 0x3903, 0x3903, 0x3903, 0x3923, 0x3924, 0x3925, 0x3945, 0x3965, 0x40e2, 0x7924, 0xb9c7, 0xc9a7, 0xc1c7, 0xb208, 0x8a8a, 0x6b2d, 0x5b6f, 0x536f,
		0x5b6f, 0x632e, 0x82cc, 0xaa08, 0xc165, 0xd186, 0xc186, 0x70e3, 0x4123, 0x39e7, 0x31c7, 0x39e8, 0x31c7, 0x39c7, 0x39a7, 0x39a6, 0x39a6, 0x39c7, 0x39c7, 0x39c7, 0x39c6, 0x31c6, 0x31c6, 0x31e6, 0x31e7, 0x31c8, 0x29a7, 0x39c7, 0x4145, 0x60c3, 0xb145, 0xd166, 0xc986, 0xb1c7, 0x8a8a, 0x732d, 0x5b4f, 0x536f,
		0x5b6e, 0x632e, 0x82cc, 0xa208, 0xc9a7, 0xd1a7, 0x9945, 0x58e3, 0x4165, 0x39a7, 0x31a7, 0x31c8, 0x31c7, 0x31c7, 0x31c7, 0x31a6, 0x39a6, 0x39a7, 0x39a7, 0x39a7, 0x31a6, 0x31c6, 0x31c7, 0x31c7, 0x29c7, 0x31e7, 0x31c7, 0x31a7, 0x4186, 0x5104, 0x8924, 0xc1a7, 0xc9a7, 0xb1c7, 0x928a, 0x732d, 0x5b4e, 0x536f,
		0x534e, 0x632e, 0x82cc, 0xa208, 0xc9a6, 0xc986, 0x8945, 0x5103, 0x41a6, 0x39c6, 0x39a7, 0x39a7, 0x39c7, 0x31c7, 0x39c7, 0x39a7, 0x39a7, 0x41a7, 0x41a7, 0x41a7, 0x39a7, 0x39a7, 0x39a7, 0x39a7, 0x31c7, 0x31a6, 0x31a6, 0x39a7, 0x41a7, 0x4944, 0x7904, 0xb986, 0xc987, 0xb1c8, 0x926b, 0x730d, 0x5b4e, 0x536f,
		0x534e, 0x632e, 0x82cc, 0xa209, 0xc187, 0xc986, 0x9965, 0x5923, 0x4964, 0x4185, 0x4186, 0x41a6, 0x39a6, 0x39a6, 0x39a6, 0x39c6, 0x39c6, 0x39c6, 0x39c6, 0x39c6, 0x39c6, 0x31c6, 0x31c6, 0x39c6, 0x39c6, 0x39a6, 0x41a6, 0x4186, 0x4185, 0x5124, 0x8124, 0xb986, 0xc9a7, 0xb1c8, 0x926a, 0x730d, 0x5b6e, 0x536f,
		0x536e, 0x632e, 0x7acc, 0xa209, 0xc187, 0xd166, 0xb986, 0x9165, 0x7944, 0x6944, 0x6945, 0x5925, 0x5124, 0x5165, 0x4965, 0x4985, 0x4185, 0x4185, 0x4184, 0x4185, 0x4185, 0x4185, 0x4984, 0x4964, 0x5144, 0x5944, 0x6145, 0x6925, 0x7145, 0x8965, 0xa986, 0xc9a7, 0xc9a7, 0xa9e8, 0x8a8b, 0x6b2d, 0x5b6e, 0x538f,
		0x536f, 0x634e, 0x7aed, 0x9a29, 0xc187, 0xd966, 0xd186, 0xc9a6, 0xb9a6, 0xb986, 0xb166, 0xa946, 0xa146, 0x9946, 0x9146, 0x9166, 0x8965, 0x8945, 0x8945, 0x8965, 0x8965, 0x8965, 0x9165, 0x9945, 0x9945, 0xa145, 0xb166, 0xb966, 0xc187, 0xc987, 0xd186, 0xd166, 0xc986, 0xb1e8, 0x92ab, 0x6b2d, 0x536e, 0x538f,
		0x536f, 0x636f, 0x7b0d, 0x9a2a, 0xc187, 0xd965, 0xd165, 0xd185, 0xc985, 0xd185, 0xd186, 0xd186, 0xc9a6, 0xc1a7, 0xc1a7, 0xc9a7, 0xc9a7, 0xc9a7, 0xc987, 0xc987, 0xc986, 0xc986, 0xc9a6, 0xc9a6, 0xc9a6, 0xc9a6, 0xc986, 0xd186, 0xc986, 0xd186, 0xd165, 0xd165, 0xc186, 0xaa08, 0x8aab, 0x6b4d, 0x536e, 0x536f,
		0x536f, 0x5b6f, 0x730d, 0x9a2a, 0xc1a7, 0xd965, 0xd165, 0xd185, 0xd165, 0xd185, 0xd165, 0xd165, 0xd165, 0xd185, 0xd185, 0xd185, 0xd965, 0xd965, 0xd965, 0xd945, 0xd945, 0xd965, 0xd965, 0xd165, 0xd165, 0xd185, 0xd185, 0xd184, 0xd185, 0xd165, 0xd965, 0xd165, 0xc1a6, 0xaa08, 0x8aab, 0x6b4d, 0x536e, 0x536f,
		0x536f, 0x5b6f, 0x730d, 0x9a49, 0xb9a7, 0xd165, 0xd165, 0xd965, 0xd965, 0xd965, 0xd965, 0xd966, 0xd965, 0xd165, 0xd185, 0xd185, 0xd185, 0xd185, 0xd185, 0xd165, 0xd165, 0xd165, 0xd165, 0xd165, 0xd165, 0xd165, 0xd965, 0xd165, 0xd965, 0xd945, 0xd945, 0xd965, 0xc1a6, 0xaa08, 0x82cb, 0x6b4d, 0x538e, 0x536f,
		0x536f, 0x5b6f, 0x730d, 0x9249, 0xb9a7, 0xd186, 0xd166, 0xd166, 0xd946, 0xd166, 0xd166, 0xd166, 0xd166, 0xd166, 0xd186, 0xd185, 0xd185, 0xd185, 0xd185, 0xd185, 0xd186, 0xd186, 0xd166, 0xd166, 0xd166, 0xd165, 0xd165, 0xd165, 0xd966, 0xd946, 0xd965, 0xd185, 0xb9a6, 0xa208, 0x82cb, 0x634d, 0x536e, 0x536f,
		0x536f, 0x5b4f, 0x6b0d, 0x9289, 0xa9e6, 0xb984, 0xc164, 0xc965, 0xd186, 0xd167, 0xd146, 0xd167, 0xd967, 0xd166, 0xd166, 0xd185, 0xd185, 0xd185, 0xd185, 0xd185, 0xd166, 0xd166, 0xd166, 0xd166, 0xd166, 0xd966, 0xd966, 0xd166, 0xd165, 0xd185, 0xc984, 0xb983, 0xa9c5, 0x9248, 0x7aec, 0x634e, 0x536e, 0x534f,
		0x534f, 0x5b4f, 0x6b2e, 0x7aca, 0xab49, 0xcb68, 0xcaa5, 0xca03, 0xc183, 0xc965, 0xd966, 0xd926, 0xd926, 0xd947, 0xd166, 0xd165, 0xd165, 0xd185, 0xd185, 0xd185, 0xd185, 0xd165, 0xd166, 0xd966, 0xd966, 0xd946, 0xd146, 0xd186, 0xc984, 0xc1c3, 0xc284, 0xc326, 0xb349, 0x8aea, 0x6b0c, 0x634f, 0x536f, 0x5370,
		0x536f, 0x536f, 0x5b6e, 0x6b2b, 0x9c0c, 0xe590, 0xfdcf, 0xfcab, 0xd2a4, 0xc182, 0xd1a4, 0xd145, 0xd946, 0xd147, 0xd147, 0xd147, 0xd147, 0xd147, 0xd167, 0xd166, 0xd166, 0xd166, 0xd166, 0xd166, 0xd166, 0xd145, 0xd186, 0xc985, 0xc1e4, 0xf40b, 0xfd6f, 0xf5d1, 0xb4ae, 0x6b4b, 0x5b6d, 0x538f, 0x4b6f, 0x538f,
		0x538f, 0x4b8f, 0x4b8f, 0x536d, 0x5b2a, 0x8bca, 0xc4cc, 0xedaf, 0xe4eb, 0xaa63, 0xb1e3, 0xb9c5, 0xc1c6, 0xc186, 0xc1a7, 0xc1a7, 0xc1a7, 0xc1a7, 0xc187, 0xc187, 0xc186, 0xc1a6, 0xc1a5, 0xb9a5, 0xb9c5, 0xb9c5, 0xb1c4, 0xa9e3, 0xdbe9, 0xfd8f, 0xdd2d, 0x9c0a, 0x6b08, 0x5b6c, 0x538e, 0x4b8f, 0x4b8f, 0x4b6f,
		0x5bd0, 0x53d1, 0x53f1, 0x53d0, 0x5bce, 0x63ad, 0x636a, 0x7beb, 0x8c4d, 0x838b, 0x830b, 0x8b0d, 0x8aed, 0x92ed, 0x8aec, 0x8b0c, 0x92ec, 0x92ec, 0x92cd, 0x92cd, 0x92ed, 0x92ec, 0x8aec, 0x8b0c, 0x8aeb, 0x8aec, 0x830b, 0x7b4a, 0x8c0c, 0x842c, 0x6b8a, 0x638b, 0x63ce, 0x538f, 0x5bd1, 0x53d1, 0x53b0, 0x5baf,
		0x538f, 0x4b8f, 0x4b8f, 0x4b8f, 0x538f, 0x538e, 0x5bae, 0x4b2c, 0x3b0b, 0x538e, 0x5b6f, 0x6351, 0x6350, 0x636f, 0x636e, 0x638e, 0x636e, 0x636f, 0x636f, 0x6370, 0x6370, 0x636f, 0x636f, 0x636f, 0x636f, 0x636f, 0x5b4e, 0x5b8f, 0x434c, 0x432c, 0x4b8e, 0x4b8e, 0x538f, 0x5bb1, 0x4b2f, 0x4b4f, 0x5b8f, 0x5b6e
};
const uint16_t CARRO_VERDE[] = {
		0x536f, 0x536f, 0x536f, 0x536f, 0x536f, 0x536f, 0x538f, 0x538f, 0x538f, 0x538f, 0x538f, 0x536f, 0x536e, 0x4b4e, 0x4b4e, 0x4b6e, 0x4b4e, 0x4b4e, 0x4b4e, 0x4b6e, 0x4b6e, 0x4b4e, 0x4b4e, 0x4b4e, 0x536f, 0x536f, 0x536f, 0x536f, 0x536f, 0x536f, 0x536f, 0x536f, 0x536f, 0x536f, 0x536f, 0x536f, 0x536f, 0x538f,
		0x536f, 0x536e, 0x536e, 0x536f, 0x536f, 0x536f, 0x536f, 0x538f, 0x538f, 0x4b4e, 0x536e, 0x536c, 0x5bec, 0x642c, 0x6c6d, 0x74ad, 0x7d0d, 0x7d2d, 0x7d2c, 0x7d2c, 0x7d0c, 0x74cc, 0x6c8c, 0x642c, 0x53cc, 0x538d, 0x534e, 0x534e, 0x5b6f, 0x5b6f, 0x5b6e, 0x536e, 0x536f, 0x536f, 0x536f, 0x536f, 0x536f, 0x538f,
		0x536f, 0x538e, 0x538f, 0x536f, 0x536f, 0x536f, 0x536f, 0x536e, 0x4b4c, 0x640e, 0x6c6d, 0x7d2d, 0x8dcd, 0x960c, 0x962b, 0x962a, 0x9649, 0x9649, 0x9629, 0x9629, 0x962a, 0x962b, 0x960c, 0x960c, 0x8dcc, 0x7d0b, 0x6c6b, 0x63ed, 0x4b4c, 0x536e, 0x536e, 0x536f, 0x536f, 0x536f, 0x536f, 0x536f, 0x536f, 0x536f,
		0x536e, 0x538e, 0x538f, 0x536f, 0x536f, 0x5b6f, 0x534e, 0x5b8d, 0x95b2, 0xae72, 0x8dac, 0x960b, 0x9629, 0x8e28, 0x9628, 0x9628, 0x9628, 0x8e09, 0x9609, 0x9609, 0x8e09, 0x8e09, 0x960a, 0x8e09, 0x9629, 0x8dea, 0x8dcc, 0xae93, 0x8d72, 0x536c, 0x534d, 0x536f, 0x536f, 0x536f, 0x536f, 0x536f, 0x536f, 0x538f,
		0x538e, 0x538e, 0x536f, 0x536f, 0x536f, 0x534e, 0x5b8d, 0xb696, 0xb693, 0x6cc9, 0x8589, 0x9629, 0x8e28, 0x8e28, 0x8e29, 0x8e0a, 0x8e0a, 0x8e09, 0x8e29, 0x8e09, 0x8e29, 0x8e29, 0x8e29, 0x8e09, 0x8e0a, 0x960b, 0x7d4a, 0x74ea, 0xbf16, 0xa614, 0x536c, 0x536e, 0x5370, 0x536f, 0x536f, 0x536f, 0x536f, 0x538f,
		0x536e, 0x538f, 0x536f, 0x536f, 0x536e, 0x4b4c, 0x9df4, 0xc716, 0x6468, 0x7509, 0x960b, 0x962a, 0x8e29, 0x8e28, 0x8e29, 0x8e09, 0x8e09, 0x8e09, 0x8e29, 0x8e29, 0x8e29, 0x8e28, 0x8e29, 0x8e08, 0x8e29, 0x9629, 0x8dea, 0x74e8, 0x6c88, 0xcf57, 0x8d52, 0x4b4c, 0x536f, 0x536f, 0x536f, 0x536f, 0x536f, 0x536f,
		0x536f, 0x536f, 0x536f, 0x536f, 0x536d, 0x5bed, 0xcf57, 0x856c, 0x64a6, 0x85c9, 0x964a, 0x8e28, 0x8e28, 0x8e28, 0x8e29, 0x8e29, 0x8e09, 0x8e09, 0x8e0a, 0x8e2a, 0x8e0a, 0x8e0a, 0x8e2a, 0x8e09, 0x8e28, 0x8e28, 0x9629, 0x8588, 0x5c65, 0x9e0f, 0xbef7, 0x53ac, 0x536d, 0x538f, 0x536f, 0x536f, 0x536f, 0x536f,
		0x536f, 0x536f, 0x536f, 0x536e, 0x536d, 0x644d, 0x95cf, 0x74e8, 0x7526, 0x8e29, 0x8e29, 0x8e28, 0x8e29, 0x8e09, 0x8e0a, 0x8e29, 0x8e29, 0x8e29, 0x8e29, 0x8e29, 0x8e29, 0x8e29, 0x8e29, 0x8e29, 0x8e29, 0x8e29, 0x8e29, 0x8e09, 0x7506, 0x7509, 0x95b0, 0x5c0c, 0x538c, 0x538e, 0x536f, 0x536f, 0x536f, 0x536f,
		0x536f, 0x536f, 0x536f, 0x536e, 0x538c, 0x644b, 0x6ca8, 0x64c6, 0x85c8, 0x9629, 0x8e08, 0x8e09, 0x8e09, 0x9609, 0x960a, 0x9609, 0x8e29, 0x8e28, 0x9628, 0x9628, 0x9628, 0x9628, 0x9609, 0x9609, 0x9629, 0x9629, 0x8e08, 0x9629, 0x7d87, 0x64c6, 0x64a9, 0x644c, 0x538c, 0x538e, 0x536f, 0x536f, 0x536f, 0x536f,
		0x536f, 0x536e, 0x536e, 0x536e, 0x53ac, 0x64aa, 0x6ce7, 0x6d06, 0x8e09, 0x9629, 0x8e09, 0x8e09, 0x8e09, 0x9609, 0x9609, 0x9609, 0x8e09, 0x9609, 0x9609, 0x9609, 0x9609, 0x9609, 0x9609, 0x9609, 0x9609, 0x9609, 0x9609, 0x962a, 0x85e9, 0x6d06, 0x6ce8, 0x648b, 0x538c, 0x538e, 0x536f, 0x536f, 0x536f, 0x538f,
		0x536f, 0x536e, 0x5b6f, 0x536e, 0x53cc, 0x6caa, 0x64e6, 0x7d88, 0x8e2a, 0x8e29, 0x8e29, 0x8e29, 0x8e29, 0x8e29, 0x8e29, 0x8e29, 0x8e29, 0x8e29, 0x8e29, 0x8e09, 0x8e09, 0x8e09, 0x8e09, 0x8e29, 0x8e29, 0x8e29, 0x8e29, 0x8e29, 0x8e29, 0x7566, 0x64e7, 0x648a, 0x538c, 0x536e, 0x538f, 0x538f, 0x536f, 0x538f,
		0x536f, 0x5b4f, 0x5b4f, 0x536e, 0x53cc, 0x64a9, 0x6d06, 0x85e9, 0x8e29, 0x8e28, 0x8e48, 0x8e48, 0x8e49, 0x8e29, 0x8e29, 0x9649, 0x9649, 0x962a, 0x962a, 0x962a, 0x962a, 0x964a, 0x8e49, 0x8e29, 0x8e29, 0x8e29, 0x8e29, 0x8e29, 0x8e48, 0x7dc7, 0x6506, 0x6caa, 0x53ad, 0x536e, 0x538f, 0x538f, 0x536f, 0x538f,
		0x536e, 0x5b6f, 0x5b50, 0x536f, 0x53cc, 0x64c9, 0x6d26, 0x8e0a, 0x962a, 0x964a, 0x966a, 0x964b, 0x962b, 0x95eb, 0x95ab, 0x8d8b, 0x8d8a, 0x8d8b, 0x8d8b, 0x8d8b, 0x8dab, 0x8daa, 0x95ca, 0x95eb, 0x9e2c, 0x9e2c, 0x9e2c, 0x9e2b, 0x962a, 0x8608, 0x6d05, 0x6cca, 0x53ad, 0x536f, 0x538f, 0x538f, 0x536f, 0x538f,
		0x536e, 0x5b6f, 0x5b70, 0x536e, 0x53ec, 0x64a9, 0x7527, 0x962c, 0x95cc, 0x7cca, 0x6407, 0x5386, 0x4b05, 0x42a4, 0x3a65, 0x3a45, 0x3a25, 0x3a45, 0x3a25, 0x3a45, 0x3a44, 0x3a44, 0x3a84, 0x42a5, 0x4b06, 0x5b87, 0x6c09, 0x84eb, 0x95ed, 0x960b, 0x6d26, 0x64aa, 0x53ad, 0x536f, 0x536f, 0x536f, 0x538f, 0x538f,
		0x536e, 0x536f, 0x536f, 0x536e, 0x53eb, 0x64a9, 0x7d49, 0x7cea, 0x3a64, 0x29c4, 0x2985, 0x2985, 0x29a5, 0x31a5, 0x31a6, 0x31a7, 0x31a7, 0x31a7, 0x3187, 0x31a7, 0x31a7, 0x31a6, 0x31a6, 0x3186, 0x2985, 0x2985, 0x2985, 0x29c5, 0x3ac5, 0x854b, 0x7528, 0x6caa, 0x53ac, 0x536f, 0x536f, 0x536f, 0x538f, 0x538f,
		0x536f, 0x536f, 0x536f, 0x538e, 0x53cb, 0x6caa, 0x7d0b, 0x3ac4, 0x2163, 0x39c7, 0x39c8, 0x31a7, 0x39a6, 0x39c7, 0x39c7, 0x39c7, 0x31c7, 0x39c7, 0x31a6, 0x39c6, 0x39c6, 0x39c7, 0x39c7, 0x39a7, 0x39a7, 0x39a7, 0x39a7, 0x31c7, 0x1962, 0x4b65, 0x7d49, 0x6c8a, 0x53ac, 0x536f, 0x536f, 0x536f, 0x538f, 0x538f,
		0x538e, 0x538e, 0x538e, 0x536d, 0x53cb, 0x6caa, 0x74c9, 0x3243, 0x29a5, 0x39c7, 0x39c7, 0x39c6, 0x39c6, 0x39a6, 0x39a6, 0x31c6, 0x39c6, 0x39c6, 0x39c6, 0x39c6, 0x39c6, 0x39c6, 0x39c6, 0x39c6, 0x39a6, 0x39a7, 0x39a8, 0x39a8, 0x2184, 0x3aa3, 0x7d08, 0x6c8a, 0x53ac, 0x536f, 0x5370, 0x534f, 0x538f, 0x538f,
		0x538e, 0x536e, 0x536e, 0x534e, 0x536c, 0x6c6a, 0x74c9, 0x2a22, 0x29a6, 0x31c7, 0x31c7, 0x31c7, 0x39c7, 0x39c7, 0x39a7, 0x39c7, 0x39c6, 0x39c6, 0x39c7, 0x39c7, 0x39c7, 0x39c7, 0x39c7, 0x39c7, 0x39a7, 0x39a7, 0x39a7, 0x39a8, 0x2185, 0x3aa3, 0x7d09, 0x644a, 0x4b6c, 0x534e, 0x5b70, 0x536f, 0x536e, 0x536f,
		0x536f, 0x536f, 0x532f, 0x63b0, 0x7450, 0x7ced, 0x7ceb, 0x3a84, 0x2185, 0x39c7, 0x31c7, 0x31c7, 0x31c7, 0x31c7, 0x31c7, 0x31c7, 0x31c7, 0x31c7, 0x31c7, 0x31c7, 0x31c7, 0x31c7, 0x31c7, 0x31c7, 0x31c7, 0x31c6, 0x39c6, 0x39c7, 0x2164, 0x4306, 0x7d0c, 0x7cce, 0x6c51, 0x5b90, 0x532e, 0x5b6e, 0x538e, 0x538f,
		0x5bb0, 0x5370, 0x9517, 0xc69d, 0xd75d, 0xbed6, 0x9dd0, 0x42c6, 0x2144, 0x39c6, 0x39a6, 0x39c6, 0x31c6, 0x31c6, 0x31c6, 0x31c6, 0x31c6, 0x31c6, 0x31c6, 0x31c6, 0x31c6, 0x31c6, 0x39c6, 0x39c6, 0x31c6, 0x39c6, 0x39c5, 0x39e6, 0x2142, 0x5347, 0xa611, 0xc6f8, 0xcf3e, 0xbe7c, 0x8cd5, 0x534d, 0x538e, 0x538f,
		0x4b2e, 0x6c32, 0xcefe, 0xcedd, 0xa5f7, 0x7cce, 0x642a, 0x5ba9, 0x2142, 0x39c6, 0x39a6, 0x39a6, 0x39c6, 0x39c6, 0x39c6, 0x39c7, 0x39c6, 0x39c6, 0x39c6, 0x39c6, 0x39c6, 0x39c6, 0x39c6, 0x39a6, 0x39c6, 0x39c6, 0x39a6, 0x31a5, 0x2182, 0x63e8, 0x6c49, 0x84ef, 0xadf8, 0xcefe, 0xc6bc, 0x63d0, 0x534e, 0x538f,
		0x538f, 0x5b8f, 0x6bf1, 0x63d0, 0x536c, 0x644b, 0x4b46, 0x6c0a, 0x31c4, 0x3185, 0x39c8, 0x39a7, 0x31a7, 0x3186, 0x3186, 0x2985, 0x2965, 0x2985, 0x2965, 0x2965, 0x2965, 0x2985, 0x3186, 0x3186, 0x3186, 0x39a7, 0x39c8, 0x2985, 0x3204, 0x6409, 0x4b86, 0x642b, 0x536d, 0x63d1, 0x6bd1, 0x5b70, 0x536f, 0x538f,
		0x53af, 0x536e, 0x534e, 0x534e, 0x538c, 0x6c6c, 0x3ae4, 0x640a, 0x3a85, 0x1101, 0x2144, 0x1943, 0x1943, 0x2163, 0x21a3, 0x21c3, 0x29e3, 0x2a04, 0x2a04, 0x29e3, 0x21c3, 0x21a3, 0x21a3, 0x2163, 0x1942, 0x1942, 0x2143, 0x1101, 0x4b27, 0x53c7, 0x3b25, 0x6c6c, 0x534c, 0x534f, 0x534f, 0x5370, 0x5370, 0x538f,
		0x538f, 0x536f, 0x536f, 0x536f, 0x538d, 0x646d, 0x2a84, 0x4b66, 0x6427, 0x4304, 0x5386, 0x5be6, 0x6468, 0x6c88, 0x74e9, 0x7529, 0x7d29, 0x7d49, 0x7d69, 0x7d49, 0x7d29, 0x7509, 0x74e9, 0x6c88, 0x6427, 0x5bc6, 0x5366, 0x4304, 0x6c68, 0x3b03, 0x3b05, 0x644d, 0x536e, 0x534f, 0x538e, 0x536e, 0x536f, 0x538f,
		0x536f, 0x536f, 0x536f, 0x5370, 0x538d, 0x6c4d, 0x2a64, 0x32a4, 0x7d29, 0x8dca, 0x962a, 0x962a, 0x964a, 0x962a, 0x9649, 0x8e49, 0x8e49, 0x8e49, 0x8e49, 0x8e49, 0x9649, 0x9649, 0x9629, 0x962b, 0x962b, 0x962a, 0x962a, 0x960b, 0x7d4a, 0x2262, 0x3ae6, 0x6c2d, 0x536e, 0x534f, 0x536e, 0x536e, 0x536e, 0x538f,
		0x538f, 0x536e, 0x536f, 0x5370, 0x536d, 0x6c2c, 0x3264, 0x2a63, 0x74e9, 0x8e09, 0x9649, 0x8e2a, 0x964b, 0x9e2a, 0x9e2a, 0x962a, 0x964a, 0x962a, 0x962a, 0x964a, 0x9649, 0x9649, 0x9649, 0x9e2a, 0x9e2b, 0x9629, 0x8e28, 0x966a, 0x7528, 0x19e1, 0x42c6, 0x6c0d, 0x536d, 0x536f, 0x5b6f, 0x5b6f, 0x536f, 0x538f,
		0x536f, 0x538e, 0x536f, 0x5370, 0x538e, 0x746d, 0x3284, 0x19e2, 0x74c8, 0x8dc9, 0x962a, 0x95eb, 0x856b, 0x8d4a, 0x8d4b, 0x8d4c, 0x8d4b, 0x8d4b, 0x854b, 0x854b, 0x854b, 0x854a, 0x854a, 0x8d4b, 0x854b, 0x95eb, 0x962a, 0x962a, 0x6cc7, 0x11a0, 0x42e6, 0x744e, 0x536e, 0x536f, 0x5b8f, 0x534e, 0x536e, 0x536f,
		0x536f, 0x538e, 0x536f, 0x4b2f, 0x6c30, 0x95b2, 0x3244, 0x19c1, 0x6c68, 0x95cb, 0x95eb, 0x4303, 0x2a22, 0x3223, 0x3204, 0x3205, 0x3204, 0x3203, 0x3204, 0x3205, 0x3205, 0x3205, 0x3205, 0x3205, 0x2a04, 0x4b65, 0x9ded, 0x9e2d, 0x6c68, 0x1160, 0x42e6, 0x9d92, 0x63f0, 0x534f, 0x536f, 0x536f, 0x536f, 0x536f,
		0x538f, 0x536e, 0x536f, 0x4b2f, 0x7471, 0x9dd2, 0x3244, 0x1982, 0x6409, 0x850b, 0x84ec, 0x29e3, 0x29c5, 0x31c5, 0x31a6, 0x3187, 0x31a6, 0x31a4, 0x31a5, 0x31a6, 0x31a6, 0x31a6, 0x31a6, 0x31a6, 0x29a4, 0x3243, 0x8d4d, 0x8d8d, 0x63e9, 0x1140, 0x42c6, 0xa5f3, 0x6410, 0x4b4f, 0x536f, 0x536f, 0x536e, 0x536f,
		0x538f, 0x538e, 0x536f, 0x4b2f, 0x7451, 0x9dd2, 0x3244, 0x21a3, 0x3a66, 0x0900, 0x6bca, 0x3a27, 0x31a7, 0x31a7, 0x39a8, 0x39a8, 0x39a6, 0x39a5, 0x39a5, 0x39c6, 0x39c7, 0x31c6, 0x39c6, 0x39c6, 0x31c5, 0x42a5, 0x63c8, 0x08e0, 0x3a65, 0x1962, 0x42c6, 0xa5f3, 0x6430, 0x4b4e, 0x538f, 0x536f, 0x536e, 0x538f,
		0x538f, 0x538e, 0x536f, 0x536f, 0x5bae, 0x7cce, 0x3265, 0x2184, 0x29e4, 0x0020, 0x638a, 0x3a27, 0x31a7, 0x39c7, 0x39a7, 0x39a8, 0x39a7, 0x39a6, 0x39a6, 0x39a7, 0x39a7, 0x39a7, 0x39a7, 0x3987, 0x31a6, 0x4aa8, 0x5348, 0x0000, 0x29c5, 0x2143, 0x4ae7, 0x7cce, 0x538d, 0x536f, 0x536f, 0x536f, 0x536f, 0x538f,
		0x536f, 0x538e, 0x536f, 0x5370, 0x536d, 0x6c2c, 0x3a86, 0x1943, 0x3a66, 0x29e3, 0x73eb, 0x3a06, 0x31c6, 0x31c6, 0x31c7, 0x31a7, 0x31c7, 0x39c6, 0x39a6, 0x39c7, 0x31a7, 0x31a6, 0x39c7, 0x39a7, 0x31a7, 0x4267, 0x6bcb, 0x29c4, 0x3a47, 0x1922, 0x4ae7, 0x6c2c, 0x4b6d, 0x5390, 0x536f, 0x536f, 0x536f, 0x538f,
		0x538f, 0x538e, 0x536f, 0x5370, 0x538d, 0x746c, 0x3a65, 0x1922, 0x63aa, 0xbe94, 0x9db0, 0x3203, 0x21a3, 0x29a4, 0x29a5, 0x29a5, 0x29a4, 0x29a3, 0x29a3, 0x29a4, 0x29a4, 0x29a4, 0x2984, 0x29a4, 0x2183, 0x3a65, 0xae13, 0xbe95, 0x5b4a, 0x1101, 0x4ae6, 0x6c6c, 0x4b8e, 0x536f, 0x536f, 0x536f, 0x536f, 0x538f,
		0x536f, 0x538e, 0x536f, 0x536f, 0x538c, 0x6c6c, 0x3a85, 0x1922, 0x63aa, 0xae93, 0xa650, 0x7d0a, 0x6c47, 0x6c49, 0x6c2a, 0x6c29, 0x6c49, 0x6c48, 0x6c47, 0x6c48, 0x6c49, 0x6c49, 0x6c48, 0x6c27, 0x6c67, 0x852a, 0xae91, 0xb693, 0x5368, 0x1120, 0x42e6, 0x6c6c, 0x4b8d, 0x536f, 0x536f, 0x536f, 0x536f, 0x538f,
		0x536f, 0x538e, 0x538f, 0x536f, 0x538c, 0x6c6c, 0x3285, 0x1922, 0x5ba9, 0xaeb2, 0x9e6e, 0x960a, 0x9e4a, 0x9e6b, 0x9e4b, 0x9e4b, 0x9e4a, 0x9e4a, 0x9e4a, 0x9e4a, 0x9e4b, 0x9e4b, 0x9e4a, 0x9e4a, 0x9e4a, 0x960a, 0xa68e, 0xaeb1, 0x5367, 0x1100, 0x42e6, 0x6c6c, 0x4b8d, 0x536f, 0x536f, 0x536f, 0x538f, 0x538f,
		0x536f, 0x538e, 0x538f, 0x536f, 0x53ad, 0x6c8c, 0x3285, 0x1942, 0x5baa, 0xa672, 0x9e6f, 0x8e0a, 0x8e29, 0x8e29, 0x8e29, 0x8e29, 0x8e29, 0x8e29, 0x8e29, 0x8e29, 0x8e29, 0x8e29, 0x8e29, 0x8e29, 0x8e2a, 0x8e0b, 0xa68f, 0xaeb3, 0x5368, 0x1101, 0x42e6, 0x6c6c, 0x4b8c, 0x536f, 0x536f, 0x536f, 0x538f, 0x538f,
		0x536f, 0x538e, 0x538f, 0x536f, 0x53ac, 0x6c8c, 0x3285, 0x1922, 0x63cb, 0xa673, 0x9e70, 0x8deb, 0x8e0a, 0x8e29, 0x8e29, 0x8e29, 0x8e2a, 0x8e2a, 0x8e2a, 0x8e2a, 0x8e29, 0x8e28, 0x8e28, 0x8e28, 0x8e0a, 0x8deb, 0xa6b0, 0xae92, 0x5348, 0x1101, 0x42e6, 0x6c6c, 0x4bad, 0x536f, 0x536f, 0x536f, 0x536f, 0x538f,
		0x536f, 0x538e, 0x538f, 0x536f, 0x538c, 0x6c8b, 0x3a84, 0x1941, 0x63ca, 0xae92, 0xa66f, 0x95ea, 0x9609, 0x9628, 0x9608, 0x9609, 0x9609, 0x8e09, 0x8e09, 0x8e09, 0x8e09, 0x8e28, 0x9628, 0x8e08, 0x960a, 0x95eb, 0xa690, 0xae92, 0x5b68, 0x1100, 0x42e6, 0x6c8c, 0x4bad, 0x536f, 0x536f, 0x536f, 0x536f, 0x538f,
		0x536f, 0x538e, 0x538f, 0x536f, 0x53ac, 0x6c8b, 0x3284, 0x1961, 0x63ea, 0xae92, 0xa66e, 0x95ea, 0x9609, 0x9609, 0x9609, 0x9609, 0x9609, 0x9609, 0x8e09, 0x8e09, 0x8e09, 0x9609, 0x9609, 0x9608, 0x95ea, 0x95cb, 0xa670, 0xae92, 0x5b88, 0x1920, 0x42e6, 0x6c8c, 0x4bad, 0x536f, 0x536f, 0x536f, 0x538f, 0x538f,
		0x536f, 0x538e, 0x538f, 0x536f, 0x53ac, 0x6c8b, 0x3284, 0x1962, 0x6c0a, 0xae92, 0x9e6e, 0x8dea, 0x8e0a, 0x8e0a, 0x8e0a, 0x8e0a, 0x8e09, 0x8e28, 0x8e28, 0x8e29, 0x8e0a, 0x8e0a, 0x9609, 0x9609, 0x960a, 0x95ea, 0xa68f, 0xae92, 0x5ba9, 0x1921, 0x42e6, 0x6c8c, 0x538d, 0x536f, 0x536f, 0x536f, 0x536f, 0x538f,
		0x536f, 0x538e, 0x538f, 0x536f, 0x5bad, 0x74ad, 0x3265, 0x1962, 0x6c2b, 0xae92, 0x9e6f, 0x8dea, 0x8e29, 0x8e29, 0x8e2a, 0x8e09, 0x8e29, 0x8e28, 0x8e28, 0x8e29, 0x8e29, 0x8e0a, 0x8e0a, 0x8e09, 0x9609, 0x8dea, 0xa690, 0xae92, 0x5ba9, 0x1942, 0x42c6, 0x74ad, 0x538d, 0x536f, 0x536f, 0x536f, 0x536f, 0x538f,
		0x536e, 0x536f, 0x538f, 0x534e, 0x742f, 0x95b2, 0x3225, 0x1962, 0x640a, 0xae72, 0xa64f, 0x8dea, 0x8e29, 0x8e29, 0x8e29, 0x8e0a, 0x8e09, 0x9609, 0x9609, 0x8e29, 0x8e28, 0x8e29, 0x8e29, 0x8e09, 0x8e29, 0x8dea, 0xa690, 0xae72, 0x5ba9, 0x1121, 0x42c7, 0x9db2, 0x6410, 0x4b4e, 0x536f, 0x536f, 0x536f, 0x538f,
		0x536e, 0x536f, 0x538f, 0x532e, 0x7470, 0x95b2, 0x3225, 0x2182, 0x642a, 0xae72, 0xa64f, 0x8dea, 0x8e29, 0x8e29, 0x8e2a, 0x8e0a, 0x8e09, 0x9609, 0x9609, 0x8e29, 0x8e28, 0x8e29, 0x8e29, 0x8e09, 0x8e09, 0x8dea, 0xa690, 0xae71, 0x63c9, 0x1121, 0x42a6, 0xa5f3, 0x640f, 0x536f, 0x536e, 0x536f, 0x536f, 0x538f,
		0x536e, 0x536f, 0x538f, 0x532e, 0x7470, 0x9dd2, 0x2a24, 0x21a2, 0x6c4a, 0xae72, 0xa64f, 0x8dea, 0x8e29, 0x8e29, 0x8e2a, 0x8e0a, 0x8e09, 0x9609, 0x9609, 0x8e29, 0x8e28, 0x8e29, 0x8e29, 0x8e09, 0x8e09, 0x8dea, 0xa690, 0xae71, 0x63e9, 0x1982, 0x3ac6, 0x9df2, 0x640f, 0x4b4e, 0x538f, 0x536f, 0x536f, 0x538f,
		0x5b6f, 0x536f, 0x538f, 0x536e, 0x63cd, 0x7cee, 0x3264, 0x21c2, 0x6c6a, 0xa671, 0xa64f, 0x95ea, 0x8e09, 0x8e29, 0x8e2a, 0x8e0a, 0x8e09, 0x9609, 0x9609, 0x8e29, 0x8e28, 0x8e29, 0x8e29, 0x8e29, 0x8e08, 0x8dea, 0xae90, 0xae71, 0x6409, 0x1981, 0x42c5, 0x850e, 0x5bce, 0x538f, 0x538f, 0x536f, 0x536f, 0x538f,
		0x5b6f, 0x536f, 0x538f, 0x536e, 0x5bac, 0x6cac, 0x3264, 0x2202, 0x6c6a, 0xa651, 0xa66f, 0x95ea, 0x8e29, 0x8e29, 0x8e2a, 0x8e0a, 0x8e09, 0x9609, 0x9609, 0x8e29, 0x8e29, 0x8e29, 0x8e29, 0x8e08, 0x9649, 0x8dca, 0xae90, 0xae51, 0x6c4a, 0x19a1, 0x42e5, 0x748c, 0x538d, 0x538f, 0x538f, 0x536f, 0x536f, 0x536f,
		0x534f, 0x536f, 0x538f, 0x536e, 0x5bac, 0x74ac, 0x2a63, 0x2a23, 0x748a, 0xaeb2, 0xa64f, 0x95ea, 0x8e09, 0x8e29, 0x8e09, 0x8e09, 0x8e09, 0x9609, 0x9609, 0x8e29, 0x8e28, 0x8e29, 0x8e09, 0x8e29, 0x8e09, 0x8dea, 0xaeb1, 0xae92, 0x6c6a, 0x21c2, 0x3ac4, 0x74ac, 0x53ad, 0x4b8f, 0x538f, 0x538f, 0x536f, 0x536f,
		0x536f, 0x536f, 0x538f, 0x536e, 0x5bac, 0x6cac, 0x2a63, 0x3284, 0x74aa, 0x7d2c, 0x95ee, 0x960a, 0x8e29, 0x8e29, 0x8e09, 0x8e0a, 0x8e09, 0x9609, 0x9609, 0x8e29, 0x8e28, 0x8e29, 0x8e29, 0x8e29, 0x8e09, 0x960b, 0x95ee, 0x852d, 0x6c6b, 0x2202, 0x42e4, 0x74ab, 0x53ac, 0x4b8f, 0x538f, 0x538f, 0x536f, 0x538f,
		0x536f, 0x538e, 0x538e, 0x536f, 0x5bad, 0x74cc, 0x2a63, 0x3ac4, 0x6c6a, 0x0120, 0x6448, 0x9e4c, 0x8e0a, 0x8e29, 0x8e29, 0x8e29, 0x8e09, 0x9609, 0x8e09, 0x8e29, 0x8e29, 0x8e29, 0x8e29, 0x8e09, 0x960a, 0x9e4c, 0x4ba6, 0x0960, 0x74ab, 0x3244, 0x42e5, 0x74ab, 0x53ac, 0x538e, 0x538f, 0x536f, 0x536f, 0x538f,
		0x538f, 0x538d, 0x538e, 0x536f, 0x53ad, 0x74ac, 0x3282, 0x4305, 0x74cb, 0x0940, 0x5c27, 0x9e4c, 0x8e0a, 0x8e29, 0x8e29, 0x8e29, 0x8e29, 0x8e2a, 0x8e2a, 0x8e29, 0x8e29, 0x8e09, 0x962a, 0x8e0a, 0x8dea, 0x9e6d, 0x4345, 0x19c1, 0x7d0b, 0x3284, 0x3ae5, 0x74ab, 0x53ab, 0x536e, 0x536f, 0x536f, 0x536f, 0x536f,
		0x536f, 0x538e, 0x538e, 0x536f, 0x53ac, 0x6cab, 0x2a82, 0x4b85, 0x7d29, 0x3b03, 0x7509, 0x9e6c, 0x962b, 0x962a, 0x962a, 0x962a, 0x962a, 0x962a, 0x962a, 0x9629, 0x9649, 0x9649, 0x9629, 0x964a, 0x964a, 0x9e6b, 0x6487, 0x4bc5, 0x7d29, 0x3b24, 0x3ae4, 0x74cb, 0x53ac, 0x536e, 0x536f, 0x536f, 0x536f, 0x536f,
		0x536f, 0x536e, 0x536e, 0x536e, 0x5bcc, 0x6caa, 0x4ba4, 0x5c66, 0x74e7, 0x7d0a, 0x7d2a, 0x7ce9, 0x7d0a, 0x74e9, 0x7d09, 0x7ce9, 0x7ce9, 0x7ce9, 0x7d09, 0x7d09, 0x7d08, 0x7d08, 0x7d09, 0x7d09, 0x7d09, 0x7ce9, 0x854b, 0x7d4a, 0x6d07, 0x5c26, 0x4bc5, 0x6cab, 0x53ac, 0x536f, 0x536f, 0x5b6f, 0x536f, 0x536f,
		0x536f, 0x536e, 0x536e, 0x536e, 0x53ac, 0x6caa, 0x6cc8, 0x7507, 0x7d09, 0x4b65, 0x1980, 0x21a2, 0x2182, 0x2182, 0x2182, 0x2182, 0x2182, 0x2182, 0x2182, 0x2182, 0x2183, 0x2183, 0x2183, 0x2183, 0x2183, 0x21a3, 0x1982, 0x53c8, 0x7509, 0x6ce7, 0x6ce8, 0x648a, 0x53ac, 0x536f, 0x536f, 0x536f, 0x534f, 0x536f,
		0x536f, 0x536f, 0x536e, 0x536e, 0x53ac, 0x646a, 0x6d08, 0x7507, 0x6c89, 0x21c2, 0x1943, 0x2986, 0x3167, 0x2946, 0x2946, 0x2966, 0x2966, 0x2966, 0x2965, 0x2965, 0x2966, 0x2966, 0x2965, 0x2965, 0x2965, 0x2985, 0x1942, 0x2a22, 0x74e8, 0x6ce6, 0x6ce8, 0x646b, 0x538d, 0x536f, 0x536f, 0x536f, 0x536f, 0x536f,
		0x536f, 0x536f, 0x536f, 0x536f, 0x4b8d, 0x5c4b, 0x6ce8, 0x74e8, 0x3ae4, 0x1141, 0x29c5, 0x39c7, 0x39c8, 0x39a8, 0x39a8, 0x39a8, 0x39a8, 0x39a7, 0x39a7, 0x39c7, 0x39a7, 0x39a7, 0x39c7, 0x39c6, 0x39c6, 0x39e6, 0x29c4, 0x1140, 0x4b64, 0x7508, 0x6cc9, 0x642c, 0x4b8d, 0x536f, 0x536f, 0x536f, 0x5b6f, 0x538f,
		0x536f, 0x536f, 0x536f, 0x536f, 0x4b8e, 0x53eb, 0x6ce9, 0x64a8, 0x2a43, 0x29e4, 0x3205, 0x31c5, 0x31a5, 0x31a5, 0x3185, 0x29a5, 0x31a5, 0x31a5, 0x31a5, 0x31a5, 0x31a6, 0x31a6, 0x31a6, 0x31a5, 0x31c5, 0x31c4, 0x31e5, 0x29e4, 0x3283, 0x74c8, 0x6caa, 0x5bcc, 0x4b8d, 0x536e, 0x536f, 0x5b6f, 0x5b6f, 0x538f,
		0x536f, 0x536f, 0x536f, 0x536f, 0x536e, 0x538c, 0x642b, 0x6c8c, 0x6c8c, 0x6c6b, 0x6429, 0x6429, 0x5bc7, 0x53a7, 0x5387, 0x4b66, 0x4b45, 0x4b25, 0x4b25, 0x4b45, 0x4b46, 0x5366, 0x5387, 0x5ba7, 0x5be8, 0x6409, 0x6c4a, 0x748b, 0x6c8b, 0x6c8a, 0x5c0b, 0x536d, 0x536f, 0x536f, 0x536f, 0x536f, 0x5b6f, 0x536f,
		0x536f, 0x536f, 0x536f, 0x536f, 0x536f, 0x536e, 0x538d, 0x53ac, 0x5bec, 0x642b, 0x646a, 0x648a, 0x6cab, 0x6ccb, 0x6ceb, 0x6ceb, 0x6cea, 0x6cea, 0x6cea, 0x6cea, 0x6cea, 0x74eb, 0x6ccb, 0x6ccb, 0x6cab, 0x648a, 0x644a, 0x5c2a, 0x5beb, 0x53ac, 0x536d, 0x536f, 0x5370, 0x536f, 0x536f, 0x536f, 0x536f, 0x538f,
		0x536f, 0x536f, 0x536f, 0x536f, 0x536f, 0x536f, 0x538e, 0x538d, 0x536d, 0x538d, 0x538d, 0x538d, 0x538d, 0x53ad, 0x53ad, 0x53ad, 0x53ac, 0x53cc, 0x53ac, 0x53ac, 0x53ac, 0x53cd, 0x53ad, 0x53ad, 0x53ad, 0x538d, 0x536d, 0x538e, 0x536e, 0x536f, 0x536f, 0x536f, 0x536f, 0x536f, 0x536f, 0x536e, 0x538e, 0x538f,
		0x536f, 0x536f, 0x536f, 0x536f, 0x536f, 0x536f, 0x536e, 0x536e, 0x536f, 0x536f, 0x536f, 0x536f, 0x536f, 0x536f, 0x536f, 0x536f, 0x536f, 0x536f, 0x536e, 0x536e, 0x536e, 0x536e, 0x536f, 0x536f, 0x536f, 0x536f, 0x5370, 0x5370, 0x5370, 0x5370, 0x536f, 0x536f, 0x536e, 0x536f, 0x536f, 0x536e, 0x536e, 0x538f,
		0x538f, 0x538f, 0x538f, 0x538f, 0x538f, 0x538f, 0x538f, 0x538f, 0x538f, 0x538f, 0x538f, 0x538f, 0x538f, 0x538f, 0x538f, 0x538f, 0x538f, 0x538f, 0x538f, 0x538f, 0x536f, 0x536f, 0x538f, 0x538f, 0x538f, 0x538f, 0x538f, 0x538f, 0x538f, 0x538f, 0x538f, 0x538f, 0x538f, 0x538f, 0x538f, 0x538f, 0x538f, 0x538f
};
const uint16_t CARRO_ROSADO_CLARO[] = {
		0x536f, 0x536f, 0x538f, 0x538f, 0x5b8f, 0x536f, 0x536e, 0x4b6e, 0x4b8f, 0x4b0d, 0x634f, 0x6aef, 0x7ad0, 0x8af1, 0x8b11, 0x9333, 0xa354, 0xab55, 0xab55, 0xa355, 0xa374, 0x9b33, 0x9312, 0x8b12, 0x82f2, 0x6af0, 0x632f, 0x5b2f, 0x532e, 0x538e, 0x536e, 0x4b6e, 0x536e, 0x536f, 0x536f, 0x536f, 0x538f, 0x538f,
		0x538f, 0x536f, 0x536f, 0x536f, 0x5b8f, 0x538f, 0x4b4e, 0x4b2e, 0x73d1, 0x9c55, 0x9b73, 0xbb35, 0xd377, 0xdb78, 0xdb78, 0xe358, 0xe339, 0xe319, 0xe319, 0xe338, 0xe338, 0xeb37, 0xe337, 0xe338, 0xd358, 0xc357, 0xa354, 0x9bb4, 0x8bd3, 0x634f, 0x4b4e, 0x4b8e, 0x4b8f, 0x538f, 0x536f, 0x5b6f, 0x536f, 0x538f,
		0x538f, 0x536f, 0x536f, 0x5b6f, 0x534e, 0x534e, 0x7c12, 0xc579, 0xe53b, 0xdbb7, 0xe357, 0xe358, 0xe319, 0xe319, 0xeaf9, 0xeaf9, 0xeaf9, 0xe2f9, 0xeaf9, 0xeaf9, 0xead8, 0xf2d8, 0xf2d8, 0xeaf8, 0xeaf9, 0xeb39, 0xe359, 0xd337, 0xe459, 0xe59c, 0x9cb6, 0x536f, 0x4b6e, 0x538f, 0x5b6f, 0x5b4f, 0x5b4e, 0x538f,
		0x538f, 0x536e, 0x5b6f, 0x5b4e, 0x634f, 0xad37, 0xf67e, 0xecfb, 0xd316, 0xe2d6, 0xeaf8, 0xeaf8, 0xe319, 0xeb1a, 0xf2f9, 0xf2f9, 0xeaf9, 0xeb1a, 0xeb1a, 0xeaf9, 0xeaf9, 0xeaf9, 0xeb19, 0xeb19, 0xe2f8, 0xeaf9, 0xeaf8, 0xf2f8, 0xdad6, 0xd3b7, 0xf61e, 0xd63c, 0x7c12, 0x5b4e, 0x5b4e, 0x5b4e, 0x5b6f, 0x538f,
		0x536f, 0x536e, 0x5b6f, 0x630e, 0xbcf7, 0xfe3e, 0xd3f8, 0xcab5, 0xeaf7, 0xf2f8, 0xf2f8, 0xeb39, 0xe379, 0xdb18, 0xdab6, 0xe2b7, 0xe297, 0xea97, 0xe297, 0xe297, 0xda97, 0xda96, 0xdab6, 0xdaf7, 0xe358, 0xe379, 0xe318, 0xeb18, 0xeb17, 0xd2d5, 0xcb15, 0xf53b, 0xf63d, 0x7b91, 0x532e, 0x538f, 0x538f, 0x538f,
		0x536f, 0x5b6f, 0x630f, 0x7aef, 0xb3b5, 0xd397, 0xca95, 0xe2b7, 0xfad8, 0xf2d8, 0xeb38, 0xbad5, 0x8a10, 0x68ec, 0x99b0, 0xdb17, 0xeb58, 0xeb58, 0xeb39, 0xf359, 0xeb59, 0xe379, 0xbad5, 0x710d, 0x796e, 0x9a72, 0xcb77, 0xe358, 0xeaf7, 0xf2f8, 0xe275, 0xdab4, 0xdbd7, 0x9332, 0x632f, 0x4b6f, 0x4b8f, 0x538f,
		0x536f, 0x6350, 0x6aef, 0x92d1, 0xc2b4, 0xd255, 0xe2b7, 0xeaf8, 0xeb18, 0xeb38, 0xb2b3, 0x50ea, 0x3888, 0x690b, 0xcb56, 0xfc1b, 0xebda, 0xebba, 0xf3ba, 0xf39a, 0xf3ba, 0xe3fa, 0xdc7a, 0x8250, 0x4088, 0x4888, 0x79af, 0xcb36, 0xeb38, 0xead8, 0xeab7, 0xe255, 0xd274, 0xb292, 0x82d0, 0x5b2f, 0x538f, 0x538f,
		0x536f, 0x632f, 0x72d0, 0xa293, 0xda75, 0xf256, 0xf298, 0xf319, 0xeb18, 0xd295, 0x894d, 0x610b, 0x824f, 0xcbb6, 0xf3fa, 0xf37a, 0xf3ba, 0xebbb, 0xeb9b, 0xeb7b, 0xf3bb, 0xebba, 0xe3f9, 0xdc18, 0xab13, 0x714c, 0x70cc, 0xb212, 0xe2f8, 0xeaf9, 0xeaf9, 0xe256, 0xe275, 0xc293, 0x92b1, 0x6b0f, 0x5b6f, 0x538f,
		0x536f, 0x630f, 0x82b1, 0xba94, 0xe276, 0xf277, 0xf2b8, 0xf319, 0xda76, 0xd234, 0xd2b5, 0xd316, 0xe3d9, 0xebfa, 0xeb99, 0xf39a, 0xf39a, 0xf3bb, 0xf3bb, 0xeb9b, 0xf39a, 0xf3ba, 0xeb9a, 0xf3da, 0xebd9, 0xdb37, 0xdaf7, 0xd255, 0xd215, 0xead8, 0xf2f9, 0xea97, 0xea76, 0xd295, 0x9a91, 0x6aef, 0x5b4f, 0x538f,
		0x536f, 0x6b0f, 0x8ab1, 0xc294, 0xe276, 0xea97, 0xf2f8, 0xead8, 0xda36, 0xda97, 0xf339, 0xeb18, 0xf379, 0xeb9a, 0xeb9a, 0xeb9a, 0xebba, 0xebba, 0xebba, 0xebba, 0xeb9a, 0xeb9a, 0xf39a, 0xf37a, 0xf39a, 0xeb39, 0xeb19, 0xeb19, 0xd236, 0xe297, 0xeaf8, 0xf2d8, 0xea76, 0xd295, 0xa2b2, 0x72f0, 0x5b4f, 0x538f,
		0x536f, 0x630f, 0x8ab1, 0xc2b4, 0xe296, 0xeab7, 0xf2f8, 0xe297, 0xda56, 0xeb19, 0xeb18, 0xeb18, 0xf379, 0xeb9a, 0xeb9a, 0xeb9a, 0xebba, 0xebba, 0xebba, 0xebba, 0xeb9a, 0xf3ba, 0xf39a, 0xf39a, 0xf39a, 0xeb39, 0xe2d8, 0xeb19, 0xe2b7, 0xda56, 0xead8, 0xf2d8, 0xea76, 0xd295, 0xa2d3, 0x6af0, 0x5b4f, 0x538f,
		0x536f, 0x630f, 0x8ad1, 0xbab4, 0xe2b6, 0xf2b7, 0xf2f8, 0xe256, 0xe297, 0xf339, 0xeaf8, 0xeb18, 0xf37a, 0xf39a, 0xeb9a, 0xeb9a, 0xeb9a, 0xebba, 0xebba, 0xebba, 0xebba, 0xeb9a, 0xf39a, 0xf3ba, 0xf39a, 0xeb39, 0xeaf9, 0xeb19, 0xead8, 0xda76, 0xe2b7, 0xf2f9, 0xea76, 0xd295, 0xa2d3, 0x6b10, 0x5b4f, 0x538f,
		0x538f, 0x632f, 0x82d1, 0xbad4, 0xdab6, 0xf2d8, 0xf2f8, 0xe256, 0xead8, 0xeb19, 0xe2f8, 0xeb19, 0xf37a, 0xf39a, 0xf39a, 0xeb9a, 0xeb9a, 0xebba, 0xebba, 0xebba, 0xeb9a, 0xf39a, 0xf39a, 0xf39a, 0xf3bb, 0xeb5a, 0xe2f8, 0xeb19, 0xeaf8, 0xda97, 0xe2b7, 0xf2f8, 0xea97, 0xd2b6, 0xa2d3, 0x6b10, 0x536f, 0x538f,
		0x536f, 0x5b2f, 0x7ad1, 0xbaf4, 0xdad6, 0xf2f8, 0xead8, 0xe297, 0xead8, 0xeb19, 0xe2f8, 0xeb18, 0xf37a, 0xf39a, 0xf39a, 0xeb9a, 0xebba, 0xebba, 0xebba, 0xebba, 0xeb9a, 0xeb9a, 0xf39a, 0xf39a, 0xf39a, 0xeb39, 0xe2f8, 0xeaf8, 0xeaf8, 0xe2b7, 0xe2b7, 0xf2f8, 0xe297, 0xd2b5, 0x9ad3, 0x6b10, 0x536f, 0x538f,
		0x536f, 0x5b2f, 0x7ad1, 0xb2f4, 0xdad6, 0xf2f8, 0xeab8, 0xea97, 0xeaf8, 0xeb18, 0xeaf8, 0xeb19, 0xf37a, 0xf39a, 0xf39a, 0xeb9a, 0xebba, 0xebba, 0xebba, 0xebba, 0xeb9a, 0xeb9a, 0xf39a, 0xf39a, 0xf39a, 0xeb39, 0xe2f8, 0xeaf8, 0xeaf8, 0xe2d8, 0xe2d7, 0xf319, 0xeab7, 0xd2d5, 0x9ad2, 0x6b10, 0x536f, 0x538f,
		0x538f, 0x5b4f, 0x72f0, 0xb2d4, 0xdad6, 0xf2f8, 0xeab7, 0xeab8, 0xeaf8, 0xeaf8, 0xeaf8, 0xeb19, 0xf37a, 0xf39a, 0xf39a, 0xeb9a, 0xebba, 0xebba, 0xebba, 0xebba, 0xeb9a, 0xeb9a, 0xf39a, 0xf39a, 0xf39a, 0xeb39, 0xe2f8, 0xeaf8, 0xeaf8, 0xeaf8, 0xe2d8, 0xeb18, 0xead7, 0xcad6, 0x92d2, 0x630f, 0x536f, 0x538f,
		0x538f, 0x5b4f, 0x72d0, 0xaad3, 0xdaf6, 0xf318, 0xeab7, 0xeab8, 0xf2f9, 0xeaf8, 0xeb18, 0xeb19, 0xf37a, 0xf39a, 0xf39a, 0xeb9a, 0xebba, 0xebba, 0xebba, 0xebba, 0xeb9a, 0xeb9a, 0xf39a, 0xf39a, 0xf39a, 0xeb39, 0xe2f8, 0xeaf8, 0xeaf8, 0xeb18, 0xdab7, 0xeaf8, 0xead7, 0xcad6, 0x92b2, 0x630f, 0x536f, 0x538f,
		0x536f, 0x5b6f, 0x6af0, 0xa2d3, 0xdaf6, 0xf2f8, 0xeab8, 0xeab8, 0xeaf8, 0xeaf9, 0xeaf9, 0xeaf9, 0xfb5b, 0xfb7b, 0xfb7a, 0xf37a, 0xeb9a, 0xebbb, 0xeb9a, 0xeb9b, 0xf39b, 0xf39a, 0xf39a, 0xeb9a, 0xf39b, 0xeb39, 0xead8, 0xf2f9, 0xeaf8, 0xeb18, 0xe2d7, 0xe2d8, 0xe2f8, 0xc2f5, 0x8ad1, 0x630f, 0x536f, 0x538f,
		0x536f, 0x5b6f, 0x630f, 0x9af3, 0xd2d6, 0xf2d8, 0xf2b8, 0xf2d8, 0xeaf8, 0xeaf9, 0xeaf9, 0xeaf9, 0xf33a, 0xf39b, 0xf37a, 0xf39a, 0xebba, 0xe3ba, 0xebba, 0xebba, 0xeb9a, 0xeb9a, 0xeb9a, 0xeb9a, 0xf37a, 0xeb19, 0xead8, 0xf2d9, 0xf2d8, 0xf2f8, 0xeaf8, 0xe2d8, 0xdb18, 0xbb15, 0x82d0, 0x632e, 0x5b6e, 0x538f,
		0x536f, 0x5b6f, 0x630f, 0x9af2, 0xd2d6, 0xf2d8, 0xf2d8, 0xf2d8, 0xf2d8, 0xead8, 0xeaf8, 0xe318, 0xe3b9, 0xdc3a, 0xdc7a, 0xe49a, 0xec9a, 0xec7a, 0xec7a, 0xec7a, 0xec9a, 0xec9a, 0xec5a, 0xf41a, 0xf3d9, 0xe318, 0xead8, 0xf319, 0xf2d8, 0xf2d8, 0xf2d8, 0xf2d9, 0xe2d8, 0xbaf5, 0x7ad0, 0x634e, 0x536f, 0x538f,
		0x536f, 0x5b6f, 0x630f, 0x9af2, 0xd2d6, 0xead8, 0xead8, 0xeaf8, 0xeaf8, 0xe2f7, 0xe378, 0xe418, 0xd478, 0xb456, 0xa414, 0x9bd3, 0x9b72, 0x9b52, 0x9b31, 0x9330, 0x9b71, 0xa3b2, 0xabd4, 0xbbf5, 0xd438, 0xe439, 0xe3b9, 0xe338, 0xe318, 0xeaf8, 0xf2d8, 0xf2b9, 0xe2b8, 0xb2d5, 0x7ad0, 0x5b4f, 0x536f, 0x538f,
		0x536f, 0x5b6f, 0x630f, 0x92f2, 0xd2d5, 0xead8, 0xeaf8, 0xe317, 0xe378, 0xec19, 0xcbd6, 0x8aaf, 0x59c9, 0x4187, 0x3167, 0x2947, 0x3146, 0x3146, 0x3946, 0x3146, 0x2965, 0x2966, 0x3167, 0x3968, 0x4989, 0x6a2d, 0xa374, 0xd438, 0xdbd8, 0xd316, 0xeaf8, 0xf2d9, 0xe2b8, 0xb2d5, 0x72d0, 0x5b4f, 0x536f, 0x538f,
		0x536f, 0x536f, 0x630f, 0x92f1, 0xcab5, 0xead8, 0xe338, 0xdb97, 0xd458, 0x8ad1, 0x4948, 0x3946, 0x3966, 0x3986, 0x39a6, 0x39c7, 0x31c7, 0x31c7, 0x31c7, 0x31c7, 0x31c6, 0x29e7, 0x29e7, 0x29e7, 0x31c7, 0x3167, 0x3927, 0x61cb, 0xb3f5, 0xd437, 0xdb36, 0xeaf8, 0xe2d8, 0xb2d4, 0x72f0, 0x5b6f, 0x536f, 0x538f,
		0x536f, 0x536e, 0x632f, 0x8af1, 0xd2f5, 0xead7, 0xd336, 0xdc99, 0x724d, 0x3127, 0x31c8, 0x31c7, 0x39c6, 0x4186, 0x41a6, 0x39a6, 0x31c6, 0x31c7, 0x31c7, 0x39a7, 0x39c7, 0x31a6, 0x31e6, 0x29c6, 0x31c7, 0x39a7, 0x39a7, 0x3926, 0x4948, 0xb3d4, 0xe438, 0xdaf6, 0xdad6, 0xaad4, 0x6af0, 0x536f, 0x536f, 0x538f,
		0x536f, 0x536f, 0x632f, 0x8ad1, 0xcad5, 0xdab5, 0xec59, 0x8aaf, 0x3106, 0x31c7, 0x29e7, 0x29e6, 0x31c6, 0x41a6, 0x4186, 0x41a6, 0x39a7, 0x31c7, 0x39a7, 0x39a7, 0x39a7, 0x39a6, 0x39a6, 0x39c6, 0x39a6, 0x39a6, 0x39a6, 0x3986, 0x3987, 0x4988, 0xc3f5, 0xdb56, 0xd2d6, 0xaaf3, 0x6b0f, 0x536f, 0x536f, 0x538f,
		0x538f, 0x536f, 0x5b2f, 0x8ad1, 0xc2d4, 0xdb36, 0xbb94, 0x4927, 0x39a6, 0x31c6, 0x31e6, 0x31e6, 0x31c6, 0x39a7, 0x39a7, 0x39a7, 0x39a7, 0x31c7, 0x31c7, 0x39a7, 0x39a6, 0x39a6, 0x39a6, 0x39c6, 0x39a6, 0x39c7, 0x31a6, 0x31e7, 0x31c7, 0x2926, 0x7a6e, 0xe418, 0xc2b4, 0xa2f3, 0x62ef, 0x538e, 0x536f, 0x538f,
		0x538f, 0x536e, 0x632e, 0x8af1, 0xc2f4, 0xdbb7, 0x92af, 0x30e5, 0x39c6, 0x31c6, 0x31c6, 0x31c7, 0x31a6, 0x39c7, 0x39a7, 0x31c7, 0x39c7, 0x31c7, 0x39c7, 0x39c7, 0x31c6, 0x39c6, 0x39c6, 0x31c6, 0x39c7, 0x31a6, 0x31c7, 0x31c7, 0x29e7, 0x29a7, 0x4968, 0xcbd5, 0xcb14, 0xa2f2, 0x6b0f, 0x536e, 0x536f, 0x536f,
		0x536f, 0x5b4e, 0x634e, 0x82af, 0xaa71, 0xdbf6, 0x82ae, 0x20e4, 0x31c6, 0x39c7, 0x39c7, 0x3186, 0x39a6, 0x39a6, 0x31a6, 0x3185, 0x31a6, 0x3186, 0x3165, 0x3186, 0x31a6, 0x3186, 0x3185, 0x31a6, 0x31a6, 0x39c7, 0x39c6, 0x31c6, 0x31e6, 0x2185, 0x3906, 0xc3d4, 0xbad2, 0x9ab1, 0x6aef, 0x538f, 0x538f, 0x536f,
		0x5b8f, 0x4aed, 0x39e9, 0x5149, 0x818d, 0xcbd5, 0x9b71, 0x2083, 0x20c3, 0x2104, 0x2104, 0x2104, 0x20e3, 0x20e3, 0x20e3, 0x28e4, 0x2905, 0x2905, 0x3105, 0x3105, 0x2905, 0x2905, 0x2904, 0x20e4, 0x20e4, 0x20e4, 0x2103, 0x2124, 0x1924, 0x18a3, 0x59a9, 0xd456, 0xa250, 0x614b, 0x41aa, 0x428b, 0x536e, 0x538f,
		0x536e, 0x2a09, 0x2988, 0x724d, 0xbbb4, 0xd457, 0xcc97, 0x92f0, 0x69cb, 0x69cc, 0x6a2d, 0x728e, 0x7aef, 0x8b50, 0x9bb2, 0xabd4, 0xabf4, 0xabd4, 0xabd4, 0xabb3, 0xabd4, 0xb414, 0xa3b3, 0x9b31, 0x8af0, 0x828e, 0x724d, 0x6a0c, 0x69eb, 0x720c, 0xb3d3, 0xdc98, 0xcc17, 0x92f2, 0x49cb, 0x2188, 0x4aac, 0x538f,
		0x536f, 0x42ed, 0x5b0e, 0x82f0, 0xbbf5, 0xa2d1, 0xbb95, 0xdbb6, 0xdb36, 0xe378, 0xec1b, 0xe41a, 0xe43a, 0xf43b, 0xf41a, 0xf3fa, 0xf3fa, 0xebda, 0xebfa, 0xebfa, 0xebda, 0xebf9, 0xec1a, 0xec3a, 0xec1a, 0xec1a, 0xebfa, 0xe3d9, 0xdb97, 0xd375, 0xd3f5, 0xa311, 0xbbb5, 0xa353, 0x6b10, 0x52ed, 0x5aed, 0x536f,
		0x538f, 0x5b8f, 0x632f, 0x8b10, 0xc415, 0x698b, 0x9ab1, 0xdb77, 0xda75, 0xfb39, 0xf39b, 0xe3bb, 0xe3bb, 0xebbb, 0xeb9a, 0xeb9a, 0xf39b, 0xf39b, 0xeb9b, 0xeb9b, 0xebbb, 0xebba, 0xebba, 0xebba, 0xebba, 0xeb9a, 0xeb9a, 0xf3bb, 0xdb17, 0xcab4, 0xcc16, 0x5929, 0xabd5, 0xa394, 0x6aef, 0x636f, 0x632f, 0x536f,
		0x536f, 0x536f, 0x632f, 0x8ad0, 0xd497, 0x61ca, 0x61ab, 0xd3d6, 0xdab5, 0xfb59, 0xf39a, 0xe3ba, 0xe3ba, 0xf39a, 0xf39a, 0xeb9a, 0xeb9a, 0xf39a, 0xf39a, 0xf39a, 0xf39a, 0xf39a, 0xf39a, 0xf39a, 0xf39a, 0xf39a, 0xf399, 0xfb9a, 0xe317, 0xdb35, 0xb352, 0x3845, 0xabd4, 0xb3b5, 0x72d0, 0x5b4f, 0x5b6e, 0x536f,
		0x536f, 0x5370, 0x6b30, 0x9af1, 0xcc76, 0x61ea, 0x30e6, 0xc3f6, 0xd2f5, 0xfb58, 0xf399, 0xebb9, 0xebba, 0xfb79, 0xfb99, 0xf39a, 0xf39a, 0xf39a, 0xf39a, 0xf39a, 0xf39a, 0xf399, 0xf399, 0xf399, 0xf3ba, 0xf3b9, 0xf399, 0xfb99, 0xdaf6, 0xdbd7, 0x8aaf, 0x2824, 0xabb4, 0xbbd5, 0x7ad0, 0x5b4f, 0x4b8e, 0x4b8f,
		0x538f, 0x5370, 0x6b10, 0xa2f2, 0xcc35, 0x620a, 0x20a5, 0xb3f5, 0xd336, 0xfb58, 0xf39a, 0xebda, 0xebdb, 0xf37a, 0xf39a, 0xeb9a, 0xeb9b, 0xeb9b, 0xeb9b, 0xebba, 0xebba, 0xebba, 0xebba, 0xebba, 0xebba, 0xebba, 0xf39a, 0xfb9b, 0xdb17, 0xd437, 0x624c, 0x2084, 0xabb3, 0xc3d5, 0x82f1, 0x5b4f, 0x4b8f, 0x4b8f,
		0x536f, 0x534f, 0x6af0, 0xaaf2, 0xd456, 0x6a0b, 0x18a4, 0xb3f4, 0xd336, 0xf359, 0xf39a, 0xe3bb, 0xe3bb, 0xeb9b, 0xeb9b, 0xebba, 0xebbb, 0xebbb, 0xebbb, 0xebbb, 0xebba, 0xebba, 0xebba, 0xebba, 0xebba, 0xeb9a, 0xf37a, 0xfb9b, 0xdb17, 0xd437, 0x5a0a, 0x2863, 0xab92, 0xc3d5, 0x82f1, 0x5b2f, 0x536f, 0x538f,
		0x538f, 0x5b4f, 0x7af0, 0xb2d2, 0xdc16, 0x6a0b, 0x20c4, 0xbbf4, 0xdb35, 0xf359, 0xf3ba, 0xebbb, 0xebbb, 0xeb9b, 0xf39a, 0xf39a, 0xebba, 0xebba, 0xebba, 0xebba, 0xebba, 0xeb9a, 0xeb9a, 0xebba, 0xebba, 0xeb9a, 0xf37a, 0xfb9a, 0xdb16, 0xd417, 0x6a0b, 0x3884, 0xbbf4, 0xbbb5, 0x8af1, 0x6310, 0x5b6f, 0x538f,
		0x538f, 0x5b2f, 0x7af1, 0xaad2, 0xd3f6, 0x720b, 0x30e6, 0xbbf5, 0xdb15, 0xf379, 0xf3bb, 0xebbb, 0xebbb, 0xeb9b, 0xf39a, 0xf39a, 0xf39a, 0xeb9a, 0xebba, 0xeb9a, 0xf39a, 0xf39a, 0xf39a, 0xf39a, 0xebba, 0xebba, 0xf39a, 0xfb9b, 0xdaf6, 0xdc17, 0x82ae, 0x3885, 0xbbd4, 0xbb54, 0x92f2, 0x6b10, 0x5b6f, 0x538f,
		0x536f, 0x632f, 0x82f1, 0xb2f3, 0xcbb6, 0x824e, 0x38e7, 0xc3d5, 0xd2f5, 0xf379, 0xf39b, 0xeb9b, 0xeb9b, 0xeb9b, 0xf39b, 0xf39a, 0xf39a, 0xeb9a, 0xeb9a, 0xeb9a, 0xf39a, 0xf39a, 0xf39a, 0xf39a, 0xebba, 0xeb9a, 0xf39b, 0xfb9b, 0xdaf7, 0xd3b6, 0x8acf, 0x40c6, 0xc3d5, 0xc334, 0xa313, 0x6b10, 0x536f, 0x538f,
		0x536f, 0x6b30, 0x82d1, 0xb314, 0xcb75, 0xa2f1, 0x5929, 0xd3d6, 0xd2b5, 0xf379, 0xf3ba, 0xebbb, 0xeb9b, 0xeb9b, 0xf39b, 0xf39a, 0xeb9a, 0xeb9a, 0xeb9a, 0xeb9a, 0xeb9a, 0xeb9a, 0xeb9a, 0xebba, 0xebba, 0xeb9a, 0xf39a, 0xfb9b, 0xe317, 0xd356, 0x8ab0, 0x596a, 0xd3f6, 0xcad4, 0xa2d3, 0x6af0, 0x536e, 0x538f,
		0x536f, 0x6b2f, 0x82b1, 0xaab3, 0xc315, 0xc374, 0x89ee, 0xdb96, 0xd2b5, 0xf379, 0xebba, 0xebba, 0xeb9a, 0xf39b, 0xeb9a, 0xeb9b, 0xeb9a, 0xeb9a, 0xeb9b, 0xf39b, 0xeb9a, 0xf39b, 0xeb9b, 0xeb9b, 0xebbb, 0xf3bb, 0xeb9a, 0xfb9b, 0xeb18, 0xd316, 0xaaf2, 0x81ee, 0xdbf7, 0xc233, 0xa292, 0x72f0, 0x5b6e, 0x538f,
		0x536f, 0x6b2f, 0x8ab1, 0xb273, 0xcad5, 0xd355, 0xcb35, 0xdb36, 0xdab6, 0xf39a, 0xebba, 0xebba, 0xebba, 0xeb9a, 0xeb9a, 0xf39b, 0xf39b, 0xf39b, 0xf39a, 0xf39a, 0xf39a, 0xf39a, 0xeb9a, 0xeb9a, 0xebba, 0xebba, 0xeb9a, 0xfbdb, 0xeb18, 0xd295, 0xdbb7, 0xc334, 0xd315, 0xca54, 0xa272, 0x72f0, 0x534e, 0x538f,
		0x4b6e, 0x6330, 0x8ad2, 0xb253, 0xca33, 0xe316, 0xfc1a, 0xdab5, 0xda96, 0xeb79, 0xebda, 0xebd9, 0xf3da, 0xf3da, 0xf3ba, 0xf3ba, 0xf3ba, 0xf39a, 0xf39a, 0xf39a, 0xf39a, 0xf39a, 0xf3ba, 0xf3da, 0xebba, 0xebba, 0xf3da, 0xf39a, 0xeaf8, 0xda75, 0xeb98, 0xf3f9, 0xda95, 0xc213, 0xa293, 0x72f0, 0x5b4e, 0x538f,
		0x538f, 0x632f, 0x8ab1, 0xc254, 0xd234, 0xda74, 0xe295, 0xda74, 0xda96, 0xe337, 0xe3d9, 0xe398, 0xeb98, 0xeb99, 0xeb99, 0xebb9, 0xebb9, 0xeb99, 0xeb99, 0xeb99, 0xeb99, 0xeb99, 0xebb9, 0xe399, 0xe398, 0xe3b9, 0xeb99, 0xeb79, 0xe2b6, 0xda55, 0xe295, 0xe295, 0xda34, 0xca34, 0xa293, 0x72d0, 0x5b4f, 0x538f,
		0x538f, 0x5b2f, 0x8ab1, 0xc234, 0xd214, 0xe276, 0xe255, 0xda55, 0xdaf5, 0xcb75, 0x9ad1, 0x9ab0, 0xaaf2, 0xab12, 0xab74, 0xb3b5, 0xbbd5, 0xc3f5, 0xc3f5, 0xcbd5, 0xc3b5, 0xbbb5, 0xb394, 0xab73, 0xa332, 0xa2f2, 0x9a91, 0xb2d3, 0xdb56, 0xda95, 0xe254, 0xea55, 0xe235, 0xca34, 0xa293, 0x72f0, 0x5b4f, 0x538f,
		0x4b8f, 0x6330, 0x92b1, 0xc233, 0xd215, 0xe257, 0xea57, 0xe235, 0xdb76, 0x7a6d, 0x1882, 0x28e3, 0x28c4, 0x2105, 0x2125, 0x2146, 0x2966, 0x2965, 0x3165, 0x3945, 0x3946, 0x3145, 0x2145, 0x2125, 0x20e4, 0x20c4, 0x20a4, 0x38c6, 0xbb94, 0xdb15, 0xe254, 0xea56, 0xe215, 0xca14, 0xa292, 0x72f0, 0x534f, 0x538f,
		0x538f, 0x6330, 0x8ab1, 0xc253, 0xd214, 0xe257, 0xea37, 0xe215, 0xe397, 0x8aef, 0x2924, 0x39a6, 0x3966, 0x3166, 0x2986, 0x2966, 0x2965, 0x2965, 0x2965, 0x3925, 0x3125, 0x2966, 0x2986, 0x2986, 0x31a6, 0x39a6, 0x3167, 0x4948, 0xcbb5, 0xdab4, 0xe255, 0xea56, 0xda15, 0xc214, 0xa292, 0x72f0, 0x534f, 0x538f,
		0x538f, 0x632f, 0x8ab1, 0xba53, 0xc9f4, 0xe236, 0xea37, 0xe235, 0xe356, 0xa372, 0x2945, 0x39c6, 0x4186, 0x4187, 0x39a7, 0x39c7, 0x39c7, 0x39c7, 0x39c7, 0x41a7, 0x41a7, 0x31c7, 0x31e7, 0x39a6, 0x41c7, 0x39c7, 0x3186, 0x59aa, 0xdbf6, 0xda94, 0xea55, 0xea36, 0xd9f5, 0xc234, 0x9ab2, 0x6af0, 0x536f, 0x538f,
		0x538f, 0x632f, 0x82d0, 0xb273, 0xc9f4, 0xe236, 0xea36, 0xea56, 0xdaf5, 0xb3d4, 0x3167, 0x31c7, 0x39a7, 0x39a7, 0x39a7, 0x39a6, 0x39a6, 0x31c7, 0x39a7, 0x4187, 0x39a7, 0x31c7, 0x31c7, 0x39a6, 0x39a6, 0x39c6, 0x2966, 0x6a2c, 0xdbd6, 0xda74, 0xea56, 0xea36, 0xd1f4, 0xba53, 0x92b2, 0x6aef, 0x5b6f, 0x538f,
		0x536f, 0x5b4f, 0x7ad0, 0xaa72, 0xca13, 0xe215, 0xea36, 0xea56, 0xd294, 0xc3b5, 0x4168, 0x31a7, 0x39c7, 0x39a6, 0x39a6, 0x39c6, 0x39a6, 0x31c7, 0x39a7, 0x39a7, 0x39a7, 0x31c7, 0x31c7, 0x39a6, 0x39a6, 0x39c6, 0x2946, 0x828e, 0xdb75, 0xe254, 0xea56, 0xea56, 0xc9f4, 0xb273, 0x8ab1, 0x6b0f, 0x5b6e, 0x538f,
		0x538f, 0x5b6f, 0x6b10, 0x9a92, 0xc233, 0xda14, 0xea56, 0xe236, 0xda95, 0xdbb6, 0x722d, 0x3146, 0x39a7, 0x39c7, 0x39e7, 0x31a6, 0x31a6, 0x31c7, 0x31c7, 0x39c7, 0x31c7, 0x29e7, 0x31e7, 0x39a6, 0x39a6, 0x39a7, 0x3907, 0xb373, 0xdb15, 0xe255, 0xea36, 0xe236, 0xc214, 0xaa93, 0x82d0, 0x630f, 0x5b6e, 0x538f,
		0x538f, 0x536f, 0x6330, 0x8ab1, 0xba53, 0xd214, 0xe256, 0xe256, 0xda14, 0xe316, 0xbb53, 0x40c6, 0x4187, 0x39c7, 0x31a6, 0x31c6, 0x39e7, 0x31a7, 0x31c7, 0x31c7, 0x31c7, 0x31c7, 0x31c6, 0x39c7, 0x39a7, 0x30e5, 0x71cc, 0xdbb7, 0xd274, 0xe255, 0xea56, 0xda15, 0xc233, 0x9ab2, 0x72f0, 0x632f, 0x5b6e, 0x538f,
		0x538f, 0x4b8f, 0x5b2f, 0x82d1, 0xb273, 0xca14, 0xda35, 0xe256, 0xea55, 0xda34, 0xe396, 0xa331, 0x4988, 0x3145, 0x2985, 0x31a6, 0x39a6, 0x39a7, 0x39a7, 0x31c7, 0x31a6, 0x39a6, 0x3986, 0x3166, 0x3146, 0x6a2b, 0xcbb5, 0xdaf5, 0xe275, 0xe236, 0xea56, 0xd1d4, 0xba53, 0x92d2, 0x6b10, 0x5b4f, 0x536e, 0x538f,
		0x536f, 0x536f, 0x5b4f, 0x72d0, 0xa292, 0xc213, 0xd255, 0xda56, 0xea36, 0xea35, 0xda75, 0xdb76, 0xc3d5, 0x9310, 0x6a6b, 0x51e9, 0x4967, 0x4147, 0x4146, 0x3966, 0x3966, 0x4987, 0x61ea, 0x7a8d, 0xa392, 0xd3f7, 0xdb16, 0xda55, 0xea56, 0xea56, 0xe236, 0xca14, 0xaa93, 0x82f2, 0x6330, 0x536f, 0x536f, 0x538f,
		0x536f, 0x5b6f, 0x5b4f, 0x6aef, 0x8ab0, 0xaa72, 0xca74, 0xe256, 0xea36, 0xf237, 0xf236, 0xe235, 0xdab5, 0xe377, 0xd3b6, 0xcbb5, 0xcbb4, 0xbb52, 0xab10, 0xab51, 0xbbb3, 0xbbb3, 0xcb95, 0xe3b8, 0xdb17, 0xda76, 0xe257, 0xea37, 0xf216, 0xf256, 0xda55, 0xba73, 0x92d2, 0x6b11, 0x534f, 0x536f, 0x536e, 0x538f,
		0x536f, 0x538f, 0x538f, 0x5b4f, 0x6b10, 0x8ab1, 0xba92, 0xe274, 0xf255, 0xf235, 0xf235, 0xea55, 0xe255, 0xe275, 0xda75, 0xda94, 0xda95, 0xe2d5, 0xe2d5, 0xdab5, 0xe2d5, 0xe2d5, 0xda75, 0xe235, 0xea36, 0xf236, 0xea36, 0xea35, 0xea55, 0xe295, 0xca94, 0xa292, 0x7ad1, 0x6310, 0x536f, 0x538f, 0x536f, 0x538f,
		0x538f, 0x4b8f, 0x4baf, 0x4b90, 0x536f, 0x730f, 0x9ad0, 0xcab2, 0xe292, 0xe273, 0xea74, 0xea54, 0xea55, 0xea35, 0xea56, 0xea56, 0xea56, 0xe256, 0xe256, 0xe256, 0xea56, 0xea36, 0xf216, 0xf216, 0xfa17, 0xf216, 0xf255, 0xe294, 0xd292, 0xc2f3, 0xaaf2, 0x82b0, 0x62f0, 0x536f, 0x4b8f, 0x538e, 0x536f, 0x536f,
		0x536f, 0x4b8f, 0x4baf, 0x4b8f, 0x536f, 0x5b4f, 0x730e, 0x8ace, 0xa26e, 0xba2f, 0xda72, 0xea74, 0xf255, 0xf256, 0xea36, 0xea36, 0xf257, 0xea36, 0xea16, 0xea37, 0xea36, 0xea36, 0xea36, 0xea36, 0xea36, 0xea55, 0xe294, 0xca51, 0xaa2e, 0x9a8f, 0x82cf, 0x6b10, 0x5b4f, 0x538f, 0x4b8e, 0x538e, 0x536f, 0x536f,
		0x536f, 0x536f, 0x538f, 0x536f, 0x536f, 0x536e, 0x536e, 0x5b6e, 0x630d, 0x7aee, 0xa2f1, 0xbaf3, 0xcad4, 0xd2b5, 0xda95, 0xe295, 0xe295, 0xe295, 0xe295, 0xea75, 0xea75, 0xe275, 0xe295, 0xda95, 0xd2b5, 0xc2d4, 0xaaf2, 0x92cf, 0x7aed, 0x6b0d, 0x632e, 0x5b6f, 0x538f, 0x4b8e, 0x4b8e, 0x538e, 0x5b6f, 0x536f,
		0x538f, 0x536f, 0x5b6f, 0x5b6e, 0x5b6e, 0x536e, 0x538f, 0x538f, 0x536f, 0x632f, 0x6b0f, 0x7310, 0x7af0, 0x8af1, 0x92d1, 0x92d1, 0x9af1, 0x9af2, 0x9b12, 0x9b12, 0x9af1, 0x92f1, 0x92f1, 0x8af1, 0x82d1, 0x7ad1, 0x6b0f, 0x632e, 0x5b6d, 0x538e, 0x538e, 0x4b8f, 0x4b8f, 0x4b8e, 0x538e, 0x536e, 0x5b4f, 0x536f,
		0x538f, 0x536f, 0x536f, 0x536f, 0x536f, 0x536f, 0x538f, 0x538f, 0x536f, 0x536f, 0x536f, 0x536f, 0x536f, 0x536f, 0x536f, 0x536f, 0x536f, 0x536f, 0x534f, 0x536e, 0x536e, 0x536e, 0x536f, 0x536f, 0x536f, 0x536f, 0x536f, 0x536f, 0x538e, 0x538f, 0x4b8f, 0x4b8f, 0x538f, 0x538f, 0x538f, 0x536f, 0x536f, 0x538f
};
const uint16_t CARRO_AMARILLO_CLARO[] = {
		0x536f, 0x536f, 0x536f, 0x536f, 0x536f, 0x536f, 0x536f, 0x536f, 0x536f, 0x536f, 0x536f, 0x536f, 0x536f, 0x534f, 0x534f, 0x534e, 0x534e, 0x534e, 0x534e, 0x534e, 0x534e, 0x534e, 0x534e, 0x534e, 0x536f, 0x536f, 0x536f, 0x536f, 0x536f, 0x536f, 0x536f, 0x536f, 0x536f, 0x536f, 0x536f, 0x536f, 0x536f, 0x536f,
		0x536f, 0x5b4f, 0x5b6f, 0x536f, 0x536f, 0x538e, 0x538e, 0x536f, 0x5b4f, 0x534d, 0x4b2b, 0x532b, 0x534c, 0x636c, 0x638b, 0x6bcc, 0x73ec, 0x73ec, 0x740b, 0x6c0b, 0x740b, 0x6bcb, 0x6bab, 0x636a, 0x636b, 0x5b4b, 0x532b, 0x4b4c, 0x4b6e, 0x536f, 0x5390, 0x536f, 0x538f, 0x538e, 0x536e, 0x538f, 0x536f, 0x536f,
		0x536e, 0x5b6e, 0x5b6f, 0x5370, 0x5370, 0x4b6f, 0x536e, 0x530c, 0x634c, 0x83ec, 0x9ccc, 0xb56b, 0xc5ea, 0xd64a, 0xde8a, 0xe6cb, 0xe6cb, 0xe6ed, 0xe6ed, 0xe6eb, 0xdf09, 0xe6e9, 0xe6cb, 0xd66b, 0xce2c, 0xb5ab, 0xad4c, 0x8c8b, 0x6baa, 0x5b2a, 0x532c, 0x536e, 0x5b8f, 0x534f, 0x536f, 0x536f, 0x538f, 0x538f,
		0x536f, 0x536e, 0x536e, 0x536f, 0x536f, 0x536d, 0x5b6a, 0x94eb, 0xd68d, 0xf70c, 0xff4b, 0xff29, 0xff48, 0xff66, 0xff46, 0xff87, 0xff89, 0xc566, 0x7b02, 0x8bc1, 0xeec7, 0xff88, 0xff48, 0xff49, 0xff48, 0xff49, 0xf729, 0xff4c, 0xef0c, 0xbdcb, 0x7c29, 0x5b2a, 0x5b4e, 0x536f, 0x5b90, 0x536f, 0x538e, 0x538f,
		0x538f, 0x538e, 0x536f, 0x536f, 0x534c, 0x6bea, 0xce91, 0xfff1, 0xff8b, 0xff47, 0xf706, 0xff46, 0xff66, 0xff46, 0xff67, 0xff87, 0xff88, 0xeee8, 0xd668, 0xde88, 0xf749, 0xff48, 0xff48, 0xff48, 0xff47, 0xff47, 0xff27, 0xf707, 0xff6a, 0xffcf, 0xef92, 0x9d4e, 0x5b4a, 0x536d, 0x536f, 0x536f, 0x536e, 0x538f,
		0x538d, 0x538d, 0x536f, 0x532e, 0x6bcc, 0xdf15, 0xfff7, 0xff90, 0xf729, 0xf706, 0xff07, 0xff48, 0xff48, 0xff28, 0xff49, 0xff48, 0xff49, 0xff69, 0xff88, 0xff88, 0xff68, 0xff68, 0xff48, 0xff68, 0xff47, 0xff67, 0xff47, 0xf707, 0xf728, 0xf76c, 0xfff3, 0xfff8, 0xa571, 0x532b, 0x5b6e, 0x536e, 0x538e, 0x538e,
		0x538e, 0x538f, 0x534f, 0x5b4d, 0xb5d0, 0xf791, 0xef0e, 0xf6ea, 0xfee8, 0xf6e6, 0xff27, 0xff47, 0xff28, 0xff28, 0xff28, 0xff27, 0xff47, 0xff47, 0xff67, 0xff67, 0xff66, 0xff66, 0xff67, 0xff47, 0xff47, 0xff66, 0xff66, 0xff27, 0xf6e6, 0xf709, 0xf6eb, 0xf74f, 0xef52, 0x844a, 0x5b4b, 0x538f, 0x538f, 0x538f,
		0x4b8e, 0x538e, 0x534c, 0x844a, 0xef4e, 0xf748, 0xff48, 0xff28, 0xf6c6, 0xff27, 0xff47, 0xff66, 0xff66, 0xff66, 0xff46, 0xff47, 0xff67, 0xff67, 0xff68, 0xff66, 0xff66, 0xff66, 0xff47, 0xff28, 0xff47, 0xff46, 0xff46, 0xff47, 0xf6e6, 0xfee7, 0xff29, 0xf708, 0xffac, 0xbe2b, 0x5b68, 0x536e, 0x5370, 0x536f,
		0x538f, 0x538e, 0x5349, 0xad8b, 0xff8b, 0xff67, 0xff27, 0xff07, 0xfec6, 0xff47, 0xff67, 0xff67, 0xff67, 0xff86, 0xff66, 0xff67, 0xff47, 0xff47, 0xff48, 0xff47, 0xff66, 0xff67, 0xff48, 0xff48, 0xff47, 0xff47, 0xff47, 0xff67, 0xff27, 0xf6c6, 0xff08, 0xff68, 0xf788, 0xe72d, 0x73e9, 0x532e, 0x5351, 0x536f,
		0x5390, 0x538e, 0x5b89, 0xce6c, 0xff8a, 0xff27, 0xff28, 0xf6c6, 0xff07, 0xff48, 0xff47, 0xff48, 0xff68, 0xff68, 0xff67, 0xff67, 0xff47, 0xff47, 0xff28, 0xff48, 0xff47, 0xff47, 0xff47, 0xff68, 0xff48, 0xff48, 0xff47, 0xff67, 0xff47, 0xf6e6, 0xf6e6, 0xff67, 0xff67, 0xf78c, 0x8caa, 0x532d, 0x5b51, 0x536f,
		0x536f, 0x536d, 0x6bc8, 0xdecc, 0xff6a, 0xff28, 0xfee7, 0xf6e5, 0xff26, 0xff67, 0xff67, 0xff67, 0xff68, 0xffa9, 0xffa9, 0xffc9, 0xffa9, 0xffaa, 0xff8a, 0xff8a, 0xff8a, 0xffaa, 0xffa9, 0xffa9, 0xffa8, 0xff68, 0xff48, 0xff48, 0xff28, 0xff07, 0xf6e6, 0xff27, 0xff48, 0xf78c, 0xa56b, 0x532b, 0x536f, 0x536f,
		0x536f, 0x536d, 0x7409, 0xe70d, 0xff6a, 0xff28, 0xfee6, 0xf705, 0xff47, 0xff88, 0xffaa, 0xff6a, 0xf6ea, 0xd628, 0xbd46, 0xa4c6, 0x9425, 0x83e4, 0x7b84, 0x7b84, 0x8c05, 0x9c86, 0xad27, 0xbdc7, 0xde89, 0xf74a, 0xff8a, 0xff89, 0xff68, 0xff27, 0xf6e5, 0xfee6, 0xff48, 0xff8b, 0xadcc, 0x534a, 0x536f, 0x536f,
		0x5370, 0x534d, 0x7c29, 0xef2c, 0xff49, 0xff27, 0xf6c6, 0xff28, 0xff6c, 0xde6b, 0xa4a7, 0x7323, 0x5202, 0x3941, 0x28e0, 0x20c2, 0x18a3, 0x18c3, 0x18c3, 0x18c2, 0x18c2, 0x18c2, 0x18c1, 0x2922, 0x3982, 0x5a62, 0x8bc5, 0xc587, 0xf72a, 0xff6a, 0xf6e7, 0xfee7, 0xff27, 0xff8b, 0xb5cc, 0x532b, 0x536f, 0x536f,
		0x5370, 0x534d, 0x7c48, 0xef4c, 0xff48, 0xf708, 0xff09, 0xe68c, 0x8386, 0x41a1, 0x20c1, 0x20c3, 0x20e4, 0x2104, 0x2105, 0x2106, 0x2105, 0x2125, 0x2124, 0x2124, 0x2125, 0x2106, 0x2126, 0x2105, 0x20e4, 0x20c3, 0x20c2, 0x2901, 0x5a62, 0xb529, 0xf6ed, 0xf6e9, 0xff27, 0xff6a, 0xb5cc, 0x534b, 0x536e, 0x538f,
		0x5370, 0x536d, 0x7407, 0xef2b, 0xff69, 0xff2a, 0xcdaa, 0x49c2, 0x20a1, 0x20e3, 0x2144, 0x2145, 0x2146, 0x2146, 0x2146, 0x2967, 0x2966, 0x2986, 0x2985, 0x2985, 0x3165, 0x2965, 0x2945, 0x2945, 0x2945, 0x2945, 0x2124, 0x2104, 0x20c3, 0x28e0, 0x8386, 0xeeca, 0xff27, 0xff8b, 0xb58c, 0x5b4b, 0x538d, 0x538e,
		0x536f, 0x536d, 0x73c8, 0xdecc, 0xffab, 0xe669, 0x49e1, 0x20c2, 0x2904, 0x2965, 0x2985, 0x29c6, 0x29c6, 0x31c6, 0x31c7, 0x31c7, 0x31c7, 0x31c6, 0x39c6, 0x39c5, 0x39c5, 0x39c5, 0x39c6, 0x31c6, 0x31c7, 0x31a7, 0x3187, 0x2966, 0x2945, 0x2923, 0x20c0, 0x9404, 0xff29, 0xff6c, 0xad6d, 0x532b, 0x538e, 0x538f,
		0x538f, 0x536e, 0x6b89, 0xd68d, 0xff8c, 0xbd87, 0x3140, 0x3144, 0x39a8, 0x39c7, 0x39c6, 0x39e6, 0x39e6, 0x31c5, 0x31c5, 0x31c6, 0x39c6, 0x39c6, 0x39c6, 0x39c6, 0x39c6, 0x31c6, 0x31c7, 0x31c7, 0x39c8, 0x39c7, 0x31a7, 0x39c7, 0x39c6, 0x3185, 0x28e2, 0x6ac3, 0xf6eb, 0xff8e, 0x9ceb, 0x4b2c, 0x4b8f, 0x4b8f,
		0x4b6e, 0x5b8e, 0x5b28, 0xc5ec, 0xff8e, 0xd62a, 0x4a02, 0x39a5, 0x39c7, 0x39a7, 0x39a7, 0x39a7, 0x39a7, 0x39c6, 0x39c7, 0x39c7, 0x39a7, 0x39a7, 0x39a8, 0x39a8, 0x31a8, 0x31c7, 0x31c7, 0x31c6, 0x31c6, 0x39c6, 0x39c6, 0x39c5, 0x39c6, 0x39c7, 0x3163, 0x83c5, 0xf74b, 0xf74d, 0x8c6a, 0x534c, 0x538f, 0x4b8f,
		0x538f, 0x5b6b, 0x6345, 0xc5ea, 0xf70d, 0xe68c, 0x6ac3, 0x3184, 0x31e7, 0x31c7, 0x39c7, 0x39a6, 0x39a7, 0x31c7, 0x31c7, 0x39a7, 0x39a7, 0x39a7, 0x39a7, 0x39a7, 0x31c7, 0x31c7, 0x31c7, 0x31c6, 0x31c6, 0x31c6, 0x31c6, 0x39c6, 0x31c5, 0x39c6, 0x3962, 0xace7, 0xf749, 0xe70b, 0x8c49, 0x5b0b, 0x5b6e, 0x538f,
		0x4b6d, 0x63ea, 0xbe2c, 0xef2e, 0xc587, 0xde2c, 0x7b66, 0x3163, 0x31c7, 0x31c6, 0x39c6, 0x39a6, 0x39c6, 0x31c6, 0x31e6, 0x31c6, 0x31c6, 0x31c6, 0x31c6, 0x31c6, 0x31c6, 0x31c6, 0x31c6, 0x39c6, 0x39c6, 0x31a6, 0x39a7, 0x39a8, 0x39a8, 0x31a6, 0x41a3, 0xc58b, 0xcde6, 0xdea9, 0xdeef, 0x94ec, 0x5b49, 0x536e,
		0x4b4c, 0x956f, 0xceb0, 0xce0d, 0x9c45, 0xd5eb, 0x9c48, 0x3143, 0x31a7, 0x31c7, 0x31a7, 0x39a8, 0x31c7, 0x31c7, 0x31e6, 0x31c7, 0x31c7, 0x31c7, 0x31c6, 0x31c6, 0x31c6, 0x31c6, 0x39c6, 0x39c7, 0x39a7, 0x39a7, 0x39a7, 0x39a8, 0x39a8, 0x3986, 0x49e3, 0xde2e, 0xacc4, 0xb547, 0xce6d, 0xc691, 0x740b, 0x4b4d,
		0x538e, 0x63ed, 0x636a, 0x7bcb, 0x7b65, 0xcdea, 0xb549, 0x3982, 0x31a7, 0x31c8, 0x31a8, 0x39a8, 0x31a8, 0x31c7, 0x31c6, 0x31c7, 0x39a7, 0x39a8, 0x39c7, 0x39c7, 0x39c7, 0x39c7, 0x39c6, 0x39c6, 0x39c6, 0x31a6, 0x39c6, 0x39c5, 0x31c6, 0x3184, 0x5a64, 0xe66f, 0x83c3, 0x83e7, 0x6b69, 0x6bad, 0x638e, 0x536f,
		0x536f, 0x4b4e, 0x5b4e, 0x73d0, 0x5aa6, 0xb549, 0xce2b, 0x41e2, 0x3986, 0x39a7, 0x39a6, 0x39a5, 0x3185, 0x3184, 0x3164, 0x3164, 0x3145, 0x3145, 0x3145, 0x3145, 0x3144, 0x3164, 0x3164, 0x3184, 0x31a5, 0x31a5, 0x31a6, 0x39a6, 0x39a7, 0x3164, 0x7347, 0xeef1, 0x6b42, 0x6368, 0x636f, 0x5331, 0x5351, 0x538f,
		0x5390, 0x538f, 0x536f, 0x6390, 0x4225, 0x9488, 0xde6d, 0x4a02, 0x3142, 0x3143, 0x3983, 0x41c3, 0x4a03, 0x5a84, 0x6b04, 0x7345, 0x7b84, 0x83a4, 0x8c05, 0x83e5, 0x7b85, 0x7b85, 0x6b24, 0x62c3, 0x5263, 0x41e2, 0x41a3, 0x3164, 0x3144, 0x3101, 0x8c08, 0xe6f0, 0x52a2, 0x4ac8, 0x5b8f, 0x5370, 0x538f, 0x538f,
		0x538f, 0x538e, 0x538f, 0x534e, 0x31a4, 0x83c6, 0xeecf, 0x8364, 0x7b43, 0x9c85, 0xbd48, 0xd629, 0xe6aa, 0xeeea, 0xf72b, 0xff6b, 0xff6a, 0xff8a, 0xff8b, 0xff8b, 0xff6b, 0xff6b, 0xf74b, 0xef0a, 0xe6ca, 0xde6a, 0xcdc9, 0xace8, 0x9406, 0x6ae2, 0xbd27, 0xd64d, 0x4222, 0x42a9, 0x53af, 0x536f, 0x538e, 0x538e,
		0x536e, 0x536f, 0x5370, 0x5b4f, 0x31a4, 0x7304, 0xf6cd, 0xee8a, 0xff29, 0xff89, 0xff8a, 0xff89, 0xff88, 0xff88, 0xff87, 0xff67, 0xff68, 0xff48, 0xff48, 0xff48, 0xff48, 0xff47, 0xff67, 0xff67, 0xff68, 0xff89, 0xff8a, 0xff6b, 0xff6b, 0xf6c8, 0xf6c9, 0xcd8a, 0x39a2, 0x428a, 0x5390, 0x536f, 0x536e, 0x538f,
		0x536e, 0x536f, 0x5b70, 0x532e, 0x31a5, 0x62c3, 0xeecc, 0xf6a7, 0xfee6, 0xff47, 0xff68, 0xff47, 0xff67, 0xff47, 0xff47, 0xff47, 0xff47, 0xff47, 0xff48, 0xff47, 0xff47, 0xff47, 0xff47, 0xff47, 0xff47, 0xff47, 0xff47, 0xff48, 0xff28, 0xf6a5, 0xfec9, 0xbd29, 0x3182, 0x428b, 0x536f, 0x536f, 0x536f, 0x536f,
		0x536f, 0x536f, 0x5b70, 0x532d, 0x31a5, 0x5283, 0xe68c, 0xf687, 0xfec6, 0xff28, 0xff47, 0xff47, 0xff67, 0xff67, 0xff47, 0xff47, 0xff47, 0xff47, 0xff67, 0xff67, 0xff67, 0xff47, 0xff47, 0xff47, 0xff67, 0xff67, 0xff67, 0xff48, 0xff27, 0xf685, 0xfee9, 0xb4e9, 0x3162, 0x428a, 0x538e, 0x538e, 0x536f, 0x536f,
		0x536f, 0x536f, 0x5b70, 0x530d, 0x31a5, 0x4a42, 0xde4b, 0xf6a7, 0xfec6, 0xff48, 0xff47, 0xff47, 0xff67, 0xff67, 0xff47, 0xff47, 0xff47, 0xff47, 0xff67, 0xff67, 0xff67, 0xff47, 0xff47, 0xff47, 0xff67, 0xff67, 0xff67, 0xff48, 0xff07, 0xf685, 0xff0a, 0xa467, 0x3142, 0x3a6a, 0x538e, 0x538e, 0x536f, 0x536f,
		0x536f, 0x536e, 0x5b8f, 0x530d, 0x31c6, 0x41e1, 0xd5ea, 0xfec8, 0xf6a6, 0xff48, 0xff47, 0xff47, 0xff67, 0xff67, 0xff47, 0xff47, 0xff47, 0xff47, 0xff67, 0xff67, 0xff67, 0xff47, 0xff47, 0xff47, 0xff67, 0xff67, 0xff67, 0xff48, 0xff07, 0xf685, 0xfeea, 0x9406, 0x3143, 0x3a4a, 0x538e, 0x538e, 0x536f, 0x536f,
		0x536e, 0x536e, 0x5b6f, 0x530d, 0x31a6, 0x41c1, 0xcda9, 0xfec8, 0xf6a6, 0xff48, 0xff47, 0xff47, 0xff67, 0xff67, 0xff47, 0xff47, 0xff47, 0xff47, 0xff67, 0xff67, 0xff67, 0xff47, 0xff47, 0xff47, 0xff47, 0xff67, 0xff67, 0xff48, 0xff07, 0xf665, 0xfeea, 0x8ba5, 0x3143, 0x3a4a, 0x536e, 0x538e, 0x536e, 0x536f,
		0x538f, 0x538e, 0x536e, 0x530d, 0x31a6, 0x39a1, 0xbd48, 0xfee9, 0xf6a6, 0xff48, 0xff47, 0xff47, 0xff67, 0xff67, 0xff47, 0xff47, 0xff47, 0xff47, 0xff67, 0xff67, 0xff67, 0xff47, 0xff47, 0xff47, 0xff47, 0xff67, 0xff67, 0xff47, 0xff07, 0xf686, 0xfecb, 0x8364, 0x2923, 0x3a4a, 0x5b8e, 0x536d, 0x5b6e, 0x536f,
		0x536e, 0x536e, 0x5b8f, 0x52ec, 0x31a6, 0x3981, 0xbd28, 0xfec9, 0xf6a6, 0xff47, 0xff47, 0xff47, 0xff67, 0xff67, 0xff47, 0xff47, 0xff47, 0xff47, 0xff67, 0xff67, 0xff67, 0xff47, 0xff47, 0xff47, 0xff47, 0xff67, 0xff67, 0xff47, 0xfee7, 0xf686, 0xf6ab, 0x7b24, 0x3164, 0x3a4a, 0x5b8e, 0x538e, 0x5b6e, 0x536f,
		0x536e, 0x5bae, 0x536e, 0x52ec, 0x31a7, 0x3982, 0xbd29, 0xfee9, 0xf6a6, 0xff47, 0xff67, 0xff47, 0xff67, 0xff67, 0xff47, 0xff47, 0xff47, 0xff47, 0xff67, 0xff67, 0xff67, 0xff47, 0xff47, 0xff47, 0xff47, 0xff67, 0xff67, 0xff47, 0xfee7, 0xf6a7, 0xf6aa, 0x72e3, 0x3164, 0x3a2a, 0x536e, 0x536e, 0x5b6e, 0x536f,
		0x536e, 0x538d, 0x5bad, 0x742f, 0x39c6, 0x3982, 0xbd09, 0xfeea, 0xf6a6, 0xff27, 0xff47, 0xff47, 0xff47, 0xff47, 0xff47, 0xff47, 0xff47, 0xff47, 0xff47, 0xff67, 0xff67, 0xff47, 0xff47, 0xff47, 0xff47, 0xff67, 0xff67, 0xff47, 0xfee7, 0xf6a7, 0xf6ab, 0x72e3, 0x2923, 0x52cb, 0x6c0f, 0x534c, 0x5b6e, 0x536f,
		0x536e, 0x536d, 0x63cc, 0x9530, 0x39e4, 0x3961, 0xbd0a, 0xfeea, 0xf6a5, 0xff26, 0xff47, 0xff48, 0xff48, 0xff47, 0xff47, 0xff47, 0xff47, 0xff47, 0xff47, 0xff67, 0xff67, 0xff47, 0xff47, 0xff47, 0xff47, 0xff67, 0xff67, 0xff47, 0xfee7, 0xfea6, 0xf68a, 0x72e3, 0x2922, 0x6b6b, 0x8cf0, 0x4b4b, 0x5b6e, 0x536f,
		0x536e, 0x536e, 0x5bad, 0x848f, 0x39e4, 0x3962, 0xbd0a, 0xfeea, 0xf685, 0xff26, 0xff47, 0xff47, 0xff47, 0xff47, 0xff47, 0xff47, 0xff47, 0xff47, 0xff47, 0xff67, 0xff67, 0xff47, 0xff47, 0xff47, 0xff47, 0xff67, 0xff67, 0xff47, 0xfee7, 0xfe87, 0xf68a, 0x6ae3, 0x2943, 0x632b, 0x7c8f, 0x4b4c, 0x5b6f, 0x536f,
		0x536f, 0x538f, 0x536e, 0x532b, 0x31c5, 0x3962, 0xbd0a, 0xff0b, 0xf685, 0xff27, 0xff47, 0xff47, 0xff47, 0xff47, 0xff47, 0xff47, 0xff47, 0xff47, 0xff47, 0xff67, 0xff67, 0xff47, 0xff47, 0xff47, 0xff47, 0xff67, 0xff67, 0xff47, 0xfee7, 0xf687, 0xf68a, 0x6ae4, 0x2964, 0x4269, 0x5b8c, 0x538d, 0x536f, 0x536f,
		0x536f, 0x5370, 0x5390, 0x530c, 0x31a6, 0x3962, 0xbd09, 0xff0b, 0xee85, 0xff27, 0xff47, 0xff47, 0xff47, 0xff47, 0xff47, 0xff47, 0xff47, 0xff47, 0xff47, 0xff67, 0xff67, 0xff47, 0xff47, 0xff47, 0xff47, 0xff67, 0xff67, 0xff47, 0xfee7, 0xf687, 0xf6ab, 0x6b24, 0x2964, 0x4249, 0x5b8d, 0x538e, 0x536f, 0x536f,
		0x534f, 0x5370, 0x5390, 0x532e, 0x31a6, 0x3982, 0xbd29, 0xfeea, 0xf686, 0xff27, 0xff47, 0xff47, 0xff47, 0xff47, 0xff47, 0xff47, 0xff47, 0xff47, 0xff47, 0xff67, 0xff67, 0xff47, 0xff47, 0xff47, 0xff47, 0xff67, 0xff67, 0xff47, 0xfec7, 0xfe87, 0xfeeb, 0x7345, 0x2964, 0x424a, 0x5b8e, 0x536e, 0x536f, 0x536f,
		0x538f, 0x536f, 0x538f, 0x532d, 0x31c6, 0x41c2, 0xcd89, 0xfee9, 0xf686, 0xff28, 0xff47, 0xff47, 0xff47, 0xff47, 0xff47, 0xff47, 0xff47, 0xff47, 0xff47, 0xff67, 0xff67, 0xff47, 0xff47, 0xff47, 0xff47, 0xff67, 0xff67, 0xff47, 0xfec7, 0xfe86, 0xfeea, 0x83a5, 0x2943, 0x4a6a, 0x5b6e, 0x538e, 0x536f, 0x536f,
		0x538f, 0x536e, 0x5b8f, 0x530c, 0x31c5, 0x41c1, 0xd5ea, 0xfee9, 0xf686, 0xff08, 0xff47, 0xff47, 0xff47, 0xff47, 0xff47, 0xff47, 0xff47, 0xff47, 0xff47, 0xff67, 0xff67, 0xff47, 0xff47, 0xff47, 0xff47, 0xff67, 0xff67, 0xff47, 0xfec6, 0xfe85, 0xff0a, 0x9406, 0x3142, 0x4a69, 0x5b6e, 0x538e, 0x538f, 0x536f,
		0x536e, 0x5bae, 0x536d, 0x740f, 0x4246, 0x5221, 0xe66a, 0xfec8, 0xf686, 0xff08, 0xff47, 0xff47, 0xff47, 0xff47, 0xff47, 0xff47, 0xff47, 0xff47, 0xff47, 0xff47, 0xff67, 0xff47, 0xff47, 0xff47, 0xff47, 0xff67, 0xff67, 0xff47, 0xfec6, 0xfe85, 0xff09, 0xaca7, 0x3141, 0x738d, 0x6bce, 0x536d, 0x538e, 0x538f,
		0x53ae, 0x536d, 0x636b, 0xad90, 0x52c4, 0x62a1, 0xf6cb, 0xfea8, 0xfec8, 0xff49, 0xff68, 0xff67, 0xff47, 0xff47, 0xff47, 0xff47, 0xff47, 0xff47, 0xff47, 0xff47, 0xff47, 0xff47, 0xff47, 0xff48, 0xff67, 0xff86, 0xff67, 0xff69, 0xff28, 0xfec5, 0xff09, 0xbd08, 0x3160, 0x9ced, 0x8cce, 0x534d, 0x538f, 0x536f,
		0x538e, 0x534d, 0x7beb, 0xdeb2, 0x5ac3, 0x7323, 0xfeeb, 0xee69, 0xcd66, 0xde49, 0xeeea, 0xff4b, 0xff4a, 0xff8a, 0xff8a, 0xffa9, 0xffaa, 0xffaa, 0xffa9, 0xffaa, 0xffa9, 0xffaa, 0xffaa, 0xff8b, 0xff8a, 0xff8a, 0xf74a, 0xe6ab, 0xcdc8, 0xd5c5, 0xff09, 0xcdc9, 0x39a0, 0xad6c, 0xb5d0, 0x534b, 0x536f, 0x536f,
		0x536f, 0x534c, 0x8c8c, 0xf773, 0x7324, 0x93c6, 0xff2c, 0xde0a, 0x49a0, 0x49c1, 0x5a82, 0x6b25, 0x83c7, 0x8c07, 0x9447, 0xa4c8, 0xace9, 0xad09, 0xad08, 0xa508, 0xad08, 0xa4e7, 0x9c87, 0x8c27, 0x83e6, 0x7b85, 0x62e4, 0x5244, 0x3100, 0x8ba5, 0xff2d, 0xe66c, 0x5a60, 0xb5ab, 0xd6d1, 0x5b69, 0x536e, 0x536f,
		0x5370, 0x534b, 0xa52b, 0xffb0, 0x93e4, 0xbce8, 0xff0c, 0xde2b, 0x41a0, 0x3144, 0x3185, 0x3165, 0x2964, 0x2963, 0x2962, 0x3162, 0x3182, 0x3181, 0x3181, 0x3182, 0x3182, 0x3162, 0x3162, 0x3163, 0x3163, 0x3164, 0x3165, 0x3985, 0x28e2, 0x83a6, 0xff0d, 0xf6cb, 0x7b60, 0xc5e9, 0xe730, 0x73e9, 0x534d, 0x538f,
		0x536f, 0x534a, 0xb5aa, 0xffac, 0xbd03, 0xe5c8, 0xff0a, 0xde2b, 0x41c1, 0x3165, 0x39c7, 0x31c6, 0x31c6, 0x31c6, 0x39c6, 0x39a6, 0x39a5, 0x39a5, 0x39c6, 0x39c7, 0x31a7, 0x39a7, 0x39a7, 0x39a7, 0x39c7, 0x31a6, 0x39c7, 0x39c6, 0x2901, 0x8bc5, 0xff0b, 0xf6e8, 0xb4e2, 0xde47, 0xf74e, 0x7c29, 0x534c, 0x538f,
		0x534e, 0x536a, 0xbdea, 0xffaa, 0xf6a6, 0xf687, 0xff09, 0xde2a, 0x39c0, 0x3184, 0x39e6, 0x31c5, 0x31c5, 0x31c6, 0x39c6, 0x39a7, 0x39a7, 0x39a7, 0x39c7, 0x31a8, 0x31c8, 0x31a7, 0x39a7, 0x39a7, 0x39c7, 0x31c6, 0x39c7, 0x39c6, 0x2921, 0x8bc6, 0xff0b, 0xfee8, 0xeea6, 0xff29, 0xf74d, 0x846a, 0x4b4c, 0x538f,
		0x536e, 0x536a, 0xbdec, 0xffab, 0xff67, 0xfec5, 0xfee8, 0xde2a, 0x41c1, 0x3185, 0x39c6, 0x39c6, 0x31c6, 0x31c7, 0x31a7, 0x39a8, 0x39a8, 0x39a7, 0x39c7, 0x31a7, 0x31c7, 0x31c6, 0x39c6, 0x39a6, 0x39c6, 0x31a6, 0x39c7, 0x39a7, 0x2902, 0x8bc6, 0xff0d, 0xf6c7, 0xff07, 0xff69, 0xf74d, 0x846b, 0x4b4d, 0x538f,
		0x538e, 0x4b4b, 0xb5ad, 0xff8c, 0xff67, 0xfee5, 0xfec7, 0xde4a, 0x41c1, 0x3165, 0x39c7, 0x39a7, 0x31c7, 0x31c7, 0x31c7, 0x31a7, 0x39a7, 0x39c6, 0x31c6, 0x31c7, 0x31c6, 0x31c6, 0x39c6, 0x39c6, 0x39c6, 0x31a6, 0x39c7, 0x39c7, 0x2922, 0x83c6, 0xf6ec, 0xf6e6, 0xff26, 0xff68, 0xef0c, 0x7c2a, 0x4b4e, 0x538f,
		0x536f, 0x532c, 0x9d4d, 0xf7ac, 0xff67, 0xff06, 0xfec6, 0xe60a, 0x4181, 0x3165, 0x39c7, 0x39c7, 0x31a6, 0x31c7, 0x31c7, 0x31c7, 0x39c6, 0x39c6, 0x39c6, 0x39c6, 0x39c6, 0x39a6, 0x39a7, 0x39c6, 0x31c5, 0x31c5, 0x31c6, 0x39e6, 0x2921, 0x8ba6, 0xff0c, 0xfec6, 0xff47, 0xff69, 0xe6cd, 0x73ea, 0x4b4e, 0x538f,
		0x536f, 0x532c, 0x8ccb, 0xef8c, 0xf767, 0xff46, 0xff46, 0xe62a, 0x4161, 0x20e3, 0x39a7, 0x39a6, 0x39c6, 0x31c7, 0x31c7, 0x39c7, 0x39c6, 0x31a6, 0x31c6, 0x39c6, 0x39c6, 0x39c7, 0x39a8, 0x39c8, 0x31c6, 0x31e6, 0x31c6, 0x3185, 0x20a0, 0x8bc6, 0xfeeb, 0xff27, 0xff46, 0xff6b, 0xd64d, 0x6b69, 0x534e, 0x538f,
		0x536e, 0x5b4c, 0x7409, 0xef4d, 0xff89, 0xff46, 0xf766, 0xef09, 0x7384, 0x20e0, 0x18a2, 0x2903, 0x3164, 0x31a5, 0x31c6, 0x31a6, 0x31a6, 0x31c6, 0x31e6, 0x31c6, 0x31c6, 0x31c7, 0x31c7, 0x31a7, 0x29a6, 0x2165, 0x1904, 0x20a1, 0x4180, 0xbd69, 0xf78a, 0xff85, 0xff45, 0xff8c, 0xbdad, 0x5b2a, 0x538e, 0x538f,
		0x538f, 0x5b6e, 0x636a, 0xc62d, 0xff8c, 0xff47, 0xff88, 0xf768, 0xef0a, 0xb549, 0x7325, 0x41a2, 0x2900, 0x20c1, 0x20c2, 0x20c2, 0x20e2, 0x2123, 0x2123, 0x2124, 0x2124, 0x1903, 0x18e1, 0x20e1, 0x20e0, 0x2941, 0x5264, 0x9407, 0xde29, 0xf74a, 0xff88, 0xff86, 0xff66, 0xf74c, 0x8c8b, 0x534c, 0x538f, 0x538f,
		0x538f, 0x536e, 0x5b4c, 0x842a, 0xef0f, 0xff0b, 0xee28, 0xfe89, 0xfee9, 0xff09, 0xf72b, 0xe66a, 0xc569, 0xa447, 0x8324, 0x6283, 0x5a42, 0x5223, 0x49e3, 0x49e3, 0x5243, 0x5a62, 0x6ac2, 0x8bc5, 0xacc8, 0xcdca, 0xf6cb, 0xff0a, 0xff29, 0xfee9, 0xf647, 0xf667, 0xff6d, 0xbe0d, 0x536a, 0x538e, 0x536f, 0x536f,
		0x538e, 0x538f, 0x536e, 0x5b2a, 0x948b, 0xd5cd, 0xa343, 0xb2e2, 0xd464, 0xfea8, 0xf706, 0xf706, 0xff08, 0xff09, 0xff0a, 0xf6ca, 0xf6ab, 0xf6ae, 0xee8e, 0xee8c, 0xeea9, 0xf6c8, 0xff09, 0xff09, 0xff08, 0xff07, 0xfee6, 0xfec7, 0xee08, 0xc3a3, 0xaac1, 0xcc47, 0xcdce, 0x63aa, 0x4b8d, 0x4b8e, 0x536f, 0x536f,
		0x538f, 0x4b8f, 0x536f, 0x5b6e, 0x5b2a, 0x83aa, 0xc48d, 0xcc2a, 0xcc67, 0xfeca, 0xffa8, 0xf726, 0xf6c5, 0xfea6, 0xfec7, 0xfee8, 0xf6c9, 0xb485, 0x8b24, 0xcd47, 0xff08, 0xfee6, 0xfec6, 0xfea7, 0xfea6, 0xff06, 0xff26, 0xff8b, 0xe5ca, 0xbbe8, 0xcc2c, 0xb3ed, 0x6b4b, 0x536d, 0x4baf, 0x4b8e, 0x536f, 0x536f,
		0x5370, 0x538f, 0x538f, 0x536e, 0x5b6e, 0x5b2d, 0x6b4c, 0x8c0c, 0xbd6d, 0xd68c, 0xef4b, 0xffcb, 0xffaa, 0xff69, 0xff48, 0xff27, 0xff27, 0xe666, 0xdde5, 0xf688, 0xff09, 0xff08, 0xff28, 0xff49, 0xff6b, 0xffac, 0xf7ac, 0xdf0c, 0xce2d, 0xacec, 0x7bab, 0x632c, 0x5b2e, 0x536f, 0x536f, 0x536e, 0x536e, 0x538f,
		0x538e, 0x538e, 0x538e, 0x536e, 0x536f, 0x4b70, 0x4b8e, 0x4b6c, 0x4b2a, 0x638a, 0x73ea, 0x94ca, 0xad6b, 0xc5eb, 0xce4b, 0xdeab, 0xe6cb, 0xe6ec, 0xeeed, 0xeecc, 0xe6ab, 0xe6ab, 0xde8b, 0xce2b, 0xb5cb, 0x9d4c, 0x848b, 0x6bea, 0x5b4b, 0x532c, 0x4b8d, 0x4b8e, 0x5370, 0x5b50, 0x5b6f, 0x536f, 0x538e, 0x538e,
		0x536e, 0x536e, 0x536f, 0x536f, 0x536f, 0x536f, 0x538f, 0x538f, 0x536f, 0x536e, 0x534d, 0x4b2c, 0x4b2c, 0x534b, 0x534b, 0x5b6b, 0x63ac, 0x63ac, 0x63ac, 0x63ac, 0x5b8b, 0x5b8b, 0x5b6b, 0x534b, 0x534c, 0x532c, 0x532d, 0x534e, 0x536f, 0x536f, 0x536f, 0x538f, 0x536f, 0x536f, 0x536f, 0x536f, 0x536f, 0x538f
};
const uint16_t DISPLAY8[] = {
		0x534f, 0x534f, 0x534f, 0x5b4f, 0x4b0d, 0x4aed, 0x428b, 0x31c7, 0x39c6, 0x39c7, 0x39c6, 0x39c6, 0x39a6, 0x39a6, 0x39a6, 0x39a6, 0x39a6, 0x39a6, 0x31a6, 0x31a6, 0x31a6, 0x31a6, 0x39a6, 0x31a6, 0x31a6, 0x31a6, 0x31a6, 0x31a6, 0x31a6, 0x31a6, 0x31a6, 0x31a6, 0x31a6, 0x39a6, 0x39c7, 0x39c7, 0x39c7, 0x39c7, 0x39c7, 0x39c7, 0x39c7, 0x39c7, 0x39c7, 0x39c7, 0x39c7, 0x39a6, 0x39a6, 0x39a6, 0x39a6, 0x31a6, 0x31a6, 0x31a6, 0x31a6, 0x31a6, 0x31a6, 0x31a6, 0x31a6, 0x39a6, 0x31a6, 0x31a6, 0x39a6, 0x31a6, 0x31a6, 0x31a6, 0x39a6, 0x39a6, 0x39a6, 0x39a6, 0x39a6, 0x39a6, 0x39c7, 0x3186, 0x31a7, 0x428b, 0x534f, 0x5b4f, 0x534f, 0x534f, 0x534f, 0x534f,
		0x534f, 0x534f, 0x534f, 0x5b8f, 0x42ac, 0x2987, 0x2945, 0x31a7, 0x39e7, 0x39c7, 0x39c6, 0x39c6, 0x31a6, 0x39a6, 0x39a6, 0x39a6, 0x31a6, 0x31a6, 0x31a6, 0x31a6, 0x31a6, 0x31a6, 0x39a6, 0x31a6, 0x31a6, 0x31a6, 0x31a6, 0x31a6, 0x31a6, 0x31a6, 0x31a6, 0x31a6, 0x31a6, 0x39a6, 0x39c7, 0x39c7, 0x39c7, 0x39c7, 0x39c7, 0x39c7, 0x39c7, 0x39c7, 0x39c7, 0x39c7, 0x39c7, 0x39a6, 0x39a6, 0x39a6, 0x39a6, 0x31a6, 0x31a6, 0x31a6, 0x31a6, 0x31a6, 0x31a6, 0x31a6, 0x31a6, 0x39a6, 0x31a6, 0x31a6, 0x39a6, 0x31a6, 0x31a6, 0x31a6, 0x39a6, 0x39a6, 0x39a6, 0x31a6, 0x39a6, 0x39a6, 0x31a6, 0x39c6, 0x2965, 0x2145, 0x428b, 0x5b90, 0x5b4f, 0x534f, 0x534f, 0x534f,
		0x534f, 0x534f, 0x5b6f, 0x5b8f, 0x42cc, 0x29a7, 0x3186, 0x39a6, 0x2965, 0x2945, 0x2945, 0x2945, 0x2945, 0x2945, 0x2945, 0x2945, 0x2945, 0x2945, 0x2945, 0x2945, 0x2945, 0x2945, 0x2945, 0x2945, 0x2945, 0x2945, 0x2945, 0x2945, 0x2945, 0x2945, 0x2945, 0x2945, 0x2945, 0x2945, 0x2945, 0x2945, 0x2945, 0x2945, 0x2945, 0x2945, 0x2945, 0x2945, 0x2945, 0x2945, 0x2945, 0x2945, 0x2945, 0x2945, 0x2945, 0x2945, 0x2945, 0x2945, 0x2945, 0x2945, 0x2945, 0x2945, 0x2945, 0x2945, 0x2945, 0x2945, 0x2945, 0x2945, 0x2945, 0x2945, 0x2945, 0x2945, 0x2945, 0x2945, 0x2945, 0x2945, 0x2124, 0x2965, 0x39c6, 0x2945, 0x31e8, 0x534f, 0x5b6f, 0x5b4f, 0x534f, 0x534f,
		0x534f, 0x534f, 0x5b6f, 0x4aed, 0x3a29, 0x3a08, 0x4208, 0x3185, 0x18e3, 0x18e3, 0x18e3, 0x18e3, 0x18e3, 0x18e3, 0x18e3, 0x18e3, 0x18e3, 0x18e3, 0x18e3, 0x18e3, 0x18e3, 0x18e3, 0x18e3, 0x18e3, 0x18e3, 0x18e3, 0x18e3, 0x18e3, 0x18e3, 0x18e3, 0x18e3, 0x18e3, 0x18e3, 0x18e3, 0x18e3, 0x18e3, 0x18e3, 0x18e3, 0x18e3, 0x18e3, 0x18e3, 0x18e3, 0x18e3, 0x18e3, 0x18e3, 0x18e3, 0x18e3, 0x18e3, 0x20e3, 0x18e3, 0x18e3, 0x18e3, 0x18e3, 0x18e3, 0x18e3, 0x18e3, 0x18e3, 0x18e3, 0x18e3, 0x18e3, 0x18e3, 0x18e3, 0x18e3, 0x18e3, 0x18e3, 0x18e3, 0x18e3, 0x18e3, 0x18e3, 0x18e3, 0x18e3, 0x2104, 0x31a6, 0x39e7, 0x31a7, 0x3a4a, 0x534e, 0x5b4f, 0x534f, 0x534f,
		0x534f, 0x5b8f, 0x534e, 0x31e8, 0x2945, 0x39a6, 0x3186, 0x2104, 0x2104, 0x2104, 0x2104, 0x2104, 0x2104, 0x2104, 0x2104, 0x2104, 0x2104, 0x2104, 0x2104, 0x2104, 0x2104, 0x2104, 0x2104, 0x2104, 0x2104, 0x2104, 0x2104, 0x2104, 0x2104, 0x2104, 0x2104, 0x2104, 0x2104, 0x2104, 0x2104, 0x2104, 0x2104, 0x2104, 0x2104, 0x2104, 0x2104, 0x2104, 0x2104, 0x2104, 0x2104, 0x2104, 0x2104, 0x2104, 0x2104, 0x2104, 0x2104, 0x2104, 0x2104, 0x2104, 0x2104, 0x2104, 0x2104, 0x2104, 0x2104, 0x2104, 0x2104, 0x2104, 0x2104, 0x2104, 0x2104, 0x2104, 0x2104, 0x2104, 0x2104, 0x2104, 0x2104, 0x2104, 0x2124, 0x39a6, 0x31a6, 0x2965, 0x426b, 0x5b6f, 0x5b6f, 0x534e,
		0x5b4f, 0x5b8f, 0x4acc, 0x2986, 0x3185, 0x31a6, 0x2124, 0x18e3, 0x2104, 0x2104, 0x2104, 0x2104, 0x2104, 0x2104, 0x2104, 0x2104, 0x2104, 0x2104, 0x2104, 0x2104, 0x2104, 0x2104, 0x2124, 0x2124, 0x2104, 0x2104, 0x2104, 0x2104, 0x2124, 0x2124, 0x2124, 0x2124, 0x2124, 0x2124, 0x2124, 0x2124, 0x2124, 0x2104, 0x2124, 0x2124, 0x2124, 0x2124, 0x2124, 0x2104, 0x2104, 0x2124, 0x2124, 0x2124, 0x2104, 0x2104, 0x2104, 0x2104, 0x2104, 0x2104, 0x2104, 0x2104, 0x2104, 0x2104, 0x2104, 0x2104, 0x2104, 0x2104, 0x2104, 0x2104, 0x2104, 0x2104, 0x2104, 0x2104, 0x2104, 0x2104, 0x2104, 0x20e4, 0x18e3, 0x2965, 0x39c6, 0x2965, 0x31c7, 0x534e, 0x5b6f, 0x534f,
		0x5b6f, 0x428b, 0x31e8, 0x39e7, 0x39c6, 0x2924, 0x18e3, 0x20e3, 0x2104, 0x2104, 0x18e3, 0x18c3, 0x18c3, 0x18c3, 0x18c3, 0x18c3, 0x18c3, 0x18c3, 0x18c3, 0x18c3, 0x18c3, 0x18c3, 0x18c3, 0x18c3, 0x18c3, 0x18c3, 0x18c3, 0x18c3, 0x18c3, 0x18c3, 0x18c3, 0x18c3, 0x18c3, 0x18c3, 0x18c3, 0x18c3, 0x18c3, 0x18c3, 0x18c3, 0x18c3, 0x18c3, 0x18c3, 0x18c3, 0x18c3, 0x18c3, 0x18c3, 0x18c3, 0x18c3, 0x18c3, 0x18c3, 0x18c3, 0x18c3, 0x18c3, 0x18c3, 0x18c3, 0x18c3, 0x18c3, 0x18c3, 0x18c3, 0x18c3, 0x18c3, 0x18c3, 0x18c3, 0x18c3, 0x18c3, 0x18c3, 0x18c3, 0x18c3, 0x18c3, 0x20e4, 0x2104, 0x2104, 0x20e3, 0x20e3, 0x2965, 0x39c7, 0x31c7, 0x3a29, 0x4aed, 0x5b6f,
		0x5b90, 0x3a29, 0x31a6, 0x39c7, 0x2965, 0x1903, 0x18e3, 0x2104, 0x2104, 0x2124, 0x10a2, 0x0020, 0x0020, 0x0020, 0x0020, 0x0020, 0x0020, 0x0020, 0x0020, 0x0020, 0x0020, 0x0020, 0x0020, 0x0020, 0x0020, 0x0020, 0x0020, 0x0020, 0x0020, 0x0020, 0x0020, 0x0020, 0x0020, 0x0020, 0x0020, 0x0020, 0x0020, 0x0020, 0x0020, 0x0020, 0x0020, 0x0020, 0x0020, 0x0020, 0x0020, 0x0020, 0x0020, 0x0020, 0x0020, 0x0020, 0x0020, 0x0020, 0x0020, 0x0020, 0x0020, 0x0020, 0x0020, 0x0020, 0x0020, 0x0020, 0x0020, 0x0020, 0x0020, 0x0020, 0x0020, 0x0020, 0x0020, 0x0020, 0x0841, 0x18e3, 0x2124, 0x2104, 0x2104, 0x18e3, 0x2104, 0x31a6, 0x31a6, 0x2986, 0x426b, 0x5b90,
		0x4acd, 0x31e8, 0x39c6, 0x3185, 0x2104, 0x1903, 0x2104, 0x2104, 0x2104, 0x18c3, 0x0861, 0x0000, 0x0000, 0x0000, 0x0000, 0x0000, 0x0000, 0x0000, 0x0000, 0x0000, 0x0000, 0x0000, 0x0000, 0x0000, 0x0000, 0x0000, 0x0000, 0x0000, 0x0000, 0x0000, 0x0000, 0x0000, 0x0000, 0x0000, 0x0000, 0x0000, 0x0000, 0x0000, 0x0000, 0x0000, 0x0000, 0x0000, 0x0000, 0x0000, 0x0000, 0x0000, 0x0000, 0x0000, 0x0000, 0x0000, 0x0000, 0x0000, 0x0000, 0x0000, 0x0000, 0x0000, 0x0000, 0x0000, 0x0000, 0x0000, 0x0000, 0x0000, 0x0000, 0x0000, 0x0000, 0x0000, 0x0000, 0x0000, 0x0000, 0x1082, 0x18e3, 0x2104, 0x2104, 0x2104, 0x18e3, 0x2124, 0x31a6, 0x3185, 0x29a7, 0x4aed,
		0x31c8, 0x39c7, 0x31a6, 0x2124, 0x18e3, 0x2104, 0x2104, 0x2124, 0x2103, 0x0841, 0x0000, 0x0020, 0x0020, 0x0020, 0x0820, 0x0820, 0x0820, 0x0820, 0x0820, 0x0820, 0x0820, 0x0820, 0x0820, 0x0820, 0x0820, 0x0820, 0x0820, 0x0800, 0x0800, 0x0800, 0x0800, 0x0800, 0x1000, 0x1000, 0x1000, 0x0800, 0x1000, 0x1000, 0x1000, 0x1000, 0x1000, 0x1000, 0x1000, 0x1000, 0x1000, 0x1000, 0x1000, 0x1000, 0x1000, 0x1000, 0x1000, 0x1000, 0x0800, 0x0820, 0x0820, 0x0820, 0x0820, 0x0820, 0x0820, 0x0820, 0x0820, 0x0820, 0x0820, 0x0820, 0x0820, 0x0820, 0x0020, 0x0020, 0x0020, 0x0020, 0x1082, 0x2104, 0x2104, 0x2104, 0x18e3, 0x20e3, 0x2945, 0x3186, 0x2986, 0x31e8,
		0x2945, 0x39c7, 0x2945, 0x18e3, 0x2103, 0x2104, 0x2104, 0x2104, 0x10a2, 0x0020, 0x0000, 0x0020, 0x0820, 0x0820, 0x0820, 0x0820, 0x0820, 0x0820, 0x0820, 0x0820, 0x0820, 0x0820, 0x0820, 0x0820, 0x1020, 0x1020, 0x1020, 0x1020, 0x1820, 0x1820, 0x1820, 0x1800, 0x1800, 0x1820, 0x1000, 0x1820, 0x1820, 0x1800, 0x1800, 0x1800, 0x1800, 0x1800, 0x1820, 0x1820, 0x1800, 0x1800, 0x1800, 0x1820, 0x1820, 0x1800, 0x1800, 0x1800, 0x1800, 0x1020, 0x1020, 0x1020, 0x0820, 0x0820, 0x0820, 0x0820, 0x0820, 0x0820, 0x0820, 0x0820, 0x0820, 0x0820, 0x0820, 0x0820, 0x0020, 0x0000, 0x0841, 0x18c3, 0x2104, 0x2104, 0x2104, 0x18e3, 0x20e4, 0x3165, 0x39c7, 0x2966,
		0x2965, 0x2965, 0x2124, 0x2104, 0x2104, 0x2104, 0x2124, 0x18c3, 0x0020, 0x0020, 0x0820, 0x0820, 0x0820, 0x0820, 0x0820, 0x0820, 0x0820, 0x0820, 0x0820, 0x0820, 0x0820, 0x0820, 0x0820, 0x1020, 0x1020, 0x1820, 0x1800, 0x2000, 0x2000, 0x2000, 0x2000, 0x2000, 0x2000, 0x2000, 0x1800, 0x2000, 0x2000, 0x2000, 0x2000, 0x2000, 0x2000, 0x2000, 0x2000, 0x2000, 0x2000, 0x2000, 0x2000, 0x2000, 0x2000, 0x2000, 0x2000, 0x2000, 0x1800, 0x1800, 0x1820, 0x1020, 0x1020, 0x0820, 0x0820, 0x0820, 0x0820, 0x0820, 0x0820, 0x0820, 0x0820, 0x0820, 0x0820, 0x0820, 0x0020, 0x0020, 0x0000, 0x0861, 0x18e3, 0x2124, 0x2104, 0x2104, 0x2104, 0x2124, 0x3185, 0x2945,
		0x39c6, 0x2104, 0x18e3, 0x2104, 0x2104, 0x2104, 0x18e3, 0x1062, 0x0000, 0x0020, 0x0820, 0x0820, 0x0820, 0x0820, 0x0820, 0x0820, 0x0820, 0x0820, 0x0820, 0x0820, 0x0820, 0x0820, 0x1020, 0x1020, 0x1800, 0x1800, 0x2000, 0x2800, 0x2800, 0x2800, 0x2800, 0x2800, 0x2800, 0x2800, 0x2800, 0x2800, 0x2800, 0x2800, 0x2800, 0x2800, 0x2800, 0x2800, 0x2800, 0x2800, 0x2800, 0x2800, 0x2800, 0x2800, 0x2800, 0x2800, 0x2800, 0x2800, 0x2800, 0x2000, 0x2000, 0x1800, 0x1820, 0x1020, 0x0820, 0x0820, 0x0820, 0x0820, 0x0820, 0x0820, 0x0820, 0x0820, 0x0820, 0x0020, 0x0020, 0x0020, 0x0000, 0x0020, 0x10a2, 0x18e3, 0x2104, 0x2104, 0x2104, 0x18e3, 0x2124, 0x39e7,
		0x39c7, 0x2104, 0x18e3, 0x2104, 0x2104, 0x2104, 0x1082, 0x0000, 0x0020, 0x0020, 0x0820, 0x0820, 0x0820, 0x0820, 0x0820, 0x0820, 0x0820, 0x0820, 0x0820, 0x0820, 0x0820, 0x1020, 0x1020, 0x2000, 0x2800, 0x2800, 0x3000, 0x3000, 0x3000, 0x3000, 0x3000, 0x3000, 0x3000, 0x3000, 0x3800, 0x3800, 0x3000, 0x3000, 0x3000, 0x3000, 0x3000, 0x3000, 0x3000, 0x3000, 0x3000, 0x3000, 0x3000, 0x3000, 0x3000, 0x3800, 0x3800, 0x3000, 0x3000, 0x3000, 0x2800, 0x2000, 0x1800, 0x1020, 0x1020, 0x0820, 0x0820, 0x0820, 0x0820, 0x0820, 0x0820, 0x0820, 0x0820, 0x0820, 0x0020, 0x0020, 0x0020, 0x0020, 0x0020, 0x18c2, 0x2124, 0x2104, 0x2103, 0x18e3, 0x2124, 0x4207,
		0x39c6, 0x2104, 0x18e3, 0x2104, 0x2104, 0x10a2, 0x0020, 0x0000, 0x0020, 0x0820, 0x0820, 0x0820, 0x0820, 0x0820, 0x0820, 0x0820, 0x0820, 0x0820, 0x0820, 0x0820, 0x1020, 0x1820, 0x1800, 0x2800, 0x4000, 0x4000, 0x3800, 0x4000, 0x4000, 0x4000, 0x4000, 0x4000, 0x4000, 0x4000, 0x4000, 0x4000, 0x4000, 0x4000, 0x4000, 0x4000, 0x4000, 0x4000, 0x4000, 0x4000, 0x4000, 0x4000, 0x4000, 0x4000, 0x4000, 0x4000, 0x4000, 0x4000, 0x4000, 0x4000, 0x4000, 0x3800, 0x2000, 0x1820, 0x1020, 0x1020, 0x0820, 0x0820, 0x0820, 0x0820, 0x0820, 0x0820, 0x0820, 0x0820, 0x0020, 0x0020, 0x0820, 0x0000, 0x0000, 0x0841, 0x18e3, 0x2104, 0x2104, 0x18e3, 0x2944, 0x39e7,
		0x39c7, 0x2104, 0x18e3, 0x2124, 0x18c3, 0x0841, 0x0000, 0x0020, 0x0020, 0x0820, 0x0820, 0x0820, 0x0820, 0x0820, 0x0820, 0x0820, 0x0820, 0x0820, 0x0820, 0x1020, 0x1020, 0x1820, 0x2800, 0x3000, 0x4800, 0x7041, 0x9082, 0x9082, 0x9061, 0x9081, 0x9061, 0x9061, 0x9081, 0x9082, 0x8862, 0x9062, 0x9082, 0x9061, 0x9062, 0x9082, 0x9082, 0x9082, 0x9062, 0x9061, 0x8861, 0x8862, 0x9062, 0x9061, 0x9061, 0x8862, 0x8882, 0x9082, 0x9082, 0x8862, 0x6020, 0x3800, 0x3000, 0x2800, 0x1800, 0x1020, 0x0820, 0x0820, 0x0820, 0x0820, 0x0820, 0x0820, 0x0820, 0x0820, 0x0820, 0x0820, 0x0020, 0x0020, 0x0000, 0x0000, 0x0861, 0x2103, 0x2104, 0x18e3, 0x2124, 0x39e7,
		0x39c7, 0x2104, 0x18e3, 0x2124, 0x18c3, 0x0020, 0x0000, 0x0820, 0x0020, 0x0820, 0x0820, 0x0820, 0x0820, 0x0820, 0x0820, 0x0820, 0x0820, 0x0820, 0x1020, 0x1020, 0x1820, 0x2800, 0x3800, 0x4800, 0x5000, 0xb8c3, 0xf124, 0xf124, 0xf104, 0xf124, 0xf104, 0xf104, 0xf104, 0xf104, 0xe904, 0xf104, 0xf124, 0xf104, 0xf104, 0xf124, 0xf124, 0xf104, 0xf104, 0xf104, 0xf104, 0xf104, 0xf104, 0xf104, 0xf104, 0xf104, 0xf124, 0xf124, 0xf124, 0xe104, 0x9882, 0x4800, 0x4000, 0x3000, 0x2800, 0x1800, 0x1020, 0x0820, 0x0820, 0x0820, 0x0820, 0x0820, 0x0820, 0x0820, 0x0820, 0x0820, 0x0020, 0x0020, 0x0020, 0x0000, 0x0841, 0x2103, 0x2104, 0x18e3, 0x2124, 0x39e7,
		0x39c6, 0x2104, 0x18e3, 0x2124, 0x18c3, 0x0020, 0x0000, 0x0820, 0x0820, 0x0820, 0x0820, 0x0820, 0x0820, 0x0820, 0x0820, 0x0820, 0x0820, 0x0820, 0x1020, 0x1820, 0x2800, 0x3800, 0x4000, 0x5800, 0x9082, 0xe0c3, 0xf8e3, 0xf8e3, 0xf8e3, 0xf8e3, 0xf8c3, 0xf8c3, 0xf8c3, 0xf8e3, 0xf8e3, 0xf8c3, 0xf8e3, 0xf8e3, 0xf8e3, 0xf8e3, 0xf8e3, 0xf8e3, 0xf8c3, 0xf8c3, 0xf8e3, 0xf8e3, 0xf8e3, 0xf8e3, 0xf8c3, 0xf8e3, 0xf8e3, 0xf8c3, 0xf8e3, 0xf8e3, 0xc8c3, 0x7861, 0x4800, 0x4000, 0x3000, 0x2800, 0x1800, 0x1020, 0x0820, 0x0820, 0x0820, 0x0820, 0x0820, 0x0820, 0x0820, 0x0820, 0x0820, 0x0820, 0x0820, 0x0000, 0x0841, 0x20e3, 0x2104, 0x18e3, 0x2124, 0x39e7,
		0x39c6, 0x2104, 0x18e3, 0x2124, 0x18c3, 0x0020, 0x0000, 0x0820, 0x0820, 0x0820, 0x0820, 0x0820, 0x0820, 0x0820, 0x0820, 0x0820, 0x0820, 0x1020, 0x1820, 0x2000, 0x3000, 0x4800, 0x5000, 0x7841, 0xd904, 0xf8c3, 0xf861, 0xf861, 0xf862, 0xf862, 0xf861, 0xf861, 0xf861, 0xf861, 0xf861, 0xf861, 0xf861, 0xf862, 0xf861, 0xf861, 0xf861, 0xf861, 0xf861, 0xf861, 0xf861, 0xf861, 0xf861, 0xf862, 0xf861, 0xf861, 0xf861, 0xf861, 0xf841, 0xf862, 0xf8e3, 0xc0c3, 0x6000, 0x5000, 0x4800, 0x3000, 0x2000, 0x1020, 0x1020, 0x0820, 0x0820, 0x0820, 0x0820, 0x0820, 0x0820, 0x0820, 0x0820, 0x0820, 0x0820, 0x0000, 0x0841, 0x18e3, 0x2104, 0x18e3, 0x2924, 0x39e7,
		0x39c7, 0x2104, 0x18e3, 0x2124, 0x18c3, 0x0020, 0x0000, 0x0820, 0x0820, 0x0820, 0x0820, 0x0820, 0x0820, 0x0820, 0x0820, 0x0820, 0x1020, 0x1020, 0x1800, 0x2800, 0x3800, 0x5000, 0x8041, 0xc0a2, 0xf8c3, 0xf882, 0xf841, 0xf841, 0xf841, 0xf841, 0xf841, 0xf841, 0xf841, 0xf841, 0xf841, 0xf841, 0xf841, 0xf841, 0xf841, 0xf841, 0xf841, 0xf841, 0xf841, 0xf841, 0xf841, 0xf841, 0xf841, 0xf841, 0xf841, 0xf841, 0xf841, 0xf841, 0xf841, 0xf841, 0xf8a2, 0xf0c3, 0xb0a2, 0x7020, 0x5000, 0x4000, 0x2800, 0x1820, 0x1020, 0x1020, 0x0820, 0x0820, 0x0820, 0x0820, 0x0820, 0x0820, 0x0820, 0x0820, 0x0820, 0x0000, 0x0841, 0x18e3, 0x2104, 0x18e3, 0x2124, 0x39e7,
		0x39c7, 0x2104, 0x20e3, 0x2124, 0x18c3, 0x0020, 0x0000, 0x0820, 0x0820, 0x0820, 0x0820, 0x0820, 0x0820, 0x0820, 0x0820, 0x0820, 0x1000, 0x1800, 0x2800, 0x3800, 0x4000, 0x5800, 0xb0a2, 0xf904, 0xf862, 0xf841, 0xf861, 0xf861, 0xf841, 0xf841, 0xf861, 0xf841, 0xf841, 0xf861, 0xf861, 0xf861, 0xf861, 0xf861, 0xf861, 0xf841, 0xf841, 0xf841, 0xf861, 0xf841, 0xf841, 0xf841, 0xf861, 0xf861, 0xf841, 0xf841, 0xf841, 0xf841, 0xf861, 0xf861, 0xf841, 0xf8a2, 0xf124, 0x8861, 0x5000, 0x4800, 0x3800, 0x2800, 0x1800, 0x1000, 0x0820, 0x0820, 0x0820, 0x0820, 0x0820, 0x0820, 0x0820, 0x0820, 0x0820, 0x0000, 0x0841, 0x18e3, 0x2104, 0x18e3, 0x2124, 0x39e7,
		0x39c7, 0x2104, 0x20e3, 0x2124, 0x18c3, 0x0020, 0x0000, 0x0820, 0x0820, 0x0820, 0x0820, 0x0820, 0x0820, 0x0820, 0x0820, 0x1020, 0x1800, 0x2800, 0x3800, 0x4800, 0x4000, 0x5800, 0xb0a2, 0xf904, 0xf882, 0xf841, 0xf841, 0xf861, 0xf841, 0xf841, 0xf841, 0xf841, 0xf841, 0xf861, 0xf861, 0xf861, 0xf861, 0xf861, 0xf861, 0xf841, 0xf841, 0xf841, 0xf861, 0xf861, 0xf861, 0xf841, 0xf861, 0xf841, 0xf841, 0xf841, 0xf841, 0xf841, 0xf861, 0xf861, 0xf841, 0xf8a2, 0xf124, 0x8861, 0x5000, 0x4800, 0x4800, 0x3800, 0x2000, 0x1000, 0x1020, 0x0820, 0x0820, 0x0820, 0x0820, 0x0820, 0x0820, 0x0820, 0x0820, 0x0000, 0x0841, 0x18e3, 0x2104, 0x18e3, 0x2124, 0x39e7,
		0x39c7, 0x2104, 0x18e3, 0x2124, 0x18c3, 0x0020, 0x0000, 0x0820, 0x0820, 0x0820, 0x0820, 0x0820, 0x0820, 0x0820, 0x1020, 0x1820, 0x2000, 0x3000, 0x4800, 0x6820, 0x7020, 0x5800, 0x8041, 0xc8a3, 0xf8e3, 0xf882, 0xf841, 0xf841, 0xf861, 0xf841, 0xf841, 0xf841, 0xf841, 0xf861, 0xf861, 0xf861, 0xf861, 0xf861, 0xf861, 0xf841, 0xf841, 0xf841, 0xf861, 0xf861, 0xf861, 0xf861, 0xf841, 0xf841, 0xf841, 0xf841, 0xf841, 0xf841, 0xf841, 0xf861, 0xf8a2, 0xf0c3, 0xb8a2, 0x7020, 0x6820, 0x7020, 0x6000, 0x4000, 0x2800, 0x1800, 0x1020, 0x0820, 0x0820, 0x0820, 0x0820, 0x0820, 0x0820, 0x0820, 0x0820, 0x0000, 0x0841, 0x18e3, 0x2104, 0x18e3, 0x2924, 0x39e7,
		0x39c7, 0x2104, 0x18e3, 0x2124, 0x18c3, 0x0020, 0x0000, 0x0820, 0x0820, 0x0820, 0x0820, 0x0820, 0x0820, 0x0820, 0x1020, 0x1800, 0x2800, 0x3800, 0x5000, 0xa0a2, 0xd104, 0x7841, 0x4800, 0x8041, 0xe104, 0xf8c3, 0xf861, 0xf841, 0xf841, 0xf841, 0xf841, 0xf841, 0xf841, 0xf841, 0xf841, 0xf841, 0xf841, 0xf841, 0xf841, 0xf841, 0xf841, 0xf841, 0xf841, 0xf841, 0xf841, 0xf841, 0xf841, 0xf841, 0xf841, 0xf841, 0xf841, 0xf841, 0xf841, 0xf882, 0xf8e3, 0xc8c3, 0x6800, 0x5000, 0xa0a2, 0xd103, 0x8841, 0x4000, 0x3800, 0x2800, 0x1820, 0x1020, 0x0820, 0x0820, 0x0820, 0x0820, 0x0820, 0x0820, 0x0820, 0x0000, 0x0841, 0x18e3, 0x2104, 0x18e3, 0x2924, 0x41e7,
		0x39c7, 0x2104, 0x18e3, 0x2124, 0x18c3, 0x0020, 0x0000, 0x0820, 0x0820, 0x0820, 0x0820, 0x0820, 0x0820, 0x1020, 0x1000, 0x2000, 0x3000, 0x4000, 0x7841, 0xd0e3, 0xf124, 0xa882, 0x6000, 0x6000, 0x9061, 0xe0e3, 0xf8c3, 0xf841, 0xf821, 0xf841, 0xf841, 0xf841, 0xf841, 0xf841, 0xf841, 0xf841, 0xf841, 0xf841, 0xf841, 0xf841, 0xf841, 0xf841, 0xf841, 0xf841, 0xf841, 0xf841, 0xf841, 0xf841, 0xf841, 0xf841, 0xf841, 0xf841, 0xf882, 0xf8e4, 0xc0c3, 0x7841, 0x5800, 0x7020, 0xc8c2, 0xf924, 0xb8a2, 0x6820, 0x4800, 0x3000, 0x1800, 0x1020, 0x0820, 0x0820, 0x0820, 0x0820, 0x0820, 0x0820, 0x0820, 0x0000, 0x0841, 0x18e3, 0x2104, 0x18e3, 0x2924, 0x41e7,
		0x39c7, 0x2104, 0x18e3, 0x2124, 0x18c3, 0x0020, 0x0000, 0x0820, 0x0820, 0x0820, 0x0820, 0x0820, 0x0820, 0x1020, 0x1800, 0x2800, 0x2800, 0x5820, 0xc0e3, 0xf0e3, 0xf8a2, 0xe8e4, 0xa082, 0x5800, 0x5800, 0xa0a2, 0xe0e3, 0xf8a2, 0xf882, 0xf882, 0xf882, 0xf8a2, 0xf8a2, 0xf8a2, 0xf8a2, 0xf8a2, 0xf8a2, 0xf8a2, 0xf8a2, 0xf8a2, 0xf882, 0xf882, 0xf882, 0xf882, 0xf8a2, 0xf8a2, 0xf8a2, 0xf8a2, 0xf8a2, 0xf8a2, 0xf8a2, 0xf882, 0xf8e3, 0xd0e3, 0x8041, 0x5000, 0x6800, 0xc0c3, 0xf0c3, 0xf882, 0xf0e4, 0xa0a2, 0x4800, 0x3000, 0x2800, 0x1800, 0x1020, 0x0820, 0x0820, 0x0820, 0x0820, 0x0820, 0x0820, 0x0000, 0x0841, 0x20e3, 0x2104, 0x18e3, 0x2944, 0x41e7,
		0x39c7, 0x2104, 0x18e3, 0x2124, 0x18c3, 0x0020, 0x0000, 0x0820, 0x0820, 0x0820, 0x0820, 0x0820, 0x1020, 0x1020, 0x2000, 0x3000, 0x5020, 0x9882, 0xe904, 0xf8a2, 0xf841, 0xf8e3, 0xd8e3, 0x8841, 0x5000, 0x6020, 0xb0a2, 0xf904, 0xf904, 0xf904, 0xf904, 0xf904, 0xf904, 0xf904, 0xf904, 0xf904, 0xf904, 0xf904, 0xf904, 0xf904, 0xf904, 0xf904, 0xf904, 0xf904, 0xf904, 0xf904, 0xf904, 0xf904, 0xf904, 0xf904, 0xf904, 0xf924, 0xe904, 0x9061, 0x5000, 0x6000, 0xa082, 0xf104, 0xf8a2, 0xf841, 0xf8e3, 0xd0e3, 0x7841, 0x4800, 0x3000, 0x1800, 0x1000, 0x0820, 0x0820, 0x0820, 0x0820, 0x0820, 0x0820, 0x0000, 0x0841, 0x2103, 0x2104, 0x18e3, 0x2944, 0x41e7,
		0x39c7, 0x2104, 0x18e3, 0x2124, 0x18c3, 0x0020, 0x0000, 0x0820, 0x0820, 0x0820, 0x0820, 0x0820, 0x1020, 0x1800, 0x2000, 0x3800, 0x9082, 0xe0e3, 0xf8a2, 0xf861, 0xf841, 0xf882, 0xf8c3, 0xd0c3, 0x7020, 0x4800, 0x7841, 0xb0a2, 0xc0c3, 0xb8c3, 0xb8c3, 0xb8c3, 0xb8c3, 0xb8c2, 0xb8c3, 0xb8c3, 0xb8c3, 0xb8c3, 0xb8c3, 0xb8c3, 0xb8c3, 0xb8a2, 0xb8a2, 0xb8c3, 0xb8c3, 0xb8c3, 0xb8c3, 0xb8c3, 0xb8c3, 0xb8c3, 0xb8c3, 0xc0c3, 0xa082, 0x6000, 0x5000, 0x9041, 0xe8e4, 0xf8a3, 0xf862, 0xf841, 0xf862, 0xf0c3, 0xc8c3, 0x7041, 0x2800, 0x2000, 0x1000, 0x0820, 0x0820, 0x0820, 0x0820, 0x0820, 0x0820, 0x0000, 0x0841, 0x2103, 0x2104, 0x18e3, 0x2944, 0x41e7,
		0x39c7, 0x2104, 0x18e3, 0x2124, 0x18c3, 0x0020, 0x0000, 0x0820, 0x0820, 0x0820, 0x0820, 0x0820, 0x1020, 0x1800, 0x2000, 0x3800, 0xb0c3, 0xf904, 0xf862, 0xf841, 0xf841, 0xf841, 0xf882, 0xf0c3, 0xb082, 0x7020, 0x5800, 0x5800, 0x5800, 0x5800, 0x5000, 0x5000, 0x5000, 0x5000, 0x5000, 0x5000, 0x5000, 0x5000, 0x5000, 0x5000, 0x5000, 0x5000, 0x5000, 0x5000, 0x5000, 0x5000, 0x5000, 0x5000, 0x5000, 0x5000, 0x5800, 0x5800, 0x5800, 0x5800, 0x8041, 0xc8a3, 0xf8c3, 0xf862, 0xf841, 0xf841, 0xf841, 0xf8a3, 0xf104, 0x8862, 0x2800, 0x2000, 0x1820, 0x1020, 0x0820, 0x0820, 0x0820, 0x0820, 0x0820, 0x0000, 0x0841, 0x20e3, 0x2104, 0x20e3, 0x2945, 0x41e7,
		0x39c7, 0x2104, 0x18e3, 0x2124, 0x18c3, 0x0020, 0x0000, 0x0820, 0x0820, 0x0820, 0x0820, 0x0820, 0x1020, 0x1800, 0x2800, 0x4000, 0xb0a3, 0xf8e4, 0xf862, 0xf841, 0xf861, 0xf861, 0xf841, 0xf882, 0xf904, 0x9861, 0x5000, 0x4000, 0x4000, 0x3800, 0x3800, 0x3800, 0x4000, 0x3800, 0x3800, 0x3800, 0x3800, 0x3800, 0x3800, 0x3800, 0x3800, 0x3800, 0x3800, 0x3800, 0x3800, 0x3800, 0x3800, 0x3800, 0x3800, 0x3800, 0x4000, 0x4800, 0x4000, 0x6020, 0xb8c3, 0xf904, 0xf841, 0xf841, 0xf861, 0xf861, 0xf841, 0xf8c3, 0xe904, 0x8861, 0x2800, 0x2800, 0x1800, 0x1020, 0x0820, 0x0820, 0x0820, 0x0820, 0x0820, 0x0000, 0x0841, 0x2103, 0x2104, 0x20e4, 0x2945, 0x41e7,
		0x39c6, 0x2104, 0x18e3, 0x2104, 0x18c3, 0x0020, 0x0000, 0x0820, 0x0820, 0x0820, 0x0820, 0x0820, 0x1000, 0x1800, 0x2800, 0x4000, 0xa8c3, 0xf8e4, 0xf862, 0xf841, 0xf861, 0xf861, 0xf841, 0xf862, 0xf904, 0xa082, 0x5000, 0x4000, 0x3800, 0x3000, 0x3000, 0x3000, 0x3000, 0x3000, 0x3000, 0x3000, 0x3000, 0x3000, 0x3000, 0x3000, 0x3000, 0x3000, 0x3000, 0x3000, 0x3000, 0x3000, 0x3000, 0x3000, 0x3000, 0x3000, 0x3800, 0x4000, 0x3800, 0x6020, 0xc8c3, 0xf8e3, 0xf841, 0xf841, 0xf841, 0xf861, 0xf841, 0xf8a3, 0xe8e3, 0x8061, 0x3000, 0x2800, 0x1800, 0x1020, 0x0820, 0x0820, 0x0820, 0x0820, 0x0820, 0x0000, 0x0841, 0x18e3, 0x2104, 0x20e4, 0x2945, 0x39e7,
		0x39c7, 0x2104, 0x18e3, 0x2104, 0x18c3, 0x0020, 0x0000, 0x0820, 0x0820, 0x0820, 0x0820, 0x1020, 0x1000, 0x2000, 0x2800, 0x4000, 0xa8c3, 0xf904, 0xf862, 0xf841, 0xf861, 0xf861, 0xf861, 0xf882, 0xf904, 0x9882, 0x4800, 0x3800, 0x3000, 0x2800, 0x2800, 0x2800, 0x2800, 0x2800, 0x2800, 0x2800, 0x2800, 0x2800, 0x2800, 0x2800, 0x2800, 0x2800, 0x2800, 0x2800, 0x2800, 0x2800, 0x2800, 0x2800, 0x2800, 0x2800, 0x3000, 0x3800, 0x3800, 0x5820, 0xc0c3, 0xf8e3, 0xf861, 0xf841, 0xf841, 0xf861, 0xf841, 0xf8a3, 0xe903, 0x8861, 0x3000, 0x2800, 0x2000, 0x1020, 0x0820, 0x0820, 0x0820, 0x0820, 0x0820, 0x0000, 0x0841, 0x18e3, 0x2104, 0x18e4, 0x2945, 0x39e7,
		0x39c7, 0x2104, 0x18e3, 0x2104, 0x18c3, 0x0020, 0x0000, 0x0820, 0x0820, 0x0820, 0x0820, 0x1020, 0x1000, 0x2000, 0x2800, 0x4000, 0xa8c3, 0xf904, 0xf862, 0xf841, 0xf861, 0xf861, 0xf861, 0xf882, 0xf904, 0x9862, 0x4800, 0x3000, 0x2800, 0x2000, 0x2000, 0x2000, 0x1800, 0x2000, 0x2000, 0x2000, 0x2000, 0x2000, 0x2000, 0x2000, 0x2020, 0x2020, 0x2000, 0x2000, 0x2000, 0x2000, 0x2000, 0x2000, 0x2000, 0x2000, 0x2800, 0x3000, 0x3000, 0x5820, 0xb8c3, 0xf8e4, 0xf861, 0xf841, 0xf841, 0xf861, 0xf841, 0xf8a2, 0xe903, 0x8861, 0x3000, 0x2800, 0x2000, 0x1020, 0x0820, 0x0820, 0x0820, 0x0820, 0x0820, 0x0000, 0x0841, 0x18e3, 0x2104, 0x18e4, 0x2945, 0x39e7,
		0x39c7, 0x2104, 0x18e3, 0x2104, 0x18c3, 0x0020, 0x0000, 0x0820, 0x0820, 0x0820, 0x0820, 0x1020, 0x1000, 0x2000, 0x2800, 0x4000, 0xa8a2, 0xf8e4, 0xf862, 0xf841, 0xf861, 0xf861, 0xf841, 0xf882, 0xf904, 0x9882, 0x4800, 0x3000, 0x2800, 0x1800, 0x1800, 0x1000, 0x1820, 0x1800, 0x1820, 0x1800, 0x1820, 0x1000, 0x1820, 0x1820, 0x1820, 0x1820, 0x1800, 0x1800, 0x1820, 0x1820, 0x1800, 0x1000, 0x1800, 0x1800, 0x2000, 0x2800, 0x3000, 0x5820, 0xb8c3, 0xf8e4, 0xf861, 0xf841, 0xf841, 0xf861, 0xf841, 0xf8a2, 0xe903, 0x8861, 0x3000, 0x2800, 0x2000, 0x1020, 0x0820, 0x0820, 0x0820, 0x0820, 0x0820, 0x0000, 0x0841, 0x18e3, 0x2104, 0x18e3, 0x2945, 0x39e7,
		0x39c6, 0x2104, 0x18e3, 0x2104, 0x18c3, 0x0020, 0x0000, 0x0820, 0x0820, 0x0820, 0x0820, 0x1020, 0x1800, 0x2000, 0x2800, 0x4000, 0xa8a2, 0xf8e4, 0xf862, 0xf841, 0xf861, 0xf861, 0xf841, 0xf882, 0xf904, 0x9882, 0x4000, 0x3000, 0x2000, 0x1800, 0x1020, 0x1020, 0x1020, 0x1020, 0x1020, 0x1020, 0x1020, 0x1020, 0x1020, 0x1020, 0x1020, 0x1020, 0x1020, 0x1020, 0x1020, 0x1020, 0x1020, 0x1020, 0x1020, 0x1020, 0x1800, 0x2800, 0x3000, 0x5820, 0xb8c3, 0xf8e4, 0xf861, 0xf841, 0xf841, 0xf841, 0xf841, 0xf8a3, 0xe903, 0x8861, 0x3000, 0x2800, 0x2000, 0x1020, 0x0820, 0x0820, 0x0820, 0x0820, 0x0820, 0x0000, 0x0841, 0x18e3, 0x2104, 0x18e3, 0x2944, 0x41e7,
		0x39c6, 0x2104, 0x18e3, 0x2104, 0x18c3, 0x0020, 0x0000, 0x0820, 0x0820, 0x0820, 0x0820, 0x1020, 0x1000, 0x2000, 0x3000, 0x4000, 0xa8a2, 0xf8e4, 0xf862, 0xf841, 0xf861, 0xf861, 0xf841, 0xf882, 0xf904, 0x9882, 0x4800, 0x3000, 0x2000, 0x1800, 0x1020, 0x1020, 0x1020, 0x1020, 0x1020, 0x1020, 0x1020, 0x1020, 0x1020, 0x1020, 0x1020, 0x1020, 0x1020, 0x1020, 0x1020, 0x1020, 0x1020, 0x1020, 0x1020, 0x1020, 0x1800, 0x2800, 0x3000, 0x5820, 0xb8a3, 0xf8e3, 0xf862, 0xf841, 0xf841, 0xf861, 0xf841, 0xf8c3, 0xe904, 0x8861, 0x3000, 0x2800, 0x2000, 0x1020, 0x0820, 0x0820, 0x0820, 0x0820, 0x0820, 0x0000, 0x0841, 0x18e3, 0x2104, 0x18e3, 0x2945, 0x41e7,
		0x39c6, 0x2104, 0x18e3, 0x2104, 0x18c3, 0x0020, 0x0000, 0x0820, 0x0820, 0x0820, 0x0820, 0x1020, 0x1800, 0x2000, 0x2800, 0x4000, 0xa8a2, 0xf8e4, 0xf862, 0xf841, 0xf861, 0xf861, 0xf861, 0xf882, 0xf904, 0x9882, 0x4800, 0x3000, 0x2000, 0x1800, 0x1020, 0x1020, 0x1020, 0x1020, 0x1020, 0x1020, 0x1020, 0x1020, 0x1020, 0x1020, 0x1020, 0x1020, 0x1020, 0x1020, 0x1020, 0x1020, 0x1020, 0x1020, 0x1020, 0x1020, 0x1800, 0x2800, 0x2800, 0x5820, 0xb8a2, 0xf8e3, 0xf861, 0xf841, 0xf841, 0xf861, 0xf841, 0xf8c3, 0xe904, 0x8861, 0x3000, 0x2800, 0x2000, 0x1020, 0x0820, 0x0820, 0x0820, 0x0820, 0x0820, 0x0000, 0x0841, 0x2103, 0x2104, 0x18e3, 0x2944, 0x41e7,
		0x39c6, 0x2104, 0x18e3, 0x2104, 0x18c3, 0x0020, 0x0000, 0x0820, 0x0820, 0x0820, 0x0820, 0x1020, 0x1820, 0x2000, 0x3000, 0x4000, 0xa8a2, 0xf8e4, 0xf862, 0xf841, 0xf841, 0xf861, 0xf841, 0xf882, 0xf904, 0x9882, 0x4800, 0x3000, 0x2000, 0x1800, 0x1020, 0x1020, 0x1020, 0x1020, 0x1020, 0x1020, 0x1020, 0x1020, 0x1020, 0x1020, 0x1020, 0x1020, 0x1020, 0x1020, 0x1020, 0x1020, 0x1020, 0x1020, 0x1020, 0x1020, 0x1800, 0x2800, 0x2800, 0x5820, 0xb8c2, 0xf8e3, 0xf861, 0xf841, 0xf861, 0xf861, 0xf841, 0xf8c3, 0xe904, 0x8861, 0x3000, 0x2800, 0x2000, 0x1020, 0x0820, 0x0820, 0x0820, 0x0820, 0x0820, 0x0000, 0x0841, 0x20e3, 0x2104, 0x20e3, 0x2944, 0x41e7,
		0x39c6, 0x2104, 0x18e3, 0x2104, 0x18c3, 0x0020, 0x0000, 0x0820, 0x0820, 0x0820, 0x0820, 0x1020, 0x1820, 0x2000, 0x3000, 0x4000, 0xa8a2, 0xf8e4, 0xf862, 0xf841, 0xf841, 0xf861, 0xf841, 0xf882, 0xf904, 0x9862, 0x4800, 0x3000, 0x2000, 0x1800, 0x1020, 0x1020, 0x1020, 0x1020, 0x1020, 0x1020, 0x1020, 0x1020, 0x1020, 0x1020, 0x1020, 0x1020, 0x1020, 0x1020, 0x1020, 0x1020, 0x1020, 0x1020, 0x1020, 0x1020, 0x1820, 0x2800, 0x2800, 0x5820, 0xb8c3, 0xf8e3, 0xf861, 0xf841, 0xf861, 0xf861, 0xf841, 0xf8c3, 0xe904, 0x8061, 0x3000, 0x2800, 0x2000, 0x1000, 0x0820, 0x0820, 0x0820, 0x0820, 0x0820, 0x0000, 0x0841, 0x20e3, 0x2104, 0x2103, 0x2944, 0x41e7,
		0x39c6, 0x2104, 0x18e3, 0x2104, 0x18c3, 0x0020, 0x0000, 0x0820, 0x0820, 0x0820, 0x0820, 0x1020, 0x1820, 0x2000, 0x3000, 0x4000, 0xa8a2, 0xf8e4, 0xf862, 0xf841, 0xf841, 0xf861, 0xf841, 0xf882, 0xf904, 0x9861, 0x4000, 0x3000, 0x2000, 0x1800, 0x1020, 0x1020, 0x1020, 0x1020, 0x1020, 0x1020, 0x1020, 0x1020, 0x1020, 0x1020, 0x1020, 0x1020, 0x1020, 0x1020, 0x1020, 0x1020, 0x1020, 0x1020, 0x1020, 0x1020, 0x1820, 0x2800, 0x3000, 0x5820, 0xb8c3, 0xf8e3, 0xf861, 0xf841, 0xf841, 0xf861, 0xf841, 0xf8a3, 0xe903, 0x8861, 0x3000, 0x2800, 0x2000, 0x1000, 0x0820, 0x0820, 0x0820, 0x0820, 0x0820, 0x0000, 0x0841, 0x2103, 0x2104, 0x2103, 0x2945, 0x41e7,
		0x39c6, 0x2104, 0x18e3, 0x2104, 0x18c3, 0x0020, 0x0000, 0x0820, 0x0820, 0x0820, 0x0820, 0x1020, 0x1820, 0x2000, 0x3000, 0x4000, 0xb0a2, 0xf8e4, 0xf862, 0xf841, 0xf841, 0xf861, 0xf841, 0xf882, 0xf904, 0x9861, 0x4000, 0x3000, 0x2000, 0x1800, 0x1020, 0x1020, 0x1020, 0x1020, 0x1020, 0x1020, 0x1020, 0x1020, 0x1020, 0x1020, 0x1020, 0x1020, 0x1020, 0x1020, 0x1020, 0x1020, 0x1020, 0x1020, 0x1020, 0x1020, 0x1800, 0x2800, 0x3000, 0x5820, 0xc0a2, 0xf8e3, 0xf861, 0xf841, 0xf841, 0xf861, 0xf841, 0xf8a3, 0xe8e3, 0x8861, 0x3000, 0x2800, 0x2000, 0x1020, 0x0820, 0x0820, 0x0820, 0x0820, 0x0820, 0x0000, 0x0841, 0x20e3, 0x2104, 0x18e3, 0x2945, 0x41e7,
		0x39c7, 0x2104, 0x18e3, 0x2124, 0x18c3, 0x0020, 0x0000, 0x0820, 0x0820, 0x0820, 0x0820, 0x1020, 0x1800, 0x2000, 0x3000, 0x4000, 0xb0a2, 0xf8e4, 0xf862, 0xf841, 0xf841, 0xf841, 0xf841, 0xf882, 0xf904, 0x9882, 0x4800, 0x3000, 0x2000, 0x1820, 0x1020, 0x1020, 0x1020, 0x1020, 0x1020, 0x1020, 0x1020, 0x1020, 0x1020, 0x1020, 0x1020, 0x1020, 0x1020, 0x1020, 0x1020, 0x1020, 0x1020, 0x1020, 0x1020, 0x1020, 0x1820, 0x2800, 0x3000, 0x5820, 0xc0a2, 0xf8e3, 0xf861, 0xf841, 0xf861, 0xf861, 0xf841, 0xf8a3, 0xe903, 0x8861, 0x3000, 0x2800, 0x2000, 0x1020, 0x0820, 0x0820, 0x0820, 0x0820, 0x0820, 0x0000, 0x0841, 0x2103, 0x2104, 0x1903, 0x2945, 0x4207,
		0x39c7, 0x2104, 0x18e3, 0x2124, 0x18c3, 0x0020, 0x0000, 0x0820, 0x0820, 0x0820, 0x0820, 0x1020, 0x1800, 0x2000, 0x2800, 0x4000, 0xa8a2, 0xf8e4, 0xf862, 0xf841, 0xf841, 0xf841, 0xf841, 0xf882, 0xf904, 0x9881, 0x4800, 0x3000, 0x2800, 0x1820, 0x1020, 0x1020, 0x1020, 0x1020, 0x1020, 0x1020, 0x1020, 0x1020, 0x1020, 0x1020, 0x1020, 0x1020, 0x1020, 0x1020, 0x1020, 0x1020, 0x1020, 0x1020, 0x1020, 0x1020, 0x1800, 0x2800, 0x3000, 0x5820, 0xc0a2, 0xf8c3, 0xf861, 0xf841, 0xf861, 0xf841, 0xf841, 0xf8a3, 0xe8e3, 0x8861, 0x3000, 0x2800, 0x2000, 0x1000, 0x0820, 0x0820, 0x0820, 0x0820, 0x0820, 0x0000, 0x0841, 0x2103, 0x2104, 0x2103, 0x2945, 0x4207,
		0x39c7, 0x2104, 0x20e3, 0x2124, 0x18c3, 0x0020, 0x0000, 0x0820, 0x0820, 0x0820, 0x0820, 0x1020, 0x1800, 0x2000, 0x2800, 0x4000, 0xa8a2, 0xf8e4, 0xf862, 0xf841, 0xf841, 0xf841, 0xf841, 0xf882, 0xf904, 0x9861, 0x4800, 0x3000, 0x2800, 0x1800, 0x1020, 0x1020, 0x1020, 0x1020, 0x1020, 0x1020, 0x1020, 0x1020, 0x1020, 0x1020, 0x1020, 0x1020, 0x1020, 0x1020, 0x1020, 0x1020, 0x1020, 0x1020, 0x1020, 0x1020, 0x1800, 0x2800, 0x3000, 0x5820, 0xc0a2, 0xf8c3, 0xf841, 0xf841, 0xf861, 0xf841, 0xf841, 0xf8a3, 0xe8e3, 0x8061, 0x3000, 0x2800, 0x2000, 0x1020, 0x0820, 0x0820, 0x0820, 0x0820, 0x0820, 0x0000, 0x0841, 0x2103, 0x2104, 0x20e3, 0x2945, 0x41e7,
		0x39c6, 0x2104, 0x20e3, 0x2124, 0x18c3, 0x0020, 0x0000, 0x0820, 0x0820, 0x0820, 0x0820, 0x1020, 0x1800, 0x2000, 0x2800, 0x4000, 0xa8a2, 0xf8e4, 0xf862, 0xf841, 0xf841, 0xf841, 0xf841, 0xf882, 0xf904, 0x9861, 0x4800, 0x3000, 0x2800, 0x1800, 0x1020, 0x1020, 0x1020, 0x1020, 0x1020, 0x1020, 0x1020, 0x1020, 0x1020, 0x1020, 0x1020, 0x1020, 0x1020, 0x1020, 0x1020, 0x1020, 0x1020, 0x1020, 0x1020, 0x1020, 0x1800, 0x2800, 0x3000, 0x5820, 0xc0a2, 0xf8c3, 0xf841, 0xf841, 0xf861, 0xf841, 0xf841, 0xf8a3, 0xe8e3, 0x8061, 0x3000, 0x2800, 0x2000, 0x1020, 0x0820, 0x0820, 0x0820, 0x0820, 0x0820, 0x0000, 0x0841, 0x2103, 0x2104, 0x20e3, 0x2945, 0x41e7,
		0x39c6, 0x2104, 0x18e3, 0x2124, 0x18c3, 0x0020, 0x0000, 0x0820, 0x0820, 0x0820, 0x0820, 0x1020, 0x1820, 0x2000, 0x2800, 0x4000, 0xa8a2, 0xf8e4, 0xf862, 0xf841, 0xf841, 0xf841, 0xf841, 0xf882, 0xf904, 0x9882, 0x4800, 0x3000, 0x2800, 0x1800, 0x1020, 0x1020, 0x1020, 0x1020, 0x1020, 0x1020, 0x1020, 0x1020, 0x1020, 0x1020, 0x1020, 0x1020, 0x1020, 0x1020, 0x1020, 0x1020, 0x1020, 0x1020, 0x1020, 0x1020, 0x1800, 0x2800, 0x3000, 0x5820, 0xc0a2, 0xf8e3, 0xf861, 0xf841, 0xf861, 0xf841, 0xf841, 0xf8a3, 0xe903, 0x8861, 0x3000, 0x2800, 0x2000, 0x1000, 0x0820, 0x0820, 0x0820, 0x0820, 0x0820, 0x0000, 0x0841, 0x20e3, 0x2104, 0x20e3, 0x2945, 0x41e7,
		0x39c7, 0x2104, 0x18e3, 0x2124, 0x18c3, 0x0020, 0x0000, 0x0820, 0x0820, 0x0820, 0x0820, 0x1020, 0x1820, 0x2000, 0x2800, 0x4000, 0xb0a2, 0xf8e4, 0xf862, 0xf841, 0xf841, 0xf861, 0xf841, 0xf882, 0xf904, 0x9882, 0x4800, 0x3000, 0x2800, 0x1820, 0x1020, 0x1020, 0x1020, 0x1020, 0x1020, 0x1020, 0x1020, 0x1020, 0x1020, 0x1020, 0x1020, 0x1020, 0x1020, 0x1020, 0x1020, 0x1020, 0x1020, 0x1020, 0x1020, 0x1020, 0x1800, 0x2800, 0x3000, 0x5820, 0xc0a3, 0xf8e3, 0xf861, 0xf841, 0xf841, 0xf841, 0xf841, 0xf8a2, 0xe8e3, 0x8861, 0x3000, 0x2800, 0x2000, 0x1020, 0x0820, 0x0820, 0x0820, 0x0820, 0x0820, 0x0000, 0x0841, 0x20e3, 0x2104, 0x1903, 0x2945, 0x41e7,
		0x39c7, 0x2104, 0x18e3, 0x2104, 0x18c3, 0x0020, 0x0000, 0x0820, 0x0820, 0x0820, 0x0820, 0x1020, 0x1800, 0x2000, 0x3000, 0x4000, 0xa8a2, 0xf8e4, 0xf862, 0xf841, 0xf861, 0xf861, 0xf841, 0xf882, 0xf904, 0x9882, 0x4800, 0x3000, 0x2800, 0x1800, 0x1020, 0x1020, 0x1020, 0x1020, 0x1020, 0x1020, 0x1020, 0x1020, 0x1020, 0x1020, 0x1020, 0x1020, 0x1020, 0x1020, 0x1020, 0x1020, 0x1020, 0x1020, 0x1020, 0x1020, 0x1800, 0x2800, 0x3000, 0x5820, 0xc0a3, 0xf8e3, 0xf861, 0xf841, 0xf861, 0xf841, 0xf841, 0xf8a2, 0xe8e3, 0x8861, 0x3000, 0x2800, 0x2000, 0x1020, 0x0820, 0x0820, 0x0820, 0x0820, 0x0820, 0x0000, 0x0841, 0x20e3, 0x2104, 0x20e3, 0x2945, 0x4207,
		0x39c7, 0x2104, 0x20e3, 0x2124, 0x18c3, 0x0020, 0x0000, 0x0820, 0x0820, 0x0820, 0x0820, 0x1020, 0x1800, 0x2000, 0x3000, 0x4000, 0xa8a3, 0xf8e4, 0xf862, 0xf841, 0xf861, 0xf861, 0xf841, 0xf882, 0xf904, 0x9862, 0x4800, 0x3000, 0x2800, 0x1800, 0x1020, 0x1020, 0x1020, 0x1020, 0x1020, 0x1020, 0x1020, 0x1020, 0x1020, 0x1020, 0x1020, 0x1020, 0x1020, 0x1020, 0x1020, 0x1020, 0x1020, 0x1020, 0x1020, 0x1020, 0x1800, 0x2800, 0x3000, 0x5820, 0xc0c3, 0xf8e3, 0xf861, 0xf841, 0xf841, 0xf841, 0xf841, 0xf8a2, 0xe8e3, 0x8861, 0x3000, 0x2800, 0x2000, 0x1020, 0x0820, 0x0820, 0x0820, 0x0820, 0x0820, 0x0000, 0x0841, 0x20e3, 0x2104, 0x20e3, 0x2945, 0x4207,
		0x39c7, 0x2104, 0x20e3, 0x2124, 0x18c3, 0x0020, 0x0000, 0x0820, 0x0820, 0x0820, 0x0820, 0x1020, 0x1800, 0x2000, 0x3000, 0x4000, 0xb0a2, 0xf8e4, 0xf862, 0xf841, 0xf861, 0xf841, 0xf841, 0xf882, 0xf8e4, 0x9861, 0x4800, 0x3000, 0x2800, 0x1800, 0x1020, 0x1020, 0x1020, 0x1020, 0x1020, 0x1020, 0x1020, 0x1020, 0x1020, 0x1020, 0x1020, 0x1020, 0x1020, 0x1020, 0x1020, 0x1020, 0x1020, 0x1020, 0x1020, 0x1020, 0x1800, 0x2800, 0x3000, 0x5820, 0xc0c3, 0xf8e4, 0xf861, 0xf841, 0xf861, 0xf861, 0xf841, 0xf8a3, 0xe8e3, 0x8861, 0x3000, 0x2800, 0x2000, 0x1020, 0x0820, 0x0820, 0x0820, 0x0820, 0x0820, 0x0000, 0x0841, 0x2103, 0x2104, 0x20e3, 0x2945, 0x4207,
		0x39c7, 0x2104, 0x20e3, 0x2124, 0x18c3, 0x0020, 0x0000, 0x0820, 0x0820, 0x0820, 0x0820, 0x1020, 0x1800, 0x2000, 0x3000, 0x4000, 0xb0a2, 0xf8e4, 0xf862, 0xf841, 0xf861, 0xf841, 0xf841, 0xf882, 0xf8e4, 0x9861, 0x4000, 0x3000, 0x2800, 0x1800, 0x1020, 0x1020, 0x1020, 0x1020, 0x1020, 0x1020, 0x1020, 0x1020, 0x1020, 0x1020, 0x1020, 0x1020, 0x1020, 0x1020, 0x1020, 0x1020, 0x1020, 0x1020, 0x1020, 0x1020, 0x1800, 0x2800, 0x3000, 0x5820, 0xc0c3, 0xf8e4, 0xf861, 0xf841, 0xf861, 0xf861, 0xf841, 0xf8a3, 0xe8e3, 0x8861, 0x3000, 0x2800, 0x2000, 0x1020, 0x0820, 0x0820, 0x0820, 0x0820, 0x0820, 0x0000, 0x0841, 0x2103, 0x2104, 0x20e3, 0x2945, 0x4207,
		0x39c7, 0x2104, 0x18e3, 0x2124, 0x18c3, 0x0020, 0x0000, 0x0820, 0x0820, 0x0820, 0x0820, 0x1020, 0x1800, 0x2000, 0x3000, 0x4000, 0xb0a2, 0xf8e4, 0xf862, 0xf841, 0xf841, 0xf841, 0xf841, 0xf882, 0xf8e4, 0x9882, 0x4000, 0x3000, 0x2800, 0x1800, 0x1020, 0x1020, 0x1020, 0x1020, 0x1020, 0x1020, 0x1020, 0x1020, 0x1020, 0x1020, 0x1020, 0x1020, 0x1020, 0x1020, 0x1020, 0x1020, 0x1020, 0x1020, 0x1020, 0x1020, 0x1800, 0x2800, 0x3000, 0x5820, 0xc0c3, 0xf8e3, 0xf861, 0xf841, 0xf841, 0xf861, 0xf841, 0xf8a3, 0xe8e3, 0x8061, 0x3000, 0x2800, 0x2000, 0x1020, 0x0820, 0x0820, 0x0820, 0x0820, 0x0820, 0x0000, 0x0841, 0x2103, 0x2104, 0x18e3, 0x2945, 0x4207,
		0x39c7, 0x2104, 0x18e3, 0x2124, 0x18c3, 0x0020, 0x0000, 0x0820, 0x0820, 0x0820, 0x0820, 0x1020, 0x1820, 0x2000, 0x3000, 0x4000, 0xb0a2, 0xf8e4, 0xf862, 0xf841, 0xf841, 0xf841, 0xf841, 0xf882, 0xf904, 0x9882, 0x4800, 0x3000, 0x2000, 0x1800, 0x1020, 0x1020, 0x1020, 0x1020, 0x1020, 0x1020, 0x1020, 0x1020, 0x1020, 0x1020, 0x1020, 0x1020, 0x1020, 0x1020, 0x1020, 0x1020, 0x1020, 0x1020, 0x1020, 0x1020, 0x1800, 0x2800, 0x3000, 0x5820, 0xc0a3, 0xf8e3, 0xf861, 0xf841, 0xf841, 0xf841, 0xf841, 0xf8a3, 0xe903, 0x8061, 0x3000, 0x2800, 0x2000, 0x1000, 0x0820, 0x0820, 0x0820, 0x0820, 0x0820, 0x0000, 0x0841, 0x2103, 0x2104, 0x18e3, 0x2944, 0x41e7,
		0x39c7, 0x2104, 0x18e3, 0x2124, 0x18c3, 0x0020, 0x0000, 0x0820, 0x0820, 0x0820, 0x0820, 0x1020, 0x1800, 0x2000, 0x3000, 0x4000, 0xa8c2, 0xf8e4, 0xf862, 0xf841, 0xf841, 0xf841, 0xf841, 0xf882, 0xf904, 0x9882, 0x4000, 0x3000, 0x2000, 0x1800, 0x1020, 0x1020, 0x1020, 0x1020, 0x1020, 0x1020, 0x1020, 0x1020, 0x1020, 0x1020, 0x1020, 0x1020, 0x1020, 0x1020, 0x1020, 0x1020, 0x1020, 0x1020, 0x1020, 0x1020, 0x1800, 0x2800, 0x3000, 0x5820, 0xc0a3, 0xf8e3, 0xf861, 0xf841, 0xf841, 0xf841, 0xf841, 0xf8a3, 0xe904, 0x8061, 0x3000, 0x2800, 0x2000, 0x1020, 0x0820, 0x0820, 0x0820, 0x0820, 0x0820, 0x0000, 0x0861, 0x2103, 0x2104, 0x18e3, 0x2944, 0x41e7,
		0x39c6, 0x2104, 0x1903, 0x2124, 0x18c3, 0x0020, 0x0000, 0x0820, 0x0820, 0x0820, 0x0820, 0x1020, 0x1800, 0x2000, 0x3000, 0x4000, 0xb0c2, 0xf904, 0xf862, 0xf841, 0xf841, 0xf841, 0xf841, 0xf882, 0xf904, 0x9882, 0x4000, 0x3000, 0x2800, 0x1820, 0x1020, 0x1020, 0x1020, 0x1020, 0x1020, 0x1020, 0x1020, 0x1020, 0x1020, 0x1020, 0x1020, 0x1020, 0x1020, 0x1020, 0x1020, 0x1020, 0x1020, 0x1020, 0x1020, 0x1000, 0x2000, 0x2800, 0x3000, 0x5820, 0xc0c3, 0xf8e4, 0xf861, 0xf841, 0xf861, 0xf861, 0xf841, 0xf8a3, 0xe904, 0x8061, 0x3000, 0x2800, 0x2000, 0x1000, 0x0820, 0x0820, 0x0820, 0x0820, 0x0820, 0x0000, 0x0841, 0x18e3, 0x2104, 0x18e3, 0x2924, 0x41e7,
		0x39c6, 0x2104, 0x18e3, 0x2124, 0x18c3, 0x0020, 0x0000, 0x0820, 0x0820, 0x0820, 0x0820, 0x1020, 0x1800, 0x2000, 0x3000, 0x4000, 0xb0c2, 0xf904, 0xf862, 0xf841, 0xf861, 0xf841, 0xf841, 0xf882, 0xf904, 0x9882, 0x4800, 0x3000, 0x2800, 0x2000, 0x1800, 0x1820, 0x1800, 0x1800, 0x1820, 0x1800, 0x1820, 0x1820, 0x1820, 0x1820, 0x1820, 0x1820, 0x1820, 0x1820, 0x1820, 0x1820, 0x1820, 0x1800, 0x1800, 0x1800, 0x2000, 0x2800, 0x3000, 0x5820, 0xc0c3, 0xf8e4, 0xf861, 0xf841, 0xf861, 0xf861, 0xf841, 0xf8c3, 0xe904, 0x8061, 0x3000, 0x2800, 0x2000, 0x1020, 0x0820, 0x0820, 0x0820, 0x0820, 0x0820, 0x0000, 0x0841, 0x18e3, 0x2104, 0x18e3, 0x2924, 0x39e7,
		0x39c6, 0x2104, 0x18e3, 0x2124, 0x18c3, 0x0020, 0x0000, 0x0820, 0x0820, 0x0820, 0x0820, 0x1020, 0x1800, 0x2000, 0x3000, 0x4000, 0xb0c2, 0xf904, 0xf862, 0xf841, 0xf861, 0xf841, 0xf841, 0xf882, 0xf904, 0x9882, 0x4800, 0x3000, 0x3000, 0x2000, 0x2000, 0x2000, 0x2000, 0x2000, 0x2000, 0x2000, 0x2000, 0x2000, 0x2000, 0x2000, 0x2000, 0x2000, 0x2000, 0x2000, 0x2000, 0x2000, 0x2000, 0x2000, 0x2000, 0x2000, 0x2800, 0x3000, 0x3000, 0x5820, 0xc0c3, 0xf8e3, 0xf861, 0xf841, 0xf861, 0xf861, 0xf841, 0xf8c3, 0xe903, 0x8061, 0x3000, 0x2800, 0x2000, 0x1020, 0x0820, 0x0820, 0x0820, 0x0820, 0x0820, 0x0000, 0x0841, 0x18e3, 0x2104, 0x18e3, 0x2924, 0x39e7,
		0x39c7, 0x2104, 0x18e3, 0x2124, 0x18c3, 0x0020, 0x0000, 0x0820, 0x0820, 0x0820, 0x0820, 0x1020, 0x1020, 0x2000, 0x2800, 0x4000, 0xb0c2, 0xf904, 0xf862, 0xf841, 0xf841, 0xf861, 0xf841, 0xf882, 0xf904, 0x9882, 0x4800, 0x3800, 0x3000, 0x3000, 0x2800, 0x2800, 0x2800, 0x2800, 0x2800, 0x2800, 0x3000, 0x2800, 0x2800, 0x2800, 0x2800, 0x2800, 0x2800, 0x2800, 0x2800, 0x2800, 0x2800, 0x2800, 0x2800, 0x2800, 0x3000, 0x3800, 0x3800, 0x6020, 0xc0c3, 0xf8e3, 0xf861, 0xf841, 0xf861, 0xf861, 0xf841, 0xf8c3, 0xe904, 0x8861, 0x3000, 0x2800, 0x1800, 0x1020, 0x0820, 0x0820, 0x0820, 0x0820, 0x0820, 0x0000, 0x0841, 0x20e3, 0x2104, 0x18e3, 0x2924, 0x39e7,
		0x39c7, 0x2104, 0x18e3, 0x2124, 0x18c3, 0x0020, 0x0000, 0x0820, 0x0820, 0x0820, 0x0820, 0x1020, 0x1020, 0x2000, 0x2800, 0x4000, 0xb0c3, 0xf904, 0xf862, 0xf841, 0xf841, 0xf861, 0xf841, 0xf882, 0xf904, 0xa082, 0x5000, 0x3800, 0x3800, 0x3800, 0x3000, 0x3000, 0x3000, 0x3800, 0x3800, 0x3800, 0x3800, 0x3800, 0x3800, 0x3000, 0x3000, 0x3000, 0x3000, 0x3000, 0x3000, 0x3800, 0x3800, 0x3000, 0x3000, 0x3800, 0x3800, 0x4000, 0x4000, 0x6020, 0xc0c3, 0xf8e4, 0xf841, 0xf841, 0xf861, 0xf861, 0xf841, 0xf8a3, 0xf104, 0x8862, 0x3000, 0x2800, 0x1800, 0x1020, 0x0820, 0x0820, 0x0820, 0x0820, 0x0820, 0x0000, 0x0841, 0x20e3, 0x2104, 0x2103, 0x2944, 0x39e7,
		0x39c7, 0x2104, 0x18e3, 0x2124, 0x18c3, 0x0020, 0x0000, 0x0820, 0x0820, 0x0820, 0x0820, 0x0820, 0x1020, 0x1800, 0x2800, 0x4000, 0xa8a2, 0xf8e4, 0xf882, 0xf841, 0xf861, 0xf861, 0xf861, 0xf882, 0xf904, 0x9862, 0x5000, 0x4800, 0x4000, 0x4000, 0x4000, 0x4000, 0x4000, 0x4000, 0x4000, 0x4000, 0x4000, 0x4000, 0x4000, 0x4000, 0x4000, 0x4000, 0x4000, 0x4000, 0x4000, 0x4000, 0x4000, 0x4000, 0x4000, 0x4000, 0x4000, 0x4800, 0x4800, 0x6020, 0xb8c3, 0xf904, 0xf861, 0xf841, 0xf861, 0xf861, 0xf841, 0xf8c3, 0xe8e4, 0x8061, 0x3000, 0x2000, 0x1800, 0x1020, 0x0820, 0x0820, 0x0820, 0x0820, 0x0820, 0x0000, 0x0841, 0x20e3, 0x2104, 0x2104, 0x2945, 0x41e7,
		0x39c7, 0x2104, 0x18e3, 0x2124, 0x18c3, 0x0020, 0x0000, 0x0820, 0x0820, 0x0820, 0x0820, 0x0820, 0x1020, 0x1800, 0x2800, 0x4000, 0x6841, 0xa882, 0xe8c3, 0xf8a2, 0xf841, 0xf841, 0xf8a2, 0xf0c3, 0xb082, 0x7020, 0x5800, 0x6820, 0x6820, 0x6020, 0x6000, 0x6000, 0x6000, 0x6000, 0x6000, 0x6000, 0x6000, 0x6000, 0x6020, 0x6020, 0x6020, 0x6020, 0x6000, 0x6000, 0x6000, 0x6000, 0x6020, 0x6000, 0x6000, 0x6000, 0x6020, 0x6820, 0x6000, 0x5800, 0x8041, 0xc0a2, 0xf8e3, 0xf862, 0xf841, 0xf861, 0xf8a3, 0xd8a3, 0x9061, 0x5820, 0x3000, 0x2000, 0x1820, 0x0820, 0x0820, 0x0820, 0x0820, 0x0820, 0x0820, 0x0000, 0x0841, 0x2104, 0x2104, 0x2103, 0x2945, 0x41e7,
		0x39c7, 0x2104, 0x20e3, 0x2124, 0x18c3, 0x0020, 0x0000, 0x0820, 0x0820, 0x0820, 0x0820, 0x0820, 0x1020, 0x1820, 0x2800, 0x3800, 0x3800, 0x7061, 0xe104, 0xf8c3, 0xf841, 0xf861, 0xf8c3, 0xd8e3, 0x7020, 0x4000, 0x7841, 0xc0c3, 0xc8e3, 0xc0c3, 0xc0c3, 0xc0c3, 0xc0c3, 0xc0c3, 0xc0c3, 0xc0c3, 0xc0c3, 0xc0c3, 0xc0c3, 0xc0c3, 0xc0c3, 0xc0c3, 0xc0c3, 0xc0c3, 0xc0c3, 0xc0c3, 0xc0c3, 0xc0c3, 0xc0c3, 0xc8c3, 0xc8c3, 0xc8e3, 0xb0a2, 0x6000, 0x4800, 0x9061, 0xf124, 0xf882, 0xf841, 0xf841, 0xf904, 0xb8c3, 0x5820, 0x3800, 0x3000, 0x1800, 0x1020, 0x0820, 0x0820, 0x0820, 0x0820, 0x0820, 0x0820, 0x0000, 0x0861, 0x2104, 0x2104, 0x20e3, 0x2945, 0x41e7,
		0x39c6, 0x2104, 0x20e3, 0x2124, 0x18c3, 0x0020, 0x0000, 0x0820, 0x0820, 0x0820, 0x0820, 0x0820, 0x1020, 0x1020, 0x2020, 0x3000, 0x3000, 0x5821, 0xa8a2, 0xe8a2, 0xf861, 0xf8a3, 0xe0c3, 0x9862, 0x5800, 0x5820, 0xb0a2, 0xf904, 0xf924, 0xf904, 0xf904, 0xf904, 0xf904, 0xf904, 0xf904, 0xf904, 0xf904, 0xf904, 0xf904, 0xf904, 0xf904, 0xf904, 0xf904, 0xf904, 0xf904, 0xf904, 0xf904, 0xf904, 0xf904, 0xf904, 0xf904, 0xf925, 0xe904, 0x9061, 0x5000, 0x6820, 0xb0a2, 0xf0e3, 0xf882, 0xf862, 0xd8c3, 0x9082, 0x4800, 0x3000, 0x2800, 0x1800, 0x1020, 0x0820, 0x0820, 0x0820, 0x0820, 0x0820, 0x0820, 0x0000, 0x0861, 0x2104, 0x2104, 0x2103, 0x2945, 0x41e7,
		0x39c6, 0x2104, 0x18e3, 0x2124, 0x18c3, 0x0020, 0x0000, 0x0820, 0x0820, 0x0820, 0x0820, 0x0820, 0x1020, 0x1020, 0x1820, 0x2800, 0x3800, 0x4000, 0x6820, 0xc882, 0xf8e4, 0xf0e4, 0xa882, 0x6000, 0x5000, 0xa082, 0xe0e3, 0xf8a3, 0xf882, 0xf8a2, 0xf8a2, 0xf882, 0xf882, 0xf8a2, 0xf8a2, 0xf8a2, 0xf882, 0xf882, 0xf882, 0xf882, 0xf882, 0xf882, 0xf882, 0xf882, 0xf882, 0xf8a2, 0xf882, 0xf882, 0xf882, 0xf882, 0xf8a2, 0xf8a2, 0xf8c3, 0xd0e3, 0x8861, 0x5000, 0x6800, 0xd0e3, 0xf904, 0xf8e3, 0xa061, 0x5820, 0x4000, 0x2800, 0x1800, 0x1020, 0x0820, 0x0820, 0x0820, 0x0820, 0x0820, 0x0820, 0x0820, 0x0000, 0x0861, 0x2104, 0x2104, 0x2103, 0x2945, 0x41e7,
		0x39c7, 0x2104, 0x18e3, 0x2124, 0x18c3, 0x0020, 0x0000, 0x0820, 0x0820, 0x0820, 0x0820, 0x0820, 0x0820, 0x1020, 0x1020, 0x2000, 0x3000, 0x3800, 0x5800, 0xb8c2, 0xf145, 0xc0a3, 0x7820, 0x5800, 0x7841, 0xd8c3, 0xf8c3, 0xf841, 0xf841, 0xf841, 0xf841, 0xf841, 0xf841, 0xf841, 0xf841, 0xf841, 0xf841, 0xf841, 0xf841, 0xf841, 0xf841, 0xf841, 0xf841, 0xf841, 0xf841, 0xf841, 0xf841, 0xf841, 0xf841, 0xf841, 0xf841, 0xf841, 0xf882, 0xf8e4, 0xb8c3, 0x6820, 0x5800, 0x9061, 0xd904, 0xf145, 0x9061, 0x4000, 0x3800, 0x2800, 0x1820, 0x1020, 0x0820, 0x0820, 0x0820, 0x0820, 0x0820, 0x0820, 0x0820, 0x0000, 0x0861, 0x2104, 0x2104, 0x18e3, 0x2945, 0x41e7,
		0x39c7, 0x2124, 0x20e3, 0x2124, 0x18c3, 0x0020, 0x0000, 0x0820, 0x0820, 0x0820, 0x0820, 0x0820, 0x0820, 0x0820, 0x1020, 0x1820, 0x2800, 0x3800, 0x5800, 0x9061, 0xb0c2, 0x7841, 0x5000, 0x7020, 0xd0e3, 0xf8c3, 0xf862, 0xf841, 0xf841, 0xf841, 0xf841, 0xf841, 0xf841, 0xf841, 0xf841, 0xf841, 0xf841, 0xf841, 0xf841, 0xf841, 0xf841, 0xf841, 0xf841, 0xf841, 0xf841, 0xf841, 0xf841, 0xf841, 0xf841, 0xf841, 0xf841, 0xf841, 0xf861, 0xf882, 0xf0e3, 0xb8a2, 0x6000, 0x5800, 0x9081, 0xb0a2, 0x7841, 0x4800, 0x3000, 0x2000, 0x1020, 0x1020, 0x0820, 0x0820, 0x0820, 0x0820, 0x0820, 0x0820, 0x0820, 0x0000, 0x0841, 0x20e3, 0x2104, 0x20e3, 0x2945, 0x41e7,
		0x39c7, 0x2104, 0x18e3, 0x2124, 0x18c3, 0x0020, 0x0000, 0x0820, 0x0820, 0x0820, 0x0820, 0x0820, 0x0820, 0x0820, 0x1020, 0x1820, 0x2000, 0x3800, 0x5000, 0x6000, 0x6020, 0x6000, 0x8041, 0xc0a2, 0xf8c3, 0xf882, 0xf841, 0xf841, 0xf861, 0xf861, 0xf861, 0xf861, 0xf841, 0xf841, 0xf841, 0xf861, 0xf841, 0xf861, 0xf861, 0xf861, 0xf861, 0xf841, 0xf841, 0xf861, 0xf861, 0xf841, 0xf861, 0xf841, 0xf861, 0xf841, 0xf841, 0xf861, 0xf841, 0xf861, 0xf8a3, 0xe8c3, 0xa882, 0x7020, 0x6000, 0x6800, 0x5800, 0x4800, 0x3000, 0x1800, 0x1020, 0x0820, 0x0820, 0x0820, 0x0820, 0x0820, 0x0820, 0x0820, 0x0820, 0x0000, 0x0841, 0x20e3, 0x2104, 0x20e4, 0x2945, 0x41e7,
		0x39c7, 0x2104, 0x18e3, 0x2124, 0x18c3, 0x0020, 0x0000, 0x0820, 0x0820, 0x0820, 0x0820, 0x0820, 0x0820, 0x0820, 0x1020, 0x1800, 0x2000, 0x3800, 0x5000, 0x5000, 0x4800, 0x6000, 0xa8a2, 0xe903, 0xf882, 0xf861, 0xf841, 0xf861, 0xf861, 0xf861, 0xf861, 0xf861, 0xf861, 0xf841, 0xf841, 0xf861, 0xf861, 0xf861, 0xf861, 0xf861, 0xf861, 0xf861, 0xf861, 0xf861, 0xf861, 0xf861, 0xf861, 0xf861, 0xf861, 0xf861, 0xf861, 0xf861, 0xf841, 0xf841, 0xf862, 0xf8a3, 0xe103, 0x8841, 0x5800, 0x5000, 0x5000, 0x4000, 0x2800, 0x1800, 0x1020, 0x0820, 0x0820, 0x0820, 0x0820, 0x0820, 0x0820, 0x0820, 0x0820, 0x0000, 0x0841, 0x2104, 0x2104, 0x2104, 0x2945, 0x41e7,
		0x39c7, 0x2104, 0x18e3, 0x2124, 0x18c3, 0x0020, 0x0000, 0x0820, 0x0820, 0x0820, 0x0820, 0x0820, 0x0820, 0x1020, 0x1020, 0x1800, 0x2000, 0x3800, 0x5000, 0x6000, 0x6800, 0x6000, 0x8041, 0xb8a2, 0xf8e3, 0xf882, 0xf841, 0xf841, 0xf861, 0xf861, 0xf861, 0xf861, 0xf861, 0xf841, 0xf841, 0xf861, 0xf861, 0xf861, 0xf861, 0xf861, 0xf861, 0xf861, 0xf861, 0xf861, 0xf861, 0xf861, 0xf861, 0xf861, 0xf861, 0xf861, 0xf861, 0xf861, 0xf841, 0xf861, 0xf8a2, 0xf0c3, 0xa882, 0x7020, 0x6800, 0x6800, 0x6000, 0x4800, 0x3000, 0x2000, 0x1020, 0x1020, 0x0820, 0x0820, 0x0820, 0x0820, 0x0820, 0x0820, 0x0820, 0x0000, 0x0841, 0x2104, 0x2104, 0x2104, 0x2945, 0x41e7,
		0x39c7, 0x2104, 0x18e3, 0x2124, 0x18c3, 0x0020, 0x0000, 0x0820, 0x0820, 0x0820, 0x0820, 0x0820, 0x0820, 0x1020, 0x1020, 0x2000, 0x3000, 0x3800, 0x5000, 0x8861, 0xa8a2, 0x7820, 0x5000, 0x7820, 0xd103, 0xf8c3, 0xf862, 0xf841, 0xf841, 0xf841, 0xf841, 0xf841, 0xf841, 0xf841, 0xf841, 0xf841, 0xf841, 0xf841, 0xf841, 0xf841, 0xf841, 0xf841, 0xf841, 0xf841, 0xf841, 0xf841, 0xf841, 0xf841, 0xf841, 0xf861, 0xf841, 0xf841, 0xf841, 0xf882, 0xf0e3, 0xc0c3, 0x6000, 0x5800, 0x9061, 0xb0a2, 0x7820, 0x4800, 0x3800, 0x2800, 0x1820, 0x1020, 0x0820, 0x0820, 0x0820, 0x0820, 0x0820, 0x0820, 0x0820, 0x0000, 0x0841, 0x2104, 0x2104, 0x2104, 0x2945, 0x41e7,
		0x39c6, 0x2104, 0x20e3, 0x2124, 0x18c3, 0x0020, 0x0000, 0x0820, 0x0820, 0x0820, 0x0820, 0x0820, 0x0820, 0x1020, 0x1800, 0x2000, 0x3800, 0x4000, 0x5800, 0xb8c3, 0xf145, 0xa882, 0x6820, 0x6000, 0x8841, 0xd8c3, 0xf8c3, 0xf861, 0xf841, 0xf841, 0xf841, 0xf841, 0xf841, 0xf841, 0xf841, 0xf841, 0xf841, 0xf841, 0xf841, 0xf841, 0xf841, 0xf841, 0xf841, 0xf841, 0xf841, 0xf841, 0xf841, 0xf841, 0xf841, 0xf841, 0xf841, 0xf841, 0xf882, 0xf0e3, 0xc0a3, 0x7841, 0x6000, 0x7821, 0xc8e3, 0xf924, 0x9861, 0x4800, 0x4000, 0x3000, 0x1800, 0x1020, 0x0820, 0x0820, 0x0820, 0x0820, 0x0820, 0x0820, 0x0820, 0x0000, 0x0861, 0x2104, 0x2104, 0x2104, 0x2945, 0x4207,
		0x39c7, 0x2104, 0x18e3, 0x2124, 0x18c3, 0x0020, 0x0000, 0x0820, 0x0820, 0x0820, 0x0820, 0x0820, 0x1020, 0x1020, 0x1800, 0x2800, 0x3800, 0x5000, 0x8041, 0xd0a2, 0xf8c3, 0xe8e4, 0xa8a2, 0x5800, 0x5800, 0xa8a2, 0xe8c3, 0xf8a2, 0xf882, 0xf882, 0xf882, 0xf882, 0xf882, 0xf882, 0xf882, 0xf882, 0xf882, 0xf882, 0xf882, 0xf882, 0xf882, 0xf882, 0xf882, 0xf882, 0xf882, 0xf882, 0xf882, 0xf882, 0xf882, 0xf882, 0xf882, 0xf882, 0xf8c3, 0xd8c3, 0x8861, 0x5000, 0x6800, 0xc8c3, 0xf8c3, 0xf8a2, 0xc082, 0x7041, 0x4800, 0x3000, 0x2000, 0x1800, 0x1020, 0x0820, 0x0820, 0x0820, 0x0820, 0x0820, 0x0820, 0x0000, 0x0861, 0x2104, 0x2104, 0x2104, 0x2945, 0x4207,
		0x39c7, 0x2104, 0x18e3, 0x2124, 0x18c3, 0x0020, 0x0000, 0x0820, 0x0820, 0x0820, 0x0820, 0x0820, 0x1020, 0x1820, 0x2000, 0x3000, 0x3000, 0x6841, 0xc8c3, 0xf0a2, 0xf861, 0xf8e3, 0xd0c3, 0x8861, 0x6000, 0x6820, 0xb8a2, 0xf904, 0xf904, 0xf904, 0xf904, 0xf904, 0xf904, 0xf904, 0xf904, 0xf904, 0xf904, 0xf904, 0xf904, 0xf904, 0xf904, 0xf904, 0xf904, 0xf904, 0xf904, 0xf904, 0xf904, 0xf904, 0xf904, 0xf904, 0xf904, 0xf924, 0xe8e3, 0x9061, 0x5800, 0x6000, 0xa062, 0xf0e3, 0xf882, 0xf841, 0xf0e3, 0xa8c2, 0x5000, 0x3800, 0x2800, 0x1800, 0x1020, 0x0820, 0x0820, 0x0820, 0x0820, 0x0820, 0x0820, 0x0000, 0x0841, 0x2104, 0x2104, 0x2103, 0x2945, 0x41e7,
		0x39c7, 0x2104, 0x20e3, 0x2124, 0x18c3, 0x0020, 0x0000, 0x0820, 0x0820, 0x0820, 0x0820, 0x0820, 0x1020, 0x1820, 0x2000, 0x3800, 0x6021, 0xa882, 0xf0c3, 0xf882, 0xf841, 0xf862, 0xf0c3, 0xd0e3, 0x7020, 0x4800, 0x8041, 0xb8c3, 0xc0c3, 0xc0c3, 0xc0c3, 0xc0c3, 0xc0c3, 0xc0c3, 0xc0c3, 0xc0c3, 0xc0c3, 0xc0c3, 0xc0c3, 0xc0c3, 0xc0c3, 0xc0c3, 0xc0c3, 0xc0c3, 0xc0c3, 0xc0c3, 0xc0c3, 0xc0c3, 0xc0c3, 0xc0c3, 0xc0c3, 0xc0e3, 0xa8a2, 0x6000, 0x4800, 0x8841, 0xe0e4, 0xf8a2, 0xf841, 0xf841, 0xf8c3, 0xd8c3, 0x9061, 0x5820, 0x3000, 0x2000, 0x1000, 0x0820, 0x0820, 0x0820, 0x0820, 0x0820, 0x0820, 0x0000, 0x0841, 0x2103, 0x2104, 0x2103, 0x2945, 0x41e7,
		0x39c7, 0x2104, 0x20e3, 0x2124, 0x18c3, 0x0020, 0x0000, 0x0820, 0x0820, 0x0820, 0x0820, 0x0820, 0x1020, 0x1800, 0x2800, 0x3800, 0xa082, 0xe8e3, 0xf882, 0xf841, 0xf841, 0xf841, 0xf8a2, 0xf8e3, 0xb082, 0x7020, 0x6000, 0x6020, 0x6820, 0x6020, 0x6020, 0x6020, 0x6020, 0x6020, 0x6020, 0x6020, 0x6020, 0x6020, 0x6020, 0x6020, 0x6020, 0x6020, 0x6020, 0x6020, 0x6020, 0x6020, 0x6020, 0x6020, 0x5820, 0x6020, 0x6020, 0x6820, 0x6020, 0x5800, 0x8041, 0xc0a2, 0xf8e3, 0xf862, 0xf841, 0xf861, 0xf861, 0xf8a3, 0xd8e3, 0x8061, 0x2800, 0x2000, 0x1800, 0x1020, 0x0820, 0x0820, 0x0820, 0x0820, 0x0820, 0x0000, 0x0841, 0x2103, 0x2104, 0x2103, 0x2945, 0x41e7,
		0x39c6, 0x2124, 0x18e3, 0x2124, 0x18c3, 0x0020, 0x0000, 0x0820, 0x0820, 0x0820, 0x0820, 0x0820, 0x1020, 0x1800, 0x2800, 0x4000, 0xb0a3, 0xf904, 0xf862, 0xf821, 0xf841, 0xf841, 0xf841, 0xf882, 0xf8e4, 0x9861, 0x5000, 0x4000, 0x4000, 0x3800, 0x3800, 0x3800, 0x3800, 0x3800, 0x3800, 0x3800, 0x3800, 0x3800, 0x3800, 0x3800, 0x3800, 0x3800, 0x3800, 0x3800, 0x3800, 0x3800, 0x3800, 0x3800, 0x3800, 0x3800, 0x3800, 0x4000, 0x4000, 0x6020, 0xb8a2, 0xf8e3, 0xf862, 0xf841, 0xf841, 0xf841, 0xf841, 0xf8a3, 0xf104, 0x8862, 0x2800, 0x2800, 0x1800, 0x1020, 0x0820, 0x0820, 0x0820, 0x0820, 0x0820, 0x0000, 0x0841, 0x2103, 0x2104, 0x2103, 0x2945, 0x41e7,
		0x39c6, 0x2104, 0x18e3, 0x2124, 0x18c3, 0x0020, 0x0000, 0x0820, 0x0820, 0x0820, 0x0820, 0x0820, 0x1000, 0x2000, 0x2800, 0x4000, 0xb0a2, 0xf8e4, 0xf862, 0xf841, 0xf841, 0xf841, 0xf841, 0xf862, 0xf904, 0xa082, 0x5000, 0x4000, 0x4000, 0x3800, 0x3000, 0x3000, 0x3000, 0x3000, 0x3800, 0x3800, 0x3800, 0x3800, 0x3800, 0x3800, 0x3800, 0x3000, 0x3000, 0x3800, 0x3800, 0x3000, 0x3000, 0x3000, 0x3800, 0x3800, 0x3800, 0x4000, 0x4000, 0x6820, 0xc8c3, 0xf8e4, 0xf841, 0xf841, 0xf841, 0xf841, 0xf841, 0xf8c3, 0xe903, 0x8861, 0x3000, 0x2800, 0x1800, 0x1020, 0x0820, 0x0820, 0x0820, 0x0820, 0x0820, 0x0000, 0x0841, 0x2104, 0x2104, 0x2104, 0x2945, 0x41e7,
		0x39c7, 0x2104, 0x18e3, 0x2124, 0x18c3, 0x0020, 0x0000, 0x0820, 0x0820, 0x0820, 0x0820, 0x1020, 0x1820, 0x2000, 0x3000, 0x4000, 0xa8a2, 0xf8e4, 0xf862, 0xf841, 0xf841, 0xf841, 0xf841, 0xf882, 0xf924, 0x9882, 0x4800, 0x3800, 0x3800, 0x2800, 0x2800, 0x2800, 0x2800, 0x2800, 0x2800, 0x2800, 0x2800, 0x2800, 0x2800, 0x2800, 0x2800, 0x2800, 0x2800, 0x2800, 0x2800, 0x2800, 0x2800, 0x2800, 0x2800, 0x2800, 0x3000, 0x3800, 0x3800, 0x6020, 0xc0c3, 0xf8e3, 0xf861, 0xf841, 0xf861, 0xf861, 0xf841, 0xf8c3, 0xe8e3, 0x8861, 0x3000, 0x2800, 0x1800, 0x1020, 0x0820, 0x0820, 0x0820, 0x0820, 0x0820, 0x0000, 0x0841, 0x2104, 0x2104, 0x20e3, 0x2945, 0x41e7,
		0x39c7, 0x2104, 0x18e3, 0x2124, 0x18c3, 0x0020, 0x0000, 0x0820, 0x0820, 0x0820, 0x0820, 0x1020, 0x1800, 0x2000, 0x3000, 0x4000, 0xb0a2, 0xf8e4, 0xf862, 0xf841, 0xf841, 0xf841, 0xf841, 0xf882, 0xf904, 0x9882, 0x4800, 0x3000, 0x3000, 0x2000, 0x2000, 0x2000, 0x2000, 0x2000, 0x2000, 0x2000, 0x2000, 0x2000, 0x2000, 0x2000, 0x2000, 0x2000, 0x2000, 0x2000, 0x2000, 0x2000, 0x2000, 0x2000, 0x2000, 0x2000, 0x2800, 0x3000, 0x3800, 0x5820, 0xb8c3, 0xf8e3, 0xf861, 0xf841, 0xf861, 0xf861, 0xf841, 0xf8c3, 0xe8e4, 0x8861, 0x3000, 0x2800, 0x2000, 0x1020, 0x0820, 0x0820, 0x0820, 0x0820, 0x0820, 0x0000, 0x0861, 0x2104, 0x2104, 0x20e3, 0x2945, 0x41e7,
		0x39c7, 0x2104, 0x18e3, 0x2124, 0x18c3, 0x0020, 0x0000, 0x0820, 0x0820, 0x0820, 0x0820, 0x1020, 0x1800, 0x2000, 0x3000, 0x4000, 0xb0a2, 0xf8e3, 0xf862, 0xf841, 0xf841, 0xf841, 0xf841, 0xf882, 0xf904, 0x9861, 0x4000, 0x3000, 0x2800, 0x2000, 0x1820, 0x1820, 0x1820, 0x1820, 0x1820, 0x1820, 0x1820, 0x1820, 0x1820, 0x1820, 0x1820, 0x1820, 0x1820, 0x1820, 0x1820, 0x1820, 0x1820, 0x1800, 0x1820, 0x1820, 0x2000, 0x3000, 0x3000, 0x5820, 0xb8c3, 0xf8e3, 0xf861, 0xf841, 0xf861, 0xf861, 0xf841, 0xf8a3, 0xe904, 0x8861, 0x3000, 0x2800, 0x2000, 0x1020, 0x0820, 0x0820, 0x0820, 0x0820, 0x0820, 0x0000, 0x0861, 0x2104, 0x2104, 0x18e3, 0x2945, 0x41e7,
		0x39c7, 0x2104, 0x18e3, 0x2124, 0x18c3, 0x0020, 0x0000, 0x0820, 0x0820, 0x0820, 0x0820, 0x1020, 0x1800, 0x2000, 0x3000, 0x4000, 0xa8a2, 0xf8e3, 0xf862, 0xf841, 0xf841, 0xf841, 0xf841, 0xf882, 0xf904, 0x9861, 0x4000, 0x3000, 0x2000, 0x1820, 0x1020, 0x1020, 0x1020, 0x1020, 0x1020, 0x1020, 0x1020, 0x1020, 0x1020, 0x1020, 0x1020, 0x1020, 0x1020, 0x1020, 0x1020, 0x1020, 0x1020, 0x1020, 0x1020, 0x1820, 0x2000, 0x3000, 0x3000, 0x5820, 0xb8c3, 0xf8e3, 0xf861, 0xf841, 0xf861, 0xf861, 0xf841, 0xf8a2, 0xe8e3, 0x8861, 0x3000, 0x2800, 0x2000, 0x1020, 0x0820, 0x0820, 0x0820, 0x0820, 0x0820, 0x0000, 0x0861, 0x2104, 0x2104, 0x18e3, 0x2925, 0x41e7,
		0x39c7, 0x2104, 0x18e3, 0x2104, 0x18c3, 0x0020, 0x0000, 0x0820, 0x0820, 0x0820, 0x0820, 0x1020, 0x1820, 0x2000, 0x3000, 0x4000, 0xa8a2, 0xf8e4, 0xf862, 0xf841, 0xf841, 0xf841, 0xf841, 0xf882, 0xf904, 0x9861, 0x4800, 0x3000, 0x2800, 0x1820, 0x1020, 0x1020, 0x1020, 0x1020, 0x1020, 0x1020, 0x1020, 0x1020, 0x1020, 0x1020, 0x1020, 0x1020, 0x1020, 0x1020, 0x1020, 0x1020, 0x1020, 0x1020, 0x1020, 0x1020, 0x2000, 0x3000, 0x3000, 0x5820, 0xc0a2, 0xf8e3, 0xf861, 0xf841, 0xf861, 0xf861, 0xf841, 0xf8c2, 0xe8e3, 0x8861, 0x3000, 0x2800, 0x2000, 0x1020, 0x0820, 0x0820, 0x0820, 0x0820, 0x0820, 0x0000, 0x0841, 0x20e3, 0x2104, 0x18e3, 0x2924, 0x41e7,
		0x39c7, 0x2104, 0x18e3, 0x2124, 0x18c3, 0x0020, 0x0000, 0x0820, 0x0820, 0x0820, 0x0820, 0x1020, 0x1800, 0x2000, 0x3000, 0x4000, 0xb0a2, 0xf8e4, 0xf862, 0xf841, 0xf841, 0xf861, 0xf861, 0xf882, 0xf904, 0x9881, 0x4000, 0x3000, 0x2800, 0x1800, 0x1020, 0x1020, 0x1020, 0x1020, 0x1020, 0x1020, 0x1020, 0x1020, 0x1020, 0x1020, 0x1020, 0x1020, 0x1020, 0x1020, 0x1020, 0x1020, 0x1020, 0x1020, 0x1020, 0x1020, 0x2000, 0x3000, 0x3000, 0x5820, 0xc0a3, 0xf8e3, 0xf861, 0xf841, 0xf861, 0xf861, 0xf841, 0xf8c3, 0xe8e3, 0x8861, 0x3000, 0x3000, 0x2000, 0x1020, 0x0820, 0x0820, 0x0820, 0x0820, 0x0820, 0x0000, 0x0841, 0x2103, 0x2104, 0x2103, 0x2945, 0x39e7,
		0x39c7, 0x2104, 0x18e3, 0x2124, 0x18c3, 0x0020, 0x0000, 0x0820, 0x0820, 0x0820, 0x0820, 0x1020, 0x1800, 0x2000, 0x3000, 0x4000, 0xb0a2, 0xf8e4, 0xf862, 0xf841, 0xf861, 0xf861, 0xf841, 0xf882, 0xf904, 0x9882, 0x4000, 0x3000, 0x2800, 0x1800, 0x1020, 0x1020, 0x1020, 0x1020, 0x1020, 0x1020, 0x1020, 0x1020, 0x1020, 0x1020, 0x1020, 0x1020, 0x1020, 0x1020, 0x1020, 0x1020, 0x1020, 0x1020, 0x1020, 0x1020, 0x2000, 0x3000, 0x3000, 0x5820, 0xc0a3, 0xf8e3, 0xf861, 0xf841, 0xf861, 0xf861, 0xf841, 0xf8c3, 0xe8e3, 0x8861, 0x3000, 0x3000, 0x2000, 0x1020, 0x0820, 0x0820, 0x0820, 0x0820, 0x0820, 0x0000, 0x0841, 0x2104, 0x2104, 0x2104, 0x2945, 0x41e7,
		0x39c7, 0x2104, 0x18e3, 0x2124, 0x18c3, 0x0020, 0x0000, 0x0820, 0x0820, 0x0820, 0x0820, 0x1020, 0x1820, 0x2000, 0x3000, 0x4000, 0xb0a2, 0xf8e3, 0xf862, 0xf841, 0xf861, 0xf841, 0xf841, 0xf882, 0xf904, 0x9882, 0x4000, 0x3000, 0x2800, 0x1820, 0x1020, 0x1020, 0x1020, 0x1020, 0x1020, 0x1020, 0x1020, 0x1020, 0x1020, 0x1020, 0x1020, 0x1020, 0x1020, 0x1020, 0x1020, 0x1020, 0x1020, 0x1020, 0x1020, 0x1020, 0x2000, 0x3000, 0x3000, 0x5820, 0xc0c3, 0xf8e3, 0xf861, 0xf841, 0xf861, 0xf861, 0xf841, 0xf8a3, 0xe8e4, 0x8861, 0x3000, 0x3000, 0x2000, 0x1020, 0x0820, 0x0820, 0x0820, 0x0820, 0x0820, 0x0000, 0x0841, 0x2104, 0x2104, 0x2104, 0x2945, 0x39e7,
		0x39c7, 0x2104, 0x18e3, 0x2124, 0x18c3, 0x0020, 0x0000, 0x0820, 0x0820, 0x0820, 0x0820, 0x1020, 0x1820, 0x2000, 0x3000, 0x4000, 0xb0a2, 0xf8e3, 0xf862, 0xf841, 0xf841, 0xf841, 0xf841, 0xf882, 0xf904, 0x9881, 0x4000, 0x3000, 0x2800, 0x1800, 0x1020, 0x1020, 0x1020, 0x1020, 0x1020, 0x1020, 0x1020, 0x1020, 0x1020, 0x1020, 0x1020, 0x1020, 0x1020, 0x1020, 0x1020, 0x1020, 0x1020, 0x1020, 0x1020, 0x1020, 0x2000, 0x3000, 0x3000, 0x5820, 0xc0c2, 0xf8e3, 0xf861, 0xf841, 0xf841, 0xf861, 0xf841, 0xf8a3, 0xe8e3, 0x8861, 0x3000, 0x3000, 0x2000, 0x1020, 0x0820, 0x0820, 0x0820, 0x0820, 0x0820, 0x0000, 0x0841, 0x2103, 0x2104, 0x20e4, 0x2945, 0x41e7,
		0x39c7, 0x2104, 0x18e3, 0x2124, 0x18c3, 0x0020, 0x0000, 0x0820, 0x0820, 0x0820, 0x0820, 0x1020, 0x1820, 0x2000, 0x3000, 0x4000, 0xa8a2, 0xf8e3, 0xf862, 0xf841, 0xf841, 0xf841, 0xf841, 0xf882, 0xf904, 0x9881, 0x4800, 0x3000, 0x2800, 0x1800, 0x1020, 0x1020, 0x1020, 0x1020, 0x1020, 0x1020, 0x1020, 0x1020, 0x1020, 0x1020, 0x1020, 0x1020, 0x1020, 0x1020, 0x1020, 0x1020, 0x1020, 0x1020, 0x1020, 0x1020, 0x2000, 0x3000, 0x3000, 0x5820, 0xc0a2, 0xf8e3, 0xf861, 0xf841, 0xf841, 0xf861, 0xf841, 0xf8a2, 0xe8e3, 0x8861, 0x3000, 0x3000, 0x2000, 0x1020, 0x0820, 0x0820, 0x0820, 0x0820, 0x0820, 0x0000, 0x0841, 0x2103, 0x2104, 0x20e4, 0x2945, 0x41e7,
		0x39c7, 0x2104, 0x18e3, 0x2124, 0x18c3, 0x0020, 0x0000, 0x0820, 0x0820, 0x0820, 0x0820, 0x1020, 0x1800, 0x2000, 0x3000, 0x4000, 0xa8a2, 0xf8e4, 0xf862, 0xf841, 0xf841, 0xf841, 0xf841, 0xf882, 0xf904, 0x9861, 0x4800, 0x3000, 0x2800, 0x1820, 0x1020, 0x1020, 0x1020, 0x1020, 0x1020, 0x1020, 0x1020, 0x1020, 0x1020, 0x1020, 0x1020, 0x1020, 0x1020, 0x1020, 0x1020, 0x1020, 0x1020, 0x1020, 0x1020, 0x1020, 0x2020, 0x3000, 0x3000, 0x5820, 0xc0a2, 0xf8e3, 0xf861, 0xf841, 0xf841, 0xf861, 0xf841, 0xf8a2, 0xe8e3, 0x8861, 0x3000, 0x3000, 0x2000, 0x1020, 0x0820, 0x0820, 0x0820, 0x0820, 0x0820, 0x0000, 0x0841, 0x20e3, 0x2104, 0x2103, 0x2945, 0x41e7,
		0x39c7, 0x2104, 0x18e3, 0x2104, 0x18c3, 0x0020, 0x0000, 0x0820, 0x0820, 0x0820, 0x0820, 0x1020, 0x1800, 0x2000, 0x3000, 0x4000, 0xa8a2, 0xf8e4, 0xf862, 0xf841, 0xf841, 0xf841, 0xf841, 0xf882, 0xf904, 0x9861, 0x4800, 0x3000, 0x2800, 0x1820, 0x1020, 0x1020, 0x1020, 0x1020, 0x1020, 0x1020, 0x1020, 0x1020, 0x1020, 0x1020, 0x1020, 0x1020, 0x1020, 0x1020, 0x1020, 0x1020, 0x1020, 0x1020, 0x1020, 0x1020, 0x2000, 0x3000, 0x3000, 0x5820, 0xc0a2, 0xf8e3, 0xf861, 0xf841, 0xf841, 0xf841, 0xf841, 0xf8a3, 0xe8e3, 0x8861, 0x3000, 0x3000, 0x2000, 0x1020, 0x0820, 0x0820, 0x0820, 0x0820, 0x0820, 0x0000, 0x0841, 0x2103, 0x2104, 0x2103, 0x2945, 0x4207,
		0x39c7, 0x2104, 0x18e3, 0x2124, 0x18c3, 0x0020, 0x0000, 0x0820, 0x0820, 0x0820, 0x0820, 0x1020, 0x1820, 0x2000, 0x3000, 0x4000, 0xa8a2, 0xf8e3, 0xf862, 0xf841, 0xf841, 0xf841, 0xf841, 0xf882, 0xf904, 0x9861, 0x4800, 0x3000, 0x2800, 0x1800, 0x1020, 0x1020, 0x1020, 0x1020, 0x1020, 0x1020, 0x1020, 0x1020, 0x1020, 0x1020, 0x1020, 0x1020, 0x1020, 0x1020, 0x1020, 0x1020, 0x1020, 0x1020, 0x1020, 0x1020, 0x2000, 0x3000, 0x3000, 0x5820, 0xc0a2, 0xf8e3, 0xf861, 0xf841, 0xf841, 0xf841, 0xf841, 0xf8a3, 0xe903, 0x8861, 0x3000, 0x2800, 0x2000, 0x1020, 0x0820, 0x0820, 0x0820, 0x0820, 0x0820, 0x0000, 0x0841, 0x2103, 0x2104, 0x2104, 0x2945, 0x41e7,
		0x39c7, 0x2104, 0x18e3, 0x2124, 0x18c3, 0x0020, 0x0000, 0x0820, 0x0820, 0x0820, 0x0820, 0x1020, 0x1820, 0x2000, 0x3000, 0x4000, 0xa8a2, 0xf8e4, 0xf862, 0xf841, 0xf841, 0xf841, 0xf841, 0xf882, 0xf904, 0x9862, 0x4800, 0x3000, 0x2800, 0x1820, 0x1020, 0x1020, 0x1020, 0x1020, 0x1020, 0x1020, 0x1020, 0x1020, 0x1020, 0x1020, 0x1020, 0x1020, 0x1020, 0x1020, 0x1020, 0x1020, 0x1020, 0x1020, 0x1020, 0x1020, 0x2000, 0x2800, 0x3000, 0x5820, 0xc0a2, 0xf8e3, 0xf861, 0xf841, 0xf861, 0xf861, 0xf841, 0xf8c3, 0xe904, 0x8861, 0x3000, 0x2800, 0x2000, 0x1020, 0x0820, 0x0820, 0x0820, 0x0820, 0x0820, 0x0000, 0x0841, 0x20e3, 0x2104, 0x2104, 0x2945, 0x41e7,
		0x39c7, 0x2104, 0x18e3, 0x2124, 0x18c3, 0x0020, 0x0000, 0x0820, 0x0820, 0x0820, 0x0820, 0x1020, 0x1820, 0x2000, 0x3000, 0x4000, 0xa8a2, 0xf8e4, 0xf862, 0xf841, 0xf841, 0xf841, 0xf841, 0xf882, 0xf904, 0x9882, 0x4800, 0x3000, 0x2800, 0x1820, 0x1020, 0x1020, 0x1020, 0x1020, 0x1020, 0x1020, 0x1020, 0x1020, 0x1020, 0x1020, 0x1020, 0x1020, 0x1020, 0x1020, 0x1020, 0x1020, 0x1020, 0x1020, 0x1020, 0x1020, 0x1800, 0x2800, 0x3000, 0x5820, 0xc0c3, 0xf8e3, 0xf861, 0xf841, 0xf861, 0xf861, 0xf841, 0xf8c3, 0xe904, 0x8861, 0x3000, 0x2800, 0x2000, 0x1020, 0x0820, 0x0820, 0x0820, 0x0820, 0x0820, 0x0000, 0x0841, 0x20e3, 0x2104, 0x2104, 0x2945, 0x39e7,
		0x39c7, 0x2104, 0x18e3, 0x2124, 0x18c3, 0x0020, 0x0000, 0x0820, 0x0820, 0x0820, 0x0820, 0x1020, 0x1820, 0x2000, 0x3000, 0x4000, 0xa8a2, 0xf8e3, 0xf862, 0xf841, 0xf841, 0xf841, 0xf841, 0xf882, 0xf904, 0x9882, 0x4800, 0x3000, 0x2800, 0x1820, 0x1020, 0x1020, 0x1020, 0x1020, 0x1020, 0x1020, 0x1020, 0x1020, 0x1020, 0x1020, 0x1020, 0x1020, 0x1020, 0x1020, 0x1020, 0x1020, 0x1020, 0x1020, 0x1020, 0x1020, 0x1800, 0x2800, 0x3000, 0x5820, 0xc0c3, 0xf8e3, 0xf861, 0xf841, 0xf861, 0xf861, 0xf841, 0xf8c3, 0xe903, 0x8861, 0x3000, 0x2800, 0x2000, 0x1020, 0x0820, 0x0820, 0x0820, 0x0820, 0x0820, 0x0000, 0x0841, 0x2103, 0x2104, 0x2104, 0x2945, 0x39e7,
		0x39c7, 0x2104, 0x18e3, 0x2124, 0x18c3, 0x0020, 0x0000, 0x0820, 0x0820, 0x0820, 0x0820, 0x1020, 0x1800, 0x2000, 0x3000, 0x4000, 0xb0a2, 0xf8e3, 0xf862, 0xf841, 0xf841, 0xf841, 0xf841, 0xf882, 0xf904, 0x9882, 0x4800, 0x3000, 0x2800, 0x1820, 0x1020, 0x1020, 0x1020, 0x1020, 0x1020, 0x1020, 0x1020, 0x1020, 0x1020, 0x1020, 0x1020, 0x1020, 0x1020, 0x1020, 0x1020, 0x1020, 0x1020, 0x1020, 0x1020, 0x1020, 0x1800, 0x2800, 0x3000, 0x5820, 0xc0c3, 0xf8e3, 0xf861, 0xf841, 0xf861, 0xf861, 0xf841, 0xf8a3, 0xe903, 0x8861, 0x3000, 0x2800, 0x2000, 0x1020, 0x0820, 0x0820, 0x0820, 0x0820, 0x0820, 0x0000, 0x0841, 0x2103, 0x2104, 0x20e3, 0x2944, 0x41e7,
		0x39c7, 0x2104, 0x18e3, 0x2124, 0x18c3, 0x0020, 0x0000, 0x0820, 0x0820, 0x0820, 0x0820, 0x1020, 0x1820, 0x2000, 0x3000, 0x4000, 0xa8a2, 0xf8e3, 0xf862, 0xf841, 0xf841, 0xf841, 0xf841, 0xf882, 0xf904, 0x9882, 0x4800, 0x3000, 0x2800, 0x1820, 0x1020, 0x1020, 0x1020, 0x1020, 0x1020, 0x1020, 0x1020, 0x1020, 0x1020, 0x1020, 0x1020, 0x1020, 0x1020, 0x1020, 0x1020, 0x1020, 0x1020, 0x1020, 0x1020, 0x1020, 0x1800, 0x2800, 0x3000, 0x6020, 0xc0c3, 0xf8e3, 0xf861, 0xf841, 0xf861, 0xf861, 0xf841, 0xf8a3, 0xe903, 0x8861, 0x3000, 0x2800, 0x2000, 0x1020, 0x0820, 0x0820, 0x0820, 0x0820, 0x0820, 0x0000, 0x0841, 0x2103, 0x2104, 0x2104, 0x2944, 0x41e7,
		0x39c7, 0x2104, 0x18e3, 0x2124, 0x18c3, 0x0020, 0x0000, 0x0820, 0x0820, 0x0820, 0x0820, 0x1020, 0x1820, 0x2000, 0x3000, 0x4000, 0xa8a2, 0xf8e4, 0xf862, 0xf841, 0xf841, 0xf841, 0xf841, 0xf882, 0xf904, 0x9861, 0x4800, 0x3000, 0x2800, 0x1800, 0x1020, 0x1020, 0x1020, 0x1020, 0x1020, 0x1020, 0x1020, 0x1020, 0x1020, 0x1020, 0x1020, 0x1020, 0x1020, 0x1020, 0x1020, 0x1020, 0x1020, 0x1020, 0x1020, 0x1020, 0x1800, 0x2800, 0x3000, 0x5820, 0xc0c3, 0xf8e3, 0xf861, 0xf841, 0xf861, 0xf861, 0xf841, 0xf8a3, 0xe8e3, 0x8861, 0x3000, 0x2800, 0x2000, 0x1020, 0x0820, 0x0820, 0x0820, 0x0820, 0x0820, 0x0000, 0x0841, 0x2104, 0x2104, 0x20e3, 0x2945, 0x4207,
		0x39c7, 0x2124, 0x18e3, 0x2124, 0x18c3, 0x0020, 0x0000, 0x0820, 0x0820, 0x0820, 0x0820, 0x1020, 0x1820, 0x2000, 0x3000, 0x4000, 0xa8a2, 0xf8e4, 0xf862, 0xf841, 0xf841, 0xf841, 0xf841, 0xf882, 0xf904, 0x9861, 0x4800, 0x3000, 0x2800, 0x1800, 0x1020, 0x1020, 0x1020, 0x1020, 0x1020, 0x1020, 0x1020, 0x1020, 0x1020, 0x1020, 0x1020, 0x1020, 0x1020, 0x1020, 0x1020, 0x1020, 0x1020, 0x1020, 0x1020, 0x1020, 0x1800, 0x2800, 0x3000, 0x6020, 0xc0c3, 0xf8e3, 0xf861, 0xf841, 0xf861, 0xf861, 0xf841, 0xf8a3, 0xe904, 0x8861, 0x3000, 0x2800, 0x2000, 0x1020, 0x0820, 0x0820, 0x0820, 0x0820, 0x0820, 0x0000, 0x0861, 0x2104, 0x2104, 0x2103, 0x2945, 0x41e7,
		0x39c7, 0x2124, 0x2103, 0x2124, 0x18c3, 0x0020, 0x0000, 0x0820, 0x0820, 0x0820, 0x0820, 0x1020, 0x1820, 0x2000, 0x3000, 0x4000, 0xa8a2, 0xf8e3, 0xf862, 0xf841, 0xf841, 0xf841, 0xf841, 0xf882, 0xf904, 0x9861, 0x4800, 0x3000, 0x2800, 0x1800, 0x1020, 0x1020, 0x1020, 0x1020, 0x1020, 0x1020, 0x1020, 0x1020, 0x1020, 0x1020, 0x1020, 0x1020, 0x1020, 0x1020, 0x1020, 0x1020, 0x1020, 0x1020, 0x1020, 0x1020, 0x1800, 0x2800, 0x3000, 0x6020, 0xc0c3, 0xf8e3, 0xf861, 0xf841, 0xf861, 0xf841, 0xf841, 0xf8a3, 0xe904, 0x8861, 0x3000, 0x2800, 0x2000, 0x1020, 0x0820, 0x0820, 0x0820, 0x0820, 0x0820, 0x0000, 0x0861, 0x2104, 0x2104, 0x2103, 0x2945, 0x41e7,
		0x39c7, 0x2124, 0x2103, 0x2124, 0x18c3, 0x0020, 0x0000, 0x0820, 0x0820, 0x0820, 0x0820, 0x1020, 0x1820, 0x2000, 0x3000, 0x4000, 0xa8a2, 0xf8e3, 0xf862, 0xf841, 0xf841, 0xf841, 0xf841, 0xf882, 0xf904, 0x9861, 0x4800, 0x3000, 0x2800, 0x1800, 0x1020, 0x1020, 0x1020, 0x1020, 0x1020, 0x1020, 0x1020, 0x1020, 0x1020, 0x1020, 0x1020, 0x1020, 0x1020, 0x1020, 0x1020, 0x1020, 0x1020, 0x1020, 0x1020, 0x1020, 0x1800, 0x2800, 0x3000, 0x5820, 0xc0c3, 0xf8e3, 0xf861, 0xf841, 0xf861, 0xf841, 0xf841, 0xf8a3, 0xe903, 0x8861, 0x3000, 0x2800, 0x2000, 0x1020, 0x0820, 0x0820, 0x0820, 0x0820, 0x0820, 0x0000, 0x0841, 0x2104, 0x2104, 0x2104, 0x2945, 0x41e7,
		0x39c7, 0x2104, 0x20e3, 0x2124, 0x18c3, 0x0020, 0x0000, 0x0820, 0x0820, 0x0820, 0x0820, 0x1020, 0x1820, 0x2000, 0x3000, 0x4000, 0xa8a2, 0xf8e3, 0xf862, 0xf841, 0xf841, 0xf841, 0xf841, 0xf882, 0xf904, 0x9882, 0x4800, 0x3000, 0x2800, 0x1800, 0x1020, 0x1020, 0x1020, 0x1020, 0x1020, 0x1020, 0x1020, 0x1020, 0x1020, 0x1020, 0x1020, 0x1020, 0x1020, 0x1020, 0x1020, 0x1020, 0x1020, 0x1020, 0x1020, 0x1020, 0x2000, 0x2800, 0x3000, 0x5820, 0xc0c3, 0xf8e3, 0xf841, 0xf841, 0xf841, 0xf841, 0xf841, 0xf8a3, 0xe903, 0x8861, 0x3000, 0x2800, 0x2000, 0x1020, 0x0820, 0x0820, 0x0820, 0x0820, 0x0820, 0x0000, 0x0841, 0x2103, 0x2104, 0x20e4, 0x2945, 0x4207,
		0x39c7, 0x2104, 0x18e3, 0x2124, 0x18c3, 0x0020, 0x0000, 0x0820, 0x0820, 0x0820, 0x0820, 0x1020, 0x1800, 0x2000, 0x3000, 0x4000, 0xa8a2, 0xf8e3, 0xf862, 0xf841, 0xf841, 0xf861, 0xf841, 0xf882, 0xf904, 0x9882, 0x4800, 0x3000, 0x2000, 0x1800, 0x1020, 0x1020, 0x1020, 0x1020, 0x1020, 0x1020, 0x1020, 0x1020, 0x1020, 0x1020, 0x1020, 0x1020, 0x1020, 0x1020, 0x1020, 0x1020, 0x1020, 0x1020, 0x1020, 0x1800, 0x1800, 0x2800, 0x3000, 0x5820, 0xc0c3, 0xf8e3, 0xf861, 0xf841, 0xf861, 0xf861, 0xf841, 0xf8a3, 0xe903, 0x8861, 0x3000, 0x2800, 0x2000, 0x1020, 0x0820, 0x0820, 0x0820, 0x0820, 0x0820, 0x0000, 0x0861, 0x2104, 0x2104, 0x2104, 0x2945, 0x4207,
		0x39c7, 0x2104, 0x18e3, 0x2124, 0x18c3, 0x0020, 0x0000, 0x0820, 0x0820, 0x0820, 0x0820, 0x1020, 0x1800, 0x2000, 0x3000, 0x4000, 0xa8a2, 0xf8e3, 0xf862, 0xf841, 0xf841, 0xf841, 0xf841, 0xf882, 0xf904, 0x9882, 0x4800, 0x3000, 0x2800, 0x2000, 0x1800, 0x1800, 0x1800, 0x1800, 0x1800, 0x1800, 0x1800, 0x1800, 0x1800, 0x1800, 0x1800, 0x1800, 0x1800, 0x1800, 0x1800, 0x1800, 0x1800, 0x1800, 0x1800, 0x1800, 0x2000, 0x3000, 0x3000, 0x5820, 0xc0c3, 0xf8e3, 0xf861, 0xf841, 0xf861, 0xf861, 0xf841, 0xf8a3, 0xe903, 0x8861, 0x3000, 0x2800, 0x2000, 0x1000, 0x0820, 0x0820, 0x0820, 0x0820, 0x0820, 0x0000, 0x0861, 0x2104, 0x2104, 0x2103, 0x2945, 0x41e7,
		0x39c7, 0x2104, 0x18e3, 0x2124, 0x18c3, 0x0020, 0x0000, 0x0820, 0x0820, 0x0820, 0x0820, 0x1020, 0x1800, 0x2000, 0x3000, 0x4000, 0xb0a2, 0xf8e4, 0xf862, 0xf841, 0xf841, 0xf841, 0xf841, 0xf882, 0xf904, 0xa082, 0x4800, 0x3000, 0x2800, 0x2000, 0x2000, 0x2000, 0x2000, 0x2000, 0x2000, 0x2000, 0x2000, 0x2000, 0x2000, 0x2000, 0x2000, 0x2000, 0x2000, 0x2000, 0x2000, 0x2000, 0x2000, 0x2000, 0x2000, 0x2000, 0x2800, 0x3000, 0x3800, 0x6020, 0xc0c3, 0xf8e3, 0xf861, 0xf841, 0xf841, 0xf861, 0xf841, 0xf8a3, 0xe8e3, 0x8861, 0x3000, 0x2800, 0x2000, 0x1020, 0x0820, 0x0820, 0x0820, 0x0820, 0x0820, 0x0000, 0x0861, 0x2104, 0x2104, 0x2103, 0x2945, 0x41e7,
		0x39c7, 0x2104, 0x18e3, 0x2124, 0x18c3, 0x0020, 0x0000, 0x0820, 0x0820, 0x0820, 0x0820, 0x1020, 0x1800, 0x2000, 0x3000, 0x4000, 0xb0a2, 0xf8e3, 0xf862, 0xf841, 0xf841, 0xf841, 0xf841, 0xf882, 0xf904, 0xa082, 0x5000, 0x3800, 0x3000, 0x2800, 0x2800, 0x2800, 0x2800, 0x2800, 0x2800, 0x2800, 0x2800, 0x2800, 0x2800, 0x2800, 0x2800, 0x2800, 0x2800, 0x2800, 0x2800, 0x2800, 0x2800, 0x2800, 0x2800, 0x2800, 0x3000, 0x3800, 0x3800, 0x6020, 0xc0c3, 0xf8e3, 0xf861, 0xf841, 0xf841, 0xf861, 0xf841, 0xf8a2, 0xe8e3, 0x8861, 0x3000, 0x2800, 0x2000, 0x1020, 0x0820, 0x0820, 0x0820, 0x0820, 0x0820, 0x0000, 0x0861, 0x2104, 0x2104, 0x2103, 0x2945, 0x41e7,
		0x39c7, 0x2104, 0x20e3, 0x2124, 0x18c3, 0x0020, 0x0000, 0x0820, 0x0820, 0x0820, 0x0820, 0x0820, 0x1000, 0x2000, 0x3000, 0x4000, 0xb0a2, 0xf8e4, 0xf862, 0xf841, 0xf841, 0xf861, 0xf841, 0xf882, 0xf904, 0xa882, 0x5000, 0x4000, 0x4000, 0x3800, 0x3800, 0x3800, 0x3000, 0x3000, 0x3800, 0x3800, 0x3800, 0x3800, 0x3000, 0x3800, 0x3800, 0x3000, 0x3800, 0x3000, 0x3800, 0x3000, 0x3000, 0x3800, 0x3800, 0x3800, 0x3800, 0x4000, 0x4000, 0x6020, 0xc8c3, 0xf904, 0xf841, 0xf841, 0xf861, 0xf861, 0xf841, 0xf8a3, 0xe8e3, 0x8861, 0x3000, 0x2800, 0x1800, 0x1020, 0x0820, 0x0820, 0x0820, 0x0820, 0x0820, 0x0000, 0x0841, 0x2104, 0x2104, 0x2104, 0x2945, 0x41e7,
		0x39c7, 0x2104, 0x20e3, 0x2124, 0x18c3, 0x0020, 0x0000, 0x0820, 0x0820, 0x0820, 0x0820, 0x0820, 0x1020, 0x2000, 0x2800, 0x4000, 0xb0c3, 0xf904, 0xf862, 0xf841, 0xf861, 0xf861, 0xf861, 0xf882, 0xf0e4, 0x9861, 0x5000, 0x4000, 0x4000, 0x4000, 0x3800, 0x3800, 0x3800, 0x4000, 0x4000, 0x3800, 0x3800, 0x3800, 0x3800, 0x4000, 0x4000, 0x3800, 0x3800, 0x4000, 0x4000, 0x4000, 0x3800, 0x3800, 0x3800, 0x3800, 0x4000, 0x4800, 0x4000, 0x6020, 0xb8a2, 0xf0e3, 0xf861, 0xf861, 0xf861, 0xf861, 0xf841, 0xf8c3, 0xf104, 0x8881, 0x2800, 0x2800, 0x1800, 0x1020, 0x0820, 0x0820, 0x0820, 0x0820, 0x0820, 0x0000, 0x0841, 0x2104, 0x2104, 0x20e4, 0x2945, 0x4207,
		0x39c7, 0x2104, 0x20e3, 0x2124, 0x18c3, 0x0020, 0x0000, 0x0820, 0x0820, 0x0820, 0x0820, 0x0820, 0x1020, 0x1800, 0x2800, 0x4000, 0x98a2, 0xe8e3, 0xf882, 0xf861, 0xf841, 0xf861, 0xf8a2, 0xf0c3, 0xb082, 0x7020, 0x6000, 0x6000, 0x6020, 0x6020, 0x5820, 0x5820, 0x5820, 0x6020, 0x5820, 0x5820, 0x5820, 0x5820, 0x5820, 0x5820, 0x5820, 0x5820, 0x5820, 0x5820, 0x6020, 0x6020, 0x5820, 0x5820, 0x5820, 0x6020, 0x6020, 0x6020, 0x6000, 0x5800, 0x8041, 0xc0a2, 0xf8c3, 0xf882, 0xf861, 0xf861, 0xf862, 0xf8c3, 0xd103, 0x7861, 0x2800, 0x2000, 0x1820, 0x1020, 0x0820, 0x0820, 0x0820, 0x0820, 0x0820, 0x0000, 0x0861, 0x2104, 0x2104, 0x2104, 0x2945, 0x41e7,
		0x39c6, 0x2104, 0x20e3, 0x2124, 0x18c3, 0x0020, 0x0000, 0x0820, 0x0820, 0x0820, 0x0820, 0x0820, 0x1020, 0x1820, 0x2800, 0x3800, 0x5820, 0x9882, 0xe8c3, 0xf8a3, 0xf821, 0xf841, 0xf8c3, 0xe104, 0x7821, 0x4800, 0x8041, 0xb8c3, 0xc8e3, 0xc0c3, 0xc0c3, 0xc0c3, 0xc0c3, 0xc0c3, 0xc0c3, 0xc0c3, 0xc0c3, 0xc0c3, 0xc0c3, 0xc0c3, 0xc0c3, 0xc0c3, 0xc0c3, 0xc0c3, 0xc0c3, 0xc0c3, 0xc0c3, 0xc0c3, 0xc0c3, 0xc0c3, 0xc0c3, 0xc8e3, 0xa8a2, 0x6020, 0x4800, 0x9061, 0xf924, 0xf8a2, 0xf841, 0xf861, 0xf8e3, 0xc8c3, 0x7861, 0x4800, 0x3000, 0x2000, 0x1020, 0x0820, 0x0820, 0x0820, 0x0820, 0x0820, 0x0820, 0x0000, 0x0861, 0x2104, 0x2104, 0x2103, 0x2945, 0x4207,
		0x39c7, 0x2104, 0x18e3, 0x2124, 0x18c3, 0x0020, 0x0000, 0x0840, 0x0820, 0x0820, 0x0820, 0x0820, 0x1020, 0x1020, 0x2020, 0x3800, 0x3800, 0x6841, 0xc8e3, 0xf8a3, 0xf821, 0xf8a2, 0xe0e3, 0xa882, 0x6000, 0x5800, 0xa882, 0xf104, 0xf924, 0xf904, 0xf904, 0xf904, 0xf904, 0xf904, 0xf904, 0xf904, 0xf904, 0xf904, 0xf904, 0xf904, 0xf904, 0xf904, 0xf904, 0xf904, 0xf904, 0xf904, 0xf904, 0xf904, 0xf904, 0xf904, 0xf904, 0xf924, 0xe104, 0x9061, 0x5800, 0x7020, 0xc0c3, 0xf0e3, 0xf882, 0xf841, 0xf8e3, 0xa8c3, 0x5000, 0x3000, 0x2800, 0x1800, 0x1020, 0x0820, 0x0820, 0x0820, 0x0820, 0x0820, 0x0820, 0x0000, 0x0861, 0x2104, 0x2104, 0x2103, 0x2945, 0x4207,
		0x39c6, 0x2124, 0x18e3, 0x2124, 0x18c3, 0x0020, 0x0000, 0x0840, 0x0820, 0x0820, 0x0820, 0x0820, 0x0820, 0x1020, 0x1820, 0x2800, 0x3800, 0x5020, 0x9061, 0xd882, 0xf882, 0xf0e3, 0xb8a2, 0x6020, 0x5000, 0x9882, 0xe0c3, 0xf8a2, 0xf8a2, 0xf8a2, 0xf8a2, 0xf8a2, 0xf8a2, 0xf8a2, 0xf8a2, 0xf8a2, 0xf8a2, 0xf8a2, 0xf8a2, 0xf8a2, 0xf8a2, 0xf8a2, 0xf8a2, 0xf8a2, 0xf882, 0xf882, 0xf8a2, 0xf8a2, 0xf8a2, 0xf8a2, 0xf8a2, 0xf8a2, 0xf8c3, 0xd0e3, 0x8041, 0x5000, 0x7820, 0xd8e3, 0xf8e3, 0xf882, 0xc082, 0x7841, 0x4800, 0x3000, 0x2000, 0x1000, 0x1020, 0x0820, 0x0820, 0x0820, 0x0820, 0x0820, 0x0820, 0x0000, 0x0861, 0x2104, 0x2104, 0x2103, 0x2945, 0x4207,
		0x39c7, 0x2124, 0x18e3, 0x2124, 0x18c3, 0x0020, 0x0000, 0x0820, 0x0820, 0x0820, 0x0820, 0x0820, 0x0820, 0x1020, 0x1800, 0x2000, 0x3000, 0x3800, 0x5800, 0xb8a2, 0xf924, 0xc0c3, 0x7841, 0x5800, 0x7841, 0xd8c3, 0xf8c3, 0xf861, 0xf821, 0xf841, 0xf841, 0xf841, 0xf841, 0xf841, 0xf841, 0xf841, 0xf841, 0xf841, 0xf841, 0xf841, 0xf841, 0xf841, 0xf841, 0xf841, 0xf841, 0xf841, 0xf841, 0xf841, 0xf841, 0xf841, 0xf841, 0xf821, 0xf882, 0xf8e4, 0xb8a2, 0x6820, 0x5000, 0x9061, 0xe103, 0xf924, 0x9841, 0x4800, 0x4000, 0x2800, 0x1800, 0x1020, 0x1020, 0x0820, 0x0820, 0x0820, 0x0820, 0x0820, 0x0820, 0x0000, 0x0841, 0x2104, 0x2104, 0x2103, 0x2945, 0x4207,
		0x39c7, 0x2104, 0x18e3, 0x2124, 0x18c3, 0x0020, 0x0000, 0x0820, 0x0820, 0x0820, 0x0820, 0x0820, 0x0820, 0x1020, 0x1020, 0x1800, 0x2800, 0x3800, 0x5000, 0xb0c3, 0xe124, 0x8861, 0x5000, 0x7820, 0xd0e3, 0xf8c3, 0xf862, 0xf841, 0xf841, 0xf841, 0xf841, 0xf841, 0xf841, 0xf861, 0xf841, 0xf841, 0xf841, 0xf841, 0xf841, 0xf841, 0xf841, 0xf841, 0xf841, 0xf841, 0xf841, 0xf841, 0xf841, 0xf841, 0xf861, 0xf841, 0xf841, 0xf841, 0xf861, 0xf882, 0xf0e3, 0xb8a2, 0x6000, 0x5800, 0xb0c2, 0xe924, 0x9061, 0x4800, 0x3000, 0x2000, 0x1020, 0x1020, 0x0820, 0x0820, 0x0820, 0x0820, 0x0820, 0x0820, 0x0820, 0x0000, 0x0841, 0x2104, 0x2104, 0x2104, 0x2945, 0x4207,
		0x39c7, 0x2104, 0x20e3, 0x2124, 0x18c3, 0x0020, 0x0000, 0x0820, 0x0820, 0x0820, 0x0820, 0x0820, 0x0820, 0x0820, 0x1020, 0x1820, 0x2000, 0x3000, 0x4800, 0x7841, 0x8041, 0x6820, 0x7841, 0xb8a2, 0xf8e3, 0xf882, 0xf841, 0xf841, 0xf841, 0xf841, 0xf841, 0xf841, 0xf841, 0xf861, 0xf861, 0xf841, 0xf841, 0xf861, 0xf841, 0xf841, 0xf841, 0xf841, 0xf841, 0xf861, 0xf841, 0xf841, 0xf841, 0xf841, 0xf841, 0xf861, 0xf841, 0xf861, 0xf841, 0xf861, 0xf8c3, 0xe8e3, 0xa882, 0x7020, 0x7020, 0x8061, 0x6820, 0x4000, 0x2800, 0x1800, 0x1020, 0x0820, 0x0820, 0x0820, 0x0820, 0x0820, 0x0820, 0x0820, 0x0820, 0x0000, 0x0861, 0x2104, 0x2104, 0x2104, 0x2945, 0x4207,
		0x39c7, 0x2124, 0x18e3, 0x2124, 0x18c3, 0x0020, 0x0000, 0x0820, 0x0820, 0x0820, 0x0820, 0x0820, 0x0820, 0x0820, 0x0820, 0x1020, 0x1800, 0x2800, 0x4000, 0x5000, 0x4800, 0x5800, 0xa8a2, 0xf104, 0xf882, 0xf841, 0xf841, 0xf841, 0xf861, 0xf861, 0xf861, 0xf861, 0xf861, 0xf861, 0xf861, 0xf841, 0xf841, 0xf861, 0xf861, 0xf841, 0xf841, 0xf841, 0xf841, 0xf841, 0xf841, 0xf841, 0xf841, 0xf841, 0xf841, 0xf841, 0xf841, 0xf841, 0xf841, 0xf841, 0xf861, 0xf8c3, 0xe924, 0x8861, 0x5000, 0x4800, 0x4800, 0x3800, 0x2000, 0x1820, 0x1020, 0x0820, 0x0820, 0x0820, 0x0820, 0x0820, 0x0820, 0x0820, 0x0820, 0x0000, 0x0861, 0x2104, 0x2104, 0x2104, 0x2945, 0x4207,
		0x39c7, 0x2124, 0x20e3, 0x2124, 0x18c3, 0x0020, 0x0000, 0x0820, 0x0820, 0x0820, 0x0820, 0x0820, 0x0820, 0x0820, 0x0820, 0x1020, 0x1820, 0x2000, 0x3000, 0x3800, 0x4000, 0x5800, 0xb8a2, 0xf904, 0xf861, 0xf841, 0xf841, 0xf841, 0xf861, 0xf861, 0xf861, 0xf861, 0xf861, 0xf861, 0xf861, 0xf841, 0xf841, 0xf861, 0xf861, 0xf841, 0xf841, 0xf841, 0xf841, 0xf861, 0xf841, 0xf841, 0xf841, 0xf861, 0xf861, 0xf861, 0xf861, 0xf861, 0xf861, 0xf841, 0xf841, 0xf8a2, 0xf924, 0x9061, 0x5000, 0x4000, 0x3800, 0x2800, 0x1800, 0x1020, 0x0820, 0x0820, 0x0820, 0x0820, 0x0820, 0x0820, 0x0820, 0x0820, 0x0820, 0x0000, 0x0861, 0x2104, 0x2104, 0x2104, 0x2945, 0x4207,
		0x39c7, 0x2124, 0x2103, 0x2124, 0x18c3, 0x0020, 0x0000, 0x0820, 0x0820, 0x0820, 0x0820, 0x0820, 0x0820, 0x0820, 0x0820, 0x0820, 0x1020, 0x1820, 0x2000, 0x3000, 0x4000, 0x5800, 0x8861, 0xd0c3, 0xf8c3, 0xf862, 0xf841, 0xf841, 0xf841, 0xf841, 0xf841, 0xf841, 0xf861, 0xf841, 0xf841, 0xf841, 0xf841, 0xf841, 0xf841, 0xf841, 0xf841, 0xf841, 0xf841, 0xf841, 0xf841, 0xf841, 0xf841, 0xf841, 0xf841, 0xf841, 0xf841, 0xf841, 0xf841, 0xf861, 0xf882, 0xf0c3, 0xc0a2, 0x7020, 0x5000, 0x3800, 0x2800, 0x1820, 0x1020, 0x0820, 0x0820, 0x0820, 0x0820, 0x0820, 0x0820, 0x0820, 0x0820, 0x0820, 0x0820, 0x0000, 0x0861, 0x2104, 0x2104, 0x2104, 0x2945, 0x4207,
		0x39c7, 0x2104, 0x2103, 0x2124, 0x18c3, 0x0020, 0x0000, 0x0820, 0x0820, 0x0820, 0x0820, 0x0820, 0x0820, 0x0820, 0x0820, 0x0820, 0x1020, 0x1020, 0x1800, 0x2800, 0x3800, 0x4800, 0x5000, 0x8041, 0xe104, 0xf8c3, 0xf841, 0xf841, 0xf861, 0xf861, 0xf861, 0xf861, 0xf861, 0xf861, 0xf861, 0xf841, 0xf841, 0xf841, 0xf841, 0xf841, 0xf841, 0xf841, 0xf841, 0xf841, 0xf841, 0xf841, 0xf841, 0xf841, 0xf841, 0xf841, 0xf841, 0xf841, 0xf841, 0xf862, 0xf8c3, 0xc8c3, 0x6820, 0x5000, 0x4800, 0x3000, 0x2000, 0x1820, 0x1020, 0x0820, 0x0820, 0x0820, 0x0820, 0x0820, 0x0820, 0x0820, 0x0820, 0x0820, 0x0820, 0x0000, 0x0861, 0x2104, 0x2104, 0x2104, 0x2945, 0x41e7,
		0x39c7, 0x2104, 0x20e3, 0x2124, 0x18c3, 0x0020, 0x0000, 0x0820, 0x0820, 0x0820, 0x0820, 0x0820, 0x0820, 0x0820, 0x0820, 0x0820, 0x0820, 0x1020, 0x1020, 0x2000, 0x2800, 0x3000, 0x4000, 0x6020, 0xa0a2, 0xe8c3, 0xf8a3, 0xf8a3, 0xf8a3, 0xf8a3, 0xf8a2, 0xf8a3, 0xf8a2, 0xf8a3, 0xf8a3, 0xf8a3, 0xf8a3, 0xf8a2, 0xf8a2, 0xf8a2, 0xf8a2, 0xf8a3, 0xf8a3, 0xf8a3, 0xf8a2, 0xf8a3, 0xf8a2, 0xf8a2, 0xf8a2, 0xf8a2, 0xf8a2, 0xf8a3, 0xf8c3, 0xf8c3, 0xd8c3, 0x8861, 0x5000, 0x4000, 0x3800, 0x2800, 0x1800, 0x1020, 0x0820, 0x0820, 0x0820, 0x0820, 0x0820, 0x0820, 0x0820, 0x0820, 0x0820, 0x0820, 0x0820, 0x0000, 0x0861, 0x2104, 0x2104, 0x2104, 0x2945, 0x41e7,
		0x39c7, 0x2104, 0x18e3, 0x2124, 0x18c3, 0x0020, 0x0000, 0x0820, 0x0820, 0x0820, 0x0820, 0x0820, 0x0820, 0x0820, 0x0820, 0x0820, 0x0820, 0x0820, 0x1020, 0x1820, 0x2000, 0x2800, 0x3800, 0x4800, 0x5800, 0xc8c3, 0xf924, 0xf924, 0xf904, 0xf904, 0xf904, 0xf904, 0xf904, 0xf904, 0xf904, 0xf904, 0xf904, 0xf904, 0xf904, 0xf904, 0xf924, 0xf924, 0xf924, 0xf924, 0xf904, 0xf904, 0xf904, 0xf924, 0xf924, 0xf924, 0xf924, 0xf924, 0xf924, 0xf124, 0xa082, 0x4800, 0x4800, 0x3800, 0x2800, 0x1800, 0x1020, 0x1020, 0x0820, 0x0820, 0x0820, 0x0820, 0x0820, 0x0820, 0x0820, 0x0820, 0x0820, 0x0820, 0x0820, 0x0000, 0x0861, 0x2104, 0x2104, 0x2104, 0x2945, 0x41e7,
		0x39c7, 0x2104, 0x18e3, 0x2124, 0x18c3, 0x0020, 0x0000, 0x0820, 0x0820, 0x0820, 0x0820, 0x0820, 0x0820, 0x0820, 0x0820, 0x0820, 0x0820, 0x0820, 0x1020, 0x1020, 0x1820, 0x2000, 0x3000, 0x3800, 0x4000, 0x8861, 0xb0a2, 0xb0a2, 0xa8a2, 0xa8a2, 0xa8a2, 0xa882, 0xa882, 0xa8a2, 0xa8a2, 0xa8a2, 0xa882, 0xa882, 0xa8a2, 0xa8a2, 0xa8a2, 0xa8a2, 0xa8a2, 0xa8a2, 0xa8a2, 0xa8a2, 0xa8a2, 0xa8a2, 0xa8a2, 0xa8a2, 0xa8a2, 0xa8a2, 0xb0c2, 0xa8a2, 0x7041, 0x4000, 0x3800, 0x2800, 0x2000, 0x1820, 0x1020, 0x0820, 0x0820, 0x0820, 0x0820, 0x0820, 0x0820, 0x0820, 0x0820, 0x0820, 0x0820, 0x0820, 0x0020, 0x0000, 0x0861, 0x2104, 0x2104, 0x2104, 0x2945, 0x4207,
		0x39c7, 0x2104, 0x20e3, 0x2104, 0x18e3, 0x0861, 0x0000, 0x0000, 0x0820, 0x0820, 0x0820, 0x0820, 0x0820, 0x0820, 0x0820, 0x0820, 0x0820, 0x0820, 0x0820, 0x1020, 0x1020, 0x1820, 0x2000, 0x2800, 0x3800, 0x5000, 0x5820, 0x5820, 0x5020, 0x5020, 0x5020, 0x5000, 0x5000, 0x5020, 0x5020, 0x5020, 0x5000, 0x5000, 0x5020, 0x5000, 0x5000, 0x5020, 0x5020, 0x5020, 0x5020, 0x5000, 0x5020, 0x5000, 0x5000, 0x5000, 0x5020, 0x5020, 0x5820, 0x5000, 0x4800, 0x3800, 0x2800, 0x2000, 0x1820, 0x1020, 0x0820, 0x0820, 0x0820, 0x0820, 0x0820, 0x0820, 0x0820, 0x0820, 0x0820, 0x0020, 0x0820, 0x0020, 0x0000, 0x0020, 0x1082, 0x2104, 0x2104, 0x2104, 0x2945, 0x4207,
		0x39c7, 0x2104, 0x20e3, 0x2104, 0x2104, 0x18c3, 0x0841, 0x0000, 0x0820, 0x0820, 0x0820, 0x0820, 0x0820, 0x0820, 0x0820, 0x0820, 0x0820, 0x0820, 0x0820, 0x0820, 0x1020, 0x1020, 0x1800, 0x1800, 0x2800, 0x3000, 0x3000, 0x3000, 0x3000, 0x3000, 0x3000, 0x3000, 0x3000, 0x3000, 0x3000, 0x3000, 0x3000, 0x3000, 0x3000, 0x3000, 0x3000, 0x3000, 0x3000, 0x3000, 0x3000, 0x3000, 0x3000, 0x3000, 0x3000, 0x3000, 0x3000, 0x3000, 0x3000, 0x3000, 0x3000, 0x2800, 0x1800, 0x1820, 0x1020, 0x1020, 0x0820, 0x0820, 0x0820, 0x0820, 0x0820, 0x0820, 0x0820, 0x0820, 0x0820, 0x0020, 0x0820, 0x0020, 0x0000, 0x1081, 0x20e4, 0x2104, 0x2104, 0x2104, 0x2945, 0x4207,
		0x39c7, 0x2104, 0x18e3, 0x2104, 0x2104, 0x2104, 0x10a2, 0x0040, 0x0000, 0x0020, 0x0820, 0x0820, 0x0820, 0x0820, 0x0820, 0x0820, 0x0820, 0x0820, 0x0820, 0x0820, 0x0820, 0x1020, 0x1020, 0x1820, 0x2000, 0x2000, 0x2800, 0x2800, 0x3000, 0x3000, 0x3000, 0x3000, 0x3000, 0x3000, 0x3000, 0x3000, 0x3000, 0x3000, 0x3000, 0x3000, 0x3000, 0x3000, 0x3000, 0x3000, 0x3000, 0x3000, 0x3000, 0x3000, 0x3000, 0x3000, 0x3000, 0x2800, 0x2800, 0x2800, 0x2000, 0x1800, 0x1800, 0x1020, 0x0820, 0x0820, 0x0820, 0x0820, 0x0820, 0x0820, 0x0820, 0x0820, 0x0820, 0x0820, 0x0820, 0x0840, 0x0020, 0x0020, 0x0841, 0x18e3, 0x2124, 0x2104, 0x2104, 0x2104, 0x2945, 0x41e7,
		0x39c7, 0x2104, 0x18e3, 0x2104, 0x2104, 0x2104, 0x2104, 0x10a2, 0x0000, 0x0000, 0x0820, 0x0820, 0x0820, 0x0820, 0x0820, 0x0820, 0x0820, 0x0820, 0x0820, 0x0820, 0x0820, 0x0820, 0x1020, 0x1020, 0x1820, 0x1800, 0x2000, 0x2000, 0x2000, 0x2000, 0x2000, 0x2000, 0x2000, 0x2000, 0x2000, 0x2000, 0x2000, 0x2000, 0x2000, 0x2000, 0x2000, 0x2000, 0x2800, 0x2800, 0x2800, 0x2000, 0x2000, 0x2000, 0x2000, 0x2000, 0x2000, 0x2000, 0x2000, 0x1800, 0x1800, 0x1020, 0x1020, 0x1020, 0x0820, 0x0820, 0x0820, 0x0820, 0x0820, 0x0820, 0x0820, 0x0820, 0x0820, 0x0820, 0x0820, 0x0820, 0x0000, 0x0020, 0x18e3, 0x2124, 0x2104, 0x2104, 0x2104, 0x2104, 0x2945, 0x4207,
		0x39c7, 0x2104, 0x18e3, 0x2104, 0x2104, 0x2104, 0x2124, 0x18e3, 0x0841, 0x0020, 0x0020, 0x0820, 0x0820, 0x0820, 0x0820, 0x0820, 0x0820, 0x0820, 0x0820, 0x0820, 0x0820, 0x0820, 0x0820, 0x1020, 0x1020, 0x1020, 0x1020, 0x1820, 0x1820, 0x1820, 0x1820, 0x1800, 0x1800, 0x1820, 0x1820, 0x1800, 0x1800, 0x1800, 0x1800, 0x1800, 0x1800, 0x1800, 0x1800, 0x1800, 0x1800, 0x1800, 0x1800, 0x1800, 0x1800, 0x1820, 0x1820, 0x1820, 0x1820, 0x1020, 0x1020, 0x1020, 0x1020, 0x0820, 0x0820, 0x0820, 0x0820, 0x0820, 0x0820, 0x0820, 0x0820, 0x0820, 0x0820, 0x0820, 0x0820, 0x0000, 0x0020, 0x1082, 0x2104, 0x2124, 0x2104, 0x2104, 0x2104, 0x2104, 0x2945, 0x4207,
		0x39a6, 0x2104, 0x18e3, 0x2104, 0x2104, 0x2104, 0x2104, 0x2104, 0x18c3, 0x0020, 0x0000, 0x0020, 0x0820, 0x0820, 0x0820, 0x0820, 0x0820, 0x0820, 0x0820, 0x0820, 0x0820, 0x0820, 0x0820, 0x0820, 0x0820, 0x0820, 0x1020, 0x1020, 0x1020, 0x1020, 0x1020, 0x1020, 0x1020, 0x1020, 0x1020, 0x1020, 0x1020, 0x1020, 0x1020, 0x1020, 0x1020, 0x1020, 0x1020, 0x1020, 0x1020, 0x1020, 0x1020, 0x1020, 0x1020, 0x1020, 0x1020, 0x1020, 0x1020, 0x1020, 0x0820, 0x0820, 0x0820, 0x0820, 0x0820, 0x0820, 0x0820, 0x0820, 0x0820, 0x0820, 0x0820, 0x0820, 0x0820, 0x0820, 0x0020, 0x0000, 0x0861, 0x18e3, 0x2104, 0x2104, 0x2104, 0x2104, 0x2104, 0x2104, 0x2945, 0x41e7,
		0x2944, 0x31a6, 0x2124, 0x18e3, 0x2104, 0x2104, 0x2104, 0x2104, 0x2104, 0x10a2, 0x0020, 0x0000, 0x0020, 0x0820, 0x0840, 0x0840, 0x0820, 0x0820, 0x0820, 0x0820, 0x0820, 0x0820, 0x0820, 0x0820, 0x0820, 0x0820, 0x0820, 0x0820, 0x0820, 0x0820, 0x0820, 0x0820, 0x0820, 0x0820, 0x0820, 0x1020, 0x0820, 0x0820, 0x0820, 0x0820, 0x0820, 0x1020, 0x1020, 0x1020, 0x1020, 0x0820, 0x0820, 0x0820, 0x0820, 0x0820, 0x0820, 0x0820, 0x0820, 0x0820, 0x0820, 0x0820, 0x0820, 0x0820, 0x0820, 0x0820, 0x0820, 0x0820, 0x0820, 0x0820, 0x0820, 0x0820, 0x0820, 0x0020, 0x0000, 0x0861, 0x18c3, 0x2104, 0x2104, 0x2104, 0x2104, 0x2104, 0x2103, 0x2945, 0x39e8, 0x4acc,
		0x3a09, 0x39e7, 0x2965, 0x2104, 0x2104, 0x2104, 0x2104, 0x2104, 0x2124, 0x2104, 0x1082, 0x0000, 0x0020, 0x0820, 0x0820, 0x0820, 0x0820, 0x0820, 0x0820, 0x0820, 0x0820, 0x0820, 0x0820, 0x0820, 0x0820, 0x0820, 0x0820, 0x0820, 0x0820, 0x0820, 0x0820, 0x0820, 0x0820, 0x0820, 0x0820, 0x0820, 0x0820, 0x0820, 0x0820, 0x0820, 0x0820, 0x0820, 0x0820, 0x0820, 0x0820, 0x0820, 0x0820, 0x0820, 0x0820, 0x0820, 0x0820, 0x0820, 0x0820, 0x0820, 0x0820, 0x0820, 0x0820, 0x0820, 0x0820, 0x0820, 0x0820, 0x0820, 0x0820, 0x0820, 0x0820, 0x0820, 0x0820, 0x0000, 0x0000, 0x18c3, 0x2104, 0x2104, 0x2104, 0x2104, 0x2104, 0x2104, 0x2124, 0x2965, 0x3a08, 0x5b6f,
		0x5b6f, 0x4249, 0x39a6, 0x2945, 0x20e4, 0x20e3, 0x2104, 0x2104, 0x2104, 0x2104, 0x18c3, 0x0861, 0x0000, 0x0000, 0x0000, 0x0000, 0x0000, 0x0000, 0x0000, 0x0000, 0x0000, 0x0000, 0x0000, 0x0000, 0x0000, 0x0000, 0x0000, 0x0000, 0x0000, 0x0000, 0x0000, 0x0000, 0x0000, 0x0000, 0x0000, 0x0000, 0x0000, 0x0000, 0x0000, 0x0000, 0x0000, 0x0000, 0x0000, 0x0000, 0x0000, 0x0000, 0x0000, 0x0000, 0x0000, 0x0000, 0x0000, 0x0000, 0x0000, 0x0000, 0x0000, 0x0000, 0x0000, 0x0000, 0x0000, 0x0000, 0x0000, 0x0000, 0x0000, 0x0000, 0x0000, 0x0000, 0x0000, 0x0020, 0x1082, 0x18e3, 0x2104, 0x2104, 0x2104, 0x2104, 0x18e3, 0x2124, 0x3165, 0x3186, 0x3a29, 0x534f,
		0x5b6f, 0x534e, 0x4a8a, 0x31a6, 0x2124, 0x20e3, 0x2104, 0x2104, 0x2104, 0x2104, 0x2104, 0x18e3, 0x0020, 0x0000, 0x0000, 0x0000, 0x0000, 0x0000, 0x0000, 0x0000, 0x0000, 0x0000, 0x0000, 0x0000, 0x0000, 0x0000, 0x0000, 0x0000, 0x0000, 0x0000, 0x0000, 0x0000, 0x0000, 0x0000, 0x0000, 0x0000, 0x0000, 0x0000, 0x0000, 0x0000, 0x0000, 0x0000, 0x0000, 0x0000, 0x0000, 0x0000, 0x0000, 0x0000, 0x0000, 0x0000, 0x0000, 0x0000, 0x0000, 0x0000, 0x0000, 0x0000, 0x0000, 0x0000, 0x0000, 0x0000, 0x0000, 0x0000, 0x0000, 0x0000, 0x0000, 0x0000, 0x0000, 0x0861, 0x2104, 0x2104, 0x2104, 0x2104, 0x2104, 0x2104, 0x2104, 0x2944, 0x31a6, 0x4249, 0x534e, 0x5b4f,
		0x534f, 0x5b6f, 0x534e, 0x4229, 0x3185, 0x2124, 0x18e3, 0x2104, 0x2104, 0x2104, 0x2104, 0x1903, 0x10a2, 0x10a2, 0x10a2, 0x1082, 0x1082, 0x1082, 0x10a2, 0x10a2, 0x10a2, 0x10a2, 0x10a2, 0x10a2, 0x10a2, 0x10a2, 0x10a2, 0x10a2, 0x10a2, 0x10a2, 0x10a2, 0x10a2, 0x10a2, 0x10a2, 0x10a2, 0x10a2, 0x10a2, 0x10a2, 0x10a2, 0x10a2, 0x10a2, 0x10a2, 0x10a2, 0x10a2, 0x10a2, 0x10a2, 0x10a2, 0x10a2, 0x10a2, 0x10a2, 0x10a2, 0x10a2, 0x10a2, 0x10a2, 0x10a2, 0x10a2, 0x10a2, 0x10a2, 0x10a2, 0x10a2, 0x10a2, 0x10a2, 0x10a2, 0x10a2, 0x10a2, 0x1082, 0x1082, 0x18c3, 0x2104, 0x2104, 0x2104, 0x2104, 0x2104, 0x18e3, 0x2945, 0x3186, 0x3a08, 0x534e, 0x5b6f, 0x534f,
		0x534f, 0x534f, 0x5b6f, 0x3a08, 0x3186, 0x3185, 0x2104, 0x2103, 0x2104, 0x2104, 0x2104, 0x2104, 0x2104, 0x2104, 0x2104, 0x2104, 0x2104, 0x2104, 0x2104, 0x2104, 0x2104, 0x2104, 0x2104, 0x2104, 0x2104, 0x2104, 0x2104, 0x2104, 0x2104, 0x2104, 0x2104, 0x2104, 0x2104, 0x2104, 0x2104, 0x2104, 0x2104, 0x2104, 0x2104, 0x2104, 0x2104, 0x2104, 0x2104, 0x2104, 0x2104, 0x2104, 0x2104, 0x2104, 0x2104, 0x2104, 0x2104, 0x2104, 0x2104, 0x2104, 0x2104, 0x2104, 0x2104, 0x2104, 0x2104, 0x2104, 0x2104, 0x2104, 0x2104, 0x2104, 0x2104, 0x2104, 0x2104, 0x2104, 0x2104, 0x2104, 0x2104, 0x2104, 0x2104, 0x2124, 0x2965, 0x4229, 0x530e, 0x5b6f, 0x534f, 0x534f,
		0x534f, 0x534f, 0x534f, 0x4acc, 0x31c7, 0x3186, 0x2965, 0x18e3, 0x2104, 0x2104, 0x2104, 0x2104, 0x2104, 0x2124, 0x2104, 0x2104, 0x2104, 0x2104, 0x2104, 0x2104, 0x2104, 0x2104, 0x2124, 0x2124, 0x2104, 0x2104, 0x2104, 0x2104, 0x2104, 0x2104, 0x2104, 0x2104, 0x2104, 0x2104, 0x2104, 0x2104, 0x2104, 0x2104, 0x2104, 0x2104, 0x2104, 0x2104, 0x2104, 0x2104, 0x2104, 0x2104, 0x2124, 0x2104, 0x2104, 0x2104, 0x2124, 0x2104, 0x2104, 0x2104, 0x2104, 0x2104, 0x2124, 0x2104, 0x2124, 0x2124, 0x2104, 0x2104, 0x2104, 0x2104, 0x2104, 0x2104, 0x2104, 0x2104, 0x2104, 0x2104, 0x2104, 0x2103, 0x2104, 0x2945, 0x4228, 0x530d, 0x5b6f, 0x534f, 0x534f, 0x534f,
		0x534f, 0x534f, 0x534f, 0x5b8f, 0x4acc, 0x39c7, 0x3165, 0x2945, 0x2104, 0x20e3, 0x2104, 0x2103, 0x1903, 0x20e3, 0x18e3, 0x18e3, 0x18e3, 0x18e3, 0x20e3, 0x2103, 0x20e4, 0x2104, 0x2104, 0x2104, 0x2103, 0x2103, 0x20e4, 0x2104, 0x2104, 0x20e4, 0x20e4, 0x2104, 0x2103, 0x2104, 0x2103, 0x2104, 0x2103, 0x20e3, 0x2103, 0x2104, 0x2104, 0x2104, 0x20e3, 0x2104, 0x2103, 0x20e3, 0x18e3, 0x20e3, 0x20e3, 0x2103, 0x2103, 0x20e3, 0x2103, 0x2104, 0x2104, 0x2104, 0x2104, 0x2104, 0x2104, 0x2104, 0x2104, 0x2104, 0x2104, 0x2104, 0x20e4, 0x20e4, 0x2103, 0x2104, 0x2104, 0x2103, 0x18e3, 0x2104, 0x2945, 0x4208, 0x532d, 0x5b6f, 0x534f, 0x534f, 0x534f, 0x534f,
		0x534f, 0x534f, 0x534f, 0x534f, 0x5b8f, 0x428b, 0x39c7, 0x39c6, 0x2104, 0x2104, 0x2104, 0x2104, 0x2104, 0x2104, 0x2104, 0x2104, 0x2104, 0x2104, 0x2104, 0x2104, 0x2104, 0x2104, 0x2104, 0x2104, 0x2104, 0x2104, 0x2104, 0x2104, 0x2104, 0x2104, 0x2104, 0x2104, 0x2104, 0x2104, 0x2104, 0x2104, 0x2104, 0x2104, 0x2104, 0x2104, 0x2104, 0x2104, 0x2104, 0x2104, 0x2104, 0x2104, 0x2104, 0x2104, 0x2104, 0x2104, 0x2104, 0x2104, 0x2104, 0x2104, 0x2104, 0x2104, 0x2104, 0x2104, 0x2104, 0x2104, 0x2104, 0x2104, 0x2104, 0x2104, 0x2104, 0x2104, 0x2104, 0x2104, 0x2104, 0x2104, 0x2104, 0x2945, 0x3186, 0x4aab, 0x5b8f, 0x534f, 0x534f, 0x534f, 0x534f, 0x534f,
		0x534f, 0x534f, 0x534f, 0x534f, 0x534f, 0x5b6f, 0x4aab, 0x3186, 0x2945, 0x2924, 0x2945, 0x2945, 0x2945, 0x2945, 0x2945, 0x2945, 0x2945, 0x2945, 0x2945, 0x2945, 0x2945, 0x2945, 0x2945, 0x2945, 0x2945, 0x2945, 0x2945, 0x2945, 0x2945, 0x2945, 0x2945, 0x2945, 0x2945, 0x2945, 0x2945, 0x2945, 0x2945, 0x2945, 0x2945, 0x2945, 0x2945, 0x2945, 0x2945, 0x2945, 0x2945, 0x2945, 0x2945, 0x2945, 0x2945, 0x2945, 0x2945, 0x2945, 0x2945, 0x2945, 0x2945, 0x2945, 0x2945, 0x2945, 0x2945, 0x2945, 0x2945, 0x2945, 0x2945, 0x2945, 0x2945, 0x2945, 0x2945, 0x2945, 0x2945, 0x2945, 0x2944, 0x2965, 0x2945, 0x428b, 0x5b6f, 0x534f, 0x534f, 0x534f, 0x534f, 0x534f
};
const uint16_t DISPLAY0[] = {
		0x532f, 0x532e, 0x532e, 0x534f, 0x536f, 0x4acc, 0x424a, 0x3a49, 0x4208, 0x39e7, 0x39c7, 0x39e7, 0x39e7, 0x39e7, 0x39e7, 0x39e7, 0x39e7, 0x39e7, 0x39e7, 0x39e7, 0x39e7, 0x39e7, 0x39e7, 0x39e7, 0x39e7, 0x39e7, 0x39e7, 0x39e7, 0x39e7, 0x39c7, 0x39c7, 0x39c7, 0x39c7, 0x39c7, 0x39c7, 0x39e7, 0x39e7, 0x39c7, 0x39e7, 0x39e7, 0x39e7, 0x39e7, 0x39e7, 0x39c7, 0x39e7, 0x39e7, 0x39e7, 0x39e7, 0x39e7, 0x39e7, 0x39e7, 0x39e7, 0x39e7, 0x39e7, 0x39e7, 0x39e7, 0x39e7, 0x39e7, 0x39e7, 0x39e7, 0x39e7, 0x39e7, 0x39e7, 0x39e7, 0x39e7, 0x39e7, 0x39e7, 0x39e7, 0x39e7, 0x39e7, 0x41e7, 0x3a08, 0x3a29, 0x3a29, 0x532e, 0x534f, 0x532e, 0x532e, 0x532f, 0x532e,
		0x532f, 0x532f, 0x532f, 0x534f, 0x5370, 0x3a08, 0x2944, 0x31a6, 0x41e7, 0x39e7, 0x39c7, 0x39c7, 0x39c7, 0x39e7, 0x39e7, 0x39e7, 0x39e7, 0x39e7, 0x39e7, 0x39e7, 0x39e7, 0x39e7, 0x39e7, 0x39e7, 0x39e7, 0x39e7, 0x39e7, 0x39e7, 0x39c7, 0x39c7, 0x39c7, 0x39c7, 0x39c7, 0x39c7, 0x39c7, 0x39e7, 0x39e7, 0x39e7, 0x39e7, 0x39e7, 0x39e7, 0x39e7, 0x39e7, 0x39c7, 0x39e7, 0x39e7, 0x39c7, 0x39e7, 0x39e7, 0x39e7, 0x39e7, 0x39e7, 0x39e7, 0x39e7, 0x39e7, 0x39e7, 0x39e7, 0x39e7, 0x39c7, 0x39c7, 0x39c7, 0x39c7, 0x39e7, 0x39c7, 0x39c7, 0x39e7, 0x39e7, 0x39e7, 0x39c7, 0x39c7, 0x41e7, 0x39c7, 0x2965, 0x2965, 0x4aed, 0x536f, 0x532f, 0x532f, 0x532f, 0x534f,
		0x532e, 0x532e, 0x534f, 0x532e, 0x42ac, 0x4208, 0x39c7, 0x39c7, 0x2965, 0x2945, 0x2945, 0x2945, 0x2965, 0x2965, 0x2965, 0x2945, 0x2945, 0x2965, 0x2965, 0x2965, 0x2945, 0x2965, 0x2965, 0x2965, 0x2965, 0x2965, 0x2965, 0x2965, 0x2965, 0x2945, 0x2945, 0x2945, 0x2945, 0x2945, 0x2945, 0x2945, 0x2945, 0x2945, 0x2945, 0x2945, 0x2945, 0x2945, 0x2945, 0x2945, 0x2945, 0x2965, 0x2965, 0x2965, 0x2965, 0x2965, 0x2965, 0x2965, 0x2965, 0x2965, 0x2965, 0x2965, 0x2965, 0x2965, 0x2945, 0x2945, 0x2965, 0x2965, 0x2965, 0x2965, 0x2945, 0x2965, 0x2965, 0x2965, 0x2945, 0x2945, 0x2945, 0x3186, 0x39c7, 0x39c7, 0x3a49, 0x4aed, 0x534f, 0x534f, 0x532f, 0x534f,
		0x532e, 0x532e, 0x5b90, 0x4aed, 0x2965, 0x4208, 0x4208, 0x3186, 0x2104, 0x18e3, 0x2104, 0x2104, 0x2104, 0x2104, 0x2104, 0x2104, 0x2104, 0x2104, 0x2104, 0x2104, 0x2104, 0x2104, 0x2104, 0x2104, 0x2104, 0x2104, 0x2104, 0x2104, 0x2104, 0x2104, 0x2104, 0x2104, 0x2104, 0x2104, 0x2104, 0x2104, 0x2104, 0x2104, 0x2104, 0x2104, 0x2104, 0x2104, 0x2104, 0x2103, 0x2104, 0x2104, 0x2104, 0x2104, 0x2104, 0x2104, 0x2104, 0x2104, 0x2104, 0x2104, 0x2104, 0x2104, 0x2104, 0x2104, 0x2104, 0x2104, 0x2104, 0x2104, 0x2104, 0x2104, 0x2104, 0x2104, 0x2104, 0x2104, 0x2104, 0x2104, 0x20e3, 0x2924, 0x39a6, 0x4208, 0x3186, 0x31e8, 0x536f, 0x534f, 0x532f, 0x534f,
		0x532f, 0x534f, 0x532e, 0x428b, 0x3186, 0x39e7, 0x3186, 0x2104, 0x2104, 0x2104, 0x2104, 0x2104, 0x2104, 0x2104, 0x2104, 0x2104, 0x2104, 0x2104, 0x2104, 0x2104, 0x2104, 0x2104, 0x2104, 0x2104, 0x2104, 0x2104, 0x2104, 0x2104, 0x2104, 0x2104, 0x2104, 0x2104, 0x2104, 0x2104, 0x2104, 0x2104, 0x2104, 0x2104, 0x2104, 0x2104, 0x2104, 0x2104, 0x2104, 0x2104, 0x2104, 0x2104, 0x2104, 0x2104, 0x2104, 0x2104, 0x2104, 0x2104, 0x2104, 0x2104, 0x2104, 0x2124, 0x2104, 0x2104, 0x2104, 0x2104, 0x2104, 0x2104, 0x2104, 0x2104, 0x2124, 0x2104, 0x2104, 0x2104, 0x2104, 0x2104, 0x2104, 0x2104, 0x2945, 0x39e7, 0x39a6, 0x31c7, 0x4acc, 0x534f, 0x534f, 0x534f,
		0x534f, 0x5370, 0x3a29, 0x39c7, 0x4208, 0x31a6, 0x2124, 0x18e3, 0x2104, 0x2104, 0x2104, 0x2104, 0x2104, 0x2124, 0x2124, 0x2124, 0x2104, 0x2104, 0x2104, 0x2104, 0x2104, 0x2104, 0x2124, 0x2104, 0x2104, 0x2104, 0x2104, 0x2104, 0x2104, 0x2104, 0x2104, 0x2104, 0x2124, 0x2104, 0x2104, 0x2104, 0x2104, 0x2104, 0x2104, 0x2104, 0x2104, 0x2104, 0x2104, 0x2104, 0x2104, 0x2104, 0x2124, 0x2104, 0x2104, 0x2104, 0x2124, 0x2124, 0x2124, 0x2124, 0x2124, 0x2124, 0x2124, 0x2124, 0x2124, 0x2124, 0x2124, 0x2124, 0x2124, 0x2124, 0x2124, 0x2124, 0x2124, 0x2124, 0x2124, 0x2104, 0x2104, 0x2104, 0x2104, 0x2945, 0x39c7, 0x39e7, 0x31a6, 0x4aed, 0x5390, 0x534f,
		0x534f, 0x428b, 0x39c7, 0x39c7, 0x39e7, 0x2124, 0x18e3, 0x2104, 0x2104, 0x2104, 0x18e3, 0x18c3, 0x18c3, 0x18c3, 0x18c3, 0x18c3, 0x18c3, 0x18c3, 0x18c3, 0x18c3, 0x18c3, 0x18c3, 0x18c3, 0x18c3, 0x18c3, 0x18c3, 0x18c3, 0x18c3, 0x18c3, 0x18c3, 0x18c3, 0x18c3, 0x18c3, 0x18c3, 0x18c3, 0x18c3, 0x18c3, 0x18c3, 0x18c3, 0x18c3, 0x18c3, 0x18c3, 0x18c3, 0x18c3, 0x18c3, 0x18c3, 0x18c3, 0x18c3, 0x18c3, 0x18c3, 0x18c3, 0x18c3, 0x18c3, 0x18c3, 0x18c3, 0x18c3, 0x18c3, 0x18c3, 0x18c3, 0x18c3, 0x18c3, 0x18c3, 0x18c3, 0x18c3, 0x18c3, 0x18c3, 0x18c3, 0x18c3, 0x18e3, 0x2104, 0x2104, 0x2104, 0x2104, 0x2103, 0x3186, 0x39e7, 0x3186, 0x3a29, 0x4b0e, 0x534f,
		0x534f, 0x39c7, 0x39e7, 0x4208, 0x2965, 0x2104, 0x2104, 0x2104, 0x2104, 0x2104, 0x18c2, 0x0840, 0x0020, 0x0020, 0x0020, 0x0020, 0x0020, 0x0020, 0x0020, 0x0020, 0x0820, 0x0820, 0x0820, 0x0020, 0x0020, 0x0020, 0x0020, 0x0020, 0x0020, 0x0020, 0x0020, 0x0020, 0x0020, 0x0020, 0x0020, 0x0020, 0x0020, 0x0020, 0x0020, 0x0020, 0x0020, 0x0020, 0x0020, 0x0020, 0x0020, 0x0020, 0x0020, 0x0020, 0x0020, 0x0020, 0x0020, 0x0020, 0x0020, 0x0020, 0x0020, 0x0020, 0x0020, 0x0020, 0x0020, 0x0020, 0x0020, 0x0020, 0x0020, 0x0020, 0x0020, 0x0020, 0x0020, 0x0020, 0x1082, 0x2103, 0x2104, 0x2104, 0x2104, 0x2104, 0x2124, 0x3186, 0x39e7, 0x31a6, 0x426a, 0x534f,
		0x4aed, 0x39e7, 0x41e7, 0x31a6, 0x2104, 0x2104, 0x2104, 0x2104, 0x2104, 0x18e3, 0x0841, 0x0000, 0x0000, 0x0000, 0x0000, 0x0000, 0x0000, 0x0000, 0x0000, 0x0000, 0x0000, 0x0000, 0x0000, 0x0000, 0x0000, 0x0000, 0x0000, 0x0000, 0x0000, 0x0000, 0x0000, 0x0000, 0x0000, 0x0000, 0x0000, 0x0000, 0x0000, 0x0000, 0x0000, 0x0000, 0x0000, 0x0000, 0x0000, 0x0000, 0x0000, 0x0000, 0x0000, 0x0000, 0x0000, 0x0000, 0x0000, 0x0000, 0x0000, 0x0000, 0x0000, 0x0000, 0x0000, 0x0000, 0x0000, 0x0000, 0x0000, 0x0000, 0x0000, 0x0000, 0x0000, 0x0000, 0x0000, 0x0000, 0x0020, 0x10a2, 0x2104, 0x2104, 0x2104, 0x2104, 0x18e3, 0x2124, 0x39e7, 0x39a6, 0x3a29, 0x4b0e,
		0x31e8, 0x4208, 0x39a6, 0x2944, 0x2104, 0x2104, 0x2104, 0x2124, 0x2104, 0x0861, 0x0000, 0x0020, 0x0020, 0x0020, 0x0020, 0x0020, 0x0020, 0x0020, 0x0020, 0x0020, 0x0020, 0x0020, 0x0820, 0x0820, 0x0820, 0x0820, 0x0820, 0x0820, 0x0820, 0x0820, 0x0820, 0x0820, 0x0820, 0x0820, 0x0800, 0x0800, 0x0820, 0x0820, 0x0820, 0x0820, 0x0820, 0x0820, 0x0820, 0x0820, 0x0820, 0x0820, 0x0820, 0x0820, 0x0820, 0x0820, 0x0820, 0x0820, 0x0820, 0x0820, 0x0820, 0x0820, 0x0820, 0x0020, 0x0020, 0x0020, 0x0020, 0x0020, 0x0020, 0x0020, 0x0020, 0x0020, 0x0020, 0x0020, 0x0000, 0x0840, 0x18e3, 0x2124, 0x2104, 0x2104, 0x2104, 0x2104, 0x2965, 0x39c7, 0x39e8, 0x31e8,
		0x3186, 0x39e7, 0x2965, 0x20e3, 0x2104, 0x2104, 0x2124, 0x2104, 0x10a2, 0x0020, 0x0000, 0x0820, 0x0841, 0x0841, 0x0841, 0x0841, 0x0841, 0x0841, 0x0841, 0x0841, 0x0841, 0x0841, 0x0820, 0x0820, 0x0820, 0x1020, 0x1020, 0x1020, 0x1020, 0x1020, 0x1020, 0x1020, 0x1020, 0x1020, 0x1020, 0x1020, 0x1020, 0x1020, 0x1020, 0x1020, 0x1020, 0x1020, 0x1020, 0x1020, 0x1020, 0x1020, 0x1020, 0x1020, 0x1020, 0x1020, 0x1020, 0x1020, 0x1020, 0x1020, 0x1020, 0x0820, 0x0820, 0x0820, 0x0820, 0x0820, 0x0821, 0x0820, 0x0820, 0x0820, 0x0841, 0x0820, 0x0841, 0x0841, 0x0000, 0x0000, 0x1082, 0x2104, 0x2124, 0x2104, 0x2104, 0x2104, 0x2104, 0x31a6, 0x39e7, 0x2965,
		0x31a6, 0x3185, 0x2124, 0x2104, 0x2104, 0x2124, 0x2124, 0x18e3, 0x0841, 0x0000, 0x0020, 0x0820, 0x0820, 0x0820, 0x0820, 0x0820, 0x0820, 0x0820, 0x0821, 0x0841, 0x0820, 0x0820, 0x0820, 0x1020, 0x1020, 0x1820, 0x1820, 0x1820, 0x1820, 0x1820, 0x1820, 0x1820, 0x1820, 0x1820, 0x1820, 0x1820, 0x1820, 0x1820, 0x1820, 0x1820, 0x1820, 0x1820, 0x1820, 0x1820, 0x1820, 0x1820, 0x1820, 0x1820, 0x1800, 0x2000, 0x2020, 0x1820, 0x1820, 0x1820, 0x1020, 0x1020, 0x1020, 0x0820, 0x0820, 0x0820, 0x0820, 0x0820, 0x0820, 0x0820, 0x0820, 0x0820, 0x0820, 0x0820, 0x0020, 0x0020, 0x0020, 0x10a2, 0x2124, 0x2124, 0x2104, 0x2104, 0x2104, 0x2945, 0x39a6, 0x39c7,
		0x39c7, 0x2124, 0x2104, 0x2124, 0x2124, 0x2124, 0x2104, 0x1082, 0x0000, 0x0020, 0x0841, 0x0820, 0x0820, 0x0820, 0x0820, 0x0820, 0x0820, 0x0820, 0x0820, 0x0820, 0x0820, 0x0820, 0x1020, 0x1020, 0x1820, 0x2000, 0x2000, 0x2800, 0x2800, 0x2800, 0x2800, 0x2800, 0x2800, 0x2800, 0x2800, 0x2800, 0x2800, 0x2800, 0x2800, 0x2800, 0x2800, 0x2800, 0x2800, 0x2800, 0x2800, 0x2800, 0x2800, 0x2800, 0x2800, 0x2800, 0x2800, 0x2800, 0x2000, 0x2000, 0x1800, 0x1820, 0x1020, 0x1020, 0x0820, 0x0820, 0x0820, 0x0820, 0x0820, 0x0820, 0x0820, 0x0820, 0x0820, 0x0820, 0x0820, 0x0020, 0x0000, 0x0841, 0x18c3, 0x2124, 0x2104, 0x2104, 0x2104, 0x18e3, 0x3186, 0x4208,
		0x39e7, 0x2124, 0x2104, 0x2124, 0x2124, 0x2124, 0x10a2, 0x0020, 0x0000, 0x0020, 0x0841, 0x0820, 0x0820, 0x0820, 0x0820, 0x0820, 0x0820, 0x0820, 0x0820, 0x0820, 0x0820, 0x1020, 0x1820, 0x1800, 0x2800, 0x2800, 0x3000, 0x3800, 0x3800, 0x3800, 0x3800, 0x3800, 0x3800, 0x3800, 0x3800, 0x3800, 0x3800, 0x3800, 0x3800, 0x3800, 0x3800, 0x3800, 0x3800, 0x3800, 0x3800, 0x3800, 0x3800, 0x3800, 0x3800, 0x3800, 0x3800, 0x3800, 0x3000, 0x2800, 0x2800, 0x2000, 0x1800, 0x1020, 0x1020, 0x0820, 0x0820, 0x0820, 0x0820, 0x0820, 0x0820, 0x0820, 0x0820, 0x0820, 0x0820, 0x0820, 0x0020, 0x0000, 0x0861, 0x20e3, 0x2124, 0x2124, 0x2104, 0x20e3, 0x3186, 0x4228,
		0x39e7, 0x2104, 0x2104, 0x2124, 0x2124, 0x18c3, 0x0020, 0x0000, 0x0820, 0x0841, 0x0820, 0x0820, 0x0820, 0x0820, 0x0820, 0x0820, 0x0820, 0x0821, 0x0820, 0x0820, 0x1020, 0x1020, 0x1800, 0x2800, 0x3800, 0x3800, 0x4000, 0x4000, 0x4000, 0x4800, 0x4800, 0x4000, 0x4000, 0x4000, 0x4000, 0x4000, 0x4000, 0x4000, 0x4800, 0x4800, 0x4800, 0x4800, 0x4800, 0x4000, 0x4000, 0x4800, 0x4800, 0x4000, 0x4000, 0x4000, 0x4000, 0x4000, 0x4000, 0x3800, 0x4000, 0x3800, 0x2000, 0x1820, 0x1020, 0x1020, 0x0820, 0x0820, 0x0820, 0x0820, 0x0820, 0x0820, 0x0820, 0x0820, 0x0820, 0x0820, 0x0841, 0x0000, 0x0000, 0x1082, 0x2104, 0x2124, 0x2104, 0x2104, 0x3186, 0x4208,
		0x39c7, 0x2124, 0x2104, 0x2124, 0x18e3, 0x0841, 0x0000, 0x0000, 0x0820, 0x0820, 0x0820, 0x0820, 0x0820, 0x0820, 0x0820, 0x0820, 0x0820, 0x0820, 0x0820, 0x1020, 0x1020, 0x1800, 0x2800, 0x3000, 0x5000, 0x8000, 0x9000, 0x8800, 0x8800, 0x8800, 0x8800, 0x8800, 0x8800, 0x8800, 0x8800, 0x8800, 0x8800, 0x9000, 0x9000, 0x9000, 0x9000, 0x9000, 0x9000, 0x9000, 0x8800, 0x9000, 0x9000, 0x9000, 0x8800, 0x9000, 0x9000, 0x9000, 0x9000, 0x8820, 0x5800, 0x3800, 0x2800, 0x2000, 0x1820, 0x1020, 0x0820, 0x0820, 0x0820, 0x0820, 0x0820, 0x0820, 0x0820, 0x0820, 0x0820, 0x0820, 0x0840, 0x0020, 0x0000, 0x0020, 0x10a2, 0x2124, 0x2124, 0x20e3, 0x3186, 0x4228,
		0x39c7, 0x2124, 0x2104, 0x2945, 0x18e3, 0x0020, 0x0000, 0x0820, 0x0820, 0x0820, 0x0820, 0x0820, 0x0820, 0x0820, 0x0820, 0x0820, 0x0820, 0x0820, 0x1020, 0x1020, 0x1820, 0x2000, 0x3800, 0x3800, 0x5000, 0xd861, 0xf882, 0xf061, 0xf061, 0xf061, 0xf061, 0xf061, 0xf061, 0xf061, 0xf061, 0xf061, 0xf061, 0xf061, 0xf061, 0xf061, 0xf061, 0xf061, 0xf061, 0xf061, 0xf061, 0xf061, 0xf061, 0xf061, 0xf061, 0xf062, 0xf062, 0xf062, 0xf082, 0xf062, 0x7800, 0x3800, 0x4000, 0x2800, 0x2000, 0x1820, 0x1020, 0x0820, 0x0820, 0x0820, 0x0820, 0x0820, 0x0820, 0x0820, 0x0820, 0x0820, 0x0820, 0x0841, 0x0020, 0x0000, 0x0861, 0x2124, 0x2124, 0x18e3, 0x3186, 0x4228,
		0x39c7, 0x2124, 0x2104, 0x2945, 0x18e3, 0x0000, 0x0000, 0x0840, 0x0820, 0x0820, 0x0820, 0x0820, 0x0820, 0x0820, 0x0820, 0x0820, 0x0820, 0x0820, 0x1020, 0x1800, 0x2000, 0x3000, 0x4000, 0x6000, 0xa020, 0xf082, 0xf8a2, 0xf882, 0xf882, 0xf882, 0xf882, 0xf882, 0xf882, 0xf882, 0xf882, 0xf882, 0xf882, 0xf882, 0xf882, 0xf882, 0xf882, 0xf882, 0xf882, 0xf882, 0xf882, 0xf882, 0xf882, 0xf882, 0xf882, 0xf882, 0xf882, 0xf882, 0xf882, 0xf862, 0xc020, 0x7800, 0x4000, 0x3000, 0x2800, 0x2000, 0x1820, 0x1020, 0x0820, 0x0820, 0x0820, 0x0820, 0x0820, 0x0820, 0x0820, 0x0820, 0x0820, 0x0841, 0x0020, 0x0000, 0x0861, 0x2124, 0x2124, 0x18e3, 0x3186, 0x4228,
		0x39e7, 0x2124, 0x2104, 0x2945, 0x18e3, 0x0020, 0x0000, 0x0841, 0x0820, 0x0820, 0x0820, 0x0820, 0x0821, 0x0820, 0x0820, 0x0820, 0x0820, 0x1020, 0x1820, 0x2000, 0x3000, 0x4000, 0x3800, 0xa820, 0xf882, 0xf841, 0xf821, 0xf821, 0xf821, 0xf821, 0xf821, 0xf821, 0xf821, 0xf821, 0xf821, 0xf821, 0xf821, 0xf821, 0xf821, 0xf821, 0xf821, 0xf821, 0xf821, 0xf821, 0xf821, 0xf821, 0xf821, 0xf821, 0xf821, 0xf821, 0xf821, 0xf821, 0xf821, 0xf821, 0xf882, 0xd041, 0x5000, 0x4000, 0x3800, 0x2800, 0x2000, 0x1020, 0x1020, 0x0820, 0x0820, 0x0820, 0x0841, 0x0840, 0x0820, 0x0820, 0x0841, 0x0841, 0x0020, 0x0000, 0x0861, 0x2124, 0x2124, 0x20e3, 0x3186, 0x4208,
		0x39e7, 0x2124, 0x2104, 0x2945, 0x18e3, 0x0000, 0x0000, 0x0841, 0x0840, 0x0820, 0x0820, 0x0820, 0x0820, 0x0820, 0x0820, 0x0820, 0x1020, 0x1820, 0x2020, 0x3000, 0x3800, 0x4800, 0x8000, 0xd041, 0xf8a2, 0xf821, 0xf800, 0xf801, 0xf801, 0xf801, 0xf801, 0xf801, 0xf801, 0xf801, 0xf801, 0xf801, 0xf801, 0xf801, 0xf801, 0xf801, 0xf801, 0xf801, 0xf801, 0xf801, 0xf801, 0xf801, 0xf801, 0xf801, 0xf801, 0xf801, 0xf801, 0xf801, 0xf801, 0xf821, 0xf882, 0xe841, 0xa800, 0x5800, 0x3800, 0x3000, 0x2000, 0x1820, 0x1020, 0x0820, 0x0820, 0x0820, 0x0820, 0x0820, 0x0820, 0x0820, 0x0820, 0x0841, 0x0020, 0x0000, 0x0861, 0x2124, 0x2124, 0x20e3, 0x3186, 0x4208,
		0x39e7, 0x2124, 0x2104, 0x2924, 0x18c3, 0x0000, 0x0000, 0x0841, 0x0841, 0x0821, 0x0820, 0x0821, 0x0820, 0x0820, 0x0820, 0x0820, 0x1020, 0x2020, 0x2800, 0x4000, 0x4000, 0x6000, 0xe061, 0xf862, 0xf821, 0xf821, 0xf821, 0xf801, 0xf801, 0xf801, 0xf801, 0xf801, 0xf801, 0xf821, 0xf821, 0xf801, 0xf801, 0xf801, 0xf801, 0xf801, 0xf801, 0xf801, 0xf801, 0xf801, 0xf801, 0xf801, 0xf801, 0xf821, 0xf801, 0xf801, 0xf801, 0xf821, 0xf821, 0xf821, 0xf821, 0xf841, 0xf862, 0x8020, 0x3800, 0x4000, 0x3000, 0x2800, 0x1820, 0x1020, 0x0820, 0x0820, 0x0820, 0x0820, 0x0820, 0x0820, 0x0820, 0x0841, 0x0020, 0x0000, 0x0861, 0x2124, 0x2124, 0x18e3, 0x3185, 0x4208,
		0x39e7, 0x2104, 0x2104, 0x2944, 0x18c3, 0x0000, 0x0000, 0x0841, 0x0841, 0x0821, 0x0821, 0x0820, 0x0820, 0x0820, 0x0820, 0x1020, 0x1820, 0x2800, 0x3800, 0x3800, 0x3800, 0x6800, 0xd861, 0xf882, 0xf821, 0xf821, 0xf821, 0xf801, 0xf801, 0xf801, 0xf801, 0xf801, 0xf801, 0xf801, 0xf801, 0xf801, 0xf801, 0xf801, 0xf801, 0xf801, 0xf801, 0xf801, 0xf801, 0xf801, 0xf801, 0xf801, 0xf801, 0xf801, 0xf801, 0xf801, 0xf821, 0xf821, 0xf821, 0xf821, 0xf821, 0xf841, 0xf882, 0x8020, 0x3800, 0x3800, 0x3800, 0x3000, 0x2000, 0x1820, 0x1020, 0x0820, 0x0820, 0x0820, 0x0820, 0x0820, 0x0820, 0x0841, 0x0020, 0x0000, 0x0861, 0x2124, 0x2124, 0x18e3, 0x3185, 0x4228,
		0x39e7, 0x2104, 0x2104, 0x2944, 0x18c3, 0x0000, 0x0000, 0x0841, 0x0841, 0x0841, 0x0841, 0x0820, 0x0820, 0x0820, 0x1020, 0x1820, 0x2000, 0x3800, 0x5000, 0x6800, 0x6800, 0x4800, 0x8800, 0xe861, 0xf8a2, 0xf821, 0xf801, 0xf821, 0xf801, 0xf801, 0xf801, 0xf801, 0xf801, 0xf801, 0xf801, 0xf801, 0xf801, 0xf801, 0xf801, 0xf801, 0xf801, 0xf801, 0xf801, 0xf801, 0xf801, 0xf801, 0xf801, 0xf821, 0xf821, 0xf821, 0xf821, 0xf821, 0xf821, 0xf821, 0xf882, 0xf061, 0xb820, 0x5000, 0x5000, 0x7000, 0x5800, 0x3800, 0x2800, 0x2000, 0x1020, 0x1020, 0x0820, 0x0820, 0x0820, 0x0820, 0x0840, 0x0841, 0x0020, 0x0000, 0x0861, 0x2124, 0x2124, 0x18e3, 0x3186, 0x4228,
		0x39e7, 0x2124, 0x2104, 0x2924, 0x18c3, 0x0020, 0x0000, 0x0841, 0x0820, 0x0820, 0x0820, 0x0820, 0x0820, 0x0820, 0x1820, 0x2020, 0x3000, 0x3800, 0x5000, 0xd041, 0xc041, 0x4000, 0x5000, 0xb020, 0xf062, 0xf841, 0xf821, 0xf801, 0xf801, 0xf801, 0xf801, 0xf801, 0xf801, 0xf801, 0xf821, 0xf801, 0xf801, 0xf801, 0xf801, 0xf801, 0xf801, 0xf801, 0xf821, 0xf801, 0xf801, 0xf801, 0xf801, 0xf801, 0xf801, 0xf821, 0xf821, 0xf821, 0xf821, 0xf841, 0xf862, 0xd041, 0x6800, 0x3800, 0x9020, 0xe041, 0x7800, 0x3000, 0x3000, 0x2000, 0x1800, 0x1020, 0x0820, 0x0820, 0x0820, 0x0820, 0x0820, 0x0841, 0x0020, 0x0000, 0x0861, 0x2124, 0x2124, 0x18e3, 0x3186, 0x4228,
		0x39e7, 0x2104, 0x2104, 0x2944, 0x18e3, 0x0020, 0x0000, 0x0841, 0x0820, 0x0820, 0x0820, 0x0820, 0x0820, 0x1020, 0x1820, 0x2800, 0x4000, 0x4800, 0x8800, 0xf862, 0xf062, 0xa000, 0x4800, 0x5000, 0xb020, 0xf882, 0xf882, 0xf801, 0xf801, 0xf801, 0xf801, 0xf801, 0xf801, 0xf801, 0xf801, 0xf801, 0xf801, 0xf801, 0xf801, 0xf801, 0xf801, 0xf801, 0xf801, 0xf801, 0xf801, 0xf801, 0xf801, 0xf801, 0xf801, 0xf801, 0xf801, 0xf801, 0xf841, 0xf882, 0xd821, 0x7800, 0x4000, 0x7800, 0xe041, 0xf8a2, 0xb820, 0x5000, 0x4000, 0x3000, 0x2000, 0x1020, 0x1020, 0x0820, 0x0820, 0x0820, 0x0820, 0x0841, 0x0020, 0x0000, 0x0861, 0x2124, 0x2124, 0x20e3, 0x3186, 0x4228,
		0x39e7, 0x2104, 0x2104, 0x2944, 0x18e3, 0x0020, 0x0000, 0x0820, 0x0820, 0x0820, 0x0820, 0x0820, 0x0820, 0x1020, 0x2000, 0x3000, 0x3800, 0x7800, 0xe041, 0xf861, 0xf862, 0xf041, 0x8800, 0x3800, 0x6800, 0xd861, 0xf862, 0xf841, 0xf861, 0xf861, 0xf841, 0xf841, 0xf841, 0xf841, 0xf841, 0xf841, 0xf841, 0xf841, 0xf841, 0xf841, 0xf841, 0xf841, 0xf841, 0xf841, 0xf841, 0xf841, 0xf841, 0xf861, 0xf841, 0xf841, 0xf841, 0xf841, 0xf841, 0xf861, 0x8800, 0x3800, 0x6000, 0xd041, 0xf861, 0xf861, 0xf041, 0xa020, 0x3800, 0x3000, 0x2800, 0x1820, 0x1020, 0x0820, 0x0820, 0x0820, 0x0820, 0x0841, 0x0020, 0x0000, 0x0861, 0x2124, 0x2124, 0x20e3, 0x3186, 0x4228,
		0x39e7, 0x2104, 0x2104, 0x2944, 0x18c3, 0x0020, 0x0000, 0x0820, 0x0820, 0x0820, 0x0820, 0x0820, 0x1020, 0x1820, 0x2800, 0x3800, 0x5800, 0xb820, 0xf8a2, 0xf821, 0xf841, 0xf8a2, 0xe041, 0x7800, 0x4000, 0x8800, 0xe041, 0xf8a2, 0xf8a2, 0xf8a2, 0xf882, 0xf882, 0xf882, 0xf882, 0xf882, 0xf882, 0xf882, 0xf882, 0xf882, 0xf882, 0xf882, 0xf882, 0xf882, 0xf882, 0xf882, 0xf882, 0xf882, 0xf882, 0xf882, 0xf882, 0xf882, 0xf8a2, 0xf061, 0xa800, 0x5000, 0x5000, 0xc020, 0xf882, 0xf862, 0xf800, 0xf882, 0xd841, 0x6800, 0x4000, 0x2800, 0x1800, 0x1020, 0x0820, 0x0820, 0x0820, 0x0820, 0x0841, 0x0020, 0x0000, 0x1081, 0x2124, 0x2124, 0x20e3, 0x3186, 0x4228,
		0x39e7, 0x2104, 0x2104, 0x2944, 0x18c3, 0x0000, 0x0000, 0x0840, 0x0820, 0x0820, 0x0820, 0x0820, 0x1020, 0x1820, 0x2800, 0x4800, 0xc020, 0xf041, 0xf862, 0xf821, 0xf821, 0xf862, 0xf862, 0xc841, 0x5800, 0x4000, 0x9020, 0xe061, 0xd061, 0xd041, 0xd041, 0xd041, 0xd041, 0xd041, 0xd041, 0xd041, 0xd041, 0xd041, 0xd041, 0xd041, 0xd041, 0xd041, 0xd041, 0xd041, 0xd041, 0xd041, 0xd041, 0xd041, 0xd041, 0xc841, 0xd041, 0xd861, 0xb841, 0x4800, 0x4000, 0xa020, 0xf862, 0xf862, 0xf821, 0xf801, 0xf841, 0xf041, 0xd820, 0x7000, 0x2800, 0x2000, 0x1820, 0x0820, 0x0820, 0x0820, 0x0820, 0x0841, 0x0020, 0x0000, 0x1081, 0x2124, 0x2124, 0x20e3, 0x3186, 0x4228,
		0x39e7, 0x2124, 0x2104, 0x2924, 0x18c3, 0x0020, 0x0000, 0x0840, 0x0820, 0x0820, 0x0820, 0x1020, 0x1020, 0x2020, 0x2800, 0x5800, 0xe861, 0xf882, 0xf821, 0xf801, 0xf821, 0xf821, 0xf882, 0xf862, 0xb800, 0x5800, 0x5000, 0x6000, 0x6000, 0x5800, 0x5800, 0x5800, 0x5800, 0x6000, 0x6000, 0x6000, 0x6000, 0x6000, 0x6000, 0x6000, 0x6000, 0x6000, 0x6000, 0x6000, 0x6000, 0x6000, 0x6000, 0x6000, 0x5800, 0x5800, 0x6000, 0x6000, 0x5800, 0x5000, 0x7800, 0xe841, 0xf8a2, 0xf841, 0xf801, 0xf821, 0xf800, 0xf841, 0xf882, 0x8800, 0x2800, 0x2800, 0x1820, 0x1020, 0x0820, 0x0820, 0x0820, 0x0841, 0x0020, 0x0000, 0x0861, 0x2104, 0x2124, 0x2103, 0x3186, 0x4228,
		0x39e7, 0x2124, 0x2104, 0x2924, 0x18c3, 0x0020, 0x0000, 0x0820, 0x0820, 0x0820, 0x0820, 0x1020, 0x1020, 0x2020, 0x2800, 0x5800, 0xe061, 0xf882, 0xf801, 0xf801, 0xf821, 0xf821, 0xf841, 0xf862, 0xf041, 0x7820, 0x4000, 0x3800, 0x4000, 0x4000, 0x3800, 0x3800, 0x3800, 0x3800, 0x3800, 0x3800, 0x3800, 0x3800, 0x3800, 0x3800, 0x3800, 0x3800, 0x3800, 0x3800, 0x3800, 0x3800, 0x3800, 0x3800, 0x3800, 0x4000, 0x4000, 0x3800, 0x4000, 0x6000, 0xc841, 0xf862, 0xf841, 0xf801, 0xf801, 0xf821, 0xf800, 0xf861, 0xf882, 0x8000, 0x2800, 0x2800, 0x1800, 0x1020, 0x0820, 0x0820, 0x0820, 0x0840, 0x0020, 0x0000, 0x0861, 0x2124, 0x2124, 0x2103, 0x3186, 0x4228,
		0x39e7, 0x2124, 0x2104, 0x2924, 0x18c3, 0x0000, 0x0000, 0x0840, 0x0820, 0x0820, 0x0820, 0x1020, 0x1820, 0x2800, 0x3000, 0x5800, 0xe041, 0xf882, 0xf821, 0xf801, 0xf821, 0xf821, 0xf801, 0xf862, 0xf882, 0x8020, 0x3800, 0x4000, 0x4000, 0x3800, 0x3800, 0x3000, 0x3000, 0x3000, 0x3000, 0x3000, 0x3000, 0x3000, 0x3000, 0x3000, 0x3000, 0x3000, 0x3000, 0x3000, 0x3000, 0x3000, 0x3000, 0x3000, 0x3000, 0x3000, 0x3800, 0x3800, 0x4000, 0x6800, 0xe862, 0xf882, 0xf801, 0xf801, 0xf801, 0xf801, 0xf801, 0xf862, 0xf862, 0x8000, 0x3000, 0x3000, 0x1800, 0x1020, 0x0820, 0x0820, 0x0820, 0x0840, 0x0020, 0x0000, 0x0861, 0x2124, 0x2124, 0x2104, 0x3186, 0x4228,
		0x39e7, 0x2124, 0x2104, 0x2944, 0x18c3, 0x0000, 0x0000, 0x0840, 0x0820, 0x0820, 0x0820, 0x1020, 0x1800, 0x2800, 0x3000, 0x5800, 0xe041, 0xf882, 0xf821, 0xf801, 0xf821, 0xf821, 0xf801, 0xf862, 0xf882, 0x7800, 0x3800, 0x3800, 0x3000, 0x2800, 0x2800, 0x2000, 0x2000, 0x2800, 0x2800, 0x2800, 0x2800, 0x2800, 0x2800, 0x2800, 0x2800, 0x2800, 0x2800, 0x2800, 0x2800, 0x2800, 0x2800, 0x2800, 0x2800, 0x2800, 0x2800, 0x3800, 0x3800, 0x6000, 0xe061, 0xf882, 0xf821, 0xf801, 0xf801, 0xf801, 0xf801, 0xf862, 0xf862, 0x8000, 0x3000, 0x3000, 0x1800, 0x1020, 0x0820, 0x0820, 0x0820, 0x0840, 0x0020, 0x0000, 0x0861, 0x2104, 0x2124, 0x2104, 0x3186, 0x4228,
		0x39e7, 0x2124, 0x2104, 0x2924, 0x18c3, 0x0000, 0x0000, 0x0820, 0x0820, 0x0820, 0x0820, 0x1020, 0x1800, 0x2800, 0x3000, 0x6000, 0xe041, 0xf882, 0xf821, 0xf801, 0xf801, 0xf821, 0xf801, 0xf862, 0xf882, 0x7800, 0x3800, 0x3800, 0x2800, 0x2000, 0x2000, 0x1820, 0x1820, 0x1820, 0x2020, 0x2020, 0x2020, 0x2020, 0x2020, 0x2020, 0x2020, 0x2020, 0x1800, 0x1800, 0x2020, 0x2020, 0x2020, 0x2020, 0x2000, 0x2000, 0x2800, 0x3000, 0x3800, 0x6000, 0xe061, 0xf882, 0xf821, 0xf801, 0xf801, 0xf801, 0xf801, 0xf861, 0xf862, 0x8000, 0x3000, 0x3000, 0x1800, 0x1020, 0x0820, 0x0820, 0x0820, 0x0841, 0x0020, 0x0000, 0x0861, 0x2104, 0x2124, 0x2104, 0x3186, 0x4228,
		0x39e7, 0x2124, 0x2104, 0x2924, 0x18c3, 0x0000, 0x0000, 0x0820, 0x0820, 0x0820, 0x0820, 0x1020, 0x1820, 0x2800, 0x3000, 0x5800, 0xe041, 0xf882, 0xf821, 0xf801, 0xf801, 0xf821, 0xf801, 0xf862, 0xf882, 0x7800, 0x3800, 0x3000, 0x2800, 0x2000, 0x1820, 0x1020, 0x1020, 0x1020, 0x1020, 0x1020, 0x1020, 0x1020, 0x1020, 0x1020, 0x1020, 0x1020, 0x1020, 0x1020, 0x1020, 0x1020, 0x1020, 0x1020, 0x1020, 0x1820, 0x2000, 0x2800, 0x3800, 0x6000, 0xe041, 0xf882, 0xf821, 0xf801, 0xf821, 0xf801, 0xf801, 0xf861, 0xf862, 0x8000, 0x3000, 0x3000, 0x2000, 0x1020, 0x0820, 0x0820, 0x0820, 0x0840, 0x0020, 0x0000, 0x0861, 0x2124, 0x2124, 0x2103, 0x3186, 0x4a28,
		0x39e7, 0x2124, 0x2104, 0x2924, 0x18c3, 0x0020, 0x0000, 0x0820, 0x0820, 0x0820, 0x0820, 0x1020, 0x1800, 0x2800, 0x3000, 0x5800, 0xe041, 0xf882, 0xf821, 0xf801, 0xf801, 0xf821, 0xf801, 0xf862, 0xf862, 0x7800, 0x3800, 0x3000, 0x2000, 0x1820, 0x1020, 0x1020, 0x1020, 0x1020, 0x1020, 0x1020, 0x1020, 0x1020, 0x1020, 0x1020, 0x1020, 0x1020, 0x1020, 0x1020, 0x1020, 0x1020, 0x1020, 0x1020, 0x1020, 0x1020, 0x1800, 0x2800, 0x3800, 0x6000, 0xe041, 0xf882, 0xf801, 0xf801, 0xf801, 0xf801, 0xf801, 0xf861, 0xf862, 0x8800, 0x3000, 0x3000, 0x2000, 0x1020, 0x0820, 0x0820, 0x0820, 0x0841, 0x0020, 0x0000, 0x0861, 0x2124, 0x2124, 0x2103, 0x3186, 0x4a28,
		0x39e7, 0x2124, 0x2104, 0x2924, 0x18c3, 0x0000, 0x0000, 0x0820, 0x0820, 0x0820, 0x0820, 0x1020, 0x1800, 0x2800, 0x3000, 0x5800, 0xe041, 0xf882, 0xf821, 0xf801, 0xf801, 0xf821, 0xf801, 0xf862, 0xf862, 0x7800, 0x3800, 0x3000, 0x2000, 0x1820, 0x1020, 0x1020, 0x0820, 0x0820, 0x0820, 0x1020, 0x0820, 0x0820, 0x1020, 0x1020, 0x1020, 0x1020, 0x1020, 0x0820, 0x0820, 0x1020, 0x1020, 0x1020, 0x1020, 0x1020, 0x1800, 0x2800, 0x3800, 0x6000, 0xe041, 0xf882, 0xf821, 0xf801, 0xf801, 0xf801, 0xf801, 0xf862, 0xf862, 0x8800, 0x3000, 0x3000, 0x2000, 0x1020, 0x0820, 0x0820, 0x0820, 0x0840, 0x0020, 0x0000, 0x0861, 0x2124, 0x2124, 0x2103, 0x3186, 0x4228,
		0x39e7, 0x2124, 0x2104, 0x2924, 0x18c3, 0x0000, 0x0000, 0x0820, 0x0820, 0x0820, 0x0820, 0x1020, 0x1800, 0x2800, 0x3000, 0x5800, 0xe041, 0xf882, 0xf821, 0xf801, 0xf801, 0xf801, 0xf801, 0xf862, 0xf882, 0x7800, 0x3800, 0x3000, 0x2000, 0x1820, 0x1020, 0x0820, 0x0820, 0x0820, 0x0820, 0x0820, 0x0820, 0x0820, 0x0820, 0x0820, 0x0820, 0x0820, 0x0820, 0x0820, 0x0820, 0x0820, 0x0820, 0x0820, 0x1020, 0x1020, 0x1800, 0x2800, 0x3800, 0x6000, 0xe041, 0xf882, 0xf821, 0xf801, 0xf801, 0xf821, 0xf801, 0xf862, 0xf862, 0x8000, 0x3000, 0x3000, 0x2000, 0x1020, 0x0820, 0x0820, 0x0820, 0x0820, 0x0020, 0x0000, 0x1061, 0x2124, 0x2124, 0x20e3, 0x3186, 0x4a28,
		0x39e7, 0x2124, 0x2104, 0x2944, 0x18c3, 0x0000, 0x0000, 0x0820, 0x0820, 0x0820, 0x0820, 0x1020, 0x1800, 0x2800, 0x3000, 0x5800, 0xe041, 0xf882, 0xf821, 0xf801, 0xf801, 0xf801, 0xf801, 0xf861, 0xf862, 0x7800, 0x3800, 0x3000, 0x2000, 0x1820, 0x1020, 0x0820, 0x0820, 0x0820, 0x0820, 0x0820, 0x0820, 0x0820, 0x0820, 0x0820, 0x0820, 0x0820, 0x0820, 0x0820, 0x0820, 0x0820, 0x0820, 0x0820, 0x1020, 0x1020, 0x1820, 0x2800, 0x3800, 0x6000, 0xe841, 0xf882, 0xf821, 0xf801, 0xf801, 0xf801, 0xf801, 0xf862, 0xf862, 0x8000, 0x3000, 0x3000, 0x2000, 0x1020, 0x0820, 0x0820, 0x0820, 0x0820, 0x0020, 0x0000, 0x1061, 0x2124, 0x2124, 0x2103, 0x31a6, 0x4a28,
		0x39e7, 0x2104, 0x2104, 0x2924, 0x18c3, 0x0000, 0x0000, 0x0820, 0x0820, 0x0820, 0x0820, 0x1020, 0x1800, 0x2800, 0x3000, 0x6000, 0xe041, 0xf882, 0xf821, 0xf801, 0xf801, 0xf801, 0xf801, 0xf861, 0xf062, 0x7800, 0x3800, 0x3000, 0x2000, 0x1820, 0x1020, 0x0820, 0x0820, 0x0820, 0x0820, 0x0820, 0x0820, 0x0820, 0x0820, 0x0820, 0x0820, 0x0820, 0x0820, 0x0820, 0x0820, 0x0820, 0x0820, 0x0820, 0x1020, 0x1020, 0x1820, 0x2800, 0x3800, 0x6000, 0xe041, 0xf882, 0xf821, 0xf801, 0xf801, 0xf801, 0xf801, 0xf862, 0xf862, 0x8000, 0x3000, 0x3000, 0x2000, 0x1020, 0x0820, 0x0820, 0x0820, 0x0820, 0x0020, 0x0000, 0x0861, 0x2104, 0x2124, 0x2103, 0x31a6, 0x4a28,
		0x39e7, 0x2104, 0x2104, 0x2924, 0x18c3, 0x0020, 0x0000, 0x0820, 0x0820, 0x0820, 0x0820, 0x1020, 0x1800, 0x2800, 0x3000, 0x6000, 0xe041, 0xf882, 0xf821, 0xf801, 0xf801, 0xf821, 0xf801, 0xf862, 0xf862, 0x7800, 0x3800, 0x3000, 0x2000, 0x1820, 0x1020, 0x0820, 0x0820, 0x0820, 0x0820, 0x0820, 0x0820, 0x0820, 0x0820, 0x0820, 0x0820, 0x0820, 0x0820, 0x0820, 0x0820, 0x0820, 0x0820, 0x0820, 0x1020, 0x1020, 0x1820, 0x2800, 0x3800, 0x6000, 0xe041, 0xf882, 0xf821, 0xf801, 0xf801, 0xf801, 0xf801, 0xf862, 0xf862, 0x8000, 0x3000, 0x3000, 0x2000, 0x1020, 0x0820, 0x0820, 0x0820, 0x0820, 0x0020, 0x0000, 0x1061, 0x2104, 0x2124, 0x2103, 0x31a6, 0x4a28,
		0x39e7, 0x2124, 0x2104, 0x2924, 0x18c3, 0x0000, 0x0000, 0x0820, 0x0820, 0x0820, 0x0820, 0x1020, 0x1800, 0x2800, 0x3000, 0x6000, 0xe041, 0xf882, 0xf821, 0xf801, 0xf801, 0xf801, 0xf801, 0xf862, 0xf882, 0x7800, 0x3800, 0x3000, 0x2000, 0x1820, 0x1020, 0x0820, 0x0820, 0x0820, 0x0820, 0x0820, 0x0820, 0x0820, 0x0820, 0x0820, 0x0820, 0x0820, 0x0820, 0x0820, 0x0820, 0x0820, 0x0820, 0x0820, 0x1020, 0x1020, 0x1820, 0x2800, 0x3800, 0x6000, 0xe041, 0xf882, 0xf821, 0xf801, 0xf821, 0xf801, 0xf801, 0xf862, 0xf862, 0x8000, 0x3000, 0x3000, 0x2000, 0x1000, 0x0820, 0x0820, 0x0820, 0x0820, 0x0020, 0x0000, 0x0861, 0x2124, 0x2124, 0x2103, 0x31a6, 0x4228,
		0x39e7, 0x2124, 0x2104, 0x2924, 0x18c3, 0x0000, 0x0000, 0x0820, 0x0820, 0x0820, 0x0820, 0x1020, 0x1800, 0x2800, 0x3000, 0x6000, 0xe041, 0xf882, 0xf821, 0xf801, 0xf801, 0xf821, 0xf801, 0xf862, 0xf882, 0x7800, 0x3800, 0x3000, 0x2000, 0x1820, 0x1020, 0x0820, 0x0820, 0x0820, 0x0820, 0x0820, 0x0820, 0x0820, 0x0820, 0x0820, 0x0820, 0x0820, 0x0820, 0x0820, 0x0820, 0x0820, 0x0820, 0x0820, 0x1020, 0x1020, 0x1800, 0x2800, 0x3800, 0x6000, 0xe061, 0xf882, 0xf821, 0xf801, 0xf821, 0xf801, 0xf801, 0xf861, 0xf862, 0x8000, 0x3000, 0x3000, 0x2000, 0x1020, 0x0820, 0x0820, 0x0820, 0x0820, 0x0020, 0x0000, 0x0861, 0x2124, 0x2124, 0x20e3, 0x3186, 0x4228,
		0x39e7, 0x2124, 0x2104, 0x2924, 0x18c3, 0x0000, 0x0000, 0x0820, 0x0820, 0x0820, 0x0820, 0x1020, 0x1820, 0x2800, 0x3000, 0x6000, 0xe041, 0xf882, 0xf821, 0xf801, 0xf801, 0xf821, 0xf801, 0xf861, 0xf882, 0x7800, 0x3800, 0x3000, 0x2000, 0x1820, 0x1020, 0x0820, 0x0820, 0x0820, 0x0820, 0x0820, 0x0820, 0x0820, 0x0820, 0x0820, 0x0820, 0x0820, 0x0820, 0x0820, 0x0820, 0x0820, 0x0820, 0x0820, 0x1020, 0x1020, 0x1800, 0x2800, 0x3800, 0x6000, 0xe061, 0xf882, 0xf821, 0xf801, 0xf801, 0xf801, 0xf801, 0xf861, 0xf862, 0x8000, 0x3000, 0x3000, 0x2000, 0x1020, 0x0820, 0x0820, 0x0820, 0x0820, 0x0020, 0x0000, 0x1061, 0x2124, 0x2124, 0x18e3, 0x3186, 0x4228,
		0x39e7, 0x2124, 0x2104, 0x2945, 0x18c3, 0x0020, 0x0000, 0x0820, 0x0820, 0x0820, 0x0820, 0x1020, 0x1800, 0x2800, 0x3000, 0x6000, 0xe041, 0xf882, 0xf821, 0xf801, 0xf801, 0xf821, 0xf801, 0xf861, 0xf882, 0x7800, 0x3800, 0x3000, 0x2000, 0x1820, 0x1020, 0x0820, 0x0820, 0x0820, 0x0820, 0x0820, 0x0820, 0x0820, 0x0820, 0x0820, 0x0820, 0x0820, 0x0820, 0x0820, 0x0820, 0x0820, 0x0820, 0x0820, 0x1020, 0x1020, 0x1800, 0x2800, 0x3800, 0x6000, 0xe041, 0xf882, 0xf821, 0xf801, 0xf801, 0xf801, 0xf801, 0xf861, 0xf862, 0x8000, 0x3000, 0x2800, 0x2000, 0x1020, 0x0820, 0x0820, 0x0820, 0x0820, 0x0020, 0x0000, 0x1061, 0x2124, 0x2124, 0x20e3, 0x3186, 0x4228,
		0x39e7, 0x2124, 0x2104, 0x2945, 0x18c3, 0x0000, 0x0000, 0x0820, 0x0820, 0x0820, 0x0820, 0x1020, 0x1800, 0x2800, 0x3000, 0x5800, 0xe041, 0xf882, 0xf821, 0xf801, 0xf801, 0xf801, 0xf801, 0xf862, 0xf862, 0x7800, 0x3800, 0x3000, 0x2000, 0x1820, 0x1020, 0x0820, 0x0820, 0x0820, 0x0820, 0x0820, 0x0820, 0x0820, 0x0820, 0x0820, 0x0820, 0x0820, 0x0820, 0x0820, 0x0820, 0x0820, 0x0820, 0x0820, 0x1020, 0x1020, 0x1800, 0x2800, 0x3800, 0x6000, 0xe041, 0xf882, 0xf821, 0xf801, 0xf801, 0xf801, 0xf800, 0xf861, 0xf862, 0x8000, 0x3000, 0x2800, 0x2000, 0x1020, 0x0820, 0x0820, 0x0820, 0x0820, 0x0020, 0x0000, 0x0861, 0x2124, 0x2124, 0x20e3, 0x3186, 0x4228,
		0x39e7, 0x2124, 0x2104, 0x2944, 0x18c3, 0x0000, 0x0000, 0x0820, 0x0820, 0x0820, 0x0820, 0x1020, 0x1800, 0x2800, 0x3000, 0x5800, 0xe041, 0xf882, 0xf821, 0xf801, 0xf801, 0xf821, 0xf801, 0xf862, 0xf862, 0x7800, 0x3800, 0x3000, 0x2000, 0x1820, 0x1020, 0x0820, 0x0820, 0x0820, 0x0820, 0x0820, 0x0820, 0x0820, 0x0820, 0x0820, 0x0820, 0x0820, 0x0820, 0x0820, 0x0820, 0x0820, 0x0820, 0x0820, 0x1020, 0x1020, 0x1800, 0x2800, 0x3800, 0x6000, 0xe041, 0xf862, 0xf821, 0xf801, 0xf801, 0xf801, 0xf801, 0xf861, 0xf862, 0x8000, 0x3000, 0x3000, 0x2000, 0x1020, 0x0820, 0x0820, 0x0820, 0x0820, 0x0020, 0x0000, 0x0861, 0x2124, 0x2124, 0x20e3, 0x3186, 0x4228,
		0x39e7, 0x2124, 0x2104, 0x2924, 0x18c3, 0x0000, 0x0000, 0x0820, 0x0820, 0x0820, 0x0820, 0x1020, 0x1800, 0x2800, 0x3000, 0x5800, 0xe041, 0xf882, 0xf821, 0xf801, 0xf801, 0xf821, 0xf801, 0xf862, 0xf882, 0x7800, 0x3800, 0x3000, 0x2000, 0x1820, 0x1020, 0x0820, 0x0820, 0x0820, 0x0820, 0x0820, 0x0820, 0x0820, 0x0820, 0x0820, 0x0820, 0x0820, 0x0820, 0x0820, 0x0820, 0x0820, 0x0820, 0x1020, 0x1020, 0x1020, 0x1800, 0x2800, 0x3800, 0x6000, 0xe041, 0xf862, 0xf821, 0xf801, 0xf801, 0xf801, 0xf801, 0xf862, 0xf862, 0x8000, 0x3000, 0x3000, 0x2000, 0x1020, 0x0820, 0x0820, 0x0820, 0x0820, 0x0020, 0x0000, 0x0861, 0x2124, 0x2124, 0x20e3, 0x3186, 0x4228,
		0x39e7, 0x2124, 0x2104, 0x2924, 0x18c3, 0x0000, 0x0000, 0x0820, 0x0820, 0x0820, 0x0820, 0x1020, 0x1800, 0x2800, 0x3000, 0x5800, 0xe041, 0xf882, 0xf821, 0xf801, 0xf821, 0xf801, 0xf801, 0xf862, 0xf862, 0x7800, 0x3800, 0x3000, 0x2000, 0x1820, 0x1020, 0x0820, 0x0820, 0x0820, 0x0820, 0x0820, 0x0820, 0x0820, 0x0820, 0x0820, 0x0820, 0x0820, 0x0820, 0x0820, 0x0820, 0x0820, 0x0820, 0x1020, 0x1020, 0x1020, 0x1800, 0x2800, 0x3800, 0x6000, 0xe041, 0xf882, 0xf821, 0xf801, 0xf801, 0xf821, 0xf801, 0xf862, 0xf862, 0x8000, 0x3000, 0x3000, 0x2000, 0x1020, 0x0820, 0x0820, 0x0820, 0x0820, 0x0020, 0x0000, 0x0861, 0x2124, 0x2124, 0x20e3, 0x3186, 0x4a28,
		0x39e7, 0x2124, 0x2104, 0x2945, 0x18c3, 0x0020, 0x0000, 0x0820, 0x0820, 0x0820, 0x0820, 0x1020, 0x1800, 0x2800, 0x3000, 0x6000, 0xe041, 0xf882, 0xf821, 0xf801, 0xf821, 0xf801, 0xf801, 0xf862, 0xf862, 0x7800, 0x3800, 0x3000, 0x2000, 0x1820, 0x1020, 0x0820, 0x0820, 0x0820, 0x0820, 0x0820, 0x0820, 0x0820, 0x0820, 0x0820, 0x0820, 0x0820, 0x0820, 0x0820, 0x0820, 0x0820, 0x0820, 0x1020, 0x1020, 0x1020, 0x1800, 0x2800, 0x3800, 0x6000, 0xe061, 0xf882, 0xf821, 0xf801, 0xf801, 0xf801, 0xf801, 0xf862, 0xf862, 0x8000, 0x3000, 0x3000, 0x2000, 0x1020, 0x0820, 0x0820, 0x0820, 0x0820, 0x0020, 0x0000, 0x1081, 0x2124, 0x2124, 0x20e3, 0x3186, 0x4a28,
		0x39e7, 0x2124, 0x2104, 0x2944, 0x18c3, 0x0020, 0x0000, 0x0820, 0x0820, 0x0820, 0x0820, 0x1020, 0x1800, 0x2800, 0x3000, 0x6000, 0xe041, 0xf882, 0xf821, 0xf801, 0xf801, 0xf801, 0xf801, 0xf862, 0xf862, 0x7800, 0x3800, 0x3000, 0x2000, 0x1820, 0x1020, 0x0820, 0x0820, 0x0820, 0x0820, 0x0820, 0x0820, 0x0820, 0x0820, 0x0820, 0x0820, 0x0820, 0x0820, 0x0820, 0x0820, 0x0820, 0x0820, 0x0820, 0x1020, 0x1020, 0x1800, 0x2800, 0x3800, 0x6000, 0xe861, 0xf882, 0xf821, 0xf801, 0xf801, 0xf801, 0xf801, 0xf861, 0xf862, 0x8000, 0x3000, 0x3000, 0x2000, 0x1020, 0x0820, 0x0820, 0x0820, 0x0820, 0x0020, 0x0000, 0x0861, 0x2124, 0x2124, 0x20e3, 0x3186, 0x4a28,
		0x39e7, 0x2124, 0x2104, 0x2924, 0x18c3, 0x0000, 0x0000, 0x0820, 0x0820, 0x0820, 0x0820, 0x1020, 0x1800, 0x2800, 0x3000, 0x6000, 0xe041, 0xf882, 0xf801, 0xf801, 0xf801, 0xf821, 0xf801, 0xf862, 0xf862, 0x7800, 0x3800, 0x3000, 0x2000, 0x1820, 0x1020, 0x0820, 0x0820, 0x0820, 0x0820, 0x0820, 0x0820, 0x0820, 0x0820, 0x0820, 0x0820, 0x0820, 0x0820, 0x0820, 0x0820, 0x0820, 0x0820, 0x0820, 0x1020, 0x1020, 0x1820, 0x3000, 0x3800, 0x6000, 0xe061, 0xf882, 0xf821, 0xf801, 0xf801, 0xf801, 0xf801, 0xf861, 0xf862, 0x8000, 0x3000, 0x3000, 0x2000, 0x1020, 0x0820, 0x0820, 0x0820, 0x0820, 0x0020, 0x0000, 0x0861, 0x2124, 0x2124, 0x20e3, 0x3186, 0x4228,
		0x39e7, 0x2124, 0x2104, 0x2924, 0x18c3, 0x0020, 0x0000, 0x0820, 0x0820, 0x0820, 0x0820, 0x1020, 0x1800, 0x2800, 0x3000, 0x6000, 0xe041, 0xf882, 0xf821, 0xf801, 0xf801, 0xf801, 0xf801, 0xf861, 0xf862, 0x7800, 0x3800, 0x3000, 0x2000, 0x1820, 0x1020, 0x0820, 0x0820, 0x0820, 0x0820, 0x0820, 0x0820, 0x0820, 0x0820, 0x0820, 0x0820, 0x0820, 0x0820, 0x0820, 0x0820, 0x0820, 0x0820, 0x0820, 0x1020, 0x1020, 0x1820, 0x2800, 0x3800, 0x6000, 0xe041, 0xf882, 0xf821, 0xf801, 0xf801, 0xf801, 0xf801, 0xf862, 0xf862, 0x8000, 0x3000, 0x3000, 0x2000, 0x1020, 0x0820, 0x0820, 0x0820, 0x0820, 0x0020, 0x0000, 0x0861, 0x2124, 0x2124, 0x20e3, 0x3186, 0x4228,
		0x39e7, 0x2124, 0x2104, 0x2924, 0x18c3, 0x0020, 0x0000, 0x0820, 0x0820, 0x0820, 0x0820, 0x1020, 0x1800, 0x2800, 0x3000, 0x6000, 0xe041, 0xf882, 0xf821, 0xf801, 0xf801, 0xf801, 0xf801, 0xf862, 0xf862, 0x7800, 0x3800, 0x3000, 0x2000, 0x1820, 0x1020, 0x0820, 0x0820, 0x0820, 0x0820, 0x0820, 0x0820, 0x0820, 0x0820, 0x0820, 0x0820, 0x0820, 0x0820, 0x0820, 0x0820, 0x0820, 0x0820, 0x1020, 0x1020, 0x1020, 0x1820, 0x2800, 0x3800, 0x6000, 0xe041, 0xf882, 0xf821, 0xf801, 0xf801, 0xf801, 0xf801, 0xf862, 0xf882, 0x8800, 0x3000, 0x3000, 0x2000, 0x1020, 0x0820, 0x0820, 0x0820, 0x0820, 0x0020, 0x0000, 0x1061, 0x2124, 0x2104, 0x20e3, 0x3186, 0x4228,
		0x39e7, 0x2104, 0x2104, 0x2924, 0x18c3, 0x0000, 0x0000, 0x0820, 0x0820, 0x0820, 0x0820, 0x1020, 0x1800, 0x2800, 0x3000, 0x6000, 0xe041, 0xf882, 0xf821, 0xf801, 0xf801, 0xf801, 0xf801, 0xf862, 0xf882, 0x7800, 0x3800, 0x3000, 0x2000, 0x1820, 0x1020, 0x0820, 0x0820, 0x0820, 0x0820, 0x0820, 0x0820, 0x0820, 0x0820, 0x0820, 0x0820, 0x0820, 0x0820, 0x0820, 0x0820, 0x0820, 0x0820, 0x0820, 0x1020, 0x1020, 0x1800, 0x3000, 0x3800, 0x6000, 0xe041, 0xf882, 0xf801, 0xf801, 0xf801, 0xf801, 0xf801, 0xf862, 0xf882, 0x8800, 0x3000, 0x3000, 0x2000, 0x1020, 0x0820, 0x0820, 0x0820, 0x0820, 0x0020, 0x0000, 0x0861, 0x2104, 0x2124, 0x20e3, 0x3186, 0x4a28,
		0x39e7, 0x2104, 0x2104, 0x2924, 0x18c3, 0x0000, 0x0000, 0x0820, 0x0820, 0x0820, 0x0820, 0x1020, 0x1800, 0x2800, 0x3800, 0x6000, 0xe041, 0xf882, 0xf821, 0xf801, 0xf821, 0xf821, 0xf801, 0xf862, 0xf882, 0x7800, 0x3800, 0x3000, 0x2000, 0x1820, 0x1020, 0x0820, 0x0820, 0x0820, 0x0820, 0x0820, 0x0820, 0x0820, 0x0820, 0x0820, 0x0820, 0x0820, 0x0820, 0x0820, 0x0820, 0x0820, 0x0820, 0x0820, 0x1020, 0x1020, 0x1800, 0x3000, 0x3800, 0x6000, 0xe861, 0xf882, 0xf821, 0xf801, 0xf801, 0xf801, 0xf801, 0xf862, 0xf882, 0x8000, 0x3000, 0x3000, 0x2000, 0x1020, 0x0820, 0x0820, 0x0820, 0x0820, 0x0020, 0x0000, 0x0861, 0x2104, 0x2124, 0x20e3, 0x3186, 0x4228,
		0x39e7, 0x2104, 0x2104, 0x2944, 0x18c3, 0x0020, 0x0000, 0x0820, 0x0820, 0x0820, 0x0820, 0x1020, 0x1800, 0x2800, 0x3800, 0x6000, 0xe841, 0xf882, 0xf821, 0xf821, 0xf821, 0xf821, 0xf801, 0xf861, 0xf882, 0x7800, 0x3800, 0x2800, 0x2000, 0x1820, 0x1020, 0x0820, 0x0820, 0x0820, 0x0820, 0x0820, 0x0820, 0x0820, 0x0820, 0x0820, 0x0820, 0x0820, 0x0820, 0x0820, 0x0820, 0x0820, 0x0820, 0x1020, 0x1020, 0x1020, 0x1800, 0x3000, 0x3800, 0x6000, 0xe861, 0xf882, 0xf821, 0xf801, 0xf801, 0xf801, 0xf801, 0xf862, 0xf882, 0x8000, 0x3000, 0x3000, 0x2000, 0x1020, 0x0820, 0x0820, 0x0820, 0x0820, 0x0020, 0x0000, 0x0861, 0x2104, 0x2104, 0x20e3, 0x3186, 0x4228,
		0x39e7, 0x2104, 0x2104, 0x2944, 0x18c3, 0x0020, 0x0000, 0x0820, 0x0820, 0x0820, 0x0820, 0x1020, 0x1800, 0x2800, 0x3000, 0x6000, 0xe041, 0xf882, 0xf821, 0xf821, 0xf821, 0xf821, 0xf801, 0xf862, 0xf862, 0x7800, 0x3800, 0x2800, 0x2020, 0x1820, 0x1020, 0x0820, 0x0820, 0x0820, 0x0820, 0x0820, 0x0820, 0x0820, 0x0820, 0x0820, 0x0820, 0x0820, 0x0820, 0x0820, 0x0820, 0x0820, 0x0820, 0x1020, 0x1020, 0x1020, 0x1800, 0x2800, 0x3800, 0x6800, 0xe861, 0xf882, 0xf821, 0xf801, 0xf821, 0xf801, 0xf801, 0xf862, 0xf882, 0x8800, 0x3000, 0x3000, 0x2000, 0x1020, 0x0820, 0x0820, 0x0820, 0x0820, 0x0020, 0x0000, 0x0861, 0x2104, 0x2104, 0x18e3, 0x3186, 0x4228,
		0x39e7, 0x2124, 0x2104, 0x2944, 0x18c3, 0x0020, 0x0000, 0x0820, 0x0820, 0x0820, 0x0820, 0x1020, 0x1800, 0x2800, 0x3000, 0x6000, 0xe841, 0xf882, 0xf821, 0xf821, 0xf821, 0xf821, 0xf821, 0xf862, 0xf882, 0x7800, 0x3000, 0x3000, 0x2000, 0x1820, 0x1020, 0x0820, 0x0820, 0x0820, 0x0820, 0x0820, 0x0820, 0x0820, 0x0820, 0x0820, 0x0820, 0x0820, 0x0820, 0x0820, 0x0820, 0x0820, 0x0820, 0x1020, 0x1020, 0x1020, 0x1800, 0x2800, 0x3800, 0x6000, 0xe861, 0xf882, 0xf821, 0xf801, 0xf801, 0xf801, 0xf801, 0xf862, 0xf882, 0x8800, 0x3000, 0x3000, 0x2000, 0x1020, 0x0820, 0x0820, 0x0820, 0x0820, 0x0020, 0x0000, 0x0861, 0x2124, 0x2124, 0x18e3, 0x3186, 0x4228,
		0x39e7, 0x2124, 0x2104, 0x2944, 0x18c3, 0x0020, 0x0000, 0x0820, 0x0820, 0x0820, 0x0820, 0x1020, 0x1820, 0x2800, 0x3000, 0x6000, 0xe861, 0xf882, 0xf801, 0xf821, 0xf821, 0xf821, 0xf801, 0xf862, 0xf882, 0x7800, 0x3000, 0x2800, 0x1800, 0x1820, 0x1020, 0x0820, 0x0820, 0x0820, 0x0820, 0x0820, 0x0820, 0x0820, 0x0820, 0x0820, 0x0820, 0x0820, 0x0820, 0x0820, 0x0820, 0x0820, 0x0820, 0x1020, 0x1020, 0x1020, 0x1800, 0x2800, 0x3800, 0x6000, 0xe861, 0xf882, 0xf801, 0xf801, 0xf801, 0xf801, 0xf800, 0xf862, 0xf882, 0x8800, 0x3000, 0x2800, 0x1800, 0x1020, 0x0820, 0x0820, 0x0820, 0x0820, 0x0020, 0x0000, 0x1061, 0x2124, 0x2124, 0x20e3, 0x3186, 0x4228,
		0x39e7, 0x2124, 0x2104, 0x2945, 0x18c3, 0x0000, 0x0000, 0x0820, 0x0820, 0x0820, 0x0820, 0x1020, 0x1820, 0x2000, 0x2800, 0x6000, 0xf082, 0xf882, 0xf800, 0xf801, 0xf821, 0xf821, 0xf800, 0xf861, 0xf882, 0x8000, 0x2800, 0x2800, 0x1800, 0x1020, 0x1020, 0x0820, 0x0820, 0x0820, 0x0820, 0x0820, 0x0820, 0x0820, 0x0820, 0x0820, 0x0820, 0x0820, 0x0820, 0x0820, 0x0820, 0x0820, 0x0820, 0x1020, 0x1020, 0x1020, 0x1820, 0x2800, 0x3000, 0x6000, 0xf062, 0xf882, 0xf800, 0xf801, 0xf801, 0xf801, 0xf800, 0xf841, 0xf882, 0x9000, 0x2800, 0x2800, 0x1800, 0x1020, 0x0820, 0x0820, 0x0820, 0x0820, 0x0020, 0x0000, 0x0861, 0x2124, 0x2124, 0x20e3, 0x3186, 0x4228,
		0x39e7, 0x2124, 0x2104, 0x2945, 0x18e3, 0x0000, 0x0000, 0x0820, 0x0820, 0x0820, 0x0820, 0x1020, 0x1020, 0x2000, 0x3000, 0x5000, 0xb841, 0xe841, 0xf841, 0xf821, 0xf801, 0xf821, 0xf862, 0xe861, 0xc041, 0x5800, 0x3000, 0x2800, 0x1820, 0x1020, 0x1020, 0x0820, 0x0820, 0x0820, 0x0820, 0x0820, 0x0820, 0x0820, 0x0820, 0x0820, 0x0820, 0x0820, 0x0820, 0x0820, 0x0820, 0x0820, 0x0820, 0x1020, 0x1020, 0x1020, 0x1820, 0x2000, 0x3000, 0x5000, 0xb040, 0xe861, 0xf862, 0xf821, 0xf800, 0xf821, 0xf841, 0xe841, 0xc821, 0x6800, 0x3000, 0x2000, 0x1820, 0x1020, 0x0820, 0x0820, 0x0820, 0x0820, 0x0020, 0x0000, 0x1081, 0x2124, 0x2124, 0x2103, 0x3186, 0x4228,
		0x39e7, 0x2124, 0x2104, 0x2945, 0x18e3, 0x0020, 0x0000, 0x0820, 0x0820, 0x0820, 0x0820, 0x1020, 0x1020, 0x1820, 0x3000, 0x4800, 0x4800, 0xa821, 0xf8a2, 0xf841, 0xf801, 0xf821, 0xf8a2, 0xd061, 0x5000, 0x4000, 0x3000, 0x2000, 0x1820, 0x1020, 0x1020, 0x0820, 0x0820, 0x0820, 0x0820, 0x0820, 0x0820, 0x0820, 0x0820, 0x0820, 0x0820, 0x0820, 0x0820, 0x0820, 0x0820, 0x0820, 0x0820, 0x0820, 0x1020, 0x1020, 0x1820, 0x2000, 0x3000, 0x4800, 0x4800, 0xa020, 0xf8a2, 0xf841, 0xf800, 0xf821, 0xf8a2, 0xd841, 0x5000, 0x4000, 0x3000, 0x2000, 0x1020, 0x0820, 0x0820, 0x0820, 0x0820, 0x0820, 0x0020, 0x0000, 0x1081, 0x2124, 0x2124, 0x2104, 0x3186, 0x4a28,
		0x4207, 0x2124, 0x2104, 0x2945, 0x18c3, 0x0020, 0x0000, 0x0820, 0x0820, 0x0820, 0x0820, 0x0820, 0x1020, 0x1820, 0x2800, 0x3800, 0x3800, 0x8820, 0xf061, 0xf841, 0xf862, 0xf862, 0xe061, 0x9820, 0x4000, 0x3000, 0x2800, 0x1800, 0x1820, 0x1020, 0x1020, 0x0820, 0x0820, 0x0820, 0x0820, 0x0820, 0x0820, 0x0820, 0x0820, 0x0820, 0x0820, 0x0820, 0x0820, 0x0820, 0x0820, 0x0820, 0x0820, 0x0820, 0x0820, 0x1020, 0x1020, 0x1800, 0x2800, 0x3800, 0x3800, 0x7800, 0xd041, 0xf862, 0xf861, 0xf821, 0xf041, 0xa020, 0x4000, 0x3000, 0x2800, 0x1820, 0x1020, 0x0820, 0x0820, 0x0820, 0x0820, 0x0820, 0x0020, 0x0000, 0x1061, 0x2124, 0x2124, 0x2104, 0x3186, 0x4a28,
		0x39e7, 0x2124, 0x2104, 0x2945, 0x18e3, 0x0020, 0x0000, 0x0820, 0x0820, 0x0820, 0x0820, 0x0820, 0x1020, 0x1020, 0x2000, 0x3000, 0x4800, 0x6800, 0xa000, 0xf041, 0xf882, 0xf882, 0x9820, 0x4800, 0x4800, 0x3000, 0x2000, 0x1820, 0x1020, 0x1020, 0x1020, 0x0820, 0x0820, 0x0820, 0x0820, 0x0820, 0x0820, 0x0820, 0x0820, 0x0820, 0x0820, 0x0820, 0x0820, 0x0820, 0x0820, 0x0820, 0x0820, 0x0820, 0x0820, 0x1020, 0x1020, 0x1020, 0x2000, 0x2800, 0x4000, 0x4800, 0x7000, 0xe861, 0xf882, 0xf841, 0xb800, 0x6000, 0x4800, 0x3000, 0x2000, 0x1020, 0x1020, 0x0820, 0x0820, 0x0820, 0x0820, 0x0820, 0x0020, 0x0000, 0x1061, 0x2124, 0x2124, 0x2104, 0x31a6, 0x4228,
		0x39e7, 0x2124, 0x2104, 0x2945, 0x18e3, 0x0020, 0x0000, 0x0820, 0x0820, 0x0820, 0x0820, 0x0820, 0x0820, 0x1020, 0x1820, 0x2000, 0x3800, 0x4000, 0x6000, 0xf882, 0xf862, 0xb040, 0x6000, 0x3800, 0x3000, 0x2000, 0x1800, 0x1020, 0x1020, 0x1020, 0x1020, 0x0820, 0x0820, 0x0820, 0x0820, 0x0820, 0x0820, 0x0820, 0x0820, 0x0820, 0x0820, 0x0820, 0x0820, 0x0820, 0x0820, 0x0820, 0x0820, 0x0820, 0x0820, 0x1020, 0x1020, 0x1020, 0x1820, 0x2000, 0x3000, 0x3800, 0x5000, 0x9820, 0xe041, 0xf882, 0x9000, 0x3800, 0x3800, 0x2800, 0x1820, 0x1020, 0x0820, 0x0820, 0x0820, 0x0820, 0x0820, 0x0820, 0x0020, 0x0000, 0x1081, 0x2124, 0x2124, 0x2104, 0x31a6, 0x4228,
		0x39c7, 0x2124, 0x2104, 0x2945, 0x18e3, 0x0020, 0x0000, 0x0820, 0x0820, 0x0820, 0x0820, 0x0820, 0x0820, 0x1020, 0x1020, 0x1820, 0x3000, 0x3800, 0x5000, 0xc841, 0xb841, 0x4800, 0x4800, 0x4000, 0x2800, 0x1800, 0x1820, 0x1020, 0x1020, 0x1020, 0x0820, 0x0820, 0x0820, 0x0820, 0x0820, 0x0820, 0x0820, 0x0820, 0x0820, 0x0820, 0x0820, 0x0820, 0x0820, 0x0820, 0x0820, 0x0820, 0x0820, 0x0820, 0x0820, 0x0820, 0x1020, 0x1020, 0x1020, 0x1800, 0x2800, 0x3800, 0x4800, 0x4000, 0x9020, 0xd841, 0x7800, 0x3000, 0x3000, 0x2000, 0x1820, 0x1020, 0x0820, 0x0820, 0x0820, 0x0820, 0x0820, 0x0840, 0x0020, 0x0000, 0x1081, 0x2124, 0x2124, 0x2104, 0x3186, 0x4a28,
		0x39e7, 0x2104, 0x2104, 0x2945, 0x18e3, 0x0020, 0x0000, 0x0820, 0x0820, 0x0820, 0x0820, 0x0820, 0x0820, 0x0820, 0x1020, 0x1820, 0x2800, 0x3800, 0x5000, 0x6000, 0x6000, 0x4800, 0x3800, 0x3000, 0x2000, 0x1800, 0x1020, 0x1020, 0x1020, 0x0820, 0x0820, 0x0820, 0x0820, 0x0820, 0x0820, 0x0820, 0x0820, 0x0820, 0x0820, 0x0820, 0x0820, 0x0820, 0x0820, 0x0820, 0x0820, 0x0820, 0x0820, 0x0820, 0x0820, 0x0820, 0x0820, 0x0820, 0x1020, 0x1820, 0x2000, 0x2800, 0x3800, 0x4800, 0x5800, 0x6800, 0x5800, 0x3800, 0x2800, 0x1800, 0x1020, 0x0820, 0x0820, 0x0820, 0x0820, 0x0820, 0x0820, 0x0820, 0x0020, 0x0000, 0x0861, 0x2124, 0x2124, 0x2104, 0x3186, 0x4a49,
		0x39e7, 0x2104, 0x2104, 0x2945, 0x18e3, 0x0020, 0x0000, 0x0820, 0x0820, 0x0820, 0x0820, 0x0820, 0x0820, 0x0820, 0x1020, 0x1820, 0x2000, 0x3800, 0x4800, 0x4000, 0x4000, 0x4800, 0x3800, 0x2800, 0x2000, 0x1800, 0x1020, 0x0820, 0x1020, 0x0820, 0x0820, 0x0820, 0x0820, 0x0820, 0x0820, 0x0820, 0x0820, 0x0820, 0x0820, 0x0820, 0x0820, 0x0820, 0x0820, 0x0820, 0x0820, 0x0820, 0x0820, 0x0820, 0x0820, 0x0820, 0x0820, 0x0820, 0x1020, 0x1020, 0x1800, 0x2000, 0x3000, 0x4800, 0x4800, 0x3800, 0x4000, 0x3800, 0x2000, 0x1800, 0x1020, 0x0820, 0x0820, 0x0820, 0x0820, 0x0820, 0x0820, 0x0820, 0x0020, 0x0000, 0x0861, 0x2124, 0x2124, 0x2104, 0x31a6, 0x4a49,
		0x39e7, 0x2124, 0x2104, 0x2945, 0x18e3, 0x0020, 0x0000, 0x0820, 0x0820, 0x0820, 0x0820, 0x0820, 0x0820, 0x0820, 0x1020, 0x1820, 0x2000, 0x3800, 0x4800, 0x4000, 0x4000, 0x4800, 0x3800, 0x2800, 0x2000, 0x1820, 0x1020, 0x1020, 0x1020, 0x0820, 0x0820, 0x0820, 0x0820, 0x0820, 0x0820, 0x0820, 0x0820, 0x0820, 0x0820, 0x0820, 0x0820, 0x0820, 0x0820, 0x0820, 0x0820, 0x0820, 0x0820, 0x0820, 0x0820, 0x0820, 0x0820, 0x1020, 0x1020, 0x1020, 0x2000, 0x2800, 0x3000, 0x4000, 0x4800, 0x4000, 0x4000, 0x3800, 0x2800, 0x1800, 0x1020, 0x0820, 0x0820, 0x0820, 0x0820, 0x0820, 0x0820, 0x0820, 0x0020, 0x0000, 0x1061, 0x2124, 0x2124, 0x2104, 0x31a6, 0x4a28,
		0x39e7, 0x2124, 0x2104, 0x2945, 0x18e3, 0x0020, 0x0000, 0x0840, 0x0820, 0x0820, 0x0820, 0x0820, 0x0820, 0x0820, 0x1020, 0x1820, 0x2800, 0x3800, 0x5000, 0x9020, 0x8000, 0x3800, 0x3800, 0x3000, 0x2800, 0x1800, 0x1020, 0x1020, 0x1020, 0x0820, 0x0820, 0x0820, 0x0820, 0x0820, 0x0820, 0x0820, 0x0820, 0x0820, 0x0820, 0x0820, 0x0820, 0x0820, 0x0820, 0x0820, 0x0820, 0x0820, 0x0820, 0x0820, 0x0820, 0x0820, 0x1020, 0x1020, 0x1020, 0x1800, 0x2000, 0x3000, 0x4000, 0x3800, 0x6800, 0x9800, 0x6000, 0x3800, 0x3000, 0x2000, 0x1020, 0x1020, 0x0820, 0x0820, 0x0820, 0x0820, 0x0820, 0x0820, 0x0020, 0x0000, 0x1061, 0x2124, 0x2124, 0x2103, 0x31a6, 0x4a28,
		0x39e7, 0x2124, 0x2104, 0x2945, 0x18e3, 0x0020, 0x0000, 0x0820, 0x0820, 0x0820, 0x0820, 0x0820, 0x0820, 0x1020, 0x1820, 0x2000, 0x3800, 0x3800, 0x5800, 0xe861, 0xd841, 0x6800, 0x5000, 0x4000, 0x2800, 0x2000, 0x1820, 0x1020, 0x1020, 0x0820, 0x0820, 0x0820, 0x0820, 0x0820, 0x0820, 0x0820, 0x0820, 0x0820, 0x0820, 0x0820, 0x0820, 0x0820, 0x0820, 0x0820, 0x0820, 0x0820, 0x0820, 0x0820, 0x0820, 0x1020, 0x1020, 0x1020, 0x1820, 0x2000, 0x2800, 0x3800, 0x5000, 0x5800, 0xb041, 0xf882, 0x8800, 0x3000, 0x3800, 0x2000, 0x1820, 0x1020, 0x0820, 0x0820, 0x0820, 0x0820, 0x0820, 0x0820, 0x0020, 0x0000, 0x0861, 0x2124, 0x2124, 0x2104, 0x31a6, 0x4a28,
		0x39e7, 0x2124, 0x2104, 0x2945, 0x18e3, 0x0020, 0x0000, 0x0820, 0x0820, 0x0820, 0x0820, 0x0820, 0x1020, 0x1020, 0x1820, 0x2800, 0x4000, 0x5000, 0x8000, 0xf862, 0xf882, 0xe041, 0x7000, 0x3000, 0x3800, 0x2800, 0x2000, 0x1020, 0x1020, 0x1020, 0x0820, 0x0820, 0x0820, 0x0820, 0x0820, 0x0820, 0x0820, 0x0820, 0x0820, 0x0820, 0x0820, 0x0820, 0x0820, 0x0820, 0x0820, 0x0820, 0x0820, 0x0820, 0x1020, 0x1020, 0x1020, 0x1020, 0x1800, 0x2000, 0x3800, 0x3800, 0x5000, 0xc841, 0xf882, 0xf8a2, 0xb000, 0x5000, 0x4000, 0x3000, 0x2000, 0x1020, 0x1020, 0x0820, 0x0820, 0x0820, 0x0820, 0x0820, 0x0020, 0x0000, 0x0861, 0x2124, 0x2124, 0x2104, 0x3186, 0x4228,
		0x39e7, 0x2124, 0x2104, 0x2945, 0x18c3, 0x0020, 0x0000, 0x0840, 0x0820, 0x0820, 0x0820, 0x0820, 0x1020, 0x1820, 0x2000, 0x3000, 0x4000, 0x7000, 0xc820, 0xf841, 0xf882, 0xf882, 0xb020, 0x5800, 0x4000, 0x3000, 0x2000, 0x1820, 0x1020, 0x1020, 0x1020, 0x0820, 0x0820, 0x0820, 0x0820, 0x0820, 0x0820, 0x0820, 0x0820, 0x0820, 0x0820, 0x0820, 0x0820, 0x0820, 0x0820, 0x0820, 0x0820, 0x1020, 0x1020, 0x1020, 0x1020, 0x1800, 0x2000, 0x3000, 0x4000, 0x5000, 0x8800, 0xf082, 0xf8a2, 0xf861, 0xe021, 0x9000, 0x4000, 0x3000, 0x2800, 0x1820, 0x1020, 0x0820, 0x0820, 0x0820, 0x0820, 0x0820, 0x0020, 0x0000, 0x1081, 0x2124, 0x2124, 0x2104, 0x3186, 0x4228,
		0x39e7, 0x2124, 0x2104, 0x2944, 0x18c3, 0x0020, 0x0000, 0x0820, 0x0820, 0x0820, 0x0820, 0x0820, 0x1020, 0x1820, 0x2800, 0x3800, 0x4000, 0xa820, 0xf882, 0xf841, 0xf821, 0xf841, 0xf062, 0xb821, 0x4800, 0x4000, 0x3000, 0x2020, 0x1820, 0x1020, 0x1020, 0x1020, 0x0820, 0x0820, 0x0820, 0x0820, 0x0820, 0x0820, 0x0820, 0x0820, 0x0820, 0x0820, 0x0820, 0x0820, 0x0820, 0x0820, 0x0820, 0x1020, 0x1020, 0x1020, 0x1020, 0x1800, 0x2800, 0x3800, 0x4000, 0x9820, 0xe861, 0xf861, 0xf821, 0xf821, 0xf882, 0xd041, 0x5000, 0x4000, 0x3000, 0x2000, 0x1020, 0x0820, 0x0820, 0x0820, 0x0820, 0x0820, 0x0020, 0x0000, 0x1081, 0x2124, 0x2124, 0x2104, 0x31a6, 0x4228,
		0x39e7, 0x2124, 0x2104, 0x2944, 0x18e3, 0x0020, 0x0000, 0x0820, 0x0820, 0x0820, 0x0820, 0x1020, 0x1020, 0x1820, 0x2800, 0x4800, 0xa000, 0xe041, 0xf882, 0xf821, 0xf800, 0xf821, 0xf882, 0xe861, 0xa000, 0x5800, 0x3000, 0x2000, 0x1820, 0x1020, 0x1020, 0x0820, 0x0820, 0x0820, 0x0820, 0x0820, 0x0820, 0x0820, 0x0820, 0x0820, 0x0820, 0x0820, 0x0820, 0x0820, 0x0820, 0x0820, 0x0820, 0x1020, 0x1020, 0x1020, 0x1020, 0x2000, 0x3000, 0x4800, 0x9000, 0xd841, 0xf8a2, 0xf841, 0xf800, 0xf801, 0xf862, 0xe861, 0xc000, 0x6000, 0x3000, 0x2000, 0x1820, 0x1020, 0x0820, 0x0820, 0x0820, 0x0820, 0x0020, 0x0000, 0x1081, 0x2124, 0x2124, 0x2104, 0x31a6, 0x4a28,
		0x39e7, 0x2124, 0x2104, 0x2945, 0x18c3, 0x0000, 0x0000, 0x0820, 0x0820, 0x0820, 0x0820, 0x1020, 0x1020, 0x2000, 0x2800, 0x5800, 0xe061, 0xf862, 0xf821, 0xf801, 0xf801, 0xf821, 0xf821, 0xf861, 0xf082, 0x7820, 0x3000, 0x2800, 0x1800, 0x1020, 0x1020, 0x0820, 0x0820, 0x0820, 0x0820, 0x0820, 0x0820, 0x0820, 0x0820, 0x0820, 0x0820, 0x0820, 0x0820, 0x0820, 0x0820, 0x0820, 0x0820, 0x1020, 0x1020, 0x1020, 0x1820, 0x2800, 0x3000, 0x5800, 0xe061, 0xf882, 0xf841, 0xf821, 0xf821, 0xf821, 0xf821, 0xf862, 0xf882, 0x8000, 0x2800, 0x2800, 0x1800, 0x1020, 0x0820, 0x0820, 0x0820, 0x0820, 0x0020, 0x0000, 0x1061, 0x2124, 0x2124, 0x2104, 0x31a6, 0x4228,
		0x39e7, 0x2124, 0x2104, 0x2944, 0x18c3, 0x0000, 0x0000, 0x0820, 0x0820, 0x0820, 0x0820, 0x1020, 0x1820, 0x2800, 0x3000, 0x5800, 0xe062, 0xf882, 0xf801, 0xf801, 0xf821, 0xf821, 0xf800, 0xf862, 0xf8a2, 0x8020, 0x3000, 0x2800, 0x1800, 0x1820, 0x1020, 0x0820, 0x0820, 0x0820, 0x0820, 0x0820, 0x0820, 0x0820, 0x0820, 0x0820, 0x0820, 0x0820, 0x0820, 0x0820, 0x0820, 0x0820, 0x0820, 0x1020, 0x1020, 0x1020, 0x1820, 0x2800, 0x3000, 0x6000, 0xe862, 0xf882, 0xf801, 0xf801, 0xf821, 0xf821, 0xf801, 0xf862, 0xf882, 0x8800, 0x2800, 0x2800, 0x1820, 0x1020, 0x0820, 0x0820, 0x0820, 0x0820, 0x0020, 0x0000, 0x1081, 0x2124, 0x2124, 0x2104, 0x31a6, 0x4a28,
		0x39e7, 0x2124, 0x2104, 0x2945, 0x18c3, 0x0000, 0x0000, 0x0820, 0x0820, 0x0820, 0x0820, 0x1020, 0x1800, 0x2800, 0x3000, 0x5800, 0xe041, 0xf882, 0xf821, 0xf801, 0xf821, 0xf821, 0xf801, 0xf862, 0xf882, 0x7800, 0x3000, 0x2800, 0x2000, 0x1820, 0x1020, 0x0820, 0x0820, 0x0820, 0x0820, 0x0820, 0x0820, 0x0820, 0x0820, 0x0820, 0x0820, 0x0820, 0x0820, 0x0820, 0x0820, 0x0820, 0x0820, 0x1020, 0x1020, 0x1020, 0x1800, 0x2800, 0x3800, 0x6000, 0xe041, 0xf862, 0xf821, 0xf801, 0xf801, 0xf801, 0xf801, 0xf861, 0xf862, 0x8000, 0x3000, 0x3000, 0x1800, 0x1020, 0x0820, 0x0820, 0x0820, 0x0820, 0x0020, 0x0000, 0x1082, 0x2124, 0x2124, 0x2104, 0x31a6, 0x4228,
		0x39e7, 0x2124, 0x2104, 0x2945, 0x18c3, 0x0000, 0x0000, 0x0820, 0x0820, 0x0820, 0x0820, 0x1020, 0x1800, 0x2800, 0x3000, 0x5800, 0xe041, 0xf882, 0xf821, 0xf801, 0xf821, 0xf801, 0xf801, 0xf862, 0xf882, 0x7800, 0x3000, 0x3000, 0x2000, 0x1820, 0x1020, 0x0820, 0x0820, 0x0820, 0x0820, 0x0820, 0x0820, 0x0820, 0x0820, 0x0820, 0x0820, 0x0820, 0x0820, 0x0820, 0x0820, 0x0820, 0x0820, 0x1020, 0x1020, 0x1020, 0x1800, 0x2800, 0x3800, 0x6000, 0xe041, 0xf862, 0xf821, 0xf801, 0xf801, 0xf801, 0xf801, 0xf861, 0xf862, 0x8000, 0x3000, 0x3000, 0x2000, 0x1020, 0x0820, 0x0820, 0x0820, 0x0820, 0x0020, 0x0000, 0x1061, 0x2124, 0x2124, 0x2104, 0x31a6, 0x4a28,
		0x39e7, 0x2124, 0x2104, 0x2944, 0x18c3, 0x0000, 0x0000, 0x0820, 0x0820, 0x0820, 0x0820, 0x1020, 0x1800, 0x2800, 0x3000, 0x5800, 0xe041, 0xf882, 0xf821, 0xf801, 0xf821, 0xf821, 0xf801, 0xf861, 0xf882, 0x7800, 0x3800, 0x3000, 0x2000, 0x1820, 0x1020, 0x0820, 0x0820, 0x0820, 0x0820, 0x0820, 0x0820, 0x0820, 0x0820, 0x0820, 0x0820, 0x0820, 0x0820, 0x0820, 0x0820, 0x0820, 0x0820, 0x1020, 0x1020, 0x1020, 0x1800, 0x2800, 0x3800, 0x6000, 0xe041, 0xf882, 0xf821, 0xf801, 0xf821, 0xf821, 0xf801, 0xf861, 0xf862, 0x8000, 0x3000, 0x3000, 0x2000, 0x1020, 0x0820, 0x0820, 0x0820, 0x0820, 0x0020, 0x0000, 0x1061, 0x2124, 0x2124, 0x2103, 0x3186, 0x4a28,
		0x39e7, 0x2124, 0x2104, 0x2924, 0x18c3, 0x0000, 0x0000, 0x0820, 0x0820, 0x0820, 0x0820, 0x1020, 0x1800, 0x2800, 0x3000, 0x5800, 0xe041, 0xf882, 0xf821, 0xf801, 0xf801, 0xf821, 0xf801, 0xf862, 0xf882, 0x8000, 0x3800, 0x3000, 0x2000, 0x1820, 0x1020, 0x0820, 0x0820, 0x0820, 0x0820, 0x0820, 0x0820, 0x0820, 0x0820, 0x0820, 0x0820, 0x0820, 0x0820, 0x0820, 0x0820, 0x0820, 0x0820, 0x1020, 0x1020, 0x1020, 0x2000, 0x3000, 0x3800, 0x6000, 0xe041, 0xf882, 0xf821, 0xf801, 0xf821, 0xf801, 0xf801, 0xf841, 0xf862, 0x8000, 0x3000, 0x3000, 0x2000, 0x1020, 0x0820, 0x0820, 0x0820, 0x0820, 0x0020, 0x0000, 0x1081, 0x2124, 0x2124, 0x2103, 0x31a6, 0x4228,
		0x39e7, 0x2124, 0x2104, 0x2924, 0x18c3, 0x0020, 0x0000, 0x0820, 0x0820, 0x0820, 0x0820, 0x1020, 0x1820, 0x2800, 0x3000, 0x5800, 0xe041, 0xf882, 0xf821, 0xf801, 0xf801, 0xf801, 0xf801, 0xf862, 0xf882, 0x7800, 0x3800, 0x3000, 0x2000, 0x1820, 0x1020, 0x0820, 0x0820, 0x0820, 0x0820, 0x0820, 0x0820, 0x0820, 0x0820, 0x0820, 0x0820, 0x0820, 0x0820, 0x0820, 0x0820, 0x0820, 0x1020, 0x1020, 0x1020, 0x1020, 0x2020, 0x3000, 0x3800, 0x6000, 0xe041, 0xf882, 0xf821, 0xf801, 0xf801, 0xf801, 0xf801, 0xf861, 0xf862, 0x8000, 0x3000, 0x3000, 0x2000, 0x1020, 0x0820, 0x0820, 0x0820, 0x0820, 0x0020, 0x0000, 0x1081, 0x2124, 0x2124, 0x2104, 0x31a6, 0x4a28,
		0x39e7, 0x2124, 0x2104, 0x2924, 0x18c3, 0x0020, 0x0000, 0x0820, 0x0820, 0x0820, 0x0820, 0x1020, 0x1820, 0x2800, 0x3000, 0x5800, 0xe041, 0xf862, 0xf821, 0xf801, 0xf801, 0xf801, 0xf801, 0xf862, 0xf882, 0x7800, 0x3800, 0x3000, 0x2000, 0x1820, 0x1020, 0x0820, 0x0820, 0x0820, 0x0820, 0x0820, 0x0820, 0x0820, 0x0820, 0x0820, 0x0820, 0x0820, 0x0820, 0x0820, 0x0820, 0x0820, 0x0820, 0x1020, 0x1020, 0x1020, 0x1800, 0x2800, 0x3800, 0x6000, 0xe041, 0xf882, 0xf821, 0xf801, 0xf821, 0xf801, 0xf801, 0xf861, 0xf862, 0x8000, 0x3000, 0x3000, 0x2000, 0x1020, 0x0820, 0x0820, 0x0820, 0x0820, 0x0020, 0x0000, 0x1081, 0x2124, 0x2124, 0x2104, 0x3186, 0x4a48,
		0x39e7, 0x2124, 0x2104, 0x2944, 0x18c3, 0x0000, 0x0000, 0x0820, 0x0820, 0x0820, 0x0820, 0x1020, 0x1820, 0x2800, 0x3000, 0x5800, 0xe041, 0xf882, 0xf821, 0xf801, 0xf801, 0xf801, 0xf801, 0xf861, 0xf862, 0x7800, 0x3800, 0x3000, 0x2000, 0x1820, 0x1020, 0x0820, 0x0820, 0x0820, 0x0820, 0x0820, 0x0820, 0x0820, 0x0820, 0x0820, 0x0820, 0x0820, 0x0820, 0x0820, 0x0820, 0x0820, 0x0820, 0x1020, 0x1020, 0x1020, 0x1800, 0x2800, 0x3800, 0x6000, 0xe041, 0xf882, 0xf821, 0xf801, 0xf821, 0xf801, 0xf801, 0xf861, 0xf862, 0x8000, 0x3000, 0x3000, 0x2000, 0x1020, 0x0820, 0x0820, 0x0820, 0x0820, 0x0020, 0x0000, 0x1061, 0x2124, 0x2124, 0x2103, 0x3186, 0x4a48,
		0x39e7, 0x2124, 0x2104, 0x2924, 0x18c3, 0x0020, 0x0000, 0x0820, 0x0820, 0x0820, 0x0820, 0x1020, 0x1800, 0x2800, 0x3000, 0x5800, 0xe041, 0xf882, 0xf821, 0xf801, 0xf801, 0xf801, 0xf801, 0xf862, 0xf882, 0x7800, 0x3800, 0x3000, 0x2000, 0x1820, 0x1020, 0x0820, 0x0820, 0x0820, 0x0820, 0x0820, 0x0820, 0x0820, 0x0820, 0x0820, 0x0820, 0x0820, 0x0820, 0x0820, 0x0820, 0x0820, 0x0820, 0x1020, 0x1020, 0x1020, 0x1820, 0x3000, 0x3800, 0x6000, 0xe041, 0xf882, 0xf821, 0xf801, 0xf821, 0xf801, 0xf801, 0xf861, 0xf862, 0x8000, 0x3000, 0x3000, 0x2000, 0x1020, 0x0820, 0x0820, 0x0820, 0x0840, 0x0020, 0x0000, 0x0861, 0x2124, 0x2124, 0x2104, 0x3186, 0x4228,
		0x39e7, 0x2124, 0x2104, 0x2924, 0x18c3, 0x0020, 0x0000, 0x0820, 0x0820, 0x0820, 0x0820, 0x1020, 0x1820, 0x2800, 0x3000, 0x5800, 0xe041, 0xf882, 0xf821, 0xf801, 0xf801, 0xf801, 0xf801, 0xf862, 0xf882, 0x7800, 0x3800, 0x3000, 0x2000, 0x1820, 0x1020, 0x0820, 0x0820, 0x0820, 0x0820, 0x0820, 0x0820, 0x0820, 0x0820, 0x0820, 0x0820, 0x0820, 0x0820, 0x0820, 0x0820, 0x0820, 0x0820, 0x1020, 0x1020, 0x1020, 0x2020, 0x3000, 0x3800, 0x6000, 0xe041, 0xf882, 0xf821, 0xf801, 0xf801, 0xf801, 0xf801, 0xf861, 0xf862, 0x8000, 0x3000, 0x3000, 0x2000, 0x1020, 0x0820, 0x0820, 0x0820, 0x0840, 0x0020, 0x0000, 0x0861, 0x2124, 0x2124, 0x2104, 0x3186, 0x4228,
		0x39e7, 0x2124, 0x2104, 0x2944, 0x18e3, 0x0020, 0x0000, 0x0820, 0x0820, 0x0820, 0x0820, 0x1020, 0x1800, 0x2800, 0x3000, 0x5800, 0xe041, 0xf882, 0xf821, 0xf801, 0xf821, 0xf821, 0xf801, 0xf862, 0xf882, 0x7800, 0x3800, 0x3000, 0x2000, 0x1820, 0x1020, 0x0820, 0x0820, 0x0820, 0x0820, 0x0820, 0x0820, 0x0820, 0x0820, 0x0820, 0x0820, 0x0820, 0x0820, 0x0820, 0x0820, 0x0820, 0x0820, 0x0820, 0x1020, 0x1020, 0x2020, 0x3000, 0x3800, 0x6000, 0xe061, 0xf882, 0xf821, 0xf801, 0xf821, 0xf801, 0xf801, 0xf862, 0xf862, 0x8000, 0x3000, 0x3000, 0x2000, 0x1820, 0x0820, 0x0820, 0x0820, 0x0820, 0x0020, 0x0000, 0x0861, 0x2124, 0x2124, 0x2104, 0x3186, 0x4228,
		0x39e7, 0x2124, 0x2104, 0x2924, 0x18c3, 0x0000, 0x0000, 0x0820, 0x0820, 0x0820, 0x0820, 0x1020, 0x1800, 0x2800, 0x3000, 0x5800, 0xe041, 0xf882, 0xf821, 0xf801, 0xf821, 0xf821, 0xf801, 0xf862, 0xf882, 0x7800, 0x3800, 0x3000, 0x2000, 0x1820, 0x1020, 0x0820, 0x0820, 0x0820, 0x0820, 0x0820, 0x0820, 0x0820, 0x0820, 0x0820, 0x0820, 0x0820, 0x0820, 0x0820, 0x0820, 0x0820, 0x0820, 0x1020, 0x1020, 0x1020, 0x2000, 0x3000, 0x3800, 0x6000, 0xe061, 0xf882, 0xf821, 0xf801, 0xf821, 0xf801, 0xf800, 0xf841, 0xf862, 0x8000, 0x3000, 0x3000, 0x2000, 0x1820, 0x0820, 0x0820, 0x0820, 0x0820, 0x0020, 0x0000, 0x1082, 0x2124, 0x2124, 0x2104, 0x3186, 0x4228,
		0x39e7, 0x2124, 0x2104, 0x2944, 0x18c3, 0x0000, 0x0000, 0x0820, 0x0820, 0x0820, 0x0820, 0x1020, 0x1800, 0x2800, 0x3000, 0x6000, 0xe041, 0xf882, 0xf821, 0xf801, 0xf801, 0xf801, 0xf801, 0xf862, 0xf882, 0x7800, 0x3800, 0x3000, 0x2000, 0x1820, 0x1020, 0x0820, 0x0820, 0x0820, 0x0820, 0x0820, 0x0820, 0x0820, 0x0820, 0x0820, 0x0820, 0x0820, 0x0820, 0x0820, 0x0820, 0x0820, 0x0820, 0x1020, 0x1020, 0x1020, 0x1800, 0x3000, 0x3800, 0x6000, 0xe041, 0xf882, 0xf821, 0xf821, 0xf821, 0xf801, 0xf801, 0xf861, 0xf862, 0x8000, 0x3000, 0x3000, 0x2000, 0x1020, 0x0820, 0x0820, 0x0820, 0x0820, 0x0020, 0x0000, 0x1082, 0x2124, 0x2124, 0x2104, 0x31a6, 0x4228,
		0x39e7, 0x2124, 0x2104, 0x2945, 0x18c3, 0x0020, 0x0000, 0x0820, 0x0820, 0x0820, 0x0820, 0x1020, 0x1800, 0x2800, 0x3000, 0x5800, 0xe041, 0xf882, 0xf821, 0xf801, 0xf801, 0xf801, 0xf801, 0xf862, 0xf882, 0x7800, 0x3800, 0x2800, 0x2000, 0x1820, 0x1020, 0x0820, 0x0820, 0x0820, 0x0820, 0x0820, 0x0820, 0x0820, 0x0820, 0x0820, 0x0820, 0x0820, 0x0820, 0x0820, 0x0820, 0x0820, 0x0820, 0x1020, 0x1020, 0x1020, 0x1800, 0x2800, 0x3800, 0x6000, 0xe041, 0xf882, 0xf821, 0xf801, 0xf801, 0xf801, 0xf801, 0xf861, 0xf862, 0x8000, 0x3000, 0x3000, 0x2000, 0x1020, 0x0820, 0x0820, 0x0820, 0x0820, 0x0020, 0x0000, 0x1061, 0x2124, 0x2124, 0x2104, 0x31a6, 0x4a28,
		0x39e7, 0x2124, 0x2104, 0x2945, 0x18e3, 0x0020, 0x0000, 0x0820, 0x0820, 0x0820, 0x0820, 0x1020, 0x1820, 0x2800, 0x3000, 0x5800, 0xe041, 0xf882, 0xf801, 0xf801, 0xf801, 0xf801, 0xf801, 0xf862, 0xf862, 0x7800, 0x3800, 0x2800, 0x2000, 0x1820, 0x1020, 0x0820, 0x0820, 0x0820, 0x0820, 0x0820, 0x0820, 0x0820, 0x0820, 0x0820, 0x0820, 0x0820, 0x0820, 0x0820, 0x0820, 0x0820, 0x0820, 0x1020, 0x1020, 0x1020, 0x1800, 0x2800, 0x3800, 0x6000, 0xe041, 0xf882, 0xf821, 0xf801, 0xf801, 0xf801, 0xf800, 0xf861, 0xf862, 0x8000, 0x3000, 0x3000, 0x2000, 0x1020, 0x0820, 0x0820, 0x0820, 0x0820, 0x0020, 0x0000, 0x0861, 0x2124, 0x2124, 0x2104, 0x31a6, 0x4228,
		0x39e7, 0x2124, 0x2104, 0x2944, 0x18e3, 0x0020, 0x0000, 0x0820, 0x0820, 0x0820, 0x0820, 0x1020, 0x1800, 0x2800, 0x3000, 0x6000, 0xe041, 0xf882, 0xf801, 0xf801, 0xf801, 0xf801, 0xf801, 0xf862, 0xf882, 0x7800, 0x3800, 0x2800, 0x2000, 0x1820, 0x1020, 0x0820, 0x0820, 0x0820, 0x0820, 0x0820, 0x0820, 0x0820, 0x0820, 0x0820, 0x0820, 0x0820, 0x0820, 0x0820, 0x0820, 0x0820, 0x0820, 0x1020, 0x1020, 0x1020, 0x1800, 0x2800, 0x3800, 0x6000, 0xe041, 0xf882, 0xf821, 0xf801, 0xf801, 0xf801, 0xf801, 0xf841, 0xf862, 0x8000, 0x3000, 0x3000, 0x2000, 0x1020, 0x0820, 0x0820, 0x0820, 0x0820, 0x0020, 0x0000, 0x0861, 0x2124, 0x2124, 0x2104, 0x31a6, 0x4a28,
		0x41e7, 0x2124, 0x2104, 0x2944, 0x18e3, 0x0020, 0x0000, 0x0820, 0x0820, 0x0820, 0x0820, 0x1020, 0x1800, 0x2800, 0x3000, 0x6000, 0xe041, 0xf882, 0xf821, 0xf801, 0xf801, 0xf801, 0xf801, 0xf862, 0xf882, 0x7800, 0x3000, 0x2800, 0x2000, 0x1820, 0x1020, 0x0820, 0x0820, 0x0820, 0x0820, 0x0820, 0x0820, 0x0820, 0x0820, 0x0820, 0x0820, 0x0820, 0x0820, 0x0820, 0x0820, 0x0820, 0x0820, 0x1020, 0x1020, 0x1020, 0x1820, 0x2800, 0x3800, 0x6000, 0xe041, 0xf882, 0xf821, 0xf801, 0xf821, 0xf801, 0xf800, 0xf841, 0xf862, 0x8000, 0x3000, 0x3000, 0x2000, 0x1020, 0x0820, 0x0820, 0x0820, 0x0820, 0x0020, 0x0000, 0x0861, 0x2124, 0x2124, 0x2104, 0x31a6, 0x4a28,
		0x41e7, 0x2124, 0x2104, 0x2945, 0x18e3, 0x0000, 0x0000, 0x0820, 0x0820, 0x0820, 0x0820, 0x1020, 0x1800, 0x2800, 0x3000, 0x6000, 0xe041, 0xf882, 0xf821, 0xf801, 0xf801, 0xf801, 0xf801, 0xf862, 0xf862, 0x7800, 0x3000, 0x2800, 0x2000, 0x1820, 0x1020, 0x0820, 0x0820, 0x0820, 0x0820, 0x0820, 0x0820, 0x0820, 0x0820, 0x0820, 0x0820, 0x0820, 0x0820, 0x0820, 0x0820, 0x0820, 0x0820, 0x1020, 0x1020, 0x1020, 0x1820, 0x2800, 0x3800, 0x6000, 0xe041, 0xf882, 0xf821, 0xf801, 0xf801, 0xf801, 0xf801, 0xf841, 0xf862, 0x8000, 0x3000, 0x2800, 0x2000, 0x1020, 0x0820, 0x0820, 0x0820, 0x0820, 0x0020, 0x0000, 0x0861, 0x2124, 0x2124, 0x2104, 0x31a6, 0x4a49,
		0x4208, 0x2124, 0x2104, 0x2945, 0x18e3, 0x0000, 0x0000, 0x0820, 0x0820, 0x0820, 0x0820, 0x1020, 0x1800, 0x2800, 0x3000, 0x6000, 0xe041, 0xf882, 0xf821, 0xf801, 0xf821, 0xf801, 0xf801, 0xf861, 0xf862, 0x7800, 0x3000, 0x2800, 0x2000, 0x1820, 0x1020, 0x0820, 0x0820, 0x0820, 0x0820, 0x0820, 0x0820, 0x0820, 0x0820, 0x0820, 0x0820, 0x0820, 0x0820, 0x0820, 0x0820, 0x0820, 0x0820, 0x1020, 0x1020, 0x1020, 0x1800, 0x2800, 0x3800, 0x6000, 0xe041, 0xf882, 0xf821, 0xf801, 0xf801, 0xf801, 0xf801, 0xf861, 0xf862, 0x8000, 0x3000, 0x2800, 0x2020, 0x1020, 0x0820, 0x0820, 0x0820, 0x0820, 0x0020, 0x0000, 0x1061, 0x2124, 0x2124, 0x2104, 0x31a6, 0x4a28,
		0x4208, 0x2124, 0x2104, 0x2945, 0x18c3, 0x0020, 0x0000, 0x0820, 0x0820, 0x0820, 0x0820, 0x1020, 0x1800, 0x2800, 0x3000, 0x5800, 0xe041, 0xf882, 0xf821, 0xf801, 0xf821, 0xf821, 0xf801, 0xf862, 0xf882, 0x7800, 0x3800, 0x2800, 0x2000, 0x1820, 0x1020, 0x0820, 0x0820, 0x0820, 0x0820, 0x0820, 0x0820, 0x0820, 0x0820, 0x0820, 0x0820, 0x0820, 0x0820, 0x0820, 0x0820, 0x0820, 0x0820, 0x1020, 0x1020, 0x1020, 0x2020, 0x2800, 0x3800, 0x6000, 0xe061, 0xf882, 0xf821, 0xf801, 0xf801, 0xf801, 0xf801, 0xf861, 0xf862, 0x8000, 0x3000, 0x3000, 0x2000, 0x1020, 0x0820, 0x0820, 0x0820, 0x0820, 0x0020, 0x0000, 0x0861, 0x2124, 0x2124, 0x2104, 0x31a6, 0x4228,
		0x39e7, 0x2124, 0x2104, 0x2945, 0x18c3, 0x0020, 0x0000, 0x0820, 0x0820, 0x0820, 0x0820, 0x1020, 0x1800, 0x2800, 0x3000, 0x5800, 0xe041, 0xf882, 0xf821, 0xf801, 0xf801, 0xf821, 0xf801, 0xf861, 0xf862, 0x7800, 0x3000, 0x2800, 0x2000, 0x1820, 0x1020, 0x0820, 0x0820, 0x0820, 0x0820, 0x0820, 0x0820, 0x0820, 0x0820, 0x0820, 0x0820, 0x0820, 0x0820, 0x0820, 0x0820, 0x0820, 0x0820, 0x1020, 0x1020, 0x1020, 0x2020, 0x2800, 0x3800, 0x6000, 0xe061, 0xf882, 0xf821, 0xf801, 0xf801, 0xf801, 0xf801, 0xf861, 0xf862, 0x8000, 0x3000, 0x3000, 0x2000, 0x1020, 0x0820, 0x0820, 0x0820, 0x0820, 0x0020, 0x0000, 0x0861, 0x2124, 0x2124, 0x2104, 0x31a6, 0x4a28,
		0x39e7, 0x2124, 0x2104, 0x2945, 0x18c3, 0x0000, 0x0000, 0x0820, 0x0820, 0x0820, 0x0820, 0x1020, 0x1800, 0x2800, 0x3000, 0x6000, 0xe041, 0xf882, 0xf821, 0xf801, 0xf801, 0xf821, 0xf801, 0xf862, 0xf882, 0x8000, 0x3800, 0x2800, 0x2000, 0x1820, 0x1020, 0x0820, 0x0820, 0x0820, 0x0820, 0x0820, 0x0820, 0x0820, 0x0820, 0x0820, 0x0820, 0x0820, 0x0820, 0x0820, 0x0820, 0x0820, 0x0820, 0x1020, 0x1020, 0x1020, 0x2000, 0x2800, 0x3800, 0x6000, 0xe041, 0xf882, 0xf821, 0xf801, 0xf801, 0xf821, 0xf801, 0xf841, 0xf862, 0x8000, 0x3000, 0x3000, 0x2000, 0x1020, 0x0820, 0x0820, 0x0820, 0x0820, 0x0020, 0x0000, 0x0861, 0x2104, 0x2124, 0x2104, 0x31a6, 0x4a28,
		0x39e7, 0x2124, 0x2104, 0x2945, 0x18c3, 0x0000, 0x0000, 0x0820, 0x0820, 0x0820, 0x0820, 0x1020, 0x1800, 0x2800, 0x3000, 0x6000, 0xe041, 0xf882, 0xf821, 0xf801, 0xf801, 0xf801, 0xf801, 0xf862, 0xf882, 0x8000, 0x3800, 0x2800, 0x2000, 0x1820, 0x1020, 0x0820, 0x0820, 0x0820, 0x0820, 0x0820, 0x0820, 0x0820, 0x0820, 0x0820, 0x0820, 0x0820, 0x0820, 0x0820, 0x0820, 0x0820, 0x0820, 0x1020, 0x1020, 0x1020, 0x2000, 0x2800, 0x3800, 0x6000, 0xe041, 0xf882, 0xf821, 0xf801, 0xf801, 0xf801, 0xf801, 0xf841, 0xf862, 0x8000, 0x3000, 0x3000, 0x2000, 0x1020, 0x0820, 0x0820, 0x0820, 0x0820, 0x0020, 0x0000, 0x0861, 0x2104, 0x2124, 0x2104, 0x31a6, 0x4a28,
		0x39e7, 0x2124, 0x2104, 0x2945, 0x18c3, 0x0000, 0x0000, 0x0820, 0x0820, 0x0820, 0x0820, 0x1020, 0x1800, 0x2800, 0x3000, 0x6000, 0xe041, 0xf882, 0xf801, 0xf801, 0xf801, 0xf801, 0xf801, 0xf862, 0xf882, 0x8000, 0x3800, 0x2800, 0x2000, 0x1820, 0x1020, 0x1020, 0x0820, 0x0820, 0x0820, 0x0820, 0x0820, 0x0820, 0x0820, 0x0820, 0x0820, 0x0820, 0x0820, 0x0820, 0x0820, 0x0820, 0x0820, 0x0820, 0x1020, 0x1020, 0x1800, 0x3000, 0x3800, 0x6000, 0xe061, 0xf882, 0xf821, 0xf801, 0xf801, 0xf801, 0xf801, 0xf862, 0xf862, 0x8000, 0x3000, 0x3000, 0x2000, 0x1020, 0x0820, 0x0820, 0x0820, 0x0820, 0x0020, 0x0000, 0x0861, 0x2104, 0x2124, 0x2104, 0x3186, 0x4a28,
		0x39e7, 0x2124, 0x2104, 0x2945, 0x18c3, 0x0000, 0x0000, 0x0840, 0x0820, 0x0820, 0x0820, 0x1020, 0x1800, 0x2800, 0x3000, 0x6000, 0xe041, 0xf882, 0xf801, 0xf801, 0xf801, 0xf821, 0xf801, 0xf862, 0xf882, 0x7800, 0x3000, 0x3000, 0x2000, 0x1820, 0x1020, 0x1020, 0x1020, 0x1020, 0x1020, 0x1020, 0x1020, 0x1020, 0x1020, 0x1020, 0x1020, 0x1020, 0x1020, 0x1020, 0x1020, 0x1020, 0x1020, 0x1020, 0x1020, 0x1020, 0x2000, 0x3000, 0x3800, 0x6000, 0xe041, 0xf882, 0xf821, 0xf801, 0xf821, 0xf801, 0xf801, 0xf862, 0xf862, 0x8800, 0x3000, 0x3000, 0x2000, 0x1020, 0x0820, 0x0820, 0x0820, 0x0841, 0x0020, 0x0000, 0x0861, 0x2124, 0x2124, 0x2103, 0x3186, 0x4a28,
		0x39e7, 0x2124, 0x2104, 0x2945, 0x18c3, 0x0020, 0x0000, 0x0820, 0x0820, 0x0820, 0x0820, 0x1020, 0x1800, 0x2800, 0x3000, 0x6000, 0xe041, 0xf882, 0xf821, 0xf801, 0xf801, 0xf821, 0xf801, 0xf862, 0xf882, 0x8000, 0x3800, 0x3000, 0x2000, 0x1800, 0x1020, 0x1020, 0x1020, 0x1020, 0x1020, 0x1020, 0x1020, 0x1020, 0x1020, 0x1020, 0x1020, 0x1020, 0x1020, 0x1020, 0x1020, 0x1020, 0x1020, 0x1020, 0x1020, 0x1820, 0x2000, 0x3000, 0x3800, 0x6000, 0xe041, 0xf882, 0xf821, 0xf801, 0xf821, 0xf801, 0xf801, 0xf862, 0xf862, 0x8800, 0x3000, 0x3000, 0x2020, 0x1020, 0x0820, 0x0820, 0x0820, 0x0841, 0x0020, 0x0000, 0x0861, 0x2124, 0x2124, 0x2104, 0x31a6, 0x4a48,
		0x39e7, 0x2124, 0x2104, 0x2945, 0x18c3, 0x0020, 0x0000, 0x0820, 0x0820, 0x0820, 0x0820, 0x1020, 0x1800, 0x2800, 0x3000, 0x6000, 0xe041, 0xf882, 0xf821, 0xf801, 0xf821, 0xf821, 0xf801, 0xf862, 0xf882, 0x8000, 0x3800, 0x3000, 0x2000, 0x2000, 0x1800, 0x1800, 0x1820, 0x1820, 0x1820, 0x1820, 0x1820, 0x1820, 0x1820, 0x1820, 0x1820, 0x1820, 0x1820, 0x1820, 0x1820, 0x1800, 0x1800, 0x1800, 0x1800, 0x2000, 0x2000, 0x3000, 0x3800, 0x6800, 0xe061, 0xf882, 0xf821, 0xf801, 0xf821, 0xf801, 0xf801, 0xf862, 0xf862, 0x8000, 0x3000, 0x3000, 0x2000, 0x1020, 0x0820, 0x0820, 0x0820, 0x0821, 0x0020, 0x0000, 0x0861, 0x2104, 0x2124, 0x2104, 0x31a6, 0x4a48,
		0x39e7, 0x2124, 0x2104, 0x2945, 0x18c3, 0x0020, 0x0000, 0x0820, 0x0820, 0x0820, 0x0820, 0x1020, 0x1800, 0x2800, 0x3000, 0x6000, 0xe041, 0xf882, 0xf821, 0xf801, 0xf821, 0xf821, 0xf821, 0xf862, 0xf882, 0x8000, 0x3800, 0x3800, 0x2800, 0x2800, 0x2000, 0x2000, 0x2000, 0x2000, 0x2000, 0x2000, 0x2000, 0x2000, 0x2000, 0x2000, 0x2000, 0x2000, 0x2000, 0x2800, 0x2000, 0x2000, 0x2800, 0x2800, 0x2800, 0x2800, 0x2800, 0x3800, 0x4000, 0x6800, 0xe861, 0xf882, 0xf821, 0xf801, 0xf821, 0xf801, 0xf801, 0xf862, 0xf862, 0x8000, 0x3000, 0x2800, 0x1800, 0x1020, 0x0820, 0x0820, 0x0820, 0x0841, 0x0020, 0x0000, 0x0861, 0x2104, 0x2124, 0x2104, 0x31a6, 0x4a28,
		0x39e7, 0x2124, 0x2104, 0x2945, 0x18e3, 0x0020, 0x0000, 0x0840, 0x0820, 0x0820, 0x0820, 0x1020, 0x1820, 0x2000, 0x3000, 0x5800, 0xe041, 0xf882, 0xf821, 0xf821, 0xf821, 0xf821, 0xf801, 0xf862, 0xf882, 0x8000, 0x3800, 0x3800, 0x3000, 0x3000, 0x3000, 0x3000, 0x3000, 0x3000, 0x3000, 0x3000, 0x3000, 0x3000, 0x3000, 0x3000, 0x3000, 0x3000, 0x3000, 0x3000, 0x3000, 0x3000, 0x3000, 0x3000, 0x3000, 0x3000, 0x3000, 0x3800, 0x4800, 0x7000, 0xe861, 0xf882, 0xf801, 0xf801, 0xf821, 0xf821, 0xf801, 0xf862, 0xf882, 0x8000, 0x2800, 0x2800, 0x1820, 0x1020, 0x0820, 0x0820, 0x0820, 0x0821, 0x0020, 0x0000, 0x0861, 0x2104, 0x2124, 0x2104, 0x31a6, 0x4228,
		0x39e7, 0x2124, 0x2124, 0x2945, 0x18c3, 0x0020, 0x0000, 0x0820, 0x0820, 0x0820, 0x0820, 0x1020, 0x1820, 0x2020, 0x3000, 0x5800, 0xe061, 0xf882, 0xf801, 0xf801, 0xf821, 0xf821, 0xf801, 0xf862, 0xf882, 0x8820, 0x4000, 0x3800, 0x3800, 0x3800, 0x3800, 0x3800, 0x3800, 0x3800, 0x4000, 0x3800, 0x3800, 0x3800, 0x3800, 0x4000, 0x4000, 0x4000, 0x3800, 0x3800, 0x3800, 0x4000, 0x4000, 0x3800, 0x3800, 0x3800, 0x4000, 0x3800, 0x4000, 0x7800, 0xf062, 0xf882, 0xf801, 0xf821, 0xf821, 0xf821, 0xf800, 0xf861, 0xf882, 0x8800, 0x2800, 0x2800, 0x1800, 0x1020, 0x0820, 0x0820, 0x0820, 0x0840, 0x0020, 0x0000, 0x0861, 0x2124, 0x2124, 0x2103, 0x3186, 0x4228,
		0x39e7, 0x2124, 0x2104, 0x2945, 0x18e3, 0x0020, 0x0000, 0x0840, 0x0820, 0x0820, 0x0820, 0x1020, 0x1020, 0x2020, 0x2800, 0x5800, 0xe861, 0xf882, 0xf800, 0xf821, 0xf821, 0xf801, 0xf861, 0xf061, 0xc841, 0x7000, 0x5000, 0x5000, 0x5000, 0x5000, 0x5000, 0x5000, 0x5000, 0x5000, 0x5000, 0x5000, 0x4800, 0x4800, 0x4800, 0x5000, 0x5000, 0x5000, 0x5000, 0x4800, 0x5000, 0x5000, 0x5000, 0x5000, 0x5000, 0x5000, 0x5800, 0x5000, 0x5000, 0x5800, 0xa841, 0xe861, 0xf862, 0xf821, 0xf801, 0xf821, 0xf800, 0xf841, 0xf862, 0x8800, 0x2800, 0x2000, 0x1820, 0x1020, 0x0820, 0x0820, 0x0820, 0x0841, 0x0020, 0x0000, 0x0861, 0x2124, 0x2124, 0x2103, 0x3186, 0x4228,
		0x39e7, 0x2124, 0x2104, 0x2945, 0x18e3, 0x0020, 0x0000, 0x0841, 0x0820, 0x0820, 0x0820, 0x0820, 0x1020, 0x1820, 0x2800, 0x5000, 0xa820, 0xd841, 0xf862, 0xf821, 0xf801, 0xf821, 0xf8a2, 0xe061, 0x7800, 0x4000, 0x8000, 0xc021, 0xb820, 0xb020, 0xb020, 0xb020, 0xb020, 0xb020, 0xb020, 0xb020, 0xb020, 0xb000, 0xb020, 0xb020, 0xb020, 0xb020, 0xb020, 0xb020, 0xb020, 0xb020, 0xb020, 0xb020, 0xb020, 0xb020, 0xb021, 0xc021, 0x9820, 0x4000, 0x6000, 0xc841, 0xf8a2, 0xf861, 0xf801, 0xf801, 0xf861, 0xe841, 0xb820, 0x6000, 0x2800, 0x2000, 0x1020, 0x1020, 0x0820, 0x0820, 0x0820, 0x0841, 0x0020, 0x0000, 0x0861, 0x2124, 0x2124, 0x2104, 0x31a6, 0x4228,
		0x39e7, 0x2124, 0x2104, 0x2945, 0x18e3, 0x0020, 0x0000, 0x0841, 0x0820, 0x0820, 0x0820, 0x0820, 0x1020, 0x1820, 0x2800, 0x4000, 0x4000, 0xa820, 0xf882, 0xf821, 0xf821, 0xf862, 0xf061, 0xa821, 0x4800, 0x6000, 0xc041, 0xf8a2, 0xf882, 0xf882, 0xf882, 0xf882, 0xf882, 0xf882, 0xf862, 0xf882, 0xf882, 0xf882, 0xf882, 0xf882, 0xf882, 0xf882, 0xf882, 0xf882, 0xf882, 0xf882, 0xf882, 0xf882, 0xf882, 0xf882, 0xf882, 0xf8a2, 0xe041, 0x7000, 0x4800, 0x8820, 0xe061, 0xf862, 0xf821, 0xf800, 0xf882, 0xc841, 0x4800, 0x3800, 0x3000, 0x1820, 0x1020, 0x0820, 0x0820, 0x0820, 0x0820, 0x0841, 0x0020, 0x0000, 0x0861, 0x2124, 0x2124, 0x2103, 0x31a6, 0x4228,
		0x39e7, 0x2124, 0x2104, 0x2945, 0x18e3, 0x0020, 0x0000, 0x0840, 0x0820, 0x0820, 0x0820, 0x0820, 0x1020, 0x1020, 0x2000, 0x3000, 0x3800, 0x8000, 0xd841, 0xf041, 0xf862, 0xf882, 0xb020, 0x5800, 0x5000, 0xb821, 0xf061, 0xf882, 0xf882, 0xf882, 0xf862, 0xf862, 0xf862, 0xf862, 0xf862, 0xf862, 0xf862, 0xf862, 0xf862, 0xf862, 0xf862, 0xf862, 0xf862, 0xf862, 0xf862, 0xf862, 0xf862, 0xf862, 0xf862, 0xf882, 0xf882, 0xf862, 0xf841, 0xd021, 0x6000, 0x4000, 0x8000, 0xf082, 0xf882, 0xf841, 0xe041, 0x9020, 0x4000, 0x3000, 0x2000, 0x1820, 0x1020, 0x0820, 0x0820, 0x0820, 0x0820, 0x0841, 0x0020, 0x0000, 0x0861, 0x2124, 0x2124, 0x2103, 0x3186, 0x4228,
		0x39e7, 0x2124, 0x2104, 0x2945, 0x18e3, 0x0020, 0x0000, 0x0841, 0x0820, 0x0820, 0x0820, 0x0820, 0x0820, 0x1020, 0x1820, 0x2800, 0x4000, 0x5800, 0x9000, 0xf061, 0xf882, 0xe061, 0x7800, 0x4800, 0x9800, 0xf082, 0xf882, 0xf801, 0xf821, 0xf821, 0xf821, 0xf801, 0xf801, 0xf801, 0xf801, 0xf801, 0xf801, 0xf801, 0xf821, 0xf801, 0xf801, 0xf801, 0xf801, 0xf821, 0xf821, 0xf801, 0xf821, 0xf821, 0xf801, 0xf821, 0xf821, 0xf800, 0xf861, 0xf8a2, 0xb000, 0x5800, 0x5000, 0xb841, 0xf062, 0xf882, 0xa800, 0x5000, 0x4000, 0x2800, 0x1820, 0x1020, 0x0820, 0x0820, 0x0820, 0x0820, 0x0820, 0x0841, 0x0020, 0x0000, 0x0861, 0x2124, 0x2124, 0x2103, 0x3186, 0x4228,
		0x39e7, 0x2124, 0x2104, 0x2945, 0x18e3, 0x0020, 0x0000, 0x0841, 0x0820, 0x0820, 0x0820, 0x0820, 0x0820, 0x1020, 0x1820, 0x2000, 0x3000, 0x4000, 0x6000, 0xf862, 0xe861, 0x7000, 0x4800, 0x8820, 0xe041, 0xf061, 0xf841, 0xf801, 0xf801, 0xf801, 0xf801, 0xf801, 0xf801, 0xf801, 0xf801, 0xf801, 0xf801, 0xf801, 0xf801, 0xf801, 0xf801, 0xf801, 0xf801, 0xf801, 0xf801, 0xf801, 0xf801, 0xf801, 0xf801, 0xf801, 0xf821, 0xf801, 0xf841, 0xf862, 0xf021, 0xa800, 0x4800, 0x5000, 0xc041, 0xf882, 0x8800, 0x3800, 0x3000, 0x2000, 0x1820, 0x1020, 0x0820, 0x0820, 0x0820, 0x0820, 0x0820, 0x0841, 0x0020, 0x0000, 0x0861, 0x2124, 0x2124, 0x2103, 0x3186, 0x4228,
		0x39e7, 0x2124, 0x2104, 0x2945, 0x18e3, 0x0020, 0x0000, 0x0841, 0x0820, 0x0820, 0x0820, 0x0820, 0x0820, 0x0820, 0x1020, 0x1820, 0x2800, 0x3800, 0x5800, 0xb821, 0xa820, 0x4000, 0x6800, 0xd041, 0xf8a2, 0xf821, 0xf800, 0xf801, 0xf801, 0xf801, 0xf801, 0xf801, 0xf801, 0xf801, 0xf801, 0xf801, 0xf801, 0xf801, 0xf801, 0xf801, 0xf801, 0xf801, 0xf801, 0xf801, 0xf801, 0xf801, 0xf801, 0xf801, 0xf821, 0xf821, 0xf801, 0xf801, 0xf801, 0xf821, 0xf882, 0xe061, 0x7800, 0x3800, 0x8000, 0xc041, 0x7000, 0x3800, 0x2800, 0x1800, 0x1020, 0x0820, 0x0820, 0x0820, 0x0820, 0x0820, 0x0820, 0x0841, 0x0020, 0x0000, 0x0861, 0x2124, 0x2124, 0x2103, 0x3186, 0x4228,
		0x39e7, 0x2124, 0x2104, 0x2945, 0x18e3, 0x0020, 0x0000, 0x0840, 0x0820, 0x0820, 0x0820, 0x0820, 0x0820, 0x0820, 0x1020, 0x1020, 0x2000, 0x3000, 0x4800, 0x4800, 0x4800, 0x5800, 0xb821, 0xf861, 0xf862, 0xf821, 0xf801, 0xf801, 0xf801, 0xf801, 0xf801, 0xf801, 0xf801, 0xf801, 0xf801, 0xf801, 0xf801, 0xf801, 0xf801, 0xf801, 0xf801, 0xf801, 0xf801, 0xf801, 0xf801, 0xf801, 0xf801, 0xf801, 0xf801, 0xf801, 0xf801, 0xf801, 0xf801, 0xf801, 0xf862, 0xf061, 0xd841, 0x7000, 0x4800, 0x4800, 0x4800, 0x3800, 0x2000, 0x1820, 0x1020, 0x0820, 0x0820, 0x0820, 0x0820, 0x0820, 0x0820, 0x0841, 0x0020, 0x0000, 0x0861, 0x2124, 0x2124, 0x2103, 0x3186, 0x4228,
		0x39e7, 0x2124, 0x2104, 0x2945, 0x18e3, 0x0020, 0x0000, 0x0840, 0x0820, 0x0820, 0x0820, 0x0820, 0x0820, 0x0820, 0x0820, 0x1020, 0x1820, 0x2000, 0x3000, 0x4000, 0x3800, 0x6800, 0xf082, 0xf882, 0xf800, 0xf801, 0xf821, 0xf801, 0xf801, 0xf801, 0xf801, 0xf801, 0xf801, 0xf801, 0xf801, 0xf801, 0xf801, 0xf821, 0xf821, 0xf801, 0xf801, 0xf801, 0xf801, 0xf801, 0xf801, 0xf801, 0xf801, 0xf801, 0xf801, 0xf801, 0xf801, 0xf821, 0xf821, 0xf821, 0xf800, 0xf861, 0xf8a2, 0x9020, 0x4000, 0x4000, 0x3000, 0x2800, 0x1820, 0x1020, 0x0820, 0x0820, 0x0820, 0x0820, 0x0820, 0x0820, 0x0820, 0x0841, 0x0020, 0x0000, 0x0861, 0x2124, 0x2124, 0x2103, 0x3186, 0x4a28,
		0x39e7, 0x2124, 0x2104, 0x2945, 0x18e3, 0x0020, 0x0000, 0x0840, 0x0820, 0x0820, 0x0820, 0x0820, 0x0820, 0x0820, 0x0820, 0x0820, 0x1020, 0x1800, 0x2800, 0x4000, 0x4000, 0x5800, 0xc041, 0xe861, 0xf841, 0xf821, 0xf801, 0xf821, 0xf821, 0xf821, 0xf801, 0xf801, 0xf801, 0xf801, 0xf821, 0xf821, 0xf821, 0xf821, 0xf821, 0xf821, 0xf821, 0xf821, 0xf821, 0xf821, 0xf821, 0xf821, 0xf821, 0xf821, 0xf801, 0xf821, 0xf801, 0xf821, 0xf821, 0xf821, 0xf841, 0xf061, 0xd841, 0x7800, 0x3800, 0x4000, 0x2800, 0x1800, 0x1020, 0x1020, 0x0820, 0x0820, 0x0820, 0x0820, 0x0820, 0x0820, 0x0820, 0x0841, 0x0020, 0x0000, 0x0861, 0x2124, 0x2124, 0x2103, 0x3186, 0x4a28,
		0x39e7, 0x2124, 0x2104, 0x2945, 0x18c3, 0x0000, 0x0000, 0x0840, 0x0820, 0x0820, 0x0820, 0x0820, 0x0820, 0x0820, 0x0820, 0x0820, 0x0820, 0x1020, 0x1820, 0x2800, 0x3800, 0x4800, 0x5800, 0xc041, 0xf8a2, 0xf841, 0xf800, 0xf801, 0xf801, 0xf801, 0xf801, 0xf801, 0xf801, 0xf801, 0xf801, 0xf801, 0xf801, 0xf801, 0xf801, 0xf801, 0xf801, 0xf801, 0xf801, 0xf801, 0xf801, 0xf801, 0xf801, 0xf801, 0xf801, 0xf801, 0xf801, 0xf801, 0xf800, 0xf801, 0xf8a2, 0xe061, 0x6800, 0x4800, 0x3800, 0x2800, 0x1800, 0x1020, 0x1020, 0x0820, 0x0820, 0x0820, 0x0820, 0x0820, 0x0820, 0x0820, 0x0820, 0x0841, 0x0020, 0x0000, 0x0861, 0x2124, 0x2124, 0x2103, 0x3186, 0x4a28,
		0x39e7, 0x2124, 0x2104, 0x2945, 0x18c3, 0x0000, 0x0000, 0x0840, 0x0820, 0x0820, 0x0820, 0x0820, 0x0820, 0x0820, 0x0820, 0x0820, 0x0820, 0x1020, 0x1820, 0x2000, 0x3000, 0x4000, 0x3800, 0x8820, 0xe861, 0xf041, 0xf841, 0xf841, 0xf841, 0xf841, 0xf841, 0xf841, 0xf841, 0xf841, 0xf841, 0xf841, 0xf841, 0xf841, 0xf841, 0xf841, 0xf841, 0xf841, 0xf841, 0xf841, 0xf841, 0xf841, 0xf841, 0xf841, 0xf841, 0xf841, 0xf841, 0xf841, 0xf841, 0xf841, 0xf061, 0xa841, 0x4000, 0x3800, 0x3000, 0x2000, 0x1820, 0x1020, 0x0820, 0x0820, 0x0820, 0x0820, 0x0820, 0x0820, 0x0820, 0x0820, 0x0820, 0x0841, 0x0020, 0x0000, 0x0861, 0x2124, 0x2124, 0x2104, 0x3186, 0x4228,
		0x39e7, 0x2124, 0x2104, 0x2945, 0x18c3, 0x0000, 0x0000, 0x0820, 0x0820, 0x0820, 0x0820, 0x0820, 0x0820, 0x0820, 0x0820, 0x0820, 0x0820, 0x0820, 0x1020, 0x1820, 0x2020, 0x3000, 0x4000, 0x5800, 0x9000, 0xf082, 0xf8a2, 0xf882, 0xf882, 0xf882, 0xf882, 0xf882, 0xf882, 0xf882, 0xf882, 0xf882, 0xf882, 0xf882, 0xf882, 0xf882, 0xf882, 0xf882, 0xf882, 0xf882, 0xf882, 0xf882, 0xf882, 0xf882, 0xf882, 0xf882, 0xf882, 0xf882, 0xf8a2, 0xf882, 0xa820, 0x6000, 0x4000, 0x3000, 0x2000, 0x1800, 0x1020, 0x0820, 0x0820, 0x0820, 0x0820, 0x0820, 0x0820, 0x0820, 0x0820, 0x0820, 0x0820, 0x0841, 0x0020, 0x0000, 0x0861, 0x2124, 0x2124, 0x2104, 0x3186, 0x4228,
		0x39e7, 0x2124, 0x2104, 0x2945, 0x18c3, 0x0000, 0x0000, 0x0820, 0x0820, 0x0820, 0x0820, 0x0820, 0x0820, 0x0820, 0x0820, 0x0820, 0x0820, 0x0820, 0x0820, 0x1020, 0x1820, 0x2000, 0x3000, 0x3800, 0x5000, 0xc861, 0xe881, 0xe061, 0xe061, 0xe061, 0xd861, 0xd841, 0xd841, 0xe041, 0xd861, 0xd841, 0xd841, 0xd841, 0xd841, 0xe041, 0xe041, 0xe041, 0xe041, 0xd841, 0xe041, 0xd841, 0xd841, 0xd841, 0xe061, 0xe061, 0xd861, 0xd841, 0xe061, 0xe061, 0x7000, 0x3000, 0x3000, 0x2800, 0x1800, 0x1020, 0x1020, 0x0820, 0x0820, 0x0820, 0x0820, 0x0820, 0x0820, 0x0820, 0x0820, 0x0820, 0x0820, 0x0841, 0x0020, 0x0000, 0x0861, 0x2124, 0x2124, 0x2103, 0x3186, 0x4228,
		0x39e7, 0x2124, 0x2104, 0x2945, 0x18c3, 0x0020, 0x0000, 0x0820, 0x0820, 0x0820, 0x0820, 0x0820, 0x0820, 0x0820, 0x0820, 0x0820, 0x0820, 0x0820, 0x0820, 0x1020, 0x1020, 0x1820, 0x2000, 0x3000, 0x4800, 0x7000, 0x7000, 0x6800, 0x7000, 0x6800, 0x6800, 0x6800, 0x6800, 0x7000, 0x7000, 0x6800, 0x6800, 0x6800, 0x6800, 0x7000, 0x7000, 0x7000, 0x6800, 0x6800, 0x7000, 0x7000, 0x6800, 0x7000, 0x7000, 0x6800, 0x6800, 0x6800, 0x6800, 0x6800, 0x5000, 0x3800, 0x2800, 0x1800, 0x1820, 0x1020, 0x0820, 0x0820, 0x0820, 0x0820, 0x0820, 0x0820, 0x0820, 0x0820, 0x0820, 0x0820, 0x0820, 0x0820, 0x0020, 0x0000, 0x1082, 0x2124, 0x2124, 0x2103, 0x3186, 0x4228,
		0x39e7, 0x2124, 0x2104, 0x2124, 0x2103, 0x1061, 0x0000, 0x0000, 0x0820, 0x0820, 0x0820, 0x0820, 0x0820, 0x0820, 0x0820, 0x0820, 0x0820, 0x0841, 0x0841, 0x0820, 0x1020, 0x1020, 0x1820, 0x2800, 0x3800, 0x3000, 0x3000, 0x3800, 0x3800, 0x3800, 0x3800, 0x3800, 0x3800, 0x3800, 0x3800, 0x3800, 0x3800, 0x3800, 0x3800, 0x3800, 0x3800, 0x3800, 0x3800, 0x3800, 0x3800, 0x3800, 0x3800, 0x3800, 0x3800, 0x3800, 0x3800, 0x3800, 0x3000, 0x3000, 0x3000, 0x2800, 0x2000, 0x1820, 0x1020, 0x0820, 0x0820, 0x0820, 0x0820, 0x0820, 0x0820, 0x0820, 0x0820, 0x0820, 0x0820, 0x0820, 0x0841, 0x0020, 0x0000, 0x0820, 0x18c3, 0x2124, 0x2124, 0x2104, 0x3186, 0x4228,
		0x39e7, 0x2124, 0x2104, 0x2104, 0x2124, 0x18e3, 0x0861, 0x0000, 0x0020, 0x0820, 0x0820, 0x0820, 0x0820, 0x0840, 0x0820, 0x0820, 0x0820, 0x0841, 0x0841, 0x0820, 0x0820, 0x1020, 0x1020, 0x1820, 0x2020, 0x2000, 0x2800, 0x2800, 0x2800, 0x3000, 0x3000, 0x3000, 0x3000, 0x3000, 0x3000, 0x3000, 0x3000, 0x3000, 0x3000, 0x3000, 0x3000, 0x3000, 0x3000, 0x3000, 0x3000, 0x3000, 0x3000, 0x3000, 0x3000, 0x3000, 0x3000, 0x3000, 0x2800, 0x2000, 0x2020, 0x1820, 0x1020, 0x1020, 0x0820, 0x0820, 0x0820, 0x0820, 0x0820, 0x0820, 0x0820, 0x0820, 0x0820, 0x0820, 0x0820, 0x0820, 0x0820, 0x0000, 0x0020, 0x10a2, 0x2124, 0x2124, 0x2104, 0x2104, 0x3186, 0x4228,
		0x39e7, 0x2124, 0x2104, 0x2104, 0x2124, 0x2124, 0x18c3, 0x0841, 0x0000, 0x0020, 0x0841, 0x0820, 0x0820, 0x0821, 0x0820, 0x0820, 0x0820, 0x0820, 0x0820, 0x0821, 0x0820, 0x0820, 0x1020, 0x1020, 0x1820, 0x1820, 0x2020, 0x2000, 0x2000, 0x2000, 0x2000, 0x2000, 0x2000, 0x2000, 0x2000, 0x2000, 0x2000, 0x2000, 0x2000, 0x2000, 0x2000, 0x2000, 0x2000, 0x2000, 0x2000, 0x2000, 0x2000, 0x2000, 0x2000, 0x2000, 0x2000, 0x2000, 0x2000, 0x1820, 0x1820, 0x1020, 0x1020, 0x0820, 0x0820, 0x0820, 0x0820, 0x0820, 0x0820, 0x0820, 0x0820, 0x0820, 0x0820, 0x0820, 0x0840, 0x0820, 0x0000, 0x0020, 0x1082, 0x2104, 0x2124, 0x2104, 0x2104, 0x2104, 0x3186, 0x4228,
		0x39e7, 0x2104, 0x2104, 0x2104, 0x2104, 0x2104, 0x2104, 0x18a2, 0x0020, 0x0000, 0x0020, 0x0820, 0x0820, 0x0821, 0x0841, 0x0841, 0x0820, 0x0820, 0x0820, 0x0821, 0x0820, 0x0820, 0x0820, 0x1020, 0x1020, 0x1020, 0x1820, 0x1820, 0x1820, 0x1820, 0x1820, 0x1820, 0x1820, 0x1800, 0x1800, 0x1800, 0x1820, 0x1820, 0x1820, 0x1820, 0x1820, 0x1820, 0x1820, 0x1820, 0x1820, 0x1820, 0x1820, 0x1800, 0x1820, 0x1820, 0x1800, 0x1820, 0x1820, 0x1020, 0x1020, 0x1020, 0x0820, 0x0820, 0x0820, 0x0820, 0x0820, 0x0820, 0x0820, 0x0820, 0x0820, 0x0820, 0x0820, 0x0820, 0x0020, 0x0020, 0x0000, 0x1082, 0x20e3, 0x2124, 0x2104, 0x2104, 0x2104, 0x18e3, 0x3186, 0x4228,
		0x39e7, 0x2124, 0x2103, 0x2104, 0x2104, 0x2104, 0x2124, 0x2104, 0x1082, 0x0020, 0x0000, 0x0820, 0x0841, 0x0820, 0x0841, 0x0841, 0x0820, 0x0820, 0x0820, 0x0820, 0x0820, 0x0820, 0x0820, 0x0820, 0x0820, 0x0820, 0x1020, 0x1020, 0x1020, 0x1020, 0x1020, 0x1020, 0x1020, 0x1020, 0x1020, 0x1020, 0x1020, 0x1020, 0x1020, 0x1020, 0x1020, 0x1020, 0x1020, 0x1020, 0x1020, 0x1020, 0x1020, 0x1020, 0x1020, 0x1020, 0x1020, 0x1020, 0x1020, 0x0820, 0x0820, 0x0820, 0x0820, 0x0820, 0x0820, 0x0820, 0x0820, 0x0820, 0x0820, 0x0820, 0x0820, 0x0820, 0x0820, 0x0841, 0x0000, 0x0000, 0x0861, 0x18e3, 0x2124, 0x2104, 0x2104, 0x2104, 0x2104, 0x18e3, 0x3185, 0x4208,
		0x3186, 0x3165, 0x2124, 0x2104, 0x2104, 0x2104, 0x2104, 0x2124, 0x18e3, 0x0861, 0x0000, 0x0020, 0x0820, 0x0841, 0x0841, 0x0841, 0x0820, 0x0820, 0x0820, 0x0820, 0x0820, 0x0820, 0x0821, 0x0820, 0x0820, 0x0820, 0x0820, 0x0820, 0x0820, 0x0820, 0x0820, 0x0820, 0x0820, 0x0820, 0x0820, 0x0820, 0x0820, 0x0820, 0x0820, 0x0820, 0x0820, 0x0820, 0x0820, 0x0820, 0x0820, 0x0820, 0x0820, 0x0820, 0x0820, 0x0820, 0x0820, 0x0820, 0x0820, 0x0820, 0x0820, 0x0820, 0x0820, 0x0820, 0x0820, 0x0820, 0x0820, 0x0820, 0x0820, 0x0820, 0x0841, 0x0841, 0x0820, 0x0020, 0x0000, 0x0020, 0x18c3, 0x2104, 0x2104, 0x2104, 0x2104, 0x2104, 0x2104, 0x2945, 0x39c7, 0x4208,
		0x3a08, 0x39c7, 0x2965, 0x2104, 0x2104, 0x2104, 0x2104, 0x2104, 0x2124, 0x18c3, 0x0841, 0x0000, 0x0020, 0x0841, 0x0841, 0x0841, 0x0820, 0x0820, 0x0820, 0x0820, 0x0820, 0x0820, 0x0820, 0x0820, 0x0820, 0x0820, 0x0820, 0x0820, 0x0820, 0x0820, 0x0820, 0x0820, 0x0820, 0x0820, 0x0820, 0x0820, 0x0820, 0x0820, 0x0820, 0x0820, 0x0820, 0x0820, 0x0820, 0x0820, 0x0820, 0x0820, 0x0820, 0x0820, 0x0820, 0x0820, 0x0820, 0x0820, 0x0820, 0x0820, 0x0820, 0x0820, 0x0820, 0x0820, 0x0820, 0x0820, 0x0820, 0x0820, 0x0820, 0x0820, 0x0820, 0x0841, 0x0020, 0x0000, 0x0020, 0x10a2, 0x2104, 0x2104, 0x2104, 0x2104, 0x2104, 0x2104, 0x2124, 0x3186, 0x4249, 0x4aed,
		0x4b0d, 0x39c7, 0x31a6, 0x2945, 0x2104, 0x2104, 0x2104, 0x2104, 0x2124, 0x2104, 0x18a2, 0x0020, 0x0000, 0x0020, 0x0020, 0x0020, 0x0020, 0x0020, 0x0020, 0x0020, 0x0020, 0x0020, 0x0020, 0x0020, 0x0020, 0x0020, 0x0020, 0x0020, 0x0020, 0x0020, 0x0020, 0x0020, 0x0020, 0x0020, 0x0020, 0x0020, 0x0020, 0x0020, 0x0020, 0x0020, 0x0020, 0x0020, 0x0020, 0x0020, 0x0020, 0x0020, 0x0020, 0x0020, 0x0020, 0x0020, 0x0020, 0x0020, 0x0020, 0x0020, 0x0020, 0x0020, 0x0020, 0x0020, 0x0020, 0x0020, 0x0020, 0x0020, 0x0020, 0x0020, 0x0020, 0x0020, 0x0020, 0x0000, 0x1061, 0x2104, 0x2124, 0x2104, 0x2104, 0x2104, 0x2104, 0x2124, 0x3165, 0x3186, 0x426a, 0x534f,
		0x534f, 0x428b, 0x4208, 0x39a6, 0x2124, 0x2104, 0x2104, 0x2104, 0x2104, 0x2124, 0x2104, 0x1082, 0x0000, 0x0000, 0x0000, 0x0000, 0x0000, 0x0000, 0x0000, 0x0000, 0x0000, 0x0000, 0x0000, 0x0000, 0x0000, 0x0000, 0x0000, 0x0000, 0x0000, 0x0000, 0x0000, 0x0000, 0x0000, 0x0000, 0x0000, 0x0000, 0x0000, 0x0000, 0x0000, 0x0000, 0x0000, 0x0000, 0x0000, 0x0000, 0x0000, 0x0000, 0x0000, 0x0000, 0x0000, 0x0000, 0x0000, 0x0000, 0x0000, 0x0000, 0x0000, 0x0000, 0x0000, 0x0000, 0x0000, 0x0000, 0x0000, 0x0000, 0x0000, 0x0000, 0x0000, 0x0000, 0x0000, 0x0841, 0x18e3, 0x2124, 0x2104, 0x2104, 0x2104, 0x2104, 0x2124, 0x2965, 0x39a6, 0x3a29, 0x4aed, 0x534f,
		0x534f, 0x536f, 0x428b, 0x39e7, 0x2965, 0x2104, 0x2104, 0x2124, 0x2104, 0x2124, 0x2124, 0x18c3, 0x0861, 0x0841, 0x0841, 0x0841, 0x0841, 0x0841, 0x0841, 0x0841, 0x0841, 0x0841, 0x0841, 0x0841, 0x0840, 0x0840, 0x0841, 0x0841, 0x0841, 0x0841, 0x0841, 0x0841, 0x0841, 0x0841, 0x0841, 0x0841, 0x0841, 0x0841, 0x0841, 0x0841, 0x0841, 0x0841, 0x0841, 0x0841, 0x0841, 0x0841, 0x0841, 0x0841, 0x0841, 0x0841, 0x0841, 0x0841, 0x0841, 0x0841, 0x0841, 0x0841, 0x0841, 0x0841, 0x0841, 0x0841, 0x0841, 0x0841, 0x0841, 0x0841, 0x0841, 0x0040, 0x0841, 0x10a2, 0x2124, 0x2124, 0x2104, 0x2104, 0x2104, 0x2104, 0x2945, 0x3186, 0x3a08, 0x4b0d, 0x5370, 0x532e,
		0x532e, 0x534f, 0x532e, 0x39e8, 0x3186, 0x2965, 0x2124, 0x2104, 0x2104, 0x2124, 0x2124, 0x2104, 0x18e3, 0x18e3, 0x18e3, 0x18e3, 0x18e3, 0x18e3, 0x18e3, 0x18e3, 0x18e3, 0x18e3, 0x18e3, 0x18e3, 0x18e3, 0x18e3, 0x18e3, 0x18e3, 0x18e3, 0x18e3, 0x18e3, 0x18e3, 0x18e3, 0x18e3, 0x18e3, 0x18e3, 0x18e3, 0x18e3, 0x18e3, 0x18e3, 0x18e3, 0x18e3, 0x18e3, 0x18e3, 0x18e3, 0x18e3, 0x18e3, 0x18e3, 0x18e3, 0x18e3, 0x18e3, 0x18e3, 0x18e3, 0x18e3, 0x18e3, 0x18e3, 0x18e3, 0x18e3, 0x18e3, 0x18e3, 0x18e3, 0x18e3, 0x18e3, 0x18e3, 0x18e3, 0x18e3, 0x18e3, 0x2104, 0x2124, 0x2124, 0x2124, 0x2104, 0x2104, 0x2945, 0x3186, 0x31c7, 0x4b0d, 0x536f, 0x534f, 0x532e,
		0x532e, 0x534f, 0x536f, 0x3a4a, 0x3186, 0x31a6, 0x2945, 0x2104, 0x2124, 0x2124, 0x2124, 0x2124, 0x2124, 0x2124, 0x2124, 0x2124, 0x2124, 0x2124, 0x2124, 0x2124, 0x2124, 0x2124, 0x2124, 0x2124, 0x2124, 0x2124, 0x2124, 0x2124, 0x2124, 0x2124, 0x2124, 0x2124, 0x2124, 0x2124, 0x2124, 0x2124, 0x2124, 0x2124, 0x2124, 0x2124, 0x2124, 0x2124, 0x2124, 0x2124, 0x2124, 0x2124, 0x2124, 0x2124, 0x2124, 0x2124, 0x2124, 0x2124, 0x2124, 0x2124, 0x2124, 0x2124, 0x2124, 0x2124, 0x2124, 0x2124, 0x2124, 0x2124, 0x2124, 0x2124, 0x2124, 0x2124, 0x2124, 0x2124, 0x2124, 0x2124, 0x2124, 0x2104, 0x2104, 0x2945, 0x39e8, 0x4aed, 0x534f, 0x534f, 0x532e, 0x532f,
		0x532f, 0x534f, 0x534f, 0x532e, 0x424a, 0x39c7, 0x3186, 0x2945, 0x2124, 0x2104, 0x2124, 0x2124, 0x2124, 0x2124, 0x2124, 0x2124, 0x2124, 0x2124, 0x2124, 0x2124, 0x2124, 0x2124, 0x2124, 0x2124, 0x2124, 0x2124, 0x2124, 0x2124, 0x2124, 0x2124, 0x2124, 0x2124, 0x2124, 0x2124, 0x2124, 0x2124, 0x2124, 0x2124, 0x2124, 0x2124, 0x2124, 0x2124, 0x2124, 0x2124, 0x2124, 0x2124, 0x2124, 0x2124, 0x2124, 0x2124, 0x2124, 0x2124, 0x2124, 0x2124, 0x2124, 0x2124, 0x2124, 0x2124, 0x2124, 0x2124, 0x2124, 0x2124, 0x2124, 0x2124, 0x2124, 0x2124, 0x2124, 0x2124, 0x2124, 0x2124, 0x2124, 0x2124, 0x2965, 0x31c7, 0x42ac, 0x5370, 0x534f, 0x532f, 0x532f, 0x534f,
		0x532f, 0x534f, 0x534f, 0x536f, 0x536f, 0x4229, 0x39c7, 0x3186, 0x2124, 0x2124, 0x2124, 0x2124, 0x2124, 0x2124, 0x2124, 0x2124, 0x2124, 0x2124, 0x2124, 0x2124, 0x2124, 0x2124, 0x2124, 0x2124, 0x2124, 0x2124, 0x2124, 0x2124, 0x2124, 0x2124, 0x2124, 0x2124, 0x2124, 0x2124, 0x2124, 0x2124, 0x2124, 0x2124, 0x2124, 0x2124, 0x2124, 0x2124, 0x2124, 0x2124, 0x2124, 0x2124, 0x2124, 0x2124, 0x2124, 0x2124, 0x2124, 0x2124, 0x2124, 0x2124, 0x2124, 0x2124, 0x2124, 0x2124, 0x2124, 0x2124, 0x2124, 0x2124, 0x2124, 0x2124, 0x2124, 0x2124, 0x2124, 0x2124, 0x2124, 0x2124, 0x2104, 0x2945, 0x31a6, 0x4aac, 0x5370, 0x534f, 0x532f, 0x532f, 0x534f, 0x534f,
		0x532f, 0x534f, 0x534f, 0x534f, 0x536f, 0x532e, 0x424a, 0x3165, 0x2945, 0x2945, 0x2945, 0x2945, 0x2965, 0x2945, 0x2945, 0x2965, 0x2965, 0x2945, 0x2945, 0x2945, 0x2965, 0x2945, 0x2945, 0x2945, 0x2965, 0x2965, 0x2945, 0x2945, 0x2945, 0x2945, 0x2945, 0x2945, 0x2945, 0x2945, 0x2965, 0x2965, 0x2965, 0x2945, 0x2945, 0x2945, 0x2945, 0x2945, 0x2945, 0x2965, 0x2965, 0x2965, 0x2945, 0x2945, 0x2945, 0x2945, 0x2945, 0x2945, 0x2965, 0x2965, 0x2965, 0x2965, 0x2965, 0x2965, 0x2965, 0x2965, 0x2965, 0x2965, 0x2965, 0x2945, 0x2945, 0x2965, 0x2945, 0x2945, 0x2945, 0x2945, 0x2945, 0x2945, 0x3165, 0x4acc, 0x5390, 0x532f, 0x532f, 0x532f, 0x532f, 0x534f
};
const uint16_t DISPLAY1[] = {
		0x4b0d, 0x4b0d, 0x4b0d, 0x4aed, 0x4b0d, 0x4b0d, 0x4b2e, 0x4acc, 0x31a6, 0x31a6, 0x39c7, 0x39c7, 0x39c7, 0x39c7, 0x39c7, 0x39e7, 0x39e7, 0x39c7, 0x39e7, 0x39e7, 0x39c7, 0x39c7, 0x39c7, 0x39c7, 0x39c7, 0x39c7, 0x39c7, 0x39c7, 0x39c7, 0x39e7, 0x39e7, 0x39c7, 0x39c7, 0x39e7, 0x39e7, 0x39c7, 0x39e7, 0x39e7, 0x39e7, 0x39c7, 0x39c7, 0x39c7, 0x39c7, 0x39e7, 0x39e7, 0x39e7, 0x39c7, 0x39c7, 0x39c7, 0x39c7, 0x39c7, 0x39c7, 0x39c7, 0x39c7, 0x39c7, 0x39c7, 0x39e7, 0x39e7, 0x39e7, 0x39e7, 0x39e7, 0x39e7, 0x39e7, 0x39c7, 0x39c7, 0x39c7, 0x39c7, 0x39c7, 0x39c6, 0x39a6, 0x31a6, 0x3186, 0x4acc, 0x4b2e, 0x4b0d, 0x4aed, 0x42ed, 0x42ed, 0x42ec, 0x42ec,
		0x4b0d, 0x4b0d, 0x4b0d, 0x4b0d, 0x4b0d, 0x4b2e, 0x42cc, 0x39c7, 0x31a6, 0x39c7, 0x39c7, 0x39e7, 0x39e7, 0x39e7, 0x39e7, 0x39e7, 0x39e7, 0x39e7, 0x39e7, 0x39e7, 0x39e7, 0x39e7, 0x39e7, 0x39e7, 0x39e7, 0x39e7, 0x39e7, 0x39e7, 0x39e7, 0x39e7, 0x39e7, 0x39e7, 0x39e7, 0x39e7, 0x39e7, 0x39e7, 0x39e7, 0x39e7, 0x39e7, 0x39e7, 0x39e7, 0x39e7, 0x39e7, 0x39e7, 0x39e7, 0x39e7, 0x39e7, 0x39e7, 0x39e7, 0x39e7, 0x39e7, 0x39e7, 0x39e7, 0x39e7, 0x39e7, 0x39e7, 0x39e7, 0x39e7, 0x39e7, 0x39e7, 0x39e7, 0x39e7, 0x39e7, 0x39e7, 0x39e7, 0x39e7, 0x39e7, 0x39c7, 0x39c7, 0x39c7, 0x31a6, 0x3186, 0x31a6, 0x42cc, 0x4b2e, 0x42ed, 0x42ed, 0x42ed, 0x42ec, 0x42ec,
		0x42ed, 0x4b0d, 0x4b0d, 0x4b0d, 0x4b2e, 0x42ec, 0x31e7, 0x3186, 0x31a6, 0x2124, 0x2124, 0x2924, 0x2124, 0x2944, 0x2944, 0x2944, 0x2124, 0x2944, 0x2944, 0x2945, 0x2945, 0x2945, 0x2124, 0x2924, 0x2124, 0x2124, 0x2124, 0x2124, 0x2944, 0x2944, 0x2945, 0x2944, 0x2124, 0x2124, 0x2124, 0x2124, 0x2924, 0x2944, 0x2124, 0x2924, 0x2124, 0x2124, 0x2124, 0x2124, 0x2124, 0x2924, 0x2124, 0x2124, 0x2124, 0x2944, 0x2944, 0x2124, 0x2924, 0x2945, 0x2944, 0x2944, 0x2924, 0x2944, 0x2924, 0x2924, 0x2944, 0x2944, 0x2944, 0x2944, 0x2924, 0x2944, 0x2945, 0x2944, 0x2124, 0x2124, 0x2124, 0x31a6, 0x2965, 0x31c7, 0x42cc, 0x4b0d, 0x42ed, 0x42ed, 0x42ec, 0x42cc,
		0x42ed, 0x430d, 0x4b0d, 0x4b0e, 0x42ec, 0x3a08, 0x3165, 0x31a6, 0x2945, 0x18c3, 0x10c2, 0x18a2, 0x18c2, 0x18c3, 0x18c3, 0x18c3, 0x18c3, 0x18c3, 0x18c3, 0x18c3, 0x18c3, 0x18c3, 0x18c2, 0x18c2, 0x18c3, 0x18c3, 0x18c2, 0x18c2, 0x18c3, 0x18c3, 0x18c3, 0x18c3, 0x18c3, 0x18c3, 0x18c3, 0x18c3, 0x18c3, 0x18c3, 0x18c3, 0x18c3, 0x18c3, 0x18c3, 0x18c3, 0x18c3, 0x18c3, 0x18c3, 0x18c3, 0x18c3, 0x18c3, 0x18c3, 0x18c2, 0x18c2, 0x18c3, 0x18c3, 0x18c3, 0x18c3, 0x18c3, 0x18c3, 0x18c3, 0x18c3, 0x18c3, 0x18c3, 0x18c3, 0x18c3, 0x18c3, 0x18c3, 0x18c3, 0x18c3, 0x18c3, 0x18c3, 0x18c3, 0x2945, 0x31a6, 0x3165, 0x31e8, 0x42ed, 0x42ed, 0x42ec, 0x42ed, 0x42cc,
		0x42ed, 0x430d, 0x4b0d, 0x4b2e, 0x426a, 0x3165, 0x39a6, 0x3186, 0x18c2, 0x18c3, 0x18c3, 0x18c3, 0x18c3, 0x18c3, 0x18c3, 0x18c3, 0x18c3, 0x18c3, 0x18c3, 0x18c3, 0x18c3, 0x18c3, 0x18c3, 0x18c3, 0x18c3, 0x18c3, 0x18c3, 0x18c3, 0x18c3, 0x18c3, 0x18c3, 0x18c3, 0x18c3, 0x18c3, 0x18e3, 0x18e3, 0x18c3, 0x18c3, 0x18e3, 0x18c3, 0x18c3, 0x18c3, 0x18c3, 0x18c3, 0x18c3, 0x18c3, 0x18c3, 0x18c3, 0x18c3, 0x18c3, 0x18c3, 0x18c3, 0x18c3, 0x18c3, 0x18c3, 0x18e3, 0x18e3, 0x18c3, 0x18e3, 0x18e3, 0x18c3, 0x18c3, 0x18e3, 0x18e3, 0x18e3, 0x18c3, 0x18c3, 0x18c3, 0x18c3, 0x18c3, 0x18c3, 0x18c3, 0x3185, 0x31a6, 0x3165, 0x428a, 0x42ed, 0x42ed, 0x42ed, 0x42cc,
		0x42ed, 0x42ed, 0x4b2e, 0x3a6a, 0x31a6, 0x31a6, 0x2965, 0x18e3, 0x18c3, 0x18c3, 0x18c3, 0x18c3, 0x18c3, 0x18c3, 0x18e3, 0x18e3, 0x18e3, 0x18e3, 0x18e3, 0x18e3, 0x18e3, 0x18e3, 0x18e3, 0x18e3, 0x18e3, 0x18e3, 0x18e3, 0x18e3, 0x18e3, 0x18e3, 0x18e3, 0x18e3, 0x18e3, 0x18e3, 0x18e3, 0x18e3, 0x18e3, 0x18e3, 0x18e3, 0x18e3, 0x18e3, 0x18e3, 0x18e3, 0x18e3, 0x18e3, 0x18e3, 0x18e3, 0x18e3, 0x18e3, 0x18e3, 0x18e3, 0x18e3, 0x18e3, 0x18e3, 0x18e3, 0x18e3, 0x18e3, 0x18e3, 0x18e3, 0x18e3, 0x18e3, 0x18e3, 0x18e3, 0x18e3, 0x18e3, 0x18e3, 0x18e3, 0x18e3, 0x18c3, 0x18c3, 0x18c3, 0x18c3, 0x18e3, 0x2965, 0x31a6, 0x3186, 0x3a6a, 0x4b2e, 0x42ed, 0x42ed,
		0x42ed, 0x4b0d, 0x4aed, 0x39e7, 0x3186, 0x3186, 0x18e3, 0x18c3, 0x18c3, 0x18c3, 0x18c3, 0x18c3, 0x10a2, 0x1082, 0x10a2, 0x10a2, 0x10a2, 0x1082, 0x10a2, 0x10a2, 0x10a2, 0x10a2, 0x10a2, 0x1082, 0x1082, 0x1082, 0x10a2, 0x10a2, 0x1082, 0x1082, 0x1082, 0x10a2, 0x10a2, 0x10a2, 0x10a2, 0x10a2, 0x10a2, 0x10a2, 0x10a2, 0x1082, 0x10a2, 0x1082, 0x10a2, 0x10a2, 0x10a2, 0x10a2, 0x10a2, 0x10a2, 0x10a2, 0x10a2, 0x10a2, 0x10a2, 0x10a2, 0x1082, 0x10a2, 0x10a2, 0x10a2, 0x10a2, 0x10a2, 0x10a2, 0x10a2, 0x10a2, 0x10a2, 0x10a2, 0x10a2, 0x10a2, 0x10a2, 0x10a2, 0x18e3, 0x18e3, 0x18c3, 0x18c3, 0x18c3, 0x20e3, 0x3186, 0x3185, 0x3a08, 0x4aed, 0x430d, 0x42ed,
		0x4b0d, 0x4b0d, 0x3a29, 0x3186, 0x3186, 0x2124, 0x10a2, 0x18c3, 0x18c3, 0x18c3, 0x18e3, 0x18e3, 0x0020, 0x0000, 0x0000, 0x0000, 0x0000, 0x0000, 0x0000, 0x0000, 0x0000, 0x0000, 0x0000, 0x0000, 0x0000, 0x0000, 0x0000, 0x0000, 0x0000, 0x0000, 0x0000, 0x0000, 0x0000, 0x0000, 0x0000, 0x0000, 0x0000, 0x0000, 0x0000, 0x0000, 0x0000, 0x0000, 0x0000, 0x0000, 0x0000, 0x0000, 0x0000, 0x0000, 0x0000, 0x0000, 0x0000, 0x0000, 0x0000, 0x0000, 0x0000, 0x0000, 0x0000, 0x0000, 0x0000, 0x0000, 0x0000, 0x0000, 0x0000, 0x0000, 0x0000, 0x0000, 0x0000, 0x0000, 0x18e3, 0x18e3, 0x18c3, 0x18c3, 0x18c3, 0x18c3, 0x2124, 0x3186, 0x3185, 0x3a29, 0x4b0d, 0x430d,
		0x4b2e, 0x426a, 0x3185, 0x39c7, 0x2945, 0x10a2, 0x18c3, 0x18c3, 0x18c3, 0x18e3, 0x18e3, 0x0841, 0x0000, 0x0000, 0x0000, 0x0000, 0x0000, 0x0000, 0x0000, 0x0000, 0x0000, 0x0000, 0x0000, 0x0000, 0x0000, 0x0000, 0x0000, 0x0000, 0x0000, 0x0000, 0x0000, 0x0000, 0x0000, 0x0000, 0x0000, 0x0000, 0x0000, 0x0000, 0x0000, 0x0000, 0x0000, 0x0000, 0x0000, 0x0000, 0x0000, 0x0000, 0x0000, 0x0000, 0x0000, 0x0000, 0x0000, 0x0000, 0x0000, 0x0000, 0x0000, 0x0000, 0x0000, 0x0000, 0x0000, 0x0000, 0x0000, 0x0000, 0x0000, 0x0000, 0x0000, 0x0000, 0x0000, 0x0000, 0x0020, 0x18e3, 0x18e3, 0x18c3, 0x18c3, 0x18c3, 0x10a2, 0x2945, 0x31a6, 0x3185, 0x428a, 0x4b0d,
		0x31c7, 0x39c7, 0x31a6, 0x2124, 0x18e3, 0x18c3, 0x18c3, 0x18c3, 0x18e3, 0x2103, 0x0861, 0x0000, 0x0000, 0x0000, 0x0000, 0x0000, 0x0000, 0x0000, 0x0000, 0x0000, 0x0000, 0x0000, 0x0000, 0x0000, 0x0000, 0x0000, 0x0000, 0x0000, 0x0000, 0x0000, 0x0000, 0x0000, 0x0000, 0x0000, 0x0000, 0x0000, 0x0000, 0x0000, 0x0000, 0x0000, 0x0000, 0x0000, 0x0000, 0x0000, 0x0000, 0x0000, 0x0000, 0x0000, 0x0000, 0x0000, 0x0000, 0x0000, 0x0000, 0x0000, 0x0000, 0x0000, 0x0000, 0x0000, 0x0000, 0x0000, 0x0000, 0x0000, 0x0000, 0x0000, 0x0000, 0x0000, 0x0000, 0x0000, 0x0000, 0x0841, 0x18e3, 0x18c3, 0x18c3, 0x18c3, 0x18c3, 0x18e3, 0x2924, 0x39a6, 0x39c7, 0x31c7,
		0x3186, 0x3186, 0x2965, 0x18c3, 0x18c3, 0x18c3, 0x18c3, 0x18e3, 0x18e3, 0x18c3, 0x0000, 0x0000, 0x0000, 0x0000, 0x0000, 0x0000, 0x0000, 0x0000, 0x0000, 0x0000, 0x0000, 0x0000, 0x0000, 0x0000, 0x0000, 0x0000, 0x0000, 0x0000, 0x0000, 0x0000, 0x0000, 0x0000, 0x0000, 0x0000, 0x0000, 0x0000, 0x0000, 0x0000, 0x0000, 0x0000, 0x0000, 0x0000, 0x0000, 0x0000, 0x0000, 0x0000, 0x0000, 0x0000, 0x0000, 0x0000, 0x0000, 0x0000, 0x0000, 0x0000, 0x0000, 0x0000, 0x0000, 0x0000, 0x0000, 0x0000, 0x0000, 0x0000, 0x0000, 0x0000, 0x0000, 0x0000, 0x0000, 0x0000, 0x0000, 0x0000, 0x0861, 0x18c3, 0x18c3, 0x18c3, 0x18c3, 0x18c3, 0x18e3, 0x3165, 0x3186, 0x3186,
		0x31a6, 0x2945, 0x18e3, 0x18c3, 0x18c3, 0x18c3, 0x18c3, 0x18e3, 0x18c3, 0x0020, 0x0000, 0x0000, 0x0000, 0x0000, 0x0000, 0x0000, 0x0000, 0x0000, 0x0000, 0x0000, 0x0000, 0x0000, 0x0000, 0x0000, 0x0000, 0x0000, 0x0000, 0x0000, 0x0000, 0x0000, 0x0000, 0x0000, 0x0000, 0x0000, 0x0000, 0x0000, 0x0000, 0x0000, 0x0000, 0x0000, 0x0000, 0x0000, 0x0000, 0x0000, 0x0000, 0x0000, 0x0000, 0x0000, 0x0000, 0x0000, 0x0000, 0x0000, 0x0000, 0x0000, 0x0000, 0x0000, 0x0000, 0x0000, 0x0000, 0x0000, 0x0000, 0x0000, 0x0000, 0x0000, 0x0000, 0x0000, 0x0000, 0x0000, 0x0000, 0x0000, 0x0000, 0x18c3, 0x18e3, 0x18c3, 0x18c3, 0x18c3, 0x18c3, 0x18e3, 0x2965, 0x39a6,
		0x39c6, 0x2945, 0x10a2, 0x18c3, 0x18c3, 0x18c3, 0x18e3, 0x18e3, 0x0841, 0x0000, 0x0000, 0x0000, 0x0000, 0x0000, 0x0000, 0x0000, 0x0000, 0x0000, 0x0000, 0x0000, 0x0000, 0x0000, 0x0000, 0x0000, 0x0000, 0x0000, 0x0000, 0x0000, 0x0000, 0x0000, 0x0000, 0x0000, 0x0000, 0x0000, 0x0000, 0x0000, 0x0000, 0x0000, 0x0000, 0x0000, 0x0000, 0x0000, 0x0000, 0x0000, 0x0000, 0x0000, 0x0000, 0x0000, 0x0000, 0x0000, 0x0000, 0x0000, 0x0000, 0x0000, 0x0000, 0x0000, 0x0000, 0x0000, 0x0000, 0x0000, 0x0000, 0x0000, 0x0000, 0x0000, 0x0000, 0x0000, 0x0000, 0x0000, 0x0000, 0x0000, 0x0000, 0x0841, 0x18c3, 0x18e3, 0x18c3, 0x18c3, 0x18c3, 0x18c2, 0x2965, 0x31a6,
		0x39c7, 0x2945, 0x18c2, 0x18c3, 0x18c3, 0x18e3, 0x18e3, 0x0861, 0x0000, 0x0000, 0x0000, 0x0000, 0x0000, 0x0000, 0x0000, 0x0000, 0x0000, 0x0000, 0x0000, 0x0000, 0x0000, 0x0000, 0x0000, 0x0000, 0x0000, 0x0000, 0x0000, 0x0000, 0x0000, 0x0000, 0x0000, 0x0000, 0x0000, 0x0000, 0x0000, 0x0000, 0x0000, 0x0000, 0x0000, 0x0000, 0x0000, 0x0000, 0x0000, 0x0000, 0x0000, 0x0000, 0x0000, 0x0000, 0x0000, 0x0000, 0x0000, 0x0000, 0x0000, 0x0000, 0x0000, 0x0000, 0x0000, 0x0000, 0x0000, 0x0000, 0x0000, 0x0000, 0x0000, 0x0000, 0x0000, 0x0000, 0x0000, 0x0000, 0x0000, 0x0000, 0x0000, 0x0000, 0x0861, 0x18c3, 0x18e3, 0x18c3, 0x18c3, 0x18c3, 0x2965, 0x31a6,
		0x39c7, 0x2945, 0x10a2, 0x18c3, 0x18c3, 0x18e3, 0x1082, 0x0000, 0x0000, 0x0000, 0x0000, 0x0000, 0x0000, 0x0000, 0x0000, 0x0000, 0x0000, 0x0000, 0x0000, 0x0000, 0x0000, 0x0000, 0x0000, 0x0000, 0x0000, 0x0000, 0x0000, 0x0000, 0x0000, 0x0000, 0x0000, 0x0000, 0x0000, 0x0000, 0x0000, 0x0000, 0x0000, 0x0000, 0x0000, 0x0000, 0x0000, 0x0000, 0x0000, 0x0000, 0x0000, 0x0000, 0x0000, 0x0000, 0x0000, 0x0000, 0x0000, 0x0000, 0x0000, 0x0000, 0x0000, 0x0000, 0x0000, 0x0000, 0x0000, 0x0000, 0x0000, 0x0000, 0x0000, 0x0000, 0x0000, 0x0000, 0x0000, 0x0000, 0x0000, 0x0000, 0x0000, 0x0000, 0x0000, 0x1082, 0x18c3, 0x18c3, 0x18c3, 0x18c3, 0x2965, 0x31a6,
		0x39c7, 0x2945, 0x18c2, 0x18c3, 0x18e3, 0x1082, 0x0000, 0x0000, 0x0000, 0x0000, 0x0000, 0x0000, 0x0000, 0x0000, 0x0000, 0x0000, 0x0000, 0x0000, 0x0000, 0x0000, 0x0000, 0x0000, 0x0000, 0x0000, 0x0000, 0x0000, 0x0000, 0x0000, 0x0000, 0x0000, 0x0000, 0x0000, 0x0000, 0x0000, 0x0000, 0x0000, 0x0000, 0x0000, 0x0000, 0x0000, 0x0000, 0x0000, 0x0000, 0x0000, 0x0000, 0x0000, 0x0000, 0x0000, 0x0000, 0x0000, 0x0000, 0x0000, 0x0000, 0x0000, 0x0000, 0x0000, 0x0000, 0x0000, 0x0000, 0x0000, 0x0000, 0x0000, 0x0000, 0x0000, 0x0000, 0x0000, 0x0000, 0x0000, 0x0000, 0x0000, 0x0000, 0x0000, 0x0000, 0x0000, 0x1082, 0x18e3, 0x18c3, 0x18c3, 0x2945, 0x31a6,
		0x39c7, 0x2945, 0x18c2, 0x18c3, 0x18e3, 0x1082, 0x0000, 0x0000, 0x0000, 0x0000, 0x0000, 0x0000, 0x0000, 0x0000, 0x0000, 0x0000, 0x0000, 0x0000, 0x0000, 0x0000, 0x0000, 0x0000, 0x0000, 0x0000, 0x0000, 0x0000, 0x0000, 0x0000, 0x0000, 0x0000, 0x0000, 0x0000, 0x0000, 0x0000, 0x0000, 0x0000, 0x0000, 0x0000, 0x0000, 0x0000, 0x0000, 0x0000, 0x0000, 0x0000, 0x0000, 0x0000, 0x0000, 0x0000, 0x0000, 0x0000, 0x0000, 0x0000, 0x0000, 0x0000, 0x0000, 0x0000, 0x0000, 0x0000, 0x0000, 0x0000, 0x0000, 0x0000, 0x0000, 0x0000, 0x0000, 0x0000, 0x0000, 0x0000, 0x0000, 0x0000, 0x0000, 0x0000, 0x0000, 0x0000, 0x1082, 0x18e3, 0x18c3, 0x18c3, 0x2945, 0x31a6,
		0x39c7, 0x2945, 0x10a2, 0x18c3, 0x18e3, 0x1082, 0x0000, 0x0000, 0x0000, 0x0000, 0x0000, 0x0000, 0x0000, 0x0000, 0x0000, 0x0000, 0x0000, 0x0000, 0x0000, 0x0000, 0x0000, 0x0000, 0x0000, 0x0000, 0x0000, 0x0000, 0x0000, 0x0000, 0x0000, 0x0000, 0x0000, 0x0000, 0x0000, 0x0000, 0x0000, 0x0000, 0x0000, 0x0000, 0x0000, 0x0000, 0x0000, 0x0000, 0x0000, 0x0000, 0x0000, 0x0000, 0x0000, 0x0000, 0x0000, 0x0000, 0x0000, 0x0000, 0x0000, 0x0000, 0x0000, 0x0000, 0x0000, 0x0000, 0x0000, 0x0000, 0x0000, 0x0000, 0x0000, 0x0000, 0x0000, 0x0000, 0x0000, 0x0000, 0x0000, 0x0000, 0x0000, 0x0000, 0x0000, 0x0000, 0x1082, 0x18e3, 0x18c3, 0x18c3, 0x2965, 0x31a6,
		0x39c7, 0x2945, 0x10a2, 0x18c3, 0x18e3, 0x1082, 0x0000, 0x0000, 0x0000, 0x0000, 0x0000, 0x0000, 0x0000, 0x0000, 0x0000, 0x0000, 0x0000, 0x0000, 0x0000, 0x0000, 0x0000, 0x0000, 0x0000, 0x0000, 0x0000, 0x0000, 0x0000, 0x0000, 0x0000, 0x0000, 0x0000, 0x0000, 0x0000, 0x0000, 0x0000, 0x0000, 0x0000, 0x0000, 0x0000, 0x0000, 0x0000, 0x0000, 0x0000, 0x0000, 0x0000, 0x0000, 0x0000, 0x0000, 0x0000, 0x0000, 0x0000, 0x0000, 0x0000, 0x0000, 0x0000, 0x0000, 0x0000, 0x0000, 0x0000, 0x0000, 0x0000, 0x0000, 0x0000, 0x0000, 0x0000, 0x0000, 0x0000, 0x0000, 0x0000, 0x0000, 0x0000, 0x0000, 0x0000, 0x0000, 0x1082, 0x18e3, 0x18c3, 0x18c3, 0x2965, 0x39c6,
		0x39c7, 0x2945, 0x10a2, 0x18c3, 0x18e3, 0x1082, 0x0000, 0x0000, 0x0000, 0x0000, 0x0000, 0x0000, 0x0000, 0x0000, 0x0000, 0x0000, 0x0000, 0x0000, 0x0000, 0x0000, 0x0000, 0x0000, 0x0000, 0x0000, 0x0000, 0x0000, 0x0000, 0x0000, 0x0000, 0x0000, 0x0000, 0x0000, 0x0000, 0x0000, 0x0000, 0x0000, 0x0000, 0x0000, 0x0000, 0x0000, 0x0000, 0x0000, 0x0000, 0x0000, 0x0000, 0x0000, 0x0000, 0x0000, 0x0000, 0x0000, 0x0000, 0x0000, 0x0000, 0x0000, 0x0000, 0x0000, 0x0000, 0x0000, 0x0000, 0x0000, 0x0000, 0x0000, 0x0000, 0x0000, 0x0000, 0x0000, 0x0000, 0x0000, 0x0000, 0x0000, 0x0000, 0x0000, 0x0000, 0x0000, 0x1082, 0x18e3, 0x18c3, 0x18c3, 0x2965, 0x39c7,
		0x39c7, 0x2945, 0x10a2, 0x18c3, 0x18e3, 0x1082, 0x0000, 0x0000, 0x0000, 0x0000, 0x0000, 0x0000, 0x0000, 0x0000, 0x0000, 0x0000, 0x0000, 0x0000, 0x0000, 0x0000, 0x0000, 0x0000, 0x0000, 0x0000, 0x0000, 0x0000, 0x0000, 0x0000, 0x0000, 0x0000, 0x0000, 0x0000, 0x0000, 0x0000, 0x0000, 0x0000, 0x0000, 0x0000, 0x0000, 0x0000, 0x0000, 0x0000, 0x0000, 0x0000, 0x0000, 0x0000, 0x0000, 0x0000, 0x0000, 0x0000, 0x0000, 0x0000, 0x0000, 0x0000, 0x0000, 0x0000, 0x0000, 0x0000, 0x0800, 0x0800, 0x0800, 0x0000, 0x0000, 0x0000, 0x0000, 0x0000, 0x0000, 0x0000, 0x0000, 0x0000, 0x0000, 0x0000, 0x0000, 0x0000, 0x1082, 0x18e3, 0x18c3, 0x18c3, 0x2965, 0x39c7,
		0x39c7, 0x2945, 0x10a2, 0x18c3, 0x18e3, 0x1082, 0x0000, 0x0000, 0x0000, 0x0000, 0x0000, 0x0000, 0x0000, 0x0000, 0x0000, 0x0000, 0x0000, 0x0000, 0x0000, 0x0000, 0x0000, 0x0000, 0x0000, 0x0000, 0x0000, 0x0000, 0x0000, 0x0000, 0x0000, 0x0000, 0x0000, 0x0000, 0x0000, 0x0000, 0x0000, 0x0000, 0x0000, 0x0000, 0x0000, 0x0000, 0x0000, 0x0000, 0x0000, 0x0000, 0x0000, 0x0000, 0x0000, 0x0000, 0x0000, 0x0000, 0x0000, 0x0000, 0x0000, 0x0000, 0x0000, 0x0000, 0x0800, 0x1000, 0x2800, 0x2800, 0x2000, 0x1000, 0x0800, 0x0000, 0x0000, 0x0000, 0x0000, 0x0000, 0x0000, 0x0000, 0x0000, 0x0000, 0x0000, 0x0000, 0x1082, 0x18c3, 0x18c3, 0x18c3, 0x2965, 0x39c7,
		0x39e7, 0x2945, 0x10a2, 0x18c3, 0x18e3, 0x1082, 0x0000, 0x0000, 0x0000, 0x0000, 0x0000, 0x0000, 0x0000, 0x0000, 0x0000, 0x0000, 0x0000, 0x0000, 0x0000, 0x0000, 0x0000, 0x0000, 0x0000, 0x0000, 0x0000, 0x0000, 0x0000, 0x0000, 0x0000, 0x0000, 0x0000, 0x0000, 0x0000, 0x0000, 0x0000, 0x0000, 0x0000, 0x0000, 0x0000, 0x0000, 0x0000, 0x0000, 0x0000, 0x0000, 0x0000, 0x0000, 0x0000, 0x0000, 0x0000, 0x0000, 0x0000, 0x0000, 0x0000, 0x0000, 0x0000, 0x0800, 0x1000, 0x2800, 0x5000, 0x7800, 0x5000, 0x1000, 0x0800, 0x0000, 0x0000, 0x0000, 0x0000, 0x0000, 0x0000, 0x0000, 0x0000, 0x0000, 0x0000, 0x0000, 0x1082, 0x18c3, 0x18c3, 0x18c3, 0x2965, 0x39c7,
		0x39c7, 0x2945, 0x10a2, 0x18c3, 0x18e3, 0x1082, 0x0000, 0x0000, 0x0000, 0x0000, 0x0000, 0x0000, 0x0000, 0x0000, 0x0000, 0x0000, 0x0000, 0x0000, 0x0000, 0x0000, 0x0000, 0x0000, 0x0000, 0x0000, 0x0000, 0x0000, 0x0000, 0x0000, 0x0000, 0x0000, 0x0000, 0x0000, 0x0000, 0x0000, 0x0000, 0x0000, 0x0000, 0x0000, 0x0000, 0x0000, 0x0000, 0x0000, 0x0000, 0x0000, 0x0000, 0x0000, 0x0000, 0x0000, 0x0000, 0x0000, 0x0000, 0x0000, 0x0000, 0x0000, 0x0800, 0x1000, 0x1800, 0x2800, 0x7800, 0xf842, 0xa021, 0x1000, 0x1800, 0x0800, 0x0000, 0x0000, 0x0000, 0x0000, 0x0000, 0x0000, 0x0000, 0x0000, 0x0000, 0x0000, 0x1082, 0x18c3, 0x18c3, 0x18c3, 0x2965, 0x31a6,
		0x39c7, 0x2944, 0x10a2, 0x18c3, 0x18e3, 0x1082, 0x0000, 0x0000, 0x0000, 0x0000, 0x0000, 0x0000, 0x0000, 0x0000, 0x0000, 0x0000, 0x0000, 0x0000, 0x0000, 0x0000, 0x0000, 0x0000, 0x0000, 0x0000, 0x0000, 0x0000, 0x0000, 0x0000, 0x0000, 0x0000, 0x0000, 0x0000, 0x0000, 0x0000, 0x0000, 0x0000, 0x0000, 0x0000, 0x0000, 0x0000, 0x0000, 0x0000, 0x0000, 0x0000, 0x0000, 0x0000, 0x0000, 0x0000, 0x0000, 0x0000, 0x0000, 0x0000, 0x0000, 0x0800, 0x1000, 0x1800, 0x5800, 0xa821, 0xd821, 0xf821, 0xe021, 0x7000, 0x1000, 0x0800, 0x0800, 0x0000, 0x0000, 0x0000, 0x0000, 0x0000, 0x0000, 0x0000, 0x0000, 0x0000, 0x1082, 0x18e3, 0x18c3, 0x18c3, 0x2965, 0x31a6,
		0x39c7, 0x2945, 0x10a2, 0x18c3, 0x18c3, 0x1082, 0x0000, 0x0000, 0x0000, 0x0000, 0x0000, 0x0000, 0x0000, 0x0000, 0x0000, 0x0000, 0x0000, 0x0000, 0x0000, 0x0000, 0x0000, 0x0000, 0x0000, 0x0000, 0x0000, 0x0000, 0x0000, 0x0000, 0x0000, 0x0000, 0x0000, 0x0000, 0x0000, 0x0000, 0x0000, 0x0000, 0x0000, 0x0000, 0x0000, 0x0000, 0x0000, 0x0000, 0x0000, 0x0000, 0x0000, 0x0000, 0x0000, 0x0000, 0x0000, 0x0000, 0x0000, 0x0000, 0x0000, 0x1000, 0x1800, 0x3000, 0xc841, 0xf862, 0xf821, 0xf800, 0xf821, 0xc021, 0x3000, 0x1000, 0x0800, 0x0000, 0x0000, 0x0000, 0x0000, 0x0000, 0x0000, 0x0000, 0x0000, 0x0000, 0x1082, 0x18c3, 0x18c3, 0x18c3, 0x2965, 0x39c7,
		0x39c7, 0x2945, 0x10a2, 0x18c3, 0x18c3, 0x1082, 0x0000, 0x0000, 0x0000, 0x0000, 0x0000, 0x0000, 0x0000, 0x0000, 0x0000, 0x0000, 0x0000, 0x0000, 0x0000, 0x0000, 0x0000, 0x0000, 0x0000, 0x0000, 0x0000, 0x0000, 0x0000, 0x0000, 0x0000, 0x0000, 0x0000, 0x0000, 0x0000, 0x0000, 0x0000, 0x0000, 0x0000, 0x0000, 0x0000, 0x0000, 0x0000, 0x0000, 0x0000, 0x0000, 0x0000, 0x0000, 0x0000, 0x0000, 0x0000, 0x0000, 0x0000, 0x0000, 0x0800, 0x1800, 0x1800, 0x8000, 0xf841, 0xf821, 0xf800, 0xf800, 0xf800, 0xf821, 0xb821, 0x1800, 0x0800, 0x0000, 0x0000, 0x0000, 0x0000, 0x0000, 0x0000, 0x0000, 0x0000, 0x0000, 0x1082, 0x18c3, 0x18c3, 0x18c3, 0x2965, 0x39c7,
		0x39c7, 0x2945, 0x10a2, 0x18c3, 0x18e3, 0x1082, 0x0000, 0x0000, 0x0000, 0x0000, 0x0000, 0x0000, 0x0000, 0x0000, 0x0000, 0x0000, 0x0000, 0x0000, 0x0000, 0x0000, 0x0000, 0x0000, 0x0000, 0x0000, 0x0000, 0x0000, 0x0000, 0x0000, 0x0000, 0x0000, 0x0000, 0x0000, 0x0000, 0x0000, 0x0000, 0x0000, 0x0000, 0x0000, 0x0000, 0x0000, 0x0000, 0x0000, 0x0000, 0x0000, 0x0000, 0x0000, 0x0000, 0x0000, 0x0000, 0x0000, 0x0000, 0x0000, 0x1000, 0x2000, 0x7000, 0xd821, 0xf821, 0xf800, 0xf800, 0xf800, 0xf800, 0xf800, 0xc000, 0x1800, 0x1000, 0x0800, 0x0000, 0x0000, 0x0000, 0x0000, 0x0000, 0x0000, 0x0000, 0x0000, 0x1082, 0x18e3, 0x18c3, 0x18c3, 0x2965, 0x39c7,
		0x39e7, 0x2945, 0x10a2, 0x18c3, 0x18e3, 0x1082, 0x0000, 0x0000, 0x0000, 0x0000, 0x0000, 0x0000, 0x0000, 0x0000, 0x0000, 0x0000, 0x0000, 0x0000, 0x0000, 0x0000, 0x0000, 0x0000, 0x0000, 0x0000, 0x0000, 0x0000, 0x0000, 0x0000, 0x0000, 0x0000, 0x0000, 0x0000, 0x0000, 0x0000, 0x0000, 0x0000, 0x0000, 0x0000, 0x0000, 0x0000, 0x0000, 0x0000, 0x0000, 0x0000, 0x0000, 0x0000, 0x0000, 0x0000, 0x0000, 0x0000, 0x0000, 0x0800, 0x1000, 0x1800, 0xc821, 0xf821, 0xf800, 0xf800, 0xf800, 0xf800, 0xf800, 0xf800, 0xb800, 0x1800, 0x1000, 0x0800, 0x0000, 0x0000, 0x0000, 0x0000, 0x0000, 0x0000, 0x0000, 0x0000, 0x1082, 0x18e3, 0x18c3, 0x18c3, 0x2965, 0x39c7,
		0x39e7, 0x2945, 0x10a2, 0x18c3, 0x18e3, 0x1082, 0x0000, 0x0000, 0x0000, 0x0000, 0x0000, 0x0000, 0x0000, 0x0000, 0x0000, 0x0000, 0x0000, 0x0000, 0x0000, 0x0000, 0x0000, 0x0000, 0x0000, 0x0000, 0x0000, 0x0000, 0x0000, 0x0000, 0x0000, 0x0000, 0x0000, 0x0000, 0x0000, 0x0000, 0x0000, 0x0000, 0x0000, 0x0000, 0x0000, 0x0000, 0x0000, 0x0000, 0x0000, 0x0000, 0x0000, 0x0000, 0x0000, 0x0000, 0x0000, 0x0000, 0x0000, 0x0800, 0x1000, 0x1800, 0xc021, 0xf800, 0xf800, 0xf800, 0xf800, 0xf800, 0xf800, 0xf800, 0xb800, 0x1800, 0x1000, 0x0800, 0x0000, 0x0000, 0x0000, 0x0000, 0x0000, 0x0000, 0x0000, 0x0000, 0x1082, 0x18e3, 0x18c3, 0x18c3, 0x2965, 0x39c7,
		0x39e7, 0x2945, 0x10a2, 0x18c3, 0x18e3, 0x1082, 0x0000, 0x0000, 0x0000, 0x0000, 0x0000, 0x0000, 0x0000, 0x0000, 0x0000, 0x0000, 0x0000, 0x0000, 0x0000, 0x0000, 0x0000, 0x0000, 0x0000, 0x0000, 0x0000, 0x0000, 0x0000, 0x0000, 0x0000, 0x0000, 0x0000, 0x0000, 0x0000, 0x0000, 0x0000, 0x0000, 0x0000, 0x0000, 0x0000, 0x0000, 0x0000, 0x0000, 0x0000, 0x0000, 0x0000, 0x0000, 0x0000, 0x0000, 0x0000, 0x0000, 0x0000, 0x0800, 0x1000, 0x1800, 0xc020, 0xf800, 0xf800, 0xf800, 0xf800, 0xf800, 0xf800, 0xf800, 0xb800, 0x1800, 0x1000, 0x0800, 0x0000, 0x0000, 0x0000, 0x0000, 0x0000, 0x0000, 0x0000, 0x0000, 0x1082, 0x18e3, 0x18c3, 0x18c3, 0x2965, 0x39c6,
		0x39e7, 0x2945, 0x10a2, 0x18c3, 0x18e3, 0x1082, 0x0000, 0x0000, 0x0000, 0x0000, 0x0000, 0x0000, 0x0000, 0x0000, 0x0000, 0x0000, 0x0000, 0x0000, 0x0000, 0x0000, 0x0000, 0x0000, 0x0000, 0x0000, 0x0000, 0x0000, 0x0000, 0x0000, 0x0000, 0x0000, 0x0000, 0x0000, 0x0000, 0x0000, 0x0000, 0x0000, 0x0000, 0x0000, 0x0000, 0x0000, 0x0000, 0x0000, 0x0000, 0x0000, 0x0000, 0x0000, 0x0000, 0x0000, 0x0000, 0x0000, 0x0000, 0x0800, 0x1800, 0x1800, 0xb821, 0xf821, 0xf800, 0xf800, 0xf800, 0xf800, 0xf800, 0xf800, 0xb800, 0x1800, 0x1000, 0x0800, 0x0000, 0x0000, 0x0000, 0x0000, 0x0000, 0x0000, 0x0000, 0x0000, 0x1082, 0x18e3, 0x18c3, 0x18c3, 0x2965, 0x31a6,
		0x39c7, 0x2945, 0x10a2, 0x18c3, 0x18e3, 0x1082, 0x0000, 0x0000, 0x0000, 0x0000, 0x0000, 0x0000, 0x0000, 0x0000, 0x0000, 0x0000, 0x0000, 0x0000, 0x0000, 0x0000, 0x0000, 0x0000, 0x0000, 0x0000, 0x0000, 0x0000, 0x0000, 0x0000, 0x0000, 0x0000, 0x0000, 0x0000, 0x0000, 0x0000, 0x0000, 0x0000, 0x0000, 0x0000, 0x0000, 0x0000, 0x0000, 0x0000, 0x0000, 0x0000, 0x0000, 0x0000, 0x0000, 0x0000, 0x0000, 0x0000, 0x0000, 0x0800, 0x1800, 0x1800, 0xc041, 0xf821, 0xf800, 0xf800, 0xf800, 0xf800, 0xf800, 0xf800, 0xb800, 0x1000, 0x1000, 0x0800, 0x0000, 0x0000, 0x0000, 0x0000, 0x0000, 0x0000, 0x0000, 0x0000, 0x1082, 0x18e3, 0x18c3, 0x18c3, 0x2965, 0x39c6,
		0x39c7, 0x2945, 0x10a2, 0x18c3, 0x18e3, 0x1082, 0x0000, 0x0000, 0x0000, 0x0000, 0x0000, 0x0000, 0x0000, 0x0000, 0x0000, 0x0000, 0x0000, 0x0000, 0x0000, 0x0000, 0x0000, 0x0000, 0x0000, 0x0000, 0x0000, 0x0000, 0x0000, 0x0000, 0x0000, 0x0000, 0x0000, 0x0000, 0x0000, 0x0000, 0x0000, 0x0000, 0x0000, 0x0000, 0x0000, 0x0000, 0x0000, 0x0000, 0x0000, 0x0000, 0x0000, 0x0000, 0x0000, 0x0000, 0x0000, 0x0000, 0x0000, 0x0800, 0x1800, 0x1800, 0xc021, 0xf821, 0xf800, 0xf800, 0xf800, 0xf800, 0xf800, 0xf800, 0xb800, 0x1800, 0x1000, 0x0800, 0x0000, 0x0000, 0x0000, 0x0000, 0x0000, 0x0000, 0x0000, 0x0000, 0x1082, 0x18e3, 0x18c3, 0x18c3, 0x2965, 0x39c6,
		0x39c7, 0x2945, 0x18c3, 0x18c3, 0x18e3, 0x1082, 0x0000, 0x0000, 0x0000, 0x0000, 0x0000, 0x0000, 0x0000, 0x0000, 0x0000, 0x0000, 0x0000, 0x0000, 0x0000, 0x0000, 0x0000, 0x0000, 0x0000, 0x0000, 0x0000, 0x0000, 0x0000, 0x0000, 0x0000, 0x0000, 0x0000, 0x0000, 0x0000, 0x0000, 0x0000, 0x0000, 0x0000, 0x0000, 0x0000, 0x0000, 0x0000, 0x0000, 0x0000, 0x0000, 0x0000, 0x0000, 0x0000, 0x0000, 0x0000, 0x0000, 0x0000, 0x0800, 0x1800, 0x1800, 0xc021, 0xf821, 0xf800, 0xf800, 0xf800, 0xf800, 0xf800, 0xf800, 0xb800, 0x1800, 0x1000, 0x0800, 0x0000, 0x0000, 0x0000, 0x0000, 0x0000, 0x0000, 0x0000, 0x0000, 0x1082, 0x18e3, 0x18c3, 0x18c3, 0x2965, 0x39c7,
		0x39c7, 0x2945, 0x18c3, 0x18c3, 0x18e3, 0x1082, 0x0000, 0x0000, 0x0000, 0x0000, 0x0000, 0x0000, 0x0000, 0x0000, 0x0000, 0x0000, 0x0000, 0x0000, 0x0000, 0x0000, 0x0000, 0x0000, 0x0000, 0x0000, 0x0000, 0x0000, 0x0000, 0x0000, 0x0000, 0x0000, 0x0000, 0x0000, 0x0000, 0x0000, 0x0000, 0x0000, 0x0000, 0x0000, 0x0000, 0x0000, 0x0000, 0x0000, 0x0000, 0x0000, 0x0000, 0x0000, 0x0000, 0x0000, 0x0000, 0x0000, 0x0000, 0x0800, 0x1800, 0x1800, 0xc021, 0xf800, 0xf800, 0xf800, 0xf800, 0xf800, 0xf800, 0xf800, 0xb800, 0x1000, 0x1000, 0x0800, 0x0000, 0x0000, 0x0000, 0x0000, 0x0000, 0x0000, 0x0000, 0x0000, 0x1082, 0x18e3, 0x18c3, 0x18c3, 0x2965, 0x39c7,
		0x39c7, 0x2945, 0x18c2, 0x18c3, 0x18e3, 0x1082, 0x0000, 0x0000, 0x0000, 0x0000, 0x0000, 0x0000, 0x0000, 0x0000, 0x0000, 0x0000, 0x0000, 0x0000, 0x0000, 0x0000, 0x0000, 0x0000, 0x0000, 0x0000, 0x0000, 0x0000, 0x0000, 0x0000, 0x0000, 0x0000, 0x0000, 0x0000, 0x0000, 0x0000, 0x0000, 0x0000, 0x0000, 0x0000, 0x0000, 0x0000, 0x0000, 0x0000, 0x0000, 0x0000, 0x0000, 0x0000, 0x0000, 0x0000, 0x0000, 0x0000, 0x0000, 0x0800, 0x1800, 0x1800, 0xc021, 0xf800, 0xf800, 0xf800, 0xf800, 0xf800, 0xf800, 0xf800, 0xb800, 0x1000, 0x1000, 0x0800, 0x0000, 0x0000, 0x0000, 0x0000, 0x0000, 0x0000, 0x0000, 0x0000, 0x1082, 0x18e3, 0x18c3, 0x18c3, 0x2965, 0x39c7,
		0x39c7, 0x2945, 0x10a2, 0x18c3, 0x18e3, 0x1082, 0x0000, 0x0000, 0x0000, 0x0000, 0x0000, 0x0000, 0x0000, 0x0000, 0x0000, 0x0000, 0x0000, 0x0000, 0x0000, 0x0000, 0x0000, 0x0000, 0x0000, 0x0000, 0x0000, 0x0000, 0x0000, 0x0000, 0x0000, 0x0000, 0x0000, 0x0000, 0x0000, 0x0000, 0x0000, 0x0000, 0x0000, 0x0000, 0x0000, 0x0000, 0x0000, 0x0000, 0x0000, 0x0000, 0x0000, 0x0000, 0x0000, 0x0000, 0x0000, 0x0000, 0x0000, 0x0800, 0x1800, 0x1800, 0xc021, 0xf821, 0xf800, 0xf800, 0xf800, 0xf800, 0xf800, 0xf800, 0xb800, 0x1000, 0x1000, 0x0800, 0x0000, 0x0000, 0x0000, 0x0000, 0x0000, 0x0000, 0x0000, 0x0000, 0x1082, 0x18c3, 0x18c3, 0x18c3, 0x2965, 0x39c7,
		0x39c7, 0x2945, 0x10a2, 0x18c3, 0x18e3, 0x1082, 0x0000, 0x0000, 0x0000, 0x0000, 0x0000, 0x0000, 0x0000, 0x0000, 0x0000, 0x0000, 0x0000, 0x0000, 0x0000, 0x0000, 0x0000, 0x0000, 0x0000, 0x0000, 0x0000, 0x0000, 0x0000, 0x0000, 0x0000, 0x0000, 0x0000, 0x0000, 0x0000, 0x0000, 0x0000, 0x0000, 0x0000, 0x0000, 0x0000, 0x0000, 0x0000, 0x0000, 0x0000, 0x0000, 0x0000, 0x0000, 0x0000, 0x0000, 0x0000, 0x0000, 0x0000, 0x0800, 0x1800, 0x1000, 0xc021, 0xf820, 0xf800, 0xf800, 0xf800, 0xf800, 0xf800, 0xf800, 0xb800, 0x1000, 0x1000, 0x0800, 0x0000, 0x0000, 0x0000, 0x0000, 0x0000, 0x0000, 0x0000, 0x0000, 0x1082, 0x18c3, 0x18c3, 0x18c3, 0x2965, 0x39c7,
		0x39c7, 0x2945, 0x10a2, 0x18c3, 0x18e3, 0x1082, 0x0000, 0x0000, 0x0000, 0x0000, 0x0000, 0x0000, 0x0000, 0x0000, 0x0000, 0x0000, 0x0000, 0x0000, 0x0000, 0x0000, 0x0000, 0x0000, 0x0000, 0x0000, 0x0000, 0x0000, 0x0000, 0x0000, 0x0000, 0x0000, 0x0000, 0x0000, 0x0000, 0x0000, 0x0000, 0x0000, 0x0000, 0x0000, 0x0000, 0x0000, 0x0000, 0x0000, 0x0000, 0x0000, 0x0000, 0x0000, 0x0000, 0x0000, 0x0000, 0x0000, 0x0000, 0x0800, 0x1800, 0x1000, 0xc021, 0xf800, 0xf800, 0xf800, 0xf800, 0xf800, 0xf800, 0xf800, 0xb800, 0x1000, 0x1000, 0x0800, 0x0000, 0x0000, 0x0000, 0x0000, 0x0000, 0x0000, 0x0000, 0x0000, 0x1082, 0x18c3, 0x18c3, 0x18c3, 0x2965, 0x39c7,
		0x39e7, 0x2945, 0x10a2, 0x18c3, 0x18e3, 0x1082, 0x0000, 0x0000, 0x0000, 0x0000, 0x0000, 0x0000, 0x0000, 0x0000, 0x0000, 0x0000, 0x0000, 0x0000, 0x0000, 0x0000, 0x0000, 0x0000, 0x0000, 0x0000, 0x0000, 0x0000, 0x0000, 0x0000, 0x0000, 0x0000, 0x0000, 0x0000, 0x0000, 0x0000, 0x0000, 0x0000, 0x0000, 0x0000, 0x0000, 0x0000, 0x0000, 0x0000, 0x0000, 0x0000, 0x0000, 0x0000, 0x0000, 0x0000, 0x0000, 0x0000, 0x0000, 0x0800, 0x1800, 0x1800, 0xc021, 0xf800, 0xf800, 0xf800, 0xf800, 0xf800, 0xf800, 0xf800, 0xb800, 0x1000, 0x1000, 0x0800, 0x0000, 0x0000, 0x0000, 0x0000, 0x0000, 0x0000, 0x0000, 0x0000, 0x1082, 0x18c3, 0x18c3, 0x18c3, 0x2965, 0x39c6,
		0x39c7, 0x2945, 0x18a2, 0x18c3, 0x18e3, 0x1082, 0x0000, 0x0000, 0x0000, 0x0000, 0x0000, 0x0000, 0x0000, 0x0000, 0x0000, 0x0000, 0x0000, 0x0000, 0x0000, 0x0000, 0x0000, 0x0000, 0x0000, 0x0000, 0x0000, 0x0000, 0x0000, 0x0000, 0x0000, 0x0000, 0x0000, 0x0000, 0x0000, 0x0000, 0x0000, 0x0000, 0x0000, 0x0000, 0x0000, 0x0000, 0x0000, 0x0000, 0x0000, 0x0000, 0x0000, 0x0000, 0x0000, 0x0000, 0x0000, 0x0000, 0x0000, 0x0800, 0x1800, 0x1800, 0xc021, 0xf800, 0xf800, 0xf800, 0xf800, 0xf800, 0xf800, 0xf800, 0xb800, 0x1000, 0x1000, 0x0800, 0x0000, 0x0000, 0x0000, 0x0000, 0x0000, 0x0000, 0x0000, 0x0000, 0x1082, 0x18e3, 0x18c3, 0x18c3, 0x2965, 0x31a6,
		0x39c7, 0x2945, 0x18c2, 0x18c3, 0x18e3, 0x1082, 0x0000, 0x0000, 0x0000, 0x0000, 0x0000, 0x0000, 0x0000, 0x0000, 0x0000, 0x0000, 0x0000, 0x0000, 0x0000, 0x0000, 0x0000, 0x0000, 0x0000, 0x0000, 0x0000, 0x0000, 0x0000, 0x0000, 0x0000, 0x0000, 0x0000, 0x0000, 0x0000, 0x0000, 0x0000, 0x0000, 0x0000, 0x0000, 0x0000, 0x0000, 0x0000, 0x0000, 0x0000, 0x0000, 0x0000, 0x0000, 0x0000, 0x0000, 0x0000, 0x0000, 0x0000, 0x0800, 0x1000, 0x1000, 0xc021, 0xf821, 0xf800, 0xf800, 0xf800, 0xf800, 0xf800, 0xf800, 0xb801, 0x1000, 0x1000, 0x0800, 0x0000, 0x0000, 0x0000, 0x0000, 0x0000, 0x0000, 0x0000, 0x0000, 0x1082, 0x18e3, 0x18c3, 0x18c3, 0x2965, 0x31a6,
		0x39c7, 0x2945, 0x18c2, 0x18c3, 0x18e3, 0x1082, 0x0000, 0x0000, 0x0000, 0x0000, 0x0000, 0x0000, 0x0000, 0x0000, 0x0000, 0x0000, 0x0000, 0x0000, 0x0000, 0x0000, 0x0000, 0x0000, 0x0000, 0x0000, 0x0000, 0x0000, 0x0000, 0x0000, 0x0000, 0x0000, 0x0000, 0x0000, 0x0000, 0x0000, 0x0000, 0x0000, 0x0000, 0x0000, 0x0000, 0x0000, 0x0000, 0x0000, 0x0000, 0x0000, 0x0000, 0x0000, 0x0000, 0x0000, 0x0000, 0x0000, 0x0000, 0x0800, 0x1000, 0x1000, 0xc021, 0xf821, 0xf800, 0xf800, 0xf800, 0xf800, 0xf800, 0xf800, 0xb800, 0x1000, 0x1000, 0x0800, 0x0000, 0x0000, 0x0000, 0x0000, 0x0000, 0x0000, 0x0000, 0x0000, 0x1082, 0x18e3, 0x18c3, 0x18c3, 0x2965, 0x31a6,
		0x39c7, 0x2945, 0x18c2, 0x18c3, 0x18e3, 0x1082, 0x0000, 0x0000, 0x0000, 0x0000, 0x0000, 0x0000, 0x0000, 0x0000, 0x0000, 0x0000, 0x0000, 0x0000, 0x0000, 0x0000, 0x0000, 0x0000, 0x0000, 0x0000, 0x0000, 0x0000, 0x0000, 0x0000, 0x0000, 0x0000, 0x0000, 0x0000, 0x0000, 0x0000, 0x0000, 0x0000, 0x0000, 0x0000, 0x0000, 0x0000, 0x0000, 0x0000, 0x0000, 0x0000, 0x0000, 0x0000, 0x0000, 0x0000, 0x0000, 0x0000, 0x0000, 0x0800, 0x1000, 0x1000, 0xc021, 0xf800, 0xf800, 0xf800, 0xf800, 0xf800, 0xf800, 0xf800, 0xb800, 0x1000, 0x1000, 0x0800, 0x0000, 0x0000, 0x0000, 0x0000, 0x0000, 0x0000, 0x0000, 0x0000, 0x1082, 0x18e3, 0x18c3, 0x18c3, 0x2965, 0x31a6,
		0x39c7, 0x2945, 0x10a2, 0x18c3, 0x18c3, 0x1082, 0x0000, 0x0000, 0x0000, 0x0000, 0x0000, 0x0000, 0x0000, 0x0000, 0x0000, 0x0000, 0x0000, 0x0000, 0x0000, 0x0000, 0x0000, 0x0000, 0x0000, 0x0000, 0x0000, 0x0000, 0x0000, 0x0000, 0x0000, 0x0000, 0x0000, 0x0000, 0x0000, 0x0000, 0x0000, 0x0000, 0x0000, 0x0000, 0x0000, 0x0000, 0x0000, 0x0000, 0x0000, 0x0000, 0x0000, 0x0000, 0x0000, 0x0000, 0x0000, 0x0000, 0x0000, 0x0800, 0x1800, 0x1000, 0xc020, 0xf800, 0xf800, 0xf800, 0xf800, 0xf800, 0xf800, 0xf800, 0xb800, 0x1000, 0x1000, 0x0800, 0x0000, 0x0000, 0x0000, 0x0000, 0x0000, 0x0000, 0x0000, 0x0000, 0x1082, 0x18e3, 0x18c3, 0x18c3, 0x2965, 0x31a6,
		0x39c7, 0x2945, 0x10a2, 0x18c3, 0x18c3, 0x1082, 0x0000, 0x0000, 0x0000, 0x0000, 0x0000, 0x0000, 0x0000, 0x0000, 0x0000, 0x0000, 0x0000, 0x0000, 0x0000, 0x0000, 0x0000, 0x0000, 0x0000, 0x0000, 0x0000, 0x0000, 0x0000, 0x0000, 0x0000, 0x0000, 0x0000, 0x0000, 0x0000, 0x0000, 0x0000, 0x0000, 0x0000, 0x0000, 0x0000, 0x0000, 0x0000, 0x0000, 0x0000, 0x0000, 0x0000, 0x0000, 0x0000, 0x0000, 0x0000, 0x0000, 0x0000, 0x0800, 0x1000, 0x1000, 0xc020, 0xf800, 0xf800, 0xf800, 0xf800, 0xf800, 0xf800, 0xf800, 0xb800, 0x1000, 0x1000, 0x0800, 0x0000, 0x0000, 0x0000, 0x0000, 0x0000, 0x0000, 0x0000, 0x0000, 0x1082, 0x18c3, 0x18c3, 0x18c3, 0x2965, 0x39a6,
		0x39e7, 0x2945, 0x10a2, 0x18c3, 0x18c3, 0x1082, 0x0000, 0x0000, 0x0000, 0x0000, 0x0000, 0x0000, 0x0000, 0x0000, 0x0000, 0x0000, 0x0000, 0x0000, 0x0000, 0x0000, 0x0000, 0x0000, 0x0000, 0x0000, 0x0000, 0x0000, 0x0000, 0x0000, 0x0000, 0x0000, 0x0000, 0x0000, 0x0000, 0x0000, 0x0000, 0x0000, 0x0000, 0x0000, 0x0000, 0x0000, 0x0000, 0x0000, 0x0000, 0x0000, 0x0000, 0x0000, 0x0000, 0x0000, 0x0000, 0x0000, 0x0000, 0x0800, 0x1000, 0x1000, 0xc021, 0xf820, 0xf800, 0xf800, 0xf800, 0xf800, 0xf800, 0xf800, 0xb000, 0x1000, 0x1000, 0x0800, 0x0000, 0x0000, 0x0000, 0x0000, 0x0000, 0x0000, 0x0000, 0x0000, 0x1082, 0x18e3, 0x18c3, 0x18c3, 0x2965, 0x39c7,
		0x39e7, 0x2945, 0x10a2, 0x18c3, 0x18c3, 0x1082, 0x0000, 0x0000, 0x0000, 0x0000, 0x0000, 0x0000, 0x0000, 0x0000, 0x0000, 0x0000, 0x0000, 0x0000, 0x0000, 0x0000, 0x0000, 0x0000, 0x0000, 0x0000, 0x0000, 0x0000, 0x0000, 0x0000, 0x0000, 0x0000, 0x0000, 0x0000, 0x0000, 0x0000, 0x0000, 0x0000, 0x0000, 0x0000, 0x0000, 0x0000, 0x0000, 0x0000, 0x0000, 0x0000, 0x0000, 0x0000, 0x0000, 0x0000, 0x0000, 0x0000, 0x0000, 0x0800, 0x1000, 0x1800, 0xc021, 0xf800, 0xf800, 0xf800, 0xf800, 0xf800, 0xf800, 0xf800, 0xb800, 0x1000, 0x1000, 0x0800, 0x0000, 0x0000, 0x0000, 0x0000, 0x0000, 0x0000, 0x0000, 0x0000, 0x1082, 0x18e3, 0x18c3, 0x18c3, 0x2965, 0x39c6,
		0x39e7, 0x2945, 0x10a2, 0x18c3, 0x18e3, 0x1082, 0x0000, 0x0000, 0x0000, 0x0000, 0x0000, 0x0000, 0x0000, 0x0000, 0x0000, 0x0000, 0x0000, 0x0000, 0x0000, 0x0000, 0x0000, 0x0000, 0x0000, 0x0000, 0x0000, 0x0000, 0x0000, 0x0000, 0x0000, 0x0000, 0x0000, 0x0000, 0x0000, 0x0000, 0x0000, 0x0000, 0x0000, 0x0000, 0x0000, 0x0000, 0x0000, 0x0000, 0x0000, 0x0000, 0x0000, 0x0000, 0x0000, 0x0000, 0x0000, 0x0000, 0x0000, 0x0800, 0x1000, 0x1800, 0xc021, 0xf821, 0xf800, 0xf800, 0xf800, 0xf800, 0xf800, 0xf800, 0xb800, 0x1000, 0x1000, 0x0800, 0x0000, 0x0000, 0x0000, 0x0000, 0x0000, 0x0000, 0x0000, 0x0000, 0x1082, 0x18c3, 0x18c3, 0x18c3, 0x2965, 0x31a6,
		0x39c7, 0x2945, 0x10a2, 0x18c3, 0x18e3, 0x1082, 0x0000, 0x0000, 0x0000, 0x0000, 0x0000, 0x0000, 0x0000, 0x0000, 0x0000, 0x0000, 0x0000, 0x0000, 0x0000, 0x0000, 0x0000, 0x0000, 0x0000, 0x0000, 0x0000, 0x0000, 0x0000, 0x0000, 0x0000, 0x0000, 0x0000, 0x0000, 0x0000, 0x0000, 0x0000, 0x0000, 0x0000, 0x0000, 0x0000, 0x0000, 0x0000, 0x0000, 0x0000, 0x0000, 0x0000, 0x0000, 0x0000, 0x0000, 0x0000, 0x0000, 0x0000, 0x0800, 0x1800, 0x1000, 0xb821, 0xf800, 0xf800, 0xf800, 0xf800, 0xf800, 0xf800, 0xf800, 0xb800, 0x1000, 0x1000, 0x0800, 0x0000, 0x0000, 0x0000, 0x0000, 0x0000, 0x0000, 0x0000, 0x0000, 0x1082, 0x18c3, 0x18c3, 0x18c3, 0x2965, 0x31a6,
		0x39c7, 0x2945, 0x10a2, 0x18c3, 0x18e3, 0x1082, 0x0000, 0x0000, 0x0000, 0x0000, 0x0000, 0x0000, 0x0000, 0x0000, 0x0000, 0x0000, 0x0000, 0x0000, 0x0000, 0x0000, 0x0000, 0x0000, 0x0000, 0x0000, 0x0000, 0x0000, 0x0000, 0x0000, 0x0000, 0x0000, 0x0000, 0x0000, 0x0000, 0x0000, 0x0000, 0x0000, 0x0000, 0x0000, 0x0000, 0x0000, 0x0000, 0x0000, 0x0000, 0x0000, 0x0000, 0x0000, 0x0000, 0x0000, 0x0000, 0x0000, 0x0000, 0x0800, 0x1800, 0x1000, 0xc020, 0xf800, 0xf800, 0xf800, 0xf800, 0xf800, 0xf800, 0xf800, 0xb800, 0x1000, 0x1000, 0x0800, 0x0000, 0x0000, 0x0000, 0x0000, 0x0000, 0x0000, 0x0000, 0x0000, 0x1082, 0x18c3, 0x18c3, 0x18c3, 0x2965, 0x31a6,
		0x39c7, 0x2945, 0x10a2, 0x18c3, 0x18e3, 0x1082, 0x0000, 0x0000, 0x0000, 0x0000, 0x0000, 0x0000, 0x0000, 0x0000, 0x0000, 0x0000, 0x0000, 0x0000, 0x0000, 0x0000, 0x0000, 0x0000, 0x0000, 0x0000, 0x0000, 0x0000, 0x0000, 0x0000, 0x0000, 0x0000, 0x0000, 0x0000, 0x0000, 0x0000, 0x0000, 0x0000, 0x0000, 0x0000, 0x0000, 0x0000, 0x0000, 0x0000, 0x0000, 0x0000, 0x0000, 0x0000, 0x0000, 0x0000, 0x0000, 0x0000, 0x0000, 0x0800, 0x1800, 0x1000, 0xc021, 0xf800, 0xf800, 0xf800, 0xf800, 0xf800, 0xf800, 0xf800, 0xb800, 0x1000, 0x1000, 0x0800, 0x0000, 0x0000, 0x0000, 0x0000, 0x0000, 0x0000, 0x0000, 0x0000, 0x1082, 0x18e3, 0x18c3, 0x18c3, 0x2965, 0x31a6,
		0x39c7, 0x2945, 0x10a2, 0x18c3, 0x18e3, 0x1082, 0x0000, 0x0000, 0x0000, 0x0000, 0x0000, 0x0000, 0x0000, 0x0000, 0x0000, 0x0000, 0x0000, 0x0000, 0x0000, 0x0000, 0x0000, 0x0000, 0x0000, 0x0000, 0x0000, 0x0000, 0x0000, 0x0000, 0x0000, 0x0000, 0x0000, 0x0000, 0x0000, 0x0000, 0x0000, 0x0000, 0x0000, 0x0000, 0x0000, 0x0000, 0x0000, 0x0000, 0x0000, 0x0000, 0x0000, 0x0000, 0x0000, 0x0000, 0x0000, 0x0000, 0x0000, 0x0800, 0x1800, 0x1800, 0xc020, 0xf800, 0xf800, 0xf800, 0xf800, 0xf800, 0xf800, 0xf800, 0xb800, 0x1000, 0x1000, 0x0800, 0x0000, 0x0000, 0x0000, 0x0000, 0x0000, 0x0000, 0x0000, 0x0000, 0x1082, 0x18e3, 0x18c3, 0x18c3, 0x2965, 0x39c7,
		0x39c7, 0x2945, 0x10a2, 0x18c3, 0x18e3, 0x1082, 0x0000, 0x0000, 0x0000, 0x0000, 0x0000, 0x0000, 0x0000, 0x0000, 0x0000, 0x0000, 0x0000, 0x0000, 0x0000, 0x0000, 0x0000, 0x0000, 0x0000, 0x0000, 0x0000, 0x0000, 0x0000, 0x0000, 0x0000, 0x0000, 0x0000, 0x0000, 0x0000, 0x0000, 0x0000, 0x0000, 0x0000, 0x0000, 0x0000, 0x0000, 0x0000, 0x0000, 0x0000, 0x0000, 0x0000, 0x0000, 0x0000, 0x0000, 0x0000, 0x0000, 0x0000, 0x0800, 0x1000, 0x1000, 0xc021, 0xf800, 0xf800, 0xf800, 0xf800, 0xf800, 0xf800, 0xf800, 0xb800, 0x1000, 0x1000, 0x0800, 0x0000, 0x0000, 0x0000, 0x0000, 0x0000, 0x0000, 0x0000, 0x0000, 0x1082, 0x18e3, 0x18c3, 0x18c3, 0x2965, 0x39c7,
		0x39e7, 0x2945, 0x10a2, 0x18c3, 0x18e3, 0x1082, 0x0000, 0x0000, 0x0000, 0x0000, 0x0000, 0x0000, 0x0000, 0x0000, 0x0000, 0x0000, 0x0000, 0x0000, 0x0000, 0x0000, 0x0000, 0x0000, 0x0000, 0x0000, 0x0000, 0x0000, 0x0000, 0x0000, 0x0000, 0x0000, 0x0000, 0x0000, 0x0000, 0x0000, 0x0000, 0x0000, 0x0000, 0x0000, 0x0000, 0x0000, 0x0000, 0x0000, 0x0000, 0x0000, 0x0000, 0x0000, 0x0000, 0x0000, 0x0000, 0x0000, 0x0000, 0x0800, 0x1000, 0x1800, 0xb821, 0xf821, 0xf800, 0xf800, 0xf800, 0xf800, 0xf800, 0xf800, 0xb800, 0x1000, 0x1000, 0x0800, 0x0000, 0x0000, 0x0000, 0x0000, 0x0000, 0x0000, 0x0000, 0x0000, 0x1082, 0x18e3, 0x18c3, 0x18c3, 0x2965, 0x39c7,
		0x39c7, 0x2945, 0x18c2, 0x18c3, 0x18e3, 0x1082, 0x0000, 0x0000, 0x0000, 0x0000, 0x0000, 0x0000, 0x0000, 0x0000, 0x0000, 0x0000, 0x0000, 0x0000, 0x0000, 0x0000, 0x0000, 0x0000, 0x0000, 0x0000, 0x0000, 0x0000, 0x0000, 0x0000, 0x0000, 0x0000, 0x0000, 0x0000, 0x0000, 0x0000, 0x0000, 0x0000, 0x0000, 0x0000, 0x0000, 0x0000, 0x0000, 0x0000, 0x0000, 0x0000, 0x0000, 0x0000, 0x0000, 0x0000, 0x0000, 0x0000, 0x0000, 0x0800, 0x1000, 0x1800, 0xc841, 0xf821, 0xf800, 0xf800, 0xf800, 0xf800, 0xf800, 0xf821, 0xc821, 0x1000, 0x1000, 0x0800, 0x0000, 0x0000, 0x0000, 0x0000, 0x0000, 0x0000, 0x0000, 0x0000, 0x1082, 0x18e3, 0x18c3, 0x18c3, 0x2965, 0x39c6,
		0x39c7, 0x2945, 0x18c2, 0x18c3, 0x18e3, 0x1082, 0x0000, 0x0000, 0x0000, 0x0000, 0x0000, 0x0000, 0x0000, 0x0000, 0x0000, 0x0000, 0x0000, 0x0000, 0x0000, 0x0000, 0x0000, 0x0000, 0x0000, 0x0000, 0x0000, 0x0000, 0x0000, 0x0000, 0x0000, 0x0000, 0x0000, 0x0000, 0x0000, 0x0000, 0x0000, 0x0000, 0x0000, 0x0000, 0x0000, 0x0000, 0x0000, 0x0000, 0x0000, 0x0000, 0x0000, 0x0000, 0x0000, 0x0000, 0x0000, 0x0000, 0x0000, 0x0000, 0x1000, 0x2000, 0x8821, 0xe841, 0xf800, 0xf800, 0xf800, 0xf800, 0xf800, 0xe821, 0x8000, 0x1000, 0x0800, 0x0000, 0x0000, 0x0000, 0x0000, 0x0000, 0x0000, 0x0000, 0x0000, 0x0000, 0x1082, 0x18c3, 0x18c3, 0x18c3, 0x2965, 0x39c7,
		0x39c7, 0x2945, 0x10c2, 0x18c3, 0x18e3, 0x1082, 0x0000, 0x0000, 0x0000, 0x0000, 0x0000, 0x0000, 0x0000, 0x0000, 0x0000, 0x0000, 0x0000, 0x0000, 0x0000, 0x0000, 0x0000, 0x0000, 0x0000, 0x0000, 0x0000, 0x0000, 0x0000, 0x0000, 0x0000, 0x0000, 0x0000, 0x0000, 0x0000, 0x0000, 0x0000, 0x0000, 0x0000, 0x0000, 0x0000, 0x0000, 0x0000, 0x0000, 0x0000, 0x0000, 0x0000, 0x0000, 0x0000, 0x0000, 0x0000, 0x0000, 0x0000, 0x0000, 0x0800, 0x2000, 0x2800, 0xc821, 0xf821, 0xf800, 0xf800, 0xf800, 0xf821, 0xb821, 0x1800, 0x1800, 0x0800, 0x0000, 0x0000, 0x0000, 0x0000, 0x0000, 0x0000, 0x0000, 0x0000, 0x0000, 0x1082, 0x18c3, 0x18c3, 0x18c3, 0x2965, 0x39a6,
		0x39c7, 0x2945, 0x10a2, 0x18c3, 0x18e3, 0x1082, 0x0000, 0x0000, 0x0000, 0x0000, 0x0000, 0x0000, 0x0000, 0x0000, 0x0000, 0x0000, 0x0000, 0x0000, 0x0000, 0x0000, 0x0000, 0x0000, 0x0000, 0x0000, 0x0000, 0x0000, 0x0000, 0x0000, 0x0000, 0x0000, 0x0000, 0x0000, 0x0000, 0x0000, 0x0000, 0x0000, 0x0000, 0x0000, 0x0000, 0x0000, 0x0000, 0x0000, 0x0000, 0x0000, 0x0000, 0x0000, 0x0000, 0x0000, 0x0000, 0x0000, 0x0000, 0x0000, 0x0800, 0x1000, 0x2000, 0x5800, 0xe021, 0xf821, 0xf800, 0xf800, 0xd821, 0x6000, 0x1800, 0x1000, 0x0000, 0x0000, 0x0000, 0x0000, 0x0000, 0x0000, 0x0000, 0x0000, 0x0000, 0x0000, 0x1082, 0x18e3, 0x18c3, 0x18c3, 0x2965, 0x31a6,
		0x39e7, 0x2945, 0x18a2, 0x18c3, 0x18e3, 0x1082, 0x0000, 0x0000, 0x0000, 0x0000, 0x0000, 0x0000, 0x0000, 0x0000, 0x0000, 0x0000, 0x0000, 0x0000, 0x0000, 0x0000, 0x0000, 0x0000, 0x0000, 0x0000, 0x0000, 0x0000, 0x0000, 0x0000, 0x0000, 0x0000, 0x0000, 0x0000, 0x0000, 0x0000, 0x0000, 0x0000, 0x0000, 0x0000, 0x0000, 0x0000, 0x0000, 0x0000, 0x0000, 0x0000, 0x0000, 0x0000, 0x0000, 0x0000, 0x0000, 0x0000, 0x0000, 0x0000, 0x0000, 0x0800, 0x1000, 0x1800, 0x9000, 0xf021, 0xf800, 0xf821, 0xa820, 0x1000, 0x1800, 0x0800, 0x0000, 0x0000, 0x0000, 0x0000, 0x0000, 0x0000, 0x0000, 0x0000, 0x0000, 0x0000, 0x1082, 0x18e3, 0x18c3, 0x18c3, 0x2965, 0x39c6,
		0x39e7, 0x2945, 0x18c2, 0x18c3, 0x18e3, 0x1082, 0x0000, 0x0000, 0x0000, 0x0000, 0x0000, 0x0000, 0x0000, 0x0000, 0x0000, 0x0000, 0x0000, 0x0000, 0x0000, 0x0000, 0x0000, 0x0000, 0x0000, 0x0000, 0x0000, 0x0000, 0x0000, 0x0000, 0x0000, 0x0000, 0x0000, 0x0000, 0x0000, 0x0000, 0x0000, 0x0000, 0x0000, 0x0000, 0x0000, 0x0000, 0x0000, 0x0000, 0x0000, 0x0000, 0x0000, 0x0000, 0x0000, 0x0000, 0x0000, 0x0000, 0x0000, 0x0000, 0x0000, 0x0000, 0x0800, 0x1800, 0x1800, 0xa821, 0xf821, 0xc001, 0x4000, 0x1800, 0x0800, 0x0000, 0x0000, 0x0000, 0x0000, 0x0000, 0x0000, 0x0000, 0x0000, 0x0000, 0x0000, 0x0000, 0x1082, 0x18e3, 0x18c3, 0x18c3, 0x2965, 0x39c6,
		0x39e7, 0x2945, 0x18c3, 0x18c3, 0x18e3, 0x1082, 0x0000, 0x0000, 0x0000, 0x0000, 0x0000, 0x0000, 0x0000, 0x0000, 0x0000, 0x0000, 0x0000, 0x0000, 0x0000, 0x0000, 0x0000, 0x0000, 0x0000, 0x0000, 0x0000, 0x0000, 0x0000, 0x0000, 0x0000, 0x0000, 0x0000, 0x0000, 0x0000, 0x0000, 0x0000, 0x0000, 0x0000, 0x0000, 0x0000, 0x0000, 0x0000, 0x0000, 0x0000, 0x0000, 0x0000, 0x0000, 0x0000, 0x0000, 0x0000, 0x0000, 0x0000, 0x0000, 0x0000, 0x0000, 0x0000, 0x0800, 0x1800, 0x2800, 0xa000, 0xa800, 0x1800, 0x1000, 0x0800, 0x0000, 0x0000, 0x0000, 0x0000, 0x0000, 0x0000, 0x0000, 0x0000, 0x0000, 0x0000, 0x0000, 0x1082, 0x18e3, 0x18c3, 0x18c2, 0x2965, 0x31a6,
		0x39c7, 0x2945, 0x10c2, 0x18c3, 0x18e3, 0x1082, 0x0000, 0x0000, 0x0000, 0x0000, 0x0000, 0x0000, 0x0000, 0x0000, 0x0000, 0x0000, 0x0000, 0x0000, 0x0000, 0x0000, 0x0000, 0x0000, 0x0000, 0x0000, 0x0000, 0x0000, 0x0000, 0x0000, 0x0000, 0x0000, 0x0000, 0x0000, 0x0000, 0x0000, 0x0000, 0x0000, 0x0000, 0x0000, 0x0000, 0x0000, 0x0000, 0x0000, 0x0000, 0x0000, 0x0000, 0x0000, 0x0000, 0x0000, 0x0000, 0x0000, 0x0000, 0x0000, 0x0000, 0x0000, 0x0000, 0x0000, 0x0800, 0x1000, 0x3800, 0x4000, 0x1800, 0x0800, 0x0000, 0x0000, 0x0000, 0x0000, 0x0000, 0x0000, 0x0000, 0x0000, 0x0000, 0x0000, 0x0000, 0x0000, 0x1082, 0x18e3, 0x18c3, 0x18c3, 0x2965, 0x39c6,
		0x39c7, 0x2945, 0x18a2, 0x18c3, 0x18e3, 0x1082, 0x0000, 0x0000, 0x0000, 0x0000, 0x0000, 0x0000, 0x0000, 0x0000, 0x0000, 0x0000, 0x0000, 0x0000, 0x0000, 0x0000, 0x0000, 0x0000, 0x0000, 0x0000, 0x0000, 0x0000, 0x0000, 0x0000, 0x0000, 0x0000, 0x0000, 0x0000, 0x0000, 0x0000, 0x0000, 0x0000, 0x0000, 0x0000, 0x0000, 0x0000, 0x0000, 0x0000, 0x0000, 0x0000, 0x0000, 0x0000, 0x0000, 0x0000, 0x0000, 0x0000, 0x0000, 0x0000, 0x0000, 0x0000, 0x0000, 0x0000, 0x0000, 0x0800, 0x1000, 0x1800, 0x1000, 0x0000, 0x0000, 0x0000, 0x0000, 0x0000, 0x0000, 0x0000, 0x0000, 0x0000, 0x0000, 0x0000, 0x0000, 0x0000, 0x1082, 0x18e3, 0x18c3, 0x18c3, 0x2965, 0x39c7,
		0x39c7, 0x2945, 0x18a2, 0x18c3, 0x18e3, 0x1082, 0x0000, 0x0000, 0x0000, 0x0000, 0x0000, 0x0000, 0x0000, 0x0000, 0x0000, 0x0000, 0x0000, 0x0000, 0x0000, 0x0000, 0x0000, 0x0000, 0x0000, 0x0000, 0x0000, 0x0000, 0x0000, 0x0000, 0x0000, 0x0000, 0x0000, 0x0000, 0x0000, 0x0000, 0x0000, 0x0000, 0x0000, 0x0000, 0x0000, 0x0000, 0x0000, 0x0000, 0x0000, 0x0000, 0x0000, 0x0000, 0x0000, 0x0000, 0x0000, 0x0000, 0x0000, 0x0000, 0x0000, 0x0000, 0x0000, 0x0000, 0x0000, 0x0800, 0x0800, 0x1000, 0x1000, 0x0000, 0x0000, 0x0000, 0x0000, 0x0000, 0x0000, 0x0000, 0x0000, 0x0000, 0x0000, 0x0000, 0x0000, 0x0000, 0x1082, 0x18c3, 0x18c3, 0x18c3, 0x2965, 0x39c7,
		0x39c7, 0x2945, 0x18c2, 0x18c3, 0x18e3, 0x1082, 0x0000, 0x0000, 0x0000, 0x0000, 0x0000, 0x0000, 0x0000, 0x0000, 0x0000, 0x0000, 0x0000, 0x0000, 0x0000, 0x0000, 0x0000, 0x0000, 0x0000, 0x0000, 0x0000, 0x0000, 0x0000, 0x0000, 0x0000, 0x0000, 0x0000, 0x0000, 0x0000, 0x0000, 0x0000, 0x0000, 0x0000, 0x0000, 0x0000, 0x0000, 0x0000, 0x0000, 0x0000, 0x0000, 0x0000, 0x0000, 0x0000, 0x0000, 0x0000, 0x0000, 0x0000, 0x0000, 0x0000, 0x0000, 0x0000, 0x0000, 0x0800, 0x1000, 0x4800, 0x5000, 0x1800, 0x0800, 0x0000, 0x0000, 0x0000, 0x0000, 0x0000, 0x0000, 0x0000, 0x0000, 0x0000, 0x0000, 0x0000, 0x0000, 0x1082, 0x18c3, 0x18c3, 0x18c3, 0x2965, 0x39c7,
		0x39c7, 0x2945, 0x18c2, 0x18c3, 0x18e3, 0x1082, 0x0000, 0x0000, 0x0000, 0x0000, 0x0000, 0x0000, 0x0000, 0x0000, 0x0000, 0x0000, 0x0000, 0x0000, 0x0000, 0x0000, 0x0000, 0x0000, 0x0000, 0x0000, 0x0000, 0x0000, 0x0000, 0x0000, 0x0000, 0x0000, 0x0000, 0x0000, 0x0000, 0x0000, 0x0000, 0x0000, 0x0000, 0x0000, 0x0000, 0x0000, 0x0000, 0x0000, 0x0000, 0x0000, 0x0000, 0x0000, 0x0000, 0x0000, 0x0000, 0x0000, 0x0000, 0x0000, 0x0000, 0x0000, 0x0000, 0x0800, 0x1800, 0x2000, 0xb821, 0xb821, 0x2000, 0x1000, 0x0800, 0x0000, 0x0000, 0x0000, 0x0000, 0x0000, 0x0000, 0x0000, 0x0000, 0x0000, 0x0000, 0x0000, 0x1082, 0x18e3, 0x18c3, 0x18c3, 0x2965, 0x39c7,
		0x39c7, 0x2945, 0x18c2, 0x18c3, 0x18e3, 0x1082, 0x0000, 0x0000, 0x0000, 0x0000, 0x0000, 0x0000, 0x0000, 0x0000, 0x0000, 0x0000, 0x0000, 0x0000, 0x0000, 0x0000, 0x0000, 0x0000, 0x0000, 0x0000, 0x0000, 0x0000, 0x0000, 0x0000, 0x0000, 0x0000, 0x0000, 0x0000, 0x0000, 0x0000, 0x0000, 0x0000, 0x0000, 0x0000, 0x0000, 0x0000, 0x0000, 0x0000, 0x0000, 0x0000, 0x0000, 0x0000, 0x0000, 0x0000, 0x0000, 0x0000, 0x0000, 0x0000, 0x0000, 0x0800, 0x0800, 0x1800, 0x1800, 0xa021, 0xf821, 0xf021, 0x9000, 0x1000, 0x1000, 0x0800, 0x0000, 0x0000, 0x0000, 0x0000, 0x0000, 0x0000, 0x0000, 0x0000, 0x0000, 0x0000, 0x1082, 0x18e3, 0x18c3, 0x18c3, 0x2965, 0x31a6,
		0x39e7, 0x2945, 0x18c2, 0x18c3, 0x18e3, 0x1082, 0x0000, 0x0000, 0x0000, 0x0000, 0x0000, 0x0000, 0x0000, 0x0000, 0x0000, 0x0000, 0x0000, 0x0000, 0x0000, 0x0000, 0x0000, 0x0000, 0x0000, 0x0000, 0x0000, 0x0000, 0x0000, 0x0000, 0x0000, 0x0000, 0x0000, 0x0000, 0x0000, 0x0000, 0x0000, 0x0000, 0x0000, 0x0000, 0x0000, 0x0000, 0x0000, 0x0000, 0x0000, 0x0000, 0x0000, 0x0000, 0x0000, 0x0000, 0x0000, 0x0000, 0x0000, 0x0000, 0x0000, 0x0800, 0x1800, 0x1800, 0x8000, 0xe821, 0xf820, 0xf821, 0xb020, 0x1800, 0x1800, 0x0800, 0x0000, 0x0000, 0x0000, 0x0000, 0x0000, 0x0000, 0x0000, 0x0000, 0x0000, 0x0000, 0x1082, 0x18c3, 0x18c3, 0x18c3, 0x2965, 0x31a6,
		0x39c7, 0x2945, 0x18c2, 0x18c3, 0x18e3, 0x1082, 0x0000, 0x0000, 0x0000, 0x0000, 0x0000, 0x0000, 0x0000, 0x0000, 0x0000, 0x0000, 0x0000, 0x0000, 0x0000, 0x0000, 0x0000, 0x0000, 0x0000, 0x0000, 0x0000, 0x0000, 0x0000, 0x0000, 0x0000, 0x0000, 0x0000, 0x0000, 0x0000, 0x0000, 0x0000, 0x0000, 0x0000, 0x0000, 0x0000, 0x0000, 0x0000, 0x0000, 0x0000, 0x0000, 0x0000, 0x0000, 0x0000, 0x0000, 0x0000, 0x0000, 0x0000, 0x0000, 0x0000, 0x0800, 0x2800, 0x5800, 0xe021, 0xf821, 0xf800, 0xf800, 0xe021, 0x8000, 0x2000, 0x1800, 0x0800, 0x0000, 0x0000, 0x0000, 0x0000, 0x0000, 0x0000, 0x0000, 0x0000, 0x0000, 0x1082, 0x18c3, 0x18c3, 0x18c2, 0x2965, 0x31a6,
		0x39c7, 0x2945, 0x18c2, 0x18c3, 0x18e3, 0x1082, 0x0000, 0x0000, 0x0000, 0x0000, 0x0000, 0x0000, 0x0000, 0x0000, 0x0000, 0x0000, 0x0000, 0x0000, 0x0000, 0x0000, 0x0000, 0x0000, 0x0000, 0x0000, 0x0000, 0x0000, 0x0000, 0x0000, 0x0000, 0x0000, 0x0000, 0x0000, 0x0000, 0x0000, 0x0000, 0x0000, 0x0000, 0x0000, 0x0000, 0x0000, 0x0000, 0x0000, 0x0000, 0x0000, 0x0000, 0x0000, 0x0000, 0x0000, 0x0000, 0x0000, 0x0000, 0x0000, 0x0800, 0x1800, 0x3800, 0xd821, 0xf821, 0xf800, 0xf800, 0xf800, 0xf821, 0xc821, 0x3000, 0x2000, 0x0800, 0x0000, 0x0000, 0x0000, 0x0000, 0x0000, 0x0000, 0x0000, 0x0000, 0x0000, 0x1082, 0x18c3, 0x18c3, 0x18c2, 0x2965, 0x31a6,
		0x39c7, 0x2945, 0x18a2, 0x18c3, 0x18e3, 0x1082, 0x0000, 0x0000, 0x0000, 0x0000, 0x0000, 0x0000, 0x0000, 0x0000, 0x0000, 0x0000, 0x0000, 0x0000, 0x0000, 0x0000, 0x0000, 0x0000, 0x0000, 0x0000, 0x0000, 0x0000, 0x0000, 0x0000, 0x0000, 0x0000, 0x0000, 0x0000, 0x0000, 0x0000, 0x0000, 0x0000, 0x0000, 0x0000, 0x0000, 0x0000, 0x0000, 0x0000, 0x0000, 0x0000, 0x0000, 0x0000, 0x0000, 0x0000, 0x0000, 0x0000, 0x0000, 0x0000, 0x1800, 0x2000, 0xa020, 0xf841, 0xf800, 0xf800, 0xf800, 0xf800, 0xf800, 0xf821, 0xa800, 0x1800, 0x1000, 0x0000, 0x0000, 0x0000, 0x0000, 0x0000, 0x0000, 0x0000, 0x0000, 0x0000, 0x1082, 0x18c3, 0x18c3, 0x18c3, 0x2965, 0x39c6,
		0x39c7, 0x2945, 0x18c2, 0x18c3, 0x18e3, 0x1082, 0x0000, 0x0000, 0x0000, 0x0000, 0x0000, 0x0000, 0x0000, 0x0000, 0x0000, 0x0000, 0x0000, 0x0000, 0x0000, 0x0000, 0x0000, 0x0000, 0x0000, 0x0000, 0x0000, 0x0000, 0x0000, 0x0000, 0x0000, 0x0000, 0x0000, 0x0000, 0x0000, 0x0000, 0x0000, 0x0000, 0x0000, 0x0000, 0x0000, 0x0000, 0x0000, 0x0000, 0x0000, 0x0000, 0x0000, 0x0000, 0x0000, 0x0000, 0x0000, 0x0000, 0x0000, 0x0800, 0x1000, 0x3800, 0xe041, 0xf821, 0xf800, 0xf800, 0xf800, 0xf800, 0xf800, 0xf800, 0xc000, 0x1800, 0x1000, 0x0800, 0x0000, 0x0000, 0x0000, 0x0000, 0x0000, 0x0000, 0x0000, 0x0000, 0x1082, 0x18c3, 0x18c3, 0x18c3, 0x2965, 0x39c7,
		0x39c7, 0x2945, 0x18c3, 0x18c3, 0x18e3, 0x1082, 0x0000, 0x0000, 0x0000, 0x0000, 0x0000, 0x0000, 0x0000, 0x0000, 0x0000, 0x0000, 0x0000, 0x0000, 0x0000, 0x0000, 0x0000, 0x0000, 0x0000, 0x0000, 0x0000, 0x0000, 0x0000, 0x0000, 0x0000, 0x0000, 0x0000, 0x0000, 0x0000, 0x0000, 0x0000, 0x0000, 0x0000, 0x0000, 0x0000, 0x0000, 0x0000, 0x0000, 0x0000, 0x0000, 0x0000, 0x0000, 0x0000, 0x0000, 0x0000, 0x0000, 0x0000, 0x0800, 0x1000, 0x4000, 0xf841, 0xf821, 0xf800, 0xf800, 0xf800, 0xf800, 0xf800, 0xf800, 0xb800, 0x1800, 0x1000, 0x0800, 0x0000, 0x0000, 0x0000, 0x0000, 0x0000, 0x0000, 0x0000, 0x0000, 0x1082, 0x18c3, 0x18c3, 0x18c3, 0x2965, 0x39c6,
		0x39c7, 0x2945, 0x18c3, 0x18c3, 0x18c3, 0x1082, 0x0000, 0x0000, 0x0000, 0x0000, 0x0000, 0x0000, 0x0000, 0x0000, 0x0000, 0x0000, 0x0000, 0x0000, 0x0000, 0x0000, 0x0000, 0x0000, 0x0000, 0x0000, 0x0000, 0x0000, 0x0000, 0x0000, 0x0000, 0x0000, 0x0000, 0x0000, 0x0000, 0x0000, 0x0000, 0x0000, 0x0000, 0x0000, 0x0000, 0x0000, 0x0000, 0x0000, 0x0000, 0x0000, 0x0000, 0x0000, 0x0000, 0x0000, 0x0000, 0x0000, 0x0000, 0x0800, 0x1000, 0x4000, 0xf821, 0xf800, 0xf800, 0xf800, 0xf800, 0xf800, 0xf800, 0xf800, 0xb800, 0x1800, 0x1000, 0x0800, 0x0000, 0x0000, 0x0000, 0x0000, 0x0000, 0x0000, 0x0000, 0x0000, 0x1082, 0x18e3, 0x18c3, 0x18c2, 0x2965, 0x31c6,
		0x39c7, 0x2945, 0x18c3, 0x18c3, 0x18e3, 0x1082, 0x0000, 0x0000, 0x0000, 0x0000, 0x0000, 0x0000, 0x0000, 0x0000, 0x0000, 0x0000, 0x0000, 0x0000, 0x0000, 0x0000, 0x0000, 0x0000, 0x0000, 0x0000, 0x0000, 0x0000, 0x0000, 0x0000, 0x0000, 0x0000, 0x0000, 0x0000, 0x0000, 0x0000, 0x0000, 0x0000, 0x0000, 0x0000, 0x0000, 0x0000, 0x0000, 0x0000, 0x0000, 0x0000, 0x0000, 0x0000, 0x0000, 0x0000, 0x0000, 0x0000, 0x0000, 0x0800, 0x1000, 0x4000, 0xf821, 0xf800, 0xf800, 0xf800, 0xf800, 0xf800, 0xf800, 0xf800, 0xb800, 0x1000, 0x1000, 0x0800, 0x0000, 0x0000, 0x0000, 0x0000, 0x0000, 0x0000, 0x0000, 0x0000, 0x1082, 0x18e3, 0x18c3, 0x18c2, 0x2965, 0x39c6,
		0x39c7, 0x2945, 0x18c2, 0x18c3, 0x18e3, 0x1082, 0x0000, 0x0000, 0x0000, 0x0000, 0x0000, 0x0000, 0x0000, 0x0000, 0x0000, 0x0000, 0x0000, 0x0000, 0x0000, 0x0000, 0x0000, 0x0000, 0x0000, 0x0000, 0x0000, 0x0000, 0x0000, 0x0000, 0x0000, 0x0000, 0x0000, 0x0000, 0x0000, 0x0000, 0x0000, 0x0000, 0x0000, 0x0000, 0x0000, 0x0000, 0x0000, 0x0000, 0x0000, 0x0000, 0x0000, 0x0000, 0x0000, 0x0000, 0x0000, 0x0000, 0x0000, 0x0800, 0x1000, 0x4000, 0xf000, 0xf800, 0xf800, 0xf800, 0xf800, 0xf800, 0xf800, 0xf800, 0xb800, 0x1800, 0x1000, 0x0800, 0x0000, 0x0000, 0x0000, 0x0000, 0x0000, 0x0000, 0x0000, 0x0000, 0x1082, 0x18c3, 0x18c3, 0x18c3, 0x2965, 0x31c6,
		0x39c7, 0x2945, 0x10a2, 0x18c3, 0x18e3, 0x1082, 0x0000, 0x0000, 0x0000, 0x0000, 0x0000, 0x0000, 0x0000, 0x0000, 0x0000, 0x0000, 0x0000, 0x0000, 0x0000, 0x0000, 0x0000, 0x0000, 0x0000, 0x0000, 0x0000, 0x0000, 0x0000, 0x0000, 0x0000, 0x0000, 0x0000, 0x0000, 0x0000, 0x0000, 0x0000, 0x0000, 0x0000, 0x0000, 0x0000, 0x0000, 0x0000, 0x0000, 0x0000, 0x0000, 0x0000, 0x0000, 0x0000, 0x0000, 0x0000, 0x0000, 0x0000, 0x0800, 0x1000, 0x3800, 0xf000, 0xf800, 0xf800, 0xf800, 0xf800, 0xf800, 0xf800, 0xf800, 0xb800, 0x1000, 0x1000, 0x0800, 0x0000, 0x0000, 0x0000, 0x0000, 0x0000, 0x0000, 0x0000, 0x0000, 0x1082, 0x18c3, 0x18c3, 0x18c3, 0x2965, 0x39c6,
		0x39c7, 0x2945, 0x10a2, 0x18c3, 0x18e3, 0x1082, 0x0000, 0x0000, 0x0000, 0x0000, 0x0000, 0x0000, 0x0000, 0x0000, 0x0000, 0x0000, 0x0000, 0x0000, 0x0000, 0x0000, 0x0000, 0x0000, 0x0000, 0x0000, 0x0000, 0x0000, 0x0000, 0x0000, 0x0000, 0x0000, 0x0000, 0x0000, 0x0000, 0x0000, 0x0000, 0x0000, 0x0000, 0x0000, 0x0000, 0x0000, 0x0000, 0x0000, 0x0000, 0x0000, 0x0000, 0x0000, 0x0000, 0x0000, 0x0000, 0x0000, 0x0000, 0x0800, 0x1000, 0x3800, 0xf001, 0xf800, 0xf800, 0xf800, 0xf800, 0xf800, 0xf800, 0xf800, 0xb800, 0x1000, 0x1000, 0x0800, 0x0000, 0x0000, 0x0000, 0x0000, 0x0000, 0x0000, 0x0000, 0x0000, 0x1082, 0x18c3, 0x18c3, 0x10a2, 0x2945, 0x31a6,
		0x39c7, 0x2945, 0x10a2, 0x18c3, 0x18e3, 0x1082, 0x0000, 0x0000, 0x0000, 0x0000, 0x0000, 0x0000, 0x0000, 0x0000, 0x0000, 0x0000, 0x0000, 0x0000, 0x0000, 0x0000, 0x0000, 0x0000, 0x0000, 0x0000, 0x0000, 0x0000, 0x0000, 0x0000, 0x0000, 0x0000, 0x0000, 0x0000, 0x0000, 0x0000, 0x0000, 0x0000, 0x0000, 0x0000, 0x0000, 0x0000, 0x0000, 0x0000, 0x0000, 0x0000, 0x0000, 0x0000, 0x0000, 0x0000, 0x0000, 0x0000, 0x0000, 0x0800, 0x1000, 0x3800, 0xf000, 0xf800, 0xf800, 0xf800, 0xf800, 0xf800, 0xf800, 0xf800, 0xb000, 0x1000, 0x1000, 0x0800, 0x0000, 0x0000, 0x0000, 0x0000, 0x0000, 0x0000, 0x0000, 0x0000, 0x1082, 0x18c3, 0x18c3, 0x10a2, 0x2965, 0x31a6,
		0x39c7, 0x2945, 0x10a2, 0x18c3, 0x18e3, 0x1082, 0x0000, 0x0000, 0x0000, 0x0000, 0x0000, 0x0000, 0x0000, 0x0000, 0x0000, 0x0000, 0x0000, 0x0000, 0x0000, 0x0000, 0x0000, 0x0000, 0x0000, 0x0000, 0x0000, 0x0000, 0x0000, 0x0000, 0x0000, 0x0000, 0x0000, 0x0000, 0x0000, 0x0000, 0x0000, 0x0000, 0x0000, 0x0000, 0x0000, 0x0000, 0x0000, 0x0000, 0x0000, 0x0000, 0x0000, 0x0000, 0x0000, 0x0000, 0x0000, 0x0000, 0x0000, 0x0800, 0x1000, 0x3800, 0xf000, 0xf800, 0xf800, 0xf800, 0xf800, 0xf800, 0xf800, 0xf800, 0xb800, 0x1000, 0x1000, 0x0800, 0x0000, 0x0000, 0x0000, 0x0000, 0x0000, 0x0000, 0x0000, 0x0000, 0x1082, 0x18c3, 0x18c3, 0x10a2, 0x2965, 0x39c7,
		0x39c7, 0x2945, 0x10a2, 0x18c3, 0x18e3, 0x1082, 0x0000, 0x0000, 0x0000, 0x0000, 0x0000, 0x0000, 0x0000, 0x0000, 0x0000, 0x0000, 0x0000, 0x0000, 0x0000, 0x0000, 0x0000, 0x0000, 0x0000, 0x0000, 0x0000, 0x0000, 0x0000, 0x0000, 0x0000, 0x0000, 0x0000, 0x0000, 0x0000, 0x0000, 0x0000, 0x0000, 0x0000, 0x0000, 0x0000, 0x0000, 0x0000, 0x0000, 0x0000, 0x0000, 0x0000, 0x0000, 0x0000, 0x0000, 0x0000, 0x0000, 0x0000, 0x0800, 0x1000, 0x4000, 0xf001, 0xf800, 0xf800, 0xf800, 0xf800, 0xf800, 0xf800, 0xf800, 0xb800, 0x1000, 0x1000, 0x0800, 0x0000, 0x0000, 0x0000, 0x0000, 0x0000, 0x0000, 0x0000, 0x0000, 0x1082, 0x18c3, 0x18c3, 0x10a2, 0x2965, 0x39c6,
		0x39c7, 0x2945, 0x18c2, 0x18c3, 0x18e3, 0x1082, 0x0000, 0x0000, 0x0000, 0x0000, 0x0000, 0x0000, 0x0000, 0x0000, 0x0000, 0x0000, 0x0000, 0x0000, 0x0000, 0x0000, 0x0000, 0x0000, 0x0000, 0x0000, 0x0000, 0x0000, 0x0000, 0x0000, 0x0000, 0x0000, 0x0000, 0x0000, 0x0000, 0x0000, 0x0000, 0x0000, 0x0000, 0x0000, 0x0000, 0x0000, 0x0000, 0x0000, 0x0000, 0x0000, 0x0000, 0x0000, 0x0000, 0x0000, 0x0000, 0x0000, 0x0000, 0x0800, 0x1000, 0x3800, 0xf021, 0xf800, 0xf800, 0xf800, 0xf800, 0xf800, 0xf800, 0xf800, 0xb800, 0x1000, 0x1000, 0x0800, 0x0000, 0x0000, 0x0000, 0x0000, 0x0000, 0x0000, 0x0000, 0x0000, 0x1082, 0x18c3, 0x18c3, 0x18c2, 0x2965, 0x39c6,
		0x39c7, 0x2945, 0x18c2, 0x18c3, 0x18e3, 0x1082, 0x0000, 0x0000, 0x0000, 0x0000, 0x0000, 0x0000, 0x0000, 0x0000, 0x0000, 0x0000, 0x0000, 0x0000, 0x0000, 0x0000, 0x0000, 0x0000, 0x0000, 0x0000, 0x0000, 0x0000, 0x0000, 0x0000, 0x0000, 0x0000, 0x0000, 0x0000, 0x0000, 0x0000, 0x0000, 0x0000, 0x0000, 0x0000, 0x0000, 0x0000, 0x0000, 0x0000, 0x0000, 0x0000, 0x0000, 0x0000, 0x0000, 0x0000, 0x0000, 0x0000, 0x0000, 0x0800, 0x1000, 0x3800, 0xf021, 0xf800, 0xf800, 0xf800, 0xf800, 0xf800, 0xf800, 0xf800, 0xb800, 0x1000, 0x1000, 0x0800, 0x0000, 0x0000, 0x0000, 0x0000, 0x0000, 0x0000, 0x0000, 0x0000, 0x1082, 0x18c3, 0x18c3, 0x18c3, 0x2965, 0x39a6,
		0x39c7, 0x2945, 0x18c2, 0x18c3, 0x18e3, 0x1082, 0x0000, 0x0000, 0x0000, 0x0000, 0x0000, 0x0000, 0x0000, 0x0000, 0x0000, 0x0000, 0x0000, 0x0000, 0x0000, 0x0000, 0x0000, 0x0000, 0x0000, 0x0000, 0x0000, 0x0000, 0x0000, 0x0000, 0x0000, 0x0000, 0x0000, 0x0000, 0x0000, 0x0000, 0x0000, 0x0000, 0x0000, 0x0000, 0x0000, 0x0000, 0x0000, 0x0000, 0x0000, 0x0000, 0x0000, 0x0000, 0x0000, 0x0000, 0x0000, 0x0000, 0x0000, 0x0800, 0x1000, 0x3800, 0xf001, 0xf800, 0xf800, 0xf800, 0xf800, 0xf800, 0xf800, 0xf800, 0xb800, 0x1000, 0x1000, 0x0800, 0x0000, 0x0000, 0x0000, 0x0000, 0x0000, 0x0000, 0x0000, 0x0000, 0x1082, 0x18c3, 0x18c3, 0x18c2, 0x2965, 0x39c6,
		0x39c7, 0x2945, 0x18c2, 0x18c3, 0x18e3, 0x1082, 0x0000, 0x0000, 0x0000, 0x0000, 0x0000, 0x0000, 0x0000, 0x0000, 0x0000, 0x0000, 0x0000, 0x0000, 0x0000, 0x0000, 0x0000, 0x0000, 0x0000, 0x0000, 0x0000, 0x0000, 0x0000, 0x0000, 0x0000, 0x0000, 0x0000, 0x0000, 0x0000, 0x0000, 0x0000, 0x0000, 0x0000, 0x0000, 0x0000, 0x0000, 0x0000, 0x0000, 0x0000, 0x0000, 0x0000, 0x0000, 0x0000, 0x0000, 0x0000, 0x0000, 0x0000, 0x0800, 0x1000, 0x3800, 0xf021, 0xf800, 0xf800, 0xf800, 0xf800, 0xf800, 0xf800, 0xf800, 0xb800, 0x1800, 0x1000, 0x0800, 0x0000, 0x0000, 0x0000, 0x0000, 0x0000, 0x0000, 0x0000, 0x0000, 0x1082, 0x18c3, 0x18c3, 0x18c3, 0x2965, 0x39c6,
		0x39c7, 0x2945, 0x10a2, 0x18c3, 0x18e3, 0x1082, 0x0000, 0x0000, 0x0000, 0x0000, 0x0000, 0x0000, 0x0000, 0x0000, 0x0000, 0x0000, 0x0000, 0x0000, 0x0000, 0x0000, 0x0000, 0x0000, 0x0000, 0x0000, 0x0000, 0x0000, 0x0000, 0x0000, 0x0000, 0x0000, 0x0000, 0x0000, 0x0000, 0x0000, 0x0000, 0x0000, 0x0000, 0x0000, 0x0000, 0x0000, 0x0000, 0x0000, 0x0000, 0x0000, 0x0000, 0x0000, 0x0000, 0x0000, 0x0000, 0x0000, 0x0000, 0x0800, 0x1000, 0x3800, 0xf001, 0xf800, 0xf800, 0xf800, 0xf800, 0xf800, 0xf800, 0xf800, 0xb800, 0x1800, 0x1000, 0x0800, 0x0000, 0x0000, 0x0000, 0x0000, 0x0000, 0x0000, 0x0000, 0x0000, 0x1082, 0x18e3, 0x18c3, 0x18c3, 0x2965, 0x39c6,
		0x39c7, 0x2945, 0x10a2, 0x18c3, 0x18e3, 0x1082, 0x0000, 0x0000, 0x0000, 0x0000, 0x0000, 0x0000, 0x0000, 0x0000, 0x0000, 0x0000, 0x0000, 0x0000, 0x0000, 0x0000, 0x0000, 0x0000, 0x0000, 0x0000, 0x0000, 0x0000, 0x0000, 0x0000, 0x0000, 0x0000, 0x0000, 0x0000, 0x0000, 0x0000, 0x0000, 0x0000, 0x0000, 0x0000, 0x0000, 0x0000, 0x0000, 0x0000, 0x0000, 0x0000, 0x0000, 0x0000, 0x0000, 0x0000, 0x0000, 0x0000, 0x0000, 0x0800, 0x1000, 0x4000, 0xf000, 0xf800, 0xf800, 0xf800, 0xf800, 0xf800, 0xf800, 0xf800, 0xb800, 0x1000, 0x1000, 0x0800, 0x0000, 0x0000, 0x0000, 0x0000, 0x0000, 0x0000, 0x0000, 0x0000, 0x1082, 0x18e3, 0x18c3, 0x18c3, 0x2965, 0x39c6,
		0x39c7, 0x2945, 0x18c3, 0x18c3, 0x18e3, 0x1082, 0x0000, 0x0000, 0x0000, 0x0000, 0x0000, 0x0000, 0x0000, 0x0000, 0x0000, 0x0000, 0x0000, 0x0000, 0x0000, 0x0000, 0x0000, 0x0000, 0x0000, 0x0000, 0x0000, 0x0000, 0x0000, 0x0000, 0x0000, 0x0000, 0x0000, 0x0000, 0x0000, 0x0000, 0x0000, 0x0000, 0x0000, 0x0000, 0x0000, 0x0000, 0x0000, 0x0000, 0x0000, 0x0000, 0x0000, 0x0000, 0x0000, 0x0000, 0x0000, 0x0000, 0x0000, 0x0800, 0x1000, 0x3800, 0xf000, 0xf800, 0xf800, 0xf800, 0xf800, 0xf800, 0xf800, 0xf800, 0xb000, 0x1000, 0x1000, 0x0800, 0x0000, 0x0000, 0x0000, 0x0000, 0x0000, 0x0000, 0x0000, 0x0000, 0x1082, 0x18e3, 0x18c3, 0x18c3, 0x2965, 0x39c7,
		0x39c7, 0x2945, 0x18c3, 0x18c3, 0x18e3, 0x1082, 0x0000, 0x0000, 0x0000, 0x0000, 0x0000, 0x0000, 0x0000, 0x0000, 0x0000, 0x0000, 0x0000, 0x0000, 0x0000, 0x0000, 0x0000, 0x0000, 0x0000, 0x0000, 0x0000, 0x0000, 0x0000, 0x0000, 0x0000, 0x0000, 0x0000, 0x0000, 0x0000, 0x0000, 0x0000, 0x0000, 0x0000, 0x0000, 0x0000, 0x0000, 0x0000, 0x0000, 0x0000, 0x0000, 0x0000, 0x0000, 0x0000, 0x0000, 0x0000, 0x0000, 0x0000, 0x0800, 0x1000, 0x3800, 0xf021, 0xf800, 0xf800, 0xf800, 0xf800, 0xf800, 0xf800, 0xf800, 0xb800, 0x1000, 0x1000, 0x0800, 0x0000, 0x0000, 0x0000, 0x0000, 0x0000, 0x0000, 0x0000, 0x0000, 0x1082, 0x18e3, 0x18c3, 0x18c3, 0x2965, 0x39c7,
		0x39e7, 0x2945, 0x18c2, 0x18c3, 0x18e3, 0x1082, 0x0000, 0x0000, 0x0000, 0x0000, 0x0000, 0x0000, 0x0000, 0x0000, 0x0000, 0x0000, 0x0000, 0x0000, 0x0000, 0x0000, 0x0000, 0x0000, 0x0000, 0x0000, 0x0000, 0x0000, 0x0000, 0x0000, 0x0000, 0x0000, 0x0000, 0x0000, 0x0000, 0x0000, 0x0000, 0x0000, 0x0000, 0x0000, 0x0000, 0x0000, 0x0000, 0x0000, 0x0000, 0x0000, 0x0000, 0x0000, 0x0000, 0x0000, 0x0000, 0x0000, 0x0000, 0x0800, 0x1000, 0x3800, 0xf000, 0xf800, 0xf800, 0xf800, 0xf800, 0xf800, 0xf800, 0xf800, 0xb000, 0x1000, 0x1000, 0x0800, 0x0000, 0x0000, 0x0000, 0x0000, 0x0000, 0x0000, 0x0000, 0x0000, 0x1082, 0x18e3, 0x18c3, 0x18c3, 0x2965, 0x39c7,
		0x39e7, 0x2945, 0x10a2, 0x18c3, 0x18e3, 0x1082, 0x0000, 0x0000, 0x0000, 0x0000, 0x0000, 0x0000, 0x0000, 0x0000, 0x0000, 0x0000, 0x0000, 0x0000, 0x0000, 0x0000, 0x0000, 0x0000, 0x0000, 0x0000, 0x0000, 0x0000, 0x0000, 0x0000, 0x0000, 0x0000, 0x0000, 0x0000, 0x0000, 0x0000, 0x0000, 0x0000, 0x0000, 0x0000, 0x0000, 0x0000, 0x0000, 0x0000, 0x0000, 0x0000, 0x0000, 0x0000, 0x0000, 0x0000, 0x0000, 0x0000, 0x0000, 0x0800, 0x1000, 0x3800, 0xf000, 0xf800, 0xf800, 0xf800, 0xf800, 0xf800, 0xf800, 0xf800, 0xb800, 0x1000, 0x1000, 0x0800, 0x0000, 0x0000, 0x0000, 0x0000, 0x0000, 0x0000, 0x0000, 0x0000, 0x1082, 0x18e3, 0x18c3, 0x18c3, 0x2965, 0x39c7,
		0x39c7, 0x2944, 0x10a2, 0x18c3, 0x18e3, 0x1082, 0x0000, 0x0000, 0x0000, 0x0000, 0x0000, 0x0000, 0x0000, 0x0000, 0x0000, 0x0000, 0x0000, 0x0000, 0x0000, 0x0000, 0x0000, 0x0000, 0x0000, 0x0000, 0x0000, 0x0000, 0x0000, 0x0000, 0x0000, 0x0000, 0x0000, 0x0000, 0x0000, 0x0000, 0x0000, 0x0000, 0x0000, 0x0000, 0x0000, 0x0000, 0x0000, 0x0000, 0x0000, 0x0000, 0x0000, 0x0000, 0x0000, 0x0000, 0x0000, 0x0000, 0x0000, 0x0800, 0x1000, 0x3800, 0xf000, 0xf800, 0xf800, 0xf800, 0xf800, 0xf800, 0xf800, 0xf800, 0xb800, 0x1000, 0x1000, 0x0800, 0x0000, 0x0000, 0x0000, 0x0000, 0x0000, 0x0000, 0x0000, 0x0000, 0x1082, 0x18e3, 0x18c3, 0x18c3, 0x2965, 0x31a6,
		0x39e7, 0x2945, 0x10a2, 0x18c3, 0x18e3, 0x1082, 0x0000, 0x0000, 0x0000, 0x0000, 0x0000, 0x0000, 0x0000, 0x0000, 0x0000, 0x0000, 0x0000, 0x0000, 0x0000, 0x0000, 0x0000, 0x0000, 0x0000, 0x0000, 0x0000, 0x0000, 0x0000, 0x0000, 0x0000, 0x0000, 0x0000, 0x0000, 0x0000, 0x0000, 0x0000, 0x0000, 0x0000, 0x0000, 0x0000, 0x0000, 0x0000, 0x0000, 0x0000, 0x0000, 0x0000, 0x0000, 0x0000, 0x0000, 0x0000, 0x0000, 0x0000, 0x0800, 0x1000, 0x3800, 0xf000, 0xf800, 0xf800, 0xf800, 0xf800, 0xf800, 0xf800, 0xf800, 0xb800, 0x1800, 0x1000, 0x0800, 0x0000, 0x0000, 0x0000, 0x0000, 0x0000, 0x0000, 0x0000, 0x0000, 0x1082, 0x18e3, 0x18c3, 0x18c3, 0x2965, 0x31a6,
		0x39e7, 0x2945, 0x10a2, 0x18c3, 0x18e3, 0x1082, 0x0000, 0x0000, 0x0000, 0x0000, 0x0000, 0x0000, 0x0000, 0x0000, 0x0000, 0x0000, 0x0000, 0x0000, 0x0000, 0x0000, 0x0000, 0x0000, 0x0000, 0x0000, 0x0000, 0x0000, 0x0000, 0x0000, 0x0000, 0x0000, 0x0000, 0x0000, 0x0000, 0x0000, 0x0000, 0x0000, 0x0000, 0x0000, 0x0000, 0x0000, 0x0000, 0x0000, 0x0000, 0x0000, 0x0000, 0x0000, 0x0000, 0x0000, 0x0000, 0x0000, 0x0000, 0x0800, 0x1000, 0x4000, 0xf001, 0xf800, 0xf800, 0xf800, 0xf800, 0xf800, 0xf800, 0xf800, 0xb800, 0x1800, 0x1000, 0x0800, 0x0000, 0x0000, 0x0000, 0x0000, 0x0000, 0x0000, 0x0000, 0x0000, 0x1082, 0x18c3, 0x18c3, 0x18c3, 0x2965, 0x31a6,
		0x39c7, 0x2945, 0x10c2, 0x18c3, 0x18e3, 0x1082, 0x0000, 0x0000, 0x0000, 0x0000, 0x0000, 0x0000, 0x0000, 0x0000, 0x0000, 0x0000, 0x0000, 0x0000, 0x0000, 0x0000, 0x0000, 0x0000, 0x0000, 0x0000, 0x0000, 0x0000, 0x0000, 0x0000, 0x0000, 0x0000, 0x0000, 0x0000, 0x0000, 0x0000, 0x0000, 0x0000, 0x0000, 0x0000, 0x0000, 0x0000, 0x0000, 0x0000, 0x0000, 0x0000, 0x0000, 0x0000, 0x0000, 0x0000, 0x0000, 0x0000, 0x0000, 0x0800, 0x1000, 0x4000, 0xf021, 0xf800, 0xf800, 0xf800, 0xf800, 0xf800, 0xf800, 0xf800, 0xb800, 0x1800, 0x1000, 0x0800, 0x0000, 0x0000, 0x0000, 0x0000, 0x0000, 0x0000, 0x0000, 0x0000, 0x1082, 0x18c3, 0x18c3, 0x18c3, 0x2965, 0x31a6,
		0x39c7, 0x2945, 0x18c2, 0x18c3, 0x18e3, 0x1082, 0x0000, 0x0000, 0x0000, 0x0000, 0x0000, 0x0000, 0x0000, 0x0000, 0x0000, 0x0000, 0x0000, 0x0000, 0x0000, 0x0000, 0x0000, 0x0000, 0x0000, 0x0000, 0x0000, 0x0000, 0x0000, 0x0000, 0x0000, 0x0000, 0x0000, 0x0000, 0x0000, 0x0000, 0x0000, 0x0000, 0x0000, 0x0000, 0x0000, 0x0000, 0x0000, 0x0000, 0x0000, 0x0000, 0x0000, 0x0000, 0x0000, 0x0000, 0x0000, 0x0000, 0x0000, 0x0800, 0x1000, 0x4000, 0xf021, 0xf800, 0xf800, 0xf800, 0xf800, 0xf800, 0xf800, 0xf800, 0xb800, 0x1000, 0x1000, 0x0800, 0x0000, 0x0000, 0x0000, 0x0000, 0x0000, 0x0000, 0x0000, 0x0000, 0x1082, 0x18c3, 0x18c3, 0x18c3, 0x2965, 0x31a6,
		0x39c7, 0x2945, 0x18c3, 0x18c3, 0x18e3, 0x1082, 0x0000, 0x0000, 0x0000, 0x0000, 0x0000, 0x0000, 0x0000, 0x0000, 0x0000, 0x0000, 0x0000, 0x0000, 0x0000, 0x0000, 0x0000, 0x0000, 0x0000, 0x0000, 0x0000, 0x0000, 0x0000, 0x0000, 0x0000, 0x0000, 0x0000, 0x0000, 0x0000, 0x0000, 0x0000, 0x0000, 0x0000, 0x0000, 0x0000, 0x0000, 0x0000, 0x0000, 0x0000, 0x0000, 0x0000, 0x0000, 0x0000, 0x0000, 0x0000, 0x0000, 0x0000, 0x0800, 0x1000, 0x4000, 0xf021, 0xf800, 0xf800, 0xf800, 0xf800, 0xf800, 0xf800, 0xf800, 0xb800, 0x1000, 0x1000, 0x0800, 0x0000, 0x0000, 0x0000, 0x0000, 0x0000, 0x0000, 0x0000, 0x0000, 0x1082, 0x18e3, 0x18c3, 0x18c3, 0x2965, 0x39c6,
		0x39e7, 0x2945, 0x10c2, 0x18c3, 0x18e3, 0x1082, 0x0000, 0x0000, 0x0000, 0x0000, 0x0000, 0x0000, 0x0000, 0x0000, 0x0000, 0x0000, 0x0000, 0x0000, 0x0000, 0x0000, 0x0000, 0x0000, 0x0000, 0x0000, 0x0000, 0x0000, 0x0000, 0x0000, 0x0000, 0x0000, 0x0000, 0x0000, 0x0000, 0x0000, 0x0000, 0x0000, 0x0000, 0x0000, 0x0000, 0x0000, 0x0000, 0x0000, 0x0000, 0x0000, 0x0000, 0x0000, 0x0000, 0x0000, 0x0000, 0x0000, 0x0000, 0x0800, 0x1000, 0x4000, 0xf821, 0xf800, 0xf800, 0xf800, 0xf800, 0xf800, 0xf800, 0xf800, 0xb800, 0x1000, 0x1000, 0x0800, 0x0000, 0x0000, 0x0000, 0x0000, 0x0000, 0x0000, 0x0000, 0x0000, 0x1082, 0x18e3, 0x18c3, 0x18c3, 0x2965, 0x39c7,
		0x39e7, 0x2945, 0x10a2, 0x18c3, 0x18e3, 0x1082, 0x0000, 0x0000, 0x0000, 0x0000, 0x0000, 0x0000, 0x0000, 0x0000, 0x0000, 0x0000, 0x0000, 0x0000, 0x0000, 0x0000, 0x0000, 0x0000, 0x0000, 0x0000, 0x0000, 0x0000, 0x0000, 0x0000, 0x0000, 0x0000, 0x0000, 0x0000, 0x0000, 0x0000, 0x0000, 0x0000, 0x0000, 0x0000, 0x0000, 0x0000, 0x0000, 0x0000, 0x0000, 0x0000, 0x0000, 0x0000, 0x0000, 0x0000, 0x0000, 0x0000, 0x0000, 0x0800, 0x1000, 0x4800, 0xf001, 0xf800, 0xf800, 0xf800, 0xf800, 0xf800, 0xf800, 0xf800, 0xb800, 0x1000, 0x1000, 0x0800, 0x0000, 0x0000, 0x0000, 0x0000, 0x0000, 0x0000, 0x0000, 0x0000, 0x1082, 0x18e3, 0x18c3, 0x18c3, 0x2965, 0x39c7,
		0x39c7, 0x2945, 0x10a2, 0x18c3, 0x18e3, 0x1082, 0x0000, 0x0000, 0x0000, 0x0000, 0x0000, 0x0000, 0x0000, 0x0000, 0x0000, 0x0000, 0x0000, 0x0000, 0x0000, 0x0000, 0x0000, 0x0000, 0x0000, 0x0000, 0x0000, 0x0000, 0x0000, 0x0000, 0x0000, 0x0000, 0x0000, 0x0000, 0x0000, 0x0000, 0x0000, 0x0000, 0x0000, 0x0000, 0x0000, 0x0000, 0x0000, 0x0000, 0x0000, 0x0000, 0x0000, 0x0000, 0x0000, 0x0000, 0x0000, 0x0000, 0x0000, 0x0800, 0x1000, 0x4000, 0xf821, 0xf821, 0xf800, 0xf800, 0xf800, 0xf800, 0xf800, 0xf800, 0xb800, 0x1000, 0x1000, 0x0800, 0x0000, 0x0000, 0x0000, 0x0000, 0x0000, 0x0000, 0x0000, 0x0000, 0x1082, 0x18e3, 0x18c3, 0x18c3, 0x2965, 0x39c7,
		0x39c7, 0x2945, 0x18c3, 0x18c3, 0x18e3, 0x1082, 0x0000, 0x0000, 0x0000, 0x0000, 0x0000, 0x0000, 0x0000, 0x0000, 0x0000, 0x0000, 0x0000, 0x0000, 0x0000, 0x0000, 0x0000, 0x0000, 0x0000, 0x0000, 0x0000, 0x0000, 0x0000, 0x0000, 0x0000, 0x0000, 0x0000, 0x0000, 0x0000, 0x0000, 0x0000, 0x0000, 0x0000, 0x0000, 0x0000, 0x0000, 0x0000, 0x0000, 0x0000, 0x0000, 0x0000, 0x0000, 0x0000, 0x0000, 0x0000, 0x0000, 0x0000, 0x0800, 0x1000, 0x3800, 0xb821, 0xf021, 0xf800, 0xf800, 0xf800, 0xf800, 0xf800, 0xf821, 0xb821, 0x1800, 0x1000, 0x0800, 0x0000, 0x0000, 0x0000, 0x0000, 0x0000, 0x0000, 0x0000, 0x0000, 0x1082, 0x18e3, 0x18c3, 0x18c3, 0x2965, 0x39c7,
		0x39c7, 0x2945, 0x18c3, 0x18c3, 0x18e3, 0x1082, 0x0000, 0x0000, 0x0000, 0x0000, 0x0000, 0x0000, 0x0000, 0x0000, 0x0000, 0x0000, 0x0000, 0x0000, 0x0000, 0x0000, 0x0000, 0x0000, 0x0000, 0x0000, 0x0000, 0x0000, 0x0000, 0x0000, 0x0000, 0x0000, 0x0000, 0x0000, 0x0000, 0x0000, 0x0000, 0x0000, 0x0000, 0x0000, 0x0000, 0x0000, 0x0000, 0x0000, 0x0000, 0x0000, 0x0000, 0x0000, 0x0000, 0x0000, 0x0000, 0x0000, 0x0000, 0x0000, 0x1000, 0x2800, 0x3800, 0xd041, 0xf821, 0xf800, 0xf800, 0xf800, 0xf800, 0xf821, 0xb021, 0x1000, 0x0800, 0x0000, 0x0000, 0x0000, 0x0000, 0x0000, 0x0000, 0x0000, 0x0000, 0x0000, 0x1082, 0x18e3, 0x18c3, 0x18c3, 0x2965, 0x39c7,
		0x39c7, 0x2945, 0x18c3, 0x18c3, 0x18e3, 0x1082, 0x0000, 0x0000, 0x0000, 0x0000, 0x0000, 0x0000, 0x0000, 0x0000, 0x0000, 0x0000, 0x0000, 0x0000, 0x0000, 0x0000, 0x0000, 0x0000, 0x0000, 0x0000, 0x0000, 0x0000, 0x0000, 0x0000, 0x0000, 0x0000, 0x0000, 0x0000, 0x0000, 0x0000, 0x0000, 0x0000, 0x0000, 0x0000, 0x0000, 0x0000, 0x0000, 0x0000, 0x0000, 0x0000, 0x0000, 0x0000, 0x0000, 0x0000, 0x0000, 0x0000, 0x0000, 0x0000, 0x0800, 0x1800, 0x3000, 0x4800, 0xd821, 0xf821, 0xf800, 0xf800, 0xf821, 0xc021, 0x3000, 0x1800, 0x0800, 0x0000, 0x0000, 0x0000, 0x0000, 0x0000, 0x0000, 0x0000, 0x0000, 0x0000, 0x1082, 0x18e3, 0x18c3, 0x18c3, 0x2965, 0x39c6,
		0x39c7, 0x2945, 0x18c3, 0x18c3, 0x18e3, 0x1082, 0x0000, 0x0000, 0x0000, 0x0000, 0x0000, 0x0000, 0x0000, 0x0000, 0x0000, 0x0000, 0x0000, 0x0000, 0x0000, 0x0000, 0x0000, 0x0000, 0x0000, 0x0000, 0x0000, 0x0000, 0x0000, 0x0000, 0x0000, 0x0000, 0x0000, 0x0000, 0x0000, 0x0000, 0x0000, 0x0000, 0x0000, 0x0000, 0x0000, 0x0000, 0x0000, 0x0000, 0x0000, 0x0000, 0x0000, 0x0000, 0x0000, 0x0000, 0x0000, 0x0000, 0x0000, 0x0000, 0x0000, 0x0800, 0x2000, 0x3000, 0xb021, 0xf841, 0xf800, 0xf800, 0xd000, 0x5000, 0x1800, 0x1000, 0x0000, 0x0000, 0x0000, 0x0000, 0x0000, 0x0000, 0x0000, 0x0000, 0x0000, 0x0000, 0x1082, 0x18e3, 0x18c3, 0x18c3, 0x2965, 0x39c6,
		0x39c7, 0x2945, 0x18c2, 0x18c3, 0x18e3, 0x1082, 0x0000, 0x0000, 0x0000, 0x0000, 0x0000, 0x0000, 0x0000, 0x0000, 0x0000, 0x0000, 0x0000, 0x0000, 0x0000, 0x0000, 0x0000, 0x0000, 0x0000, 0x0000, 0x0000, 0x0000, 0x0000, 0x0000, 0x0000, 0x0000, 0x0000, 0x0000, 0x0000, 0x0000, 0x0000, 0x0000, 0x0000, 0x0000, 0x0000, 0x0000, 0x0000, 0x0000, 0x0000, 0x0000, 0x0000, 0x0000, 0x0000, 0x0000, 0x0000, 0x0000, 0x0000, 0x0000, 0x0000, 0x0800, 0x1000, 0x1800, 0x2800, 0xc021, 0xf821, 0xf800, 0xa800, 0x1000, 0x1000, 0x0800, 0x0000, 0x0000, 0x0000, 0x0000, 0x0000, 0x0000, 0x0000, 0x0000, 0x0000, 0x0000, 0x1082, 0x18e3, 0x18c3, 0x18c3, 0x2965, 0x39a6,
		0x39e7, 0x2945, 0x18c2, 0x18c3, 0x18e3, 0x1082, 0x0000, 0x0000, 0x0000, 0x0000, 0x0000, 0x0000, 0x0000, 0x0000, 0x0000, 0x0000, 0x0000, 0x0000, 0x0000, 0x0000, 0x0000, 0x0000, 0x0000, 0x0000, 0x0000, 0x0000, 0x0000, 0x0000, 0x0000, 0x0000, 0x0000, 0x0000, 0x0000, 0x0000, 0x0000, 0x0000, 0x0000, 0x0000, 0x0000, 0x0000, 0x0000, 0x0000, 0x0000, 0x0000, 0x0000, 0x0000, 0x0000, 0x0000, 0x0000, 0x0000, 0x0000, 0x0000, 0x0000, 0x0000, 0x0800, 0x1000, 0x2000, 0x4800, 0xd001, 0xd001, 0x4000, 0x1800, 0x0800, 0x0000, 0x0000, 0x0000, 0x0000, 0x0000, 0x0000, 0x0000, 0x0000, 0x0000, 0x0000, 0x0000, 0x1082, 0x18e3, 0x18c3, 0x18c3, 0x2965, 0x39c7,
		0x39e7, 0x2945, 0x10a2, 0x18c3, 0x18e3, 0x1082, 0x0000, 0x0000, 0x0000, 0x0000, 0x0000, 0x0000, 0x0000, 0x0000, 0x0000, 0x0000, 0x0000, 0x0000, 0x0000, 0x0000, 0x0000, 0x0000, 0x0000, 0x0000, 0x0000, 0x0000, 0x0000, 0x0000, 0x0000, 0x0000, 0x0000, 0x0000, 0x0000, 0x0000, 0x0000, 0x0000, 0x0000, 0x0000, 0x0000, 0x0000, 0x0000, 0x0000, 0x0000, 0x0000, 0x0000, 0x0000, 0x0000, 0x0000, 0x0000, 0x0000, 0x0000, 0x0000, 0x0000, 0x0000, 0x0000, 0x0800, 0x1000, 0x2000, 0x6800, 0x6800, 0x2000, 0x1000, 0x0000, 0x0000, 0x0000, 0x0000, 0x0000, 0x0000, 0x0000, 0x0000, 0x0000, 0x0000, 0x0000, 0x0000, 0x1082, 0x18e3, 0x18c3, 0x18c3, 0x2965, 0x39c7,
		0x39e7, 0x2945, 0x10a2, 0x18c3, 0x18e3, 0x1082, 0x0000, 0x0000, 0x0000, 0x0000, 0x0000, 0x0000, 0x0000, 0x0000, 0x0000, 0x0000, 0x0000, 0x0000, 0x0000, 0x0000, 0x0000, 0x0000, 0x0000, 0x0000, 0x0000, 0x0000, 0x0000, 0x0000, 0x0000, 0x0000, 0x0000, 0x0000, 0x0000, 0x0000, 0x0000, 0x0000, 0x0000, 0x0000, 0x0000, 0x0000, 0x0000, 0x0000, 0x0000, 0x0000, 0x0000, 0x0000, 0x0000, 0x0000, 0x0000, 0x0000, 0x0000, 0x0000, 0x0000, 0x0000, 0x0000, 0x0000, 0x0800, 0x1000, 0x2800, 0x2800, 0x1800, 0x0800, 0x0000, 0x0000, 0x0000, 0x0000, 0x0000, 0x0000, 0x0000, 0x0000, 0x0000, 0x0000, 0x0000, 0x0000, 0x1082, 0x18c3, 0x18c3, 0x18c3, 0x2965, 0x39c7,
		0x39e7, 0x2945, 0x10a2, 0x18c3, 0x18e3, 0x1082, 0x0000, 0x0000, 0x0000, 0x0000, 0x0000, 0x0000, 0x0000, 0x0000, 0x0000, 0x0000, 0x0000, 0x0000, 0x0000, 0x0000, 0x0000, 0x0000, 0x0000, 0x0000, 0x0000, 0x0000, 0x0000, 0x0000, 0x0000, 0x0000, 0x0000, 0x0000, 0x0000, 0x0000, 0x0000, 0x0000, 0x0000, 0x0000, 0x0000, 0x0000, 0x0000, 0x0000, 0x0000, 0x0000, 0x0000, 0x0000, 0x0000, 0x0000, 0x0000, 0x0000, 0x0000, 0x0000, 0x0000, 0x0000, 0x0000, 0x0000, 0x0000, 0x0000, 0x1800, 0x1800, 0x0000, 0x0000, 0x0000, 0x0000, 0x0000, 0x0000, 0x0000, 0x0000, 0x0000, 0x0000, 0x0000, 0x0000, 0x0000, 0x0000, 0x1082, 0x18e3, 0x18c3, 0x18c3, 0x2965, 0x39c7,
		0x39e7, 0x2945, 0x10a2, 0x18c3, 0x18e3, 0x1082, 0x0000, 0x0000, 0x0000, 0x0000, 0x0000, 0x0000, 0x0000, 0x0000, 0x0000, 0x0000, 0x0000, 0x0000, 0x0000, 0x0000, 0x0000, 0x0000, 0x0000, 0x0000, 0x0000, 0x0000, 0x0000, 0x0000, 0x0000, 0x0000, 0x0000, 0x0000, 0x0000, 0x0000, 0x0000, 0x0000, 0x0000, 0x0000, 0x0000, 0x0000, 0x0000, 0x0000, 0x0000, 0x0000, 0x0000, 0x0000, 0x0000, 0x0000, 0x0000, 0x0000, 0x0000, 0x0000, 0x0000, 0x0000, 0x0000, 0x0000, 0x0000, 0x0000, 0x0000, 0x0000, 0x0000, 0x0000, 0x0000, 0x0000, 0x0000, 0x0000, 0x0000, 0x0000, 0x0000, 0x0000, 0x0000, 0x0000, 0x0000, 0x0000, 0x1082, 0x18e3, 0x18c3, 0x18c3, 0x2965, 0x39c7,
		0x39e7, 0x2945, 0x10a2, 0x18c3, 0x18e3, 0x1082, 0x0000, 0x0000, 0x0000, 0x0000, 0x0000, 0x0000, 0x0000, 0x0000, 0x0000, 0x0000, 0x0000, 0x0000, 0x0000, 0x0000, 0x0000, 0x0000, 0x0000, 0x0000, 0x0000, 0x0000, 0x0000, 0x0000, 0x0000, 0x0000, 0x0000, 0x0000, 0x0000, 0x0000, 0x0000, 0x0000, 0x0000, 0x0000, 0x0000, 0x0000, 0x0000, 0x0000, 0x0000, 0x0000, 0x0000, 0x0000, 0x0000, 0x0000, 0x0000, 0x0000, 0x0000, 0x0000, 0x0000, 0x0000, 0x0000, 0x0000, 0x0000, 0x0000, 0x0000, 0x0000, 0x0000, 0x0000, 0x0000, 0x0000, 0x0000, 0x0000, 0x0000, 0x0000, 0x0000, 0x0000, 0x0000, 0x0000, 0x0000, 0x0000, 0x1082, 0x18e3, 0x18c3, 0x18c3, 0x2965, 0x39c7,
		0x39e7, 0x2945, 0x10a2, 0x18c3, 0x18e3, 0x1082, 0x0000, 0x0000, 0x0000, 0x0000, 0x0000, 0x0000, 0x0000, 0x0000, 0x0000, 0x0000, 0x0000, 0x0000, 0x0000, 0x0000, 0x0000, 0x0000, 0x0000, 0x0000, 0x0000, 0x0000, 0x0000, 0x0000, 0x0000, 0x0000, 0x0000, 0x0000, 0x0000, 0x0000, 0x0000, 0x0000, 0x0000, 0x0000, 0x0000, 0x0000, 0x0000, 0x0000, 0x0000, 0x0000, 0x0000, 0x0000, 0x0000, 0x0000, 0x0000, 0x0000, 0x0000, 0x0000, 0x0000, 0x0000, 0x0000, 0x0000, 0x0000, 0x0000, 0x0000, 0x0000, 0x0000, 0x0000, 0x0000, 0x0000, 0x0000, 0x0000, 0x0000, 0x0000, 0x0000, 0x0000, 0x0000, 0x0000, 0x0000, 0x0000, 0x1082, 0x18e3, 0x18c3, 0x18c3, 0x2965, 0x39c7,
		0x39c7, 0x2945, 0x10a2, 0x18c3, 0x18e3, 0x1082, 0x0000, 0x0000, 0x0000, 0x0000, 0x0000, 0x0000, 0x0000, 0x0000, 0x0000, 0x0000, 0x0000, 0x0000, 0x0000, 0x0000, 0x0000, 0x0000, 0x0000, 0x0000, 0x0000, 0x0000, 0x0000, 0x0000, 0x0000, 0x0000, 0x0000, 0x0000, 0x0000, 0x0000, 0x0000, 0x0000, 0x0000, 0x0000, 0x0000, 0x0000, 0x0000, 0x0000, 0x0000, 0x0000, 0x0000, 0x0000, 0x0000, 0x0000, 0x0000, 0x0000, 0x0000, 0x0000, 0x0000, 0x0000, 0x0000, 0x0000, 0x0000, 0x0000, 0x0000, 0x0000, 0x0000, 0x0000, 0x0000, 0x0000, 0x0000, 0x0000, 0x0000, 0x0000, 0x0000, 0x0000, 0x0000, 0x0000, 0x0000, 0x0000, 0x1082, 0x18e3, 0x18c3, 0x18c3, 0x2965, 0x39c7,
		0x39c7, 0x2945, 0x18c2, 0x18c3, 0x18e3, 0x1082, 0x0000, 0x0000, 0x0000, 0x0000, 0x0000, 0x0000, 0x0000, 0x0000, 0x0000, 0x0000, 0x0000, 0x0000, 0x0000, 0x0000, 0x0000, 0x0000, 0x0000, 0x0000, 0x0000, 0x0000, 0x0000, 0x0000, 0x0000, 0x0000, 0x0000, 0x0000, 0x0000, 0x0000, 0x0000, 0x0000, 0x0000, 0x0000, 0x0000, 0x0000, 0x0000, 0x0000, 0x0000, 0x0000, 0x0000, 0x0000, 0x0000, 0x0000, 0x0000, 0x0000, 0x0000, 0x0000, 0x0000, 0x0000, 0x0000, 0x0000, 0x0000, 0x0000, 0x0000, 0x0000, 0x0000, 0x0000, 0x0000, 0x0000, 0x0000, 0x0000, 0x0000, 0x0000, 0x0000, 0x0000, 0x0000, 0x0000, 0x0000, 0x0000, 0x1082, 0x18e3, 0x18c3, 0x18c3, 0x2965, 0x39c7,
		0x39c7, 0x2945, 0x10a2, 0x18c3, 0x18e3, 0x1082, 0x0000, 0x0000, 0x0000, 0x0000, 0x0000, 0x0000, 0x0000, 0x0000, 0x0000, 0x0000, 0x0000, 0x0000, 0x0000, 0x0000, 0x0000, 0x0000, 0x0000, 0x0000, 0x0000, 0x0000, 0x0000, 0x0000, 0x0000, 0x0000, 0x0000, 0x0000, 0x0000, 0x0000, 0x0000, 0x0000, 0x0000, 0x0000, 0x0000, 0x0000, 0x0000, 0x0000, 0x0000, 0x0000, 0x0000, 0x0000, 0x0000, 0x0000, 0x0000, 0x0000, 0x0000, 0x0000, 0x0000, 0x0000, 0x0000, 0x0000, 0x0000, 0x0000, 0x0000, 0x0000, 0x0000, 0x0000, 0x0000, 0x0000, 0x0000, 0x0000, 0x0000, 0x0000, 0x0000, 0x0000, 0x0000, 0x0000, 0x0000, 0x0000, 0x1082, 0x18e3, 0x18c3, 0x18c3, 0x2965, 0x39c7,
		0x39c7, 0x2945, 0x10a2, 0x18c3, 0x18e3, 0x1082, 0x0000, 0x0000, 0x0000, 0x0000, 0x0000, 0x0000, 0x0000, 0x0000, 0x0000, 0x0000, 0x0000, 0x0000, 0x0000, 0x0000, 0x0000, 0x0000, 0x0000, 0x0000, 0x0000, 0x0000, 0x0000, 0x0000, 0x0000, 0x0000, 0x0000, 0x0000, 0x0000, 0x0000, 0x0000, 0x0000, 0x0000, 0x0000, 0x0000, 0x0000, 0x0000, 0x0000, 0x0000, 0x0000, 0x0000, 0x0000, 0x0000, 0x0000, 0x0000, 0x0000, 0x0000, 0x0000, 0x0000, 0x0000, 0x0000, 0x0000, 0x0000, 0x0000, 0x0000, 0x0000, 0x0000, 0x0000, 0x0000, 0x0000, 0x0000, 0x0000, 0x0000, 0x0000, 0x0000, 0x0000, 0x0000, 0x0000, 0x0000, 0x0000, 0x1082, 0x18e3, 0x18c3, 0x18c3, 0x2965, 0x39c7,
		0x39c7, 0x2945, 0x10a2, 0x18c3, 0x18c3, 0x18e3, 0x1082, 0x0000, 0x0000, 0x0000, 0x0000, 0x0000, 0x0000, 0x0000, 0x0000, 0x0000, 0x0000, 0x0000, 0x0000, 0x0000, 0x0000, 0x0000, 0x0000, 0x0000, 0x0000, 0x0000, 0x0000, 0x0000, 0x0000, 0x0000, 0x0000, 0x0000, 0x0000, 0x0000, 0x0000, 0x0000, 0x0000, 0x0000, 0x0000, 0x0000, 0x0000, 0x0000, 0x0000, 0x0000, 0x0000, 0x0000, 0x0000, 0x0000, 0x0000, 0x0000, 0x0000, 0x0000, 0x0000, 0x0000, 0x0000, 0x0000, 0x0000, 0x0000, 0x0000, 0x0000, 0x0000, 0x0000, 0x0000, 0x0000, 0x0000, 0x0000, 0x0000, 0x0000, 0x0000, 0x0000, 0x0000, 0x0000, 0x0000, 0x1082, 0x18e3, 0x18c3, 0x18c3, 0x18c3, 0x2965, 0x39c7,
		0x39e7, 0x2945, 0x10a2, 0x18c3, 0x18c3, 0x18c3, 0x18c3, 0x1082, 0x0000, 0x0000, 0x0000, 0x0000, 0x0000, 0x0000, 0x0000, 0x0000, 0x0000, 0x0000, 0x0000, 0x0000, 0x0000, 0x0000, 0x0000, 0x0000, 0x0000, 0x0000, 0x0000, 0x0000, 0x0000, 0x0000, 0x0000, 0x0000, 0x0000, 0x0000, 0x0000, 0x0000, 0x0000, 0x0000, 0x0000, 0x0000, 0x0000, 0x0000, 0x0000, 0x0000, 0x0000, 0x0000, 0x0000, 0x0000, 0x0000, 0x0000, 0x0000, 0x0000, 0x0000, 0x0000, 0x0000, 0x0000, 0x0000, 0x0000, 0x0000, 0x0000, 0x0000, 0x0000, 0x0000, 0x0000, 0x0000, 0x0000, 0x0000, 0x0000, 0x0000, 0x0000, 0x0000, 0x0000, 0x1082, 0x18c3, 0x18c3, 0x18c3, 0x18c3, 0x18c3, 0x2965, 0x39c6,
		0x39e7, 0x2945, 0x10a2, 0x18c3, 0x18c3, 0x18c3, 0x18e3, 0x18c3, 0x0841, 0x0000, 0x0000, 0x0000, 0x0000, 0x0000, 0x0000, 0x0000, 0x0000, 0x0000, 0x0000, 0x0000, 0x0000, 0x0000, 0x0000, 0x0000, 0x0000, 0x0000, 0x0000, 0x0000, 0x0000, 0x0000, 0x0000, 0x0000, 0x0000, 0x0000, 0x0000, 0x0000, 0x0000, 0x0000, 0x0000, 0x0000, 0x0000, 0x0000, 0x0000, 0x0000, 0x0000, 0x0000, 0x0000, 0x0000, 0x0000, 0x0000, 0x0000, 0x0000, 0x0000, 0x0000, 0x0000, 0x0000, 0x0000, 0x0000, 0x0000, 0x0000, 0x0000, 0x0000, 0x0000, 0x0000, 0x0000, 0x0000, 0x0000, 0x0000, 0x0000, 0x0000, 0x0000, 0x0841, 0x18c3, 0x18e3, 0x18c3, 0x18c3, 0x18c3, 0x10c2, 0x2965, 0x31a6,
		0x39e7, 0x2945, 0x10a2, 0x18c3, 0x18c3, 0x18c3, 0x18c3, 0x18e3, 0x18c3, 0x0000, 0x0000, 0x0000, 0x0000, 0x0000, 0x0000, 0x0000, 0x0000, 0x0000, 0x0000, 0x0000, 0x0000, 0x0000, 0x0000, 0x0000, 0x0000, 0x0000, 0x0000, 0x0000, 0x0000, 0x0000, 0x0000, 0x0000, 0x0000, 0x0000, 0x0000, 0x0000, 0x0000, 0x0000, 0x0000, 0x0000, 0x0000, 0x0000, 0x0000, 0x0000, 0x0000, 0x0000, 0x0000, 0x0000, 0x0000, 0x0000, 0x0000, 0x0000, 0x0000, 0x0000, 0x0000, 0x0000, 0x0000, 0x0000, 0x0000, 0x0000, 0x0000, 0x0000, 0x0000, 0x0000, 0x0000, 0x0000, 0x0000, 0x0000, 0x0000, 0x0000, 0x0000, 0x18c3, 0x18e3, 0x18c3, 0x18c3, 0x18c3, 0x18c3, 0x18c3, 0x2965, 0x31a6,
		0x39e7, 0x2945, 0x10a2, 0x18c3, 0x18c3, 0x18c3, 0x18c3, 0x18e3, 0x18e3, 0x10a2, 0x0000, 0x0000, 0x0000, 0x0000, 0x0000, 0x0000, 0x0000, 0x0000, 0x0000, 0x0000, 0x0000, 0x0000, 0x0000, 0x0000, 0x0000, 0x0000, 0x0000, 0x0000, 0x0000, 0x0000, 0x0000, 0x0000, 0x0000, 0x0000, 0x0000, 0x0000, 0x0000, 0x0000, 0x0000, 0x0000, 0x0000, 0x0000, 0x0000, 0x0000, 0x0000, 0x0000, 0x0000, 0x0000, 0x0000, 0x0000, 0x0000, 0x0000, 0x0000, 0x0000, 0x0000, 0x0000, 0x0000, 0x0000, 0x0000, 0x0000, 0x0000, 0x0000, 0x0000, 0x0000, 0x0000, 0x0000, 0x0000, 0x0000, 0x0000, 0x0000, 0x10a2, 0x18e3, 0x18e3, 0x18c3, 0x18c3, 0x18c3, 0x18c3, 0x10a2, 0x2945, 0x31a6,
		0x39c7, 0x3185, 0x2104, 0x18c3, 0x18c3, 0x18c3, 0x18c3, 0x18c3, 0x18e3, 0x18e3, 0x1082, 0x0000, 0x0000, 0x0000, 0x0000, 0x0000, 0x0000, 0x0000, 0x0000, 0x0000, 0x0000, 0x0000, 0x0000, 0x0000, 0x0000, 0x0000, 0x0000, 0x0000, 0x0000, 0x0000, 0x0000, 0x0000, 0x0000, 0x0000, 0x0000, 0x0000, 0x0000, 0x0000, 0x0000, 0x0000, 0x0000, 0x0000, 0x0000, 0x0000, 0x0000, 0x0000, 0x0000, 0x0000, 0x0000, 0x0000, 0x0000, 0x0000, 0x0000, 0x0000, 0x0000, 0x0000, 0x0000, 0x0000, 0x0000, 0x0000, 0x0000, 0x0000, 0x0000, 0x0000, 0x0000, 0x0000, 0x0000, 0x0000, 0x0000, 0x0861, 0x18c3, 0x18e3, 0x18c3, 0x18c3, 0x18c3, 0x18c3, 0x18c3, 0x2104, 0x2965, 0x31a6,
		0x39a6, 0x39c7, 0x31a6, 0x18e3, 0x18c3, 0x18c3, 0x18c3, 0x18c3, 0x18c3, 0x18e3, 0x18c3, 0x0000, 0x0000, 0x0000, 0x0000, 0x0000, 0x0000, 0x0000, 0x0000, 0x0000, 0x0000, 0x0000, 0x0000, 0x0000, 0x0000, 0x0000, 0x0000, 0x0000, 0x0000, 0x0000, 0x0000, 0x0000, 0x0000, 0x0000, 0x0000, 0x0000, 0x0000, 0x0000, 0x0000, 0x0000, 0x0000, 0x0000, 0x0000, 0x0000, 0x0000, 0x0000, 0x0000, 0x0000, 0x0000, 0x0000, 0x0000, 0x0000, 0x0000, 0x0000, 0x0000, 0x0000, 0x0000, 0x0000, 0x0000, 0x0000, 0x0000, 0x0000, 0x0000, 0x0000, 0x0000, 0x0000, 0x0000, 0x0000, 0x0000, 0x18c3, 0x18e3, 0x18c3, 0x18c3, 0x18c3, 0x18c3, 0x18c3, 0x18e3, 0x31a6, 0x31a6, 0x3186,
		0x4aed, 0x4249, 0x3186, 0x3186, 0x2104, 0x18c3, 0x18c3, 0x18c3, 0x18c3, 0x18c3, 0x18e3, 0x10a2, 0x0000, 0x0000, 0x0000, 0x0000, 0x0000, 0x0000, 0x0000, 0x0000, 0x0000, 0x0000, 0x0000, 0x0000, 0x0000, 0x0000, 0x0000, 0x0000, 0x0000, 0x0000, 0x0000, 0x0000, 0x0000, 0x0000, 0x0000, 0x0000, 0x0000, 0x0000, 0x0000, 0x0000, 0x0000, 0x0000, 0x0000, 0x0000, 0x0000, 0x0000, 0x0000, 0x0000, 0x0000, 0x0000, 0x0000, 0x0000, 0x0000, 0x0000, 0x0000, 0x0000, 0x0000, 0x0000, 0x0000, 0x0000, 0x0000, 0x0000, 0x0000, 0x0000, 0x0000, 0x0000, 0x0000, 0x0000, 0x10a2, 0x18e3, 0x18c3, 0x18c3, 0x18c3, 0x18c3, 0x18c3, 0x18e3, 0x2965, 0x3185, 0x3a29, 0x42ab,
		0x4b2e, 0x4aed, 0x39e7, 0x3186, 0x2945, 0x18e3, 0x18c3, 0x18c3, 0x18c3, 0x18c3, 0x18e3, 0x18e3, 0x1082, 0x0000, 0x0000, 0x0000, 0x0000, 0x0000, 0x0000, 0x0000, 0x0000, 0x0000, 0x0000, 0x0000, 0x0000, 0x0000, 0x0000, 0x0000, 0x0000, 0x0000, 0x0000, 0x0000, 0x0000, 0x0000, 0x0000, 0x0000, 0x0000, 0x0000, 0x0000, 0x0000, 0x0000, 0x0000, 0x0000, 0x0000, 0x0000, 0x0000, 0x0000, 0x0000, 0x0000, 0x0000, 0x0000, 0x0000, 0x0000, 0x0000, 0x0000, 0x0000, 0x0000, 0x0000, 0x0000, 0x0000, 0x0000, 0x0000, 0x0000, 0x0000, 0x0000, 0x0000, 0x0000, 0x1082, 0x18e3, 0x18e3, 0x18c3, 0x18c3, 0x18c3, 0x18c3, 0x18e3, 0x2945, 0x3186, 0x3a08, 0x42cc, 0x42ed,
		0x4b0d, 0x4b2e, 0x4acc, 0x39c7, 0x3185, 0x2944, 0x18c3, 0x18c3, 0x18c3, 0x18c3, 0x18c3, 0x18e3, 0x18e3, 0x0861, 0x0841, 0x0841, 0x0841, 0x0841, 0x0841, 0x0841, 0x0841, 0x0841, 0x0841, 0x0841, 0x0841, 0x0841, 0x0841, 0x0841, 0x0841, 0x0841, 0x0841, 0x0841, 0x0841, 0x0841, 0x0841, 0x0841, 0x0841, 0x0841, 0x0841, 0x0841, 0x0841, 0x0841, 0x0841, 0x0841, 0x0841, 0x0841, 0x0841, 0x0841, 0x0841, 0x0841, 0x0841, 0x0841, 0x0841, 0x0841, 0x0841, 0x0841, 0x0841, 0x0841, 0x0841, 0x0841, 0x0841, 0x0841, 0x0841, 0x0841, 0x0841, 0x0841, 0x0861, 0x18e3, 0x18e3, 0x18c3, 0x18c3, 0x18c3, 0x18e3, 0x18c3, 0x2944, 0x3186, 0x39e8, 0x42cc, 0x430d, 0x42cc,
		0x4b0d, 0x4b0d, 0x4b4e, 0x426a, 0x3186, 0x3186, 0x18e3, 0x18c2, 0x18c3, 0x18c3, 0x18c3, 0x18c3, 0x18e3, 0x18e3, 0x18e3, 0x18e3, 0x18e3, 0x18e3, 0x18e3, 0x18e3, 0x18e3, 0x18e3, 0x18e3, 0x18e3, 0x18e3, 0x18e3, 0x18e3, 0x18e3, 0x18e3, 0x18e3, 0x18e3, 0x18e3, 0x18e3, 0x18e3, 0x18e3, 0x18e3, 0x18e3, 0x18e3, 0x18e3, 0x18e3, 0x18e3, 0x18e3, 0x18e3, 0x18e3, 0x18e3, 0x18e3, 0x18e3, 0x18e3, 0x18e3, 0x18e3, 0x18e3, 0x18e3, 0x18e3, 0x18e3, 0x18e3, 0x18e3, 0x18e3, 0x18e3, 0x18e3, 0x18e3, 0x18e3, 0x18e3, 0x18e3, 0x18e3, 0x18e3, 0x18e3, 0x18e3, 0x18e3, 0x18c3, 0x18c3, 0x18c3, 0x18e3, 0x18c3, 0x2104, 0x31a6, 0x3185, 0x3a4a, 0x4b0d, 0x42ec, 0x42cc,
		0x4b0d, 0x4b0d, 0x4b0d, 0x4b2d, 0x426a, 0x31a6, 0x3186, 0x2104, 0x18c3, 0x18c3, 0x18c3, 0x18c3, 0x18e3, 0x18e3, 0x18c3, 0x18e3, 0x18e3, 0x18e3, 0x18e3, 0x18e3, 0x18e3, 0x18e3, 0x18e3, 0x18e3, 0x18e3, 0x18e3, 0x18e3, 0x18e3, 0x18e3, 0x18e3, 0x18c3, 0x18e3, 0x18e3, 0x18e3, 0x18e3, 0x18e3, 0x18e3, 0x18e3, 0x18e3, 0x18e3, 0x18e3, 0x18e3, 0x18e3, 0x18e3, 0x18e3, 0x18e3, 0x18e3, 0x18e3, 0x18e3, 0x18e3, 0x18e3, 0x18e3, 0x18e3, 0x18e3, 0x18e3, 0x18e3, 0x18e3, 0x18e3, 0x18e3, 0x18e3, 0x18e3, 0x18e3, 0x18e3, 0x18e3, 0x18e3, 0x18e3, 0x18e3, 0x18e3, 0x18c3, 0x18c3, 0x18c3, 0x18c3, 0x2104, 0x3186, 0x39a6, 0x3a49, 0x42cc, 0x42ed, 0x42ed, 0x42ec,
		0x4b0d, 0x4b0d, 0x4b0d, 0x4b4e, 0x42cc, 0x31a6, 0x39a6, 0x3186, 0x18c3, 0x18c3, 0x18c3, 0x18c3, 0x18c3, 0x18c3, 0x18c3, 0x18c3, 0x18e3, 0x18e3, 0x18e3, 0x18e3, 0x18e3, 0x18e3, 0x18e3, 0x18e3, 0x18c3, 0x18c3, 0x18c3, 0x18c3, 0x18c3, 0x18c3, 0x18c3, 0x18c3, 0x18c3, 0x18c3, 0x18e3, 0x18e3, 0x18e3, 0x18e3, 0x18c3, 0x18c3, 0x18c3, 0x18e3, 0x18e3, 0x18e3, 0x18e3, 0x18e3, 0x18e3, 0x18e3, 0x18c3, 0x18e3, 0x18c3, 0x18c3, 0x18e3, 0x18e3, 0x18e3, 0x18e3, 0x18e3, 0x18e3, 0x18e3, 0x18e3, 0x18e3, 0x18e3, 0x18e3, 0x18e3, 0x18e3, 0x18e3, 0x18e3, 0x18c3, 0x18c3, 0x18c3, 0x18c3, 0x18e3, 0x31a6, 0x39c6, 0x31a6, 0x42ab, 0x4b2e, 0x42ed, 0x42ed, 0x42ed,
		0x4b0d, 0x4b0d, 0x4b0d, 0x4b2e, 0x4b2e, 0x428b, 0x3186, 0x39c6, 0x3185, 0x18c2, 0x18c3, 0x18c3, 0x18c3, 0x18c3, 0x18c3, 0x18c3, 0x18c3, 0x18e3, 0x18e3, 0x18e3, 0x18e3, 0x18e3, 0x18c3, 0x18c3, 0x18c3, 0x18c3, 0x18c3, 0x18c3, 0x18c3, 0x18c3, 0x18c3, 0x18c3, 0x18c3, 0x18c3, 0x18c3, 0x18c3, 0x18c3, 0x18c3, 0x18c3, 0x18c3, 0x18c3, 0x18c3, 0x18c3, 0x18c3, 0x18c3, 0x18c3, 0x18c3, 0x18c3, 0x18c3, 0x18c3, 0x18c3, 0x18c3, 0x18c3, 0x18c3, 0x18c3, 0x18c3, 0x18c3, 0x18c3, 0x18e3, 0x18c3, 0x18c3, 0x18c3, 0x18c3, 0x18c3, 0x18c3, 0x18c3, 0x18c3, 0x18c3, 0x18c3, 0x18c3, 0x18c3, 0x2965, 0x31a6, 0x3186, 0x428a, 0x4b0d, 0x430d, 0x430d, 0x430d, 0x42ed,
		0x4b0d, 0x4b0d, 0x4b0d, 0x4b0d, 0x4b2e, 0x4b2e, 0x426a, 0x3186, 0x31a6, 0x2965, 0x3186, 0x3186, 0x3186, 0x3186, 0x3186, 0x3186, 0x3186, 0x3186, 0x3186, 0x3186, 0x3186, 0x3186, 0x3186, 0x3186, 0x3186, 0x3186, 0x3186, 0x3186, 0x3186, 0x3186, 0x3186, 0x3186, 0x3186, 0x3186, 0x3186, 0x3186, 0x3186, 0x3186, 0x3186, 0x3186, 0x3186, 0x3186, 0x3186, 0x3186, 0x3186, 0x3186, 0x3186, 0x3186, 0x3186, 0x3186, 0x3186, 0x3186, 0x3186, 0x3186, 0x3186, 0x3186, 0x3186, 0x3186, 0x3186, 0x3186, 0x3186, 0x3186, 0x3186, 0x3186, 0x3186, 0x3186, 0x3186, 0x3186, 0x3186, 0x3186, 0x3186, 0x31a6, 0x3186, 0x426a, 0x4b0d, 0x4b0d, 0x430d, 0x430d, 0x430d, 0x430d,
		0x4b0d, 0x4b0d, 0x4b0d, 0x4b0d, 0x4b2d, 0x4b2e, 0x4b0d, 0x3a29, 0x31a6, 0x39c7, 0x39c7, 0x39c7, 0x39c7, 0x39c7, 0x39c7, 0x39c7, 0x39c7, 0x39c7, 0x39c7, 0x39e7, 0x39c7, 0x39c7, 0x39c7, 0x39c7, 0x39c7, 0x39c7, 0x39c7, 0x39c7, 0x39c7, 0x39c7, 0x39c7, 0x39c7, 0x39c7, 0x39c7, 0x39e7, 0x39e7, 0x39e7, 0x39e7, 0x39c7, 0x39c7, 0x39c7, 0x39c7, 0x39c7, 0x39c7, 0x39c7, 0x39c7, 0x39c7, 0x39c7, 0x39c7, 0x39c7, 0x39c7, 0x39c7, 0x39c7, 0x39c7, 0x39e7, 0x39e7, 0x39e7, 0x39e7, 0x39c7, 0x39c7, 0x39e7, 0x39e7, 0x39c7, 0x39c7, 0x39c7, 0x39c7, 0x39c7, 0x39c7, 0x39c7, 0x39c7, 0x39c7, 0x39a6, 0x4229, 0x4aec, 0x4b2e, 0x4b0d, 0x4b0d, 0x4b0d, 0x430d, 0x430d,
		0x4b0d, 0x4b0d, 0x4b0d, 0x4b0d, 0x4b0d, 0x4b2e, 0x4b4e, 0x4aec, 0x31a6, 0x31a6, 0x31a6, 0x31a6, 0x39c7, 0x39c7, 0x39c7, 0x39c7, 0x39c7, 0x39c7, 0x39c7, 0x39c7, 0x39c7, 0x39c7, 0x39c7, 0x39c7, 0x39c7, 0x39c7, 0x39c7, 0x39a6, 0x39a6, 0x31a6, 0x31a6, 0x31a6, 0x39a6, 0x39c7, 0x39c7, 0x39c7, 0x39c7, 0x39c7, 0x39c7, 0x39c7, 0x39c7, 0x39c7, 0x39c7, 0x39c7, 0x39c7, 0x39c7, 0x39c7, 0x39c7, 0x39c7, 0x39c7, 0x39c6, 0x31a6, 0x39c7, 0x39c7, 0x39c7, 0x39c7, 0x39c7, 0x39c7, 0x39c7, 0x39c7, 0x39c7, 0x39c7, 0x39c7, 0x39c6, 0x31a6, 0x31a6, 0x39a6, 0x31a6, 0x39a6, 0x39c7, 0x39a6, 0x31a6, 0x4acc, 0x4b2e, 0x4b0d, 0x4b0d, 0x4b0d, 0x4aed, 0x42ed, 0x430d
};
const uint16_t DISPLAY2[] = {
		0x4b2e, 0x4b2e, 0x4b2e, 0x4b2e, 0x536f, 0x4aed, 0x42ac, 0x428b, 0x39c7, 0x39c7, 0x39c7, 0x39c7, 0x39a6, 0x31a6, 0x31a6, 0x39c7, 0x39c7, 0x39a6, 0x39c7, 0x39c7, 0x39c7, 0x39c6, 0x39c7, 0x39c7, 0x39c7, 0x39c7, 0x39e7, 0x39e7, 0x39c7, 0x39a7, 0x31a6, 0x39c7, 0x39c7, 0x39c7, 0x39c7, 0x39c7, 0x39c7, 0x39a6, 0x39c7, 0x39c7, 0x39c7, 0x39c7, 0x31a6, 0x31a6, 0x39c7, 0x39c7, 0x39c7, 0x39c7, 0x39a6, 0x39c7, 0x39e7, 0x39c7, 0x39c7, 0x39c7, 0x39c7, 0x39c7, 0x39c7, 0x39c7, 0x39c7, 0x39c7, 0x39c7, 0x39a6, 0x39c6, 0x39c7, 0x39c6, 0x39c7, 0x39c7, 0x39c7, 0x39c7, 0x31a6, 0x39a6, 0x3a08, 0x42ac, 0x428b, 0x4b4f, 0x4b2e, 0x4b2e, 0x4b2e, 0x4b0e, 0x4b0e,
		0x4b0e, 0x4b2e, 0x4b2e, 0x4b2f, 0x53b1, 0x31e8, 0x2103, 0x3165, 0x39e7, 0x39e7, 0x39c7, 0x39e7, 0x39c7, 0x39c7, 0x39e7, 0x39e7, 0x39e7, 0x39e7, 0x39e7, 0x39e7, 0x39e7, 0x39e7, 0x39e7, 0x39e7, 0x39e7, 0x39e7, 0x4207, 0x4208, 0x39e7, 0x39e7, 0x39c7, 0x39e7, 0x39e7, 0x39e7, 0x41e7, 0x39e7, 0x39e7, 0x39e7, 0x39e7, 0x41e7, 0x39e7, 0x39e7, 0x39e7, 0x39c7, 0x39e7, 0x39e7, 0x39e7, 0x39e7, 0x39e7, 0x39e7, 0x39e7, 0x39e7, 0x39e7, 0x39e7, 0x4208, 0x4207, 0x4208, 0x41e7, 0x39e7, 0x39e7, 0x39e7, 0x39e7, 0x39e7, 0x39e7, 0x39e7, 0x39e7, 0x39e7, 0x39e7, 0x39e7, 0x39c7, 0x41e7, 0x39c6, 0x2924, 0x2924, 0x4b0e, 0x5370, 0x4b2e, 0x4b2e, 0x4b2e, 0x4b0e,
		0x4b0e, 0x4b0e, 0x4b2f, 0x4b2f, 0x42ed, 0x3a08, 0x39a6, 0x39c7, 0x2945, 0x2104, 0x2124, 0x2124, 0x2124, 0x2124, 0x2124, 0x2124, 0x2124, 0x2124, 0x2124, 0x2124, 0x2124, 0x2124, 0x2124, 0x2124, 0x2124, 0x2124, 0x2124, 0x2124, 0x2124, 0x2124, 0x2124, 0x2124, 0x2124, 0x2124, 0x2124, 0x2124, 0x2124, 0x2124, 0x2124, 0x2124, 0x2124, 0x2124, 0x2124, 0x2124, 0x2124, 0x2124, 0x2124, 0x2124, 0x2124, 0x2124, 0x2124, 0x2124, 0x2124, 0x2124, 0x2924, 0x2924, 0x2945, 0x2924, 0x2124, 0x2124, 0x2124, 0x2124, 0x2124, 0x2124, 0x2124, 0x2124, 0x2124, 0x2124, 0x2124, 0x2124, 0x2124, 0x2965, 0x39c7, 0x31a6, 0x3a4a, 0x4b0d, 0x4b4f, 0x4b2e, 0x4b0e, 0x4b0e,
		0x4b0e, 0x4b0e, 0x5370, 0x4b2e, 0x2104, 0x39c7, 0x39e7, 0x3186, 0x18e3, 0x18c3, 0x18c3, 0x18c3, 0x18c3, 0x18c3, 0x18c3, 0x18c3, 0x18c3, 0x18c3, 0x18e3, 0x18c3, 0x18c3, 0x18c3, 0x18c3, 0x18c3, 0x18c3, 0x18c3, 0x18c3, 0x18c3, 0x18c3, 0x18c3, 0x18c3, 0x18c3, 0x18c3, 0x18c3, 0x18c3, 0x18c3, 0x18c3, 0x18c3, 0x18c3, 0x18c3, 0x18e3, 0x18c3, 0x18c3, 0x18c3, 0x18c3, 0x18c3, 0x18c3, 0x18c3, 0x18c3, 0x18c3, 0x18c3, 0x18c3, 0x18c3, 0x18c3, 0x18c3, 0x18e3, 0x18e3, 0x18c3, 0x18c3, 0x18c3, 0x18e3, 0x18e3, 0x18c3, 0x18e3, 0x18e3, 0x18e3, 0x18e3, 0x18c3, 0x18c3, 0x18c3, 0x18c3, 0x2104, 0x31a6, 0x39e7, 0x2944, 0x31a7, 0x5390, 0x4b2f, 0x4b0e, 0x4b0e,
		0x4b2e, 0x4b2f, 0x536f, 0x4aed, 0x3165, 0x39e7, 0x3165, 0x18c3, 0x18c3, 0x18e3, 0x18e3, 0x18e3, 0x18e3, 0x18e3, 0x18e3, 0x18e3, 0x18e3, 0x18e3, 0x18e3, 0x18e3, 0x18e3, 0x18e3, 0x18e3, 0x18e3, 0x18e3, 0x18e3, 0x18e3, 0x18e3, 0x18e3, 0x18e3, 0x18e3, 0x18e3, 0x18e3, 0x18e3, 0x18e3, 0x18e3, 0x18e3, 0x18e3, 0x18e3, 0x18e3, 0x18e3, 0x18e3, 0x18e3, 0x18e3, 0x18e3, 0x18e3, 0x18e3, 0x18e3, 0x18e3, 0x18e3, 0x18e3, 0x18e3, 0x18e3, 0x18e3, 0x18e3, 0x18e3, 0x18e3, 0x18e3, 0x18e3, 0x18e3, 0x18e3, 0x18e3, 0x18e3, 0x18e3, 0x18e3, 0x18e3, 0x18e3, 0x18e3, 0x18e3, 0x18e3, 0x18e3, 0x18c3, 0x2104, 0x39c7, 0x3186, 0x3186, 0x4b0e, 0x4b4f, 0x4b2e, 0x4b0e,
		0x4b2e, 0x53b1, 0x3a4a, 0x31a6, 0x41e7, 0x3186, 0x2104, 0x18c3, 0x18c3, 0x18c3, 0x18e3, 0x18e3, 0x18e3, 0x18e3, 0x18e3, 0x18e3, 0x18e3, 0x18e3, 0x18e3, 0x18e3, 0x18e3, 0x18e3, 0x18e3, 0x18e3, 0x18e3, 0x18e3, 0x18e3, 0x18e3, 0x18e3, 0x18e3, 0x18e3, 0x18e3, 0x18e3, 0x18e3, 0x18e3, 0x18e3, 0x18e3, 0x18e3, 0x18e3, 0x18e3, 0x18e3, 0x18e3, 0x18e3, 0x18e3, 0x18e3, 0x18e3, 0x18e3, 0x18e3, 0x18e3, 0x18e3, 0x18e3, 0x18e3, 0x18e3, 0x18e3, 0x18e3, 0x18e3, 0x18e3, 0x18e3, 0x18e3, 0x18e3, 0x18e3, 0x18e3, 0x18e3, 0x18e3, 0x18e3, 0x18e3, 0x18e3, 0x18e3, 0x18e3, 0x18e3, 0x18e3, 0x18c3, 0x18e3, 0x2944, 0x39a6, 0x39c7, 0x2945, 0x4b0e, 0x4b70, 0x4b0e,
		0x4b4f, 0x4aed, 0x3a08, 0x31a6, 0x41e7, 0x2104, 0x10a2, 0x18c3, 0x18c3, 0x18e3, 0x18e3, 0x18e3, 0x18e3, 0x18e3, 0x18e3, 0x2103, 0x20e3, 0x18e3, 0x18e3, 0x18e3, 0x18e3, 0x18e3, 0x18e3, 0x18e3, 0x18e3, 0x18e3, 0x18e3, 0x18e3, 0x18e3, 0x18e3, 0x18e3, 0x18e3, 0x18e3, 0x18e3, 0x18e3, 0x18e3, 0x18e3, 0x18e3, 0x18e3, 0x18e3, 0x18e3, 0x18e3, 0x18e3, 0x18e3, 0x18e3, 0x18e3, 0x18e3, 0x18e3, 0x18e3, 0x18e3, 0x18e3, 0x18e3, 0x18e3, 0x18e3, 0x18e3, 0x18e3, 0x18e3, 0x18e3, 0x18e3, 0x18e3, 0x18e3, 0x20e3, 0x18e3, 0x18e3, 0x20e3, 0x18e3, 0x18e3, 0x18e3, 0x18e3, 0x18e3, 0x18e3, 0x18e3, 0x18e3, 0x18c3, 0x3165, 0x39e7, 0x3165, 0x3a6a, 0x4b2f, 0x4b2f,
		0x5370, 0x31a6, 0x39c7, 0x39e7, 0x2124, 0x18c3, 0x18c3, 0x18c3, 0x18c3, 0x18e3, 0x18c3, 0x0020, 0x0020, 0x0020, 0x0020, 0x0020, 0x0020, 0x0020, 0x0020, 0x0020, 0x0020, 0x0020, 0x0020, 0x0020, 0x0020, 0x0020, 0x0020, 0x0020, 0x0020, 0x0020, 0x0020, 0x0020, 0x0020, 0x0020, 0x0020, 0x0020, 0x0020, 0x0020, 0x0020, 0x0020, 0x0020, 0x0020, 0x0020, 0x0020, 0x0020, 0x0020, 0x0020, 0x0020, 0x0020, 0x0020, 0x0020, 0x0020, 0x0020, 0x0020, 0x0020, 0x0020, 0x0020, 0x0020, 0x0020, 0x0020, 0x0020, 0x0020, 0x0020, 0x0020, 0x0020, 0x0020, 0x0020, 0x0020, 0x1082, 0x18e3, 0x18e3, 0x18e3, 0x18e3, 0x18e3, 0x18e3, 0x2945, 0x39e7, 0x3165, 0x3a4a, 0x4b70,
		0x4b4f, 0x39c7, 0x39e7, 0x39c7, 0x18c3, 0x18c3, 0x18c3, 0x18c3, 0x18e3, 0x18e3, 0x1061, 0x0000, 0x0000, 0x0000, 0x0000, 0x0000, 0x0000, 0x0000, 0x0000, 0x0000, 0x0000, 0x0000, 0x0000, 0x0000, 0x0000, 0x0000, 0x0000, 0x0000, 0x0000, 0x0000, 0x0000, 0x0000, 0x0000, 0x0000, 0x0000, 0x0000, 0x0000, 0x0000, 0x0000, 0x0000, 0x0000, 0x0000, 0x0000, 0x0000, 0x0000, 0x0000, 0x0000, 0x0000, 0x0000, 0x0000, 0x0000, 0x0000, 0x0000, 0x0000, 0x0000, 0x0000, 0x0000, 0x0000, 0x0000, 0x0000, 0x0000, 0x0000, 0x0000, 0x0000, 0x0000, 0x0000, 0x0000, 0x0000, 0x0000, 0x18c2, 0x2103, 0x18e3, 0x18e3, 0x18e3, 0x18c3, 0x2103, 0x39c7, 0x3186, 0x3a08, 0x5370,
		0x31c7, 0x4208, 0x3186, 0x2104, 0x18c3, 0x18c3, 0x18c3, 0x18e3, 0x2104, 0x1082, 0x0000, 0x0000, 0x0020, 0x0020, 0x0020, 0x0020, 0x0020, 0x0020, 0x0020, 0x0020, 0x0020, 0x0020, 0x0020, 0x0020, 0x0020, 0x0020, 0x0020, 0x0020, 0x0020, 0x0000, 0x0000, 0x0020, 0x0000, 0x0020, 0x0000, 0x0000, 0x0020, 0x0020, 0x0020, 0x0020, 0x0000, 0x0020, 0x0020, 0x0020, 0x0000, 0x0000, 0x0000, 0x0020, 0x0020, 0x0000, 0x0000, 0x0800, 0x0000, 0x0000, 0x0000, 0x0000, 0x0020, 0x0020, 0x0020, 0x0020, 0x0020, 0x0020, 0x0020, 0x0020, 0x0020, 0x0020, 0x0020, 0x0020, 0x0000, 0x0020, 0x18e3, 0x18e3, 0x18e3, 0x18e3, 0x18e3, 0x18e3, 0x2124, 0x31a6, 0x39c7, 0x31a7,
		0x2945, 0x39e7, 0x2945, 0x18c2, 0x18e3, 0x18e3, 0x18e3, 0x20e3, 0x18e3, 0x0020, 0x0000, 0x0020, 0x0020, 0x0020, 0x0020, 0x0020, 0x0020, 0x0020, 0x0020, 0x0020, 0x0020, 0x0020, 0x0020, 0x0020, 0x0020, 0x0820, 0x0820, 0x0820, 0x0820, 0x0820, 0x0820, 0x0820, 0x0820, 0x0820, 0x0820, 0x0820, 0x0820, 0x0820, 0x0820, 0x0820, 0x0820, 0x0820, 0x0820, 0x0820, 0x0820, 0x0820, 0x0820, 0x0820, 0x0820, 0x0820, 0x0820, 0x0820, 0x0820, 0x0820, 0x0820, 0x0820, 0x0820, 0x0020, 0x0020, 0x0020, 0x0020, 0x0020, 0x0020, 0x0020, 0x0020, 0x0020, 0x0020, 0x0020, 0x0000, 0x0000, 0x1082, 0x18e3, 0x18e3, 0x18e3, 0x18e3, 0x18e3, 0x18c3, 0x3186, 0x39a6, 0x2924,
		0x31a6, 0x2944, 0x18e3, 0x18e3, 0x18e3, 0x18e3, 0x2104, 0x2104, 0x0020, 0x0000, 0x0020, 0x0020, 0x0020, 0x0020, 0x0020, 0x0020, 0x0020, 0x0020, 0x0020, 0x0020, 0x0020, 0x0020, 0x0020, 0x0020, 0x0020, 0x0820, 0x0820, 0x0820, 0x0800, 0x0800, 0x0800, 0x0800, 0x0800, 0x0800, 0x0800, 0x0800, 0x0800, 0x0800, 0x0800, 0x0800, 0x0800, 0x0800, 0x0800, 0x0800, 0x0800, 0x0800, 0x0800, 0x0800, 0x0800, 0x0800, 0x1000, 0x1000, 0x0800, 0x0800, 0x0800, 0x0800, 0x0800, 0x0820, 0x0020, 0x0020, 0x0020, 0x0020, 0x0020, 0x0020, 0x0020, 0x0020, 0x0020, 0x0020, 0x0020, 0x0000, 0x0000, 0x10a2, 0x2104, 0x18e3, 0x18e3, 0x18c3, 0x18e3, 0x2104, 0x2965, 0x39c7,
		0x39e7, 0x2104, 0x18c3, 0x18e3, 0x18e3, 0x2104, 0x2104, 0x1082, 0x0000, 0x0000, 0x0020, 0x0020, 0x0020, 0x0020, 0x0020, 0x0020, 0x0020, 0x0020, 0x0020, 0x0020, 0x0020, 0x0020, 0x0020, 0x0020, 0x0820, 0x0820, 0x0800, 0x1000, 0x1000, 0x1000, 0x1000, 0x1000, 0x1000, 0x1000, 0x1000, 0x1000, 0x1000, 0x1000, 0x1000, 0x1000, 0x1000, 0x1000, 0x1000, 0x1000, 0x1000, 0x1000, 0x1000, 0x1000, 0x1000, 0x1000, 0x1000, 0x1000, 0x1000, 0x1800, 0x1000, 0x1000, 0x1000, 0x0800, 0x0820, 0x0020, 0x0020, 0x0020, 0x0020, 0x0020, 0x0020, 0x0020, 0x0020, 0x0020, 0x0020, 0x0020, 0x0000, 0x0841, 0x18c3, 0x2104, 0x18e3, 0x18e3, 0x18e3, 0x18c3, 0x2945, 0x39e7,
		0x39e7, 0x2104, 0x18c3, 0x18e3, 0x2104, 0x2104, 0x18c3, 0x0000, 0x0000, 0x0020, 0x0020, 0x0020, 0x0020, 0x0020, 0x0020, 0x0020, 0x0020, 0x0020, 0x0020, 0x0020, 0x0020, 0x0020, 0x0020, 0x0820, 0x0820, 0x0800, 0x1000, 0x1800, 0x1800, 0x2000, 0x2000, 0x2000, 0x2000, 0x2000, 0x2000, 0x2000, 0x2000, 0x2000, 0x2000, 0x2000, 0x2000, 0x2000, 0x2000, 0x2000, 0x2000, 0x2000, 0x2000, 0x2000, 0x2000, 0x2000, 0x2000, 0x2000, 0x2000, 0x2000, 0x2000, 0x1800, 0x1800, 0x1000, 0x0820, 0x0820, 0x0820, 0x0020, 0x0020, 0x0020, 0x0020, 0x0020, 0x0020, 0x0020, 0x0020, 0x0020, 0x0020, 0x0000, 0x0841, 0x2104, 0x20e3, 0x18e3, 0x18e3, 0x18c3, 0x2965, 0x4208,
		0x41e7, 0x2104, 0x18c3, 0x18e3, 0x2104, 0x18e3, 0x0840, 0x0000, 0x0020, 0x0020, 0x0020, 0x0020, 0x0020, 0x0020, 0x0020, 0x0020, 0x0020, 0x0020, 0x0020, 0x0020, 0x0020, 0x0020, 0x0820, 0x0820, 0x1000, 0x1000, 0x2000, 0x2800, 0x3000, 0x3000, 0x3000, 0x3000, 0x3000, 0x3000, 0x3000, 0x3000, 0x3000, 0x3000, 0x3000, 0x3000, 0x3000, 0x3000, 0x3000, 0x3000, 0x3000, 0x3000, 0x3000, 0x3000, 0x3000, 0x3000, 0x3000, 0x3000, 0x3000, 0x3000, 0x3000, 0x3000, 0x2800, 0x1800, 0x1000, 0x0820, 0x0820, 0x0020, 0x0020, 0x0020, 0x0020, 0x0020, 0x0020, 0x0020, 0x0020, 0x0020, 0x0020, 0x0000, 0x0000, 0x1082, 0x2104, 0x18e3, 0x18e3, 0x18c3, 0x2965, 0x4208,
		0x39e7, 0x2124, 0x18e3, 0x20e3, 0x2104, 0x1082, 0x0000, 0x0000, 0x0020, 0x0020, 0x0020, 0x0020, 0x0020, 0x0020, 0x0020, 0x0020, 0x0020, 0x0020, 0x0020, 0x0020, 0x0020, 0x0020, 0x0820, 0x1000, 0x1000, 0x1800, 0x3000, 0x4000, 0x5000, 0x5800, 0x5000, 0x5000, 0x5000, 0x5000, 0x5000, 0x5000, 0x5000, 0x5000, 0x5000, 0x5000, 0x5000, 0x5000, 0x5000, 0x5000, 0x5000, 0x5000, 0x5000, 0x5000, 0x5000, 0x5000, 0x5800, 0x5800, 0x5800, 0x5800, 0x5800, 0x4800, 0x4000, 0x2000, 0x1800, 0x1000, 0x0820, 0x0820, 0x0020, 0x0020, 0x0020, 0x0020, 0x0020, 0x0020, 0x0020, 0x0020, 0x0020, 0x0020, 0x0000, 0x0020, 0x18c3, 0x2104, 0x18e3, 0x18c3, 0x2965, 0x4228,
		0x39e7, 0x2124, 0x18e3, 0x2104, 0x2104, 0x0000, 0x0000, 0x0020, 0x0020, 0x0020, 0x0020, 0x0020, 0x0020, 0x0020, 0x0020, 0x0020, 0x0020, 0x0020, 0x0020, 0x0020, 0x0020, 0x0820, 0x0800, 0x1000, 0x1800, 0x3800, 0x3800, 0x8020, 0xe841, 0xe041, 0xe041, 0xe041, 0xe041, 0xe041, 0xe041, 0xe041, 0xe041, 0xe041, 0xe041, 0xe041, 0xe041, 0xe041, 0xe041, 0xe041, 0xe041, 0xe041, 0xe041, 0xe041, 0xe041, 0xe041, 0xe041, 0xe041, 0xe041, 0xe041, 0xe861, 0xa821, 0x4000, 0x3800, 0x2800, 0x1800, 0x1000, 0x0820, 0x0820, 0x0020, 0x0020, 0x0020, 0x0020, 0x0020, 0x0020, 0x0020, 0x0020, 0x0020, 0x0020, 0x0000, 0x0861, 0x2104, 0x20e3, 0x18c3, 0x2965, 0x4228,
		0x39e7, 0x2124, 0x18e3, 0x2104, 0x2104, 0x0020, 0x0000, 0x0020, 0x0020, 0x0020, 0x0020, 0x0020, 0x0020, 0x0020, 0x0020, 0x0020, 0x0020, 0x0020, 0x0020, 0x0020, 0x0820, 0x0820, 0x1000, 0x1800, 0x2800, 0x4000, 0x6800, 0xb841, 0xf861, 0xf841, 0xf841, 0xf841, 0xf841, 0xf841, 0xf841, 0xf841, 0xf841, 0xf841, 0xf841, 0xf841, 0xf841, 0xf841, 0xf841, 0xf841, 0xf841, 0xf841, 0xf841, 0xf841, 0xf841, 0xf841, 0xf841, 0xf841, 0xf841, 0xf841, 0xf861, 0xd041, 0x6800, 0x4000, 0x3000, 0x2000, 0x1800, 0x1000, 0x0820, 0x0020, 0x0020, 0x0020, 0x0020, 0x0020, 0x0020, 0x0020, 0x0020, 0x0020, 0x0020, 0x0000, 0x0861, 0x2104, 0x2103, 0x18c3, 0x3185, 0x4228,
		0x39e7, 0x2124, 0x18e3, 0x2104, 0x2104, 0x0020, 0x0000, 0x0020, 0x0020, 0x0020, 0x0020, 0x0020, 0x0020, 0x0020, 0x0020, 0x0020, 0x0020, 0x0020, 0x0020, 0x0020, 0x0820, 0x1000, 0x1800, 0x2800, 0x4800, 0x4800, 0xb021, 0xf861, 0xf800, 0xf800, 0xf801, 0xf800, 0xf800, 0xf000, 0xf000, 0xf000, 0xf000, 0xf000, 0xf800, 0xf800, 0xf800, 0xf800, 0xf800, 0xf800, 0xf800, 0xf800, 0xf800, 0xf800, 0xf800, 0xf800, 0xf800, 0xf800, 0xf800, 0xf800, 0xf000, 0xf841, 0xd061, 0x4800, 0x4000, 0x2800, 0x2000, 0x1000, 0x0800, 0x0820, 0x0020, 0x0020, 0x0020, 0x0020, 0x0020, 0x0020, 0x0020, 0x0020, 0x0020, 0x0000, 0x0861, 0x2104, 0x2104, 0x18e3, 0x2965, 0x4208,
		0x39e7, 0x2124, 0x18e3, 0x2104, 0x2104, 0x0020, 0x0000, 0x0020, 0x0020, 0x0020, 0x0020, 0x0020, 0x0020, 0x0020, 0x0020, 0x0020, 0x0020, 0x0020, 0x0020, 0x0820, 0x0820, 0x1000, 0x2000, 0x3800, 0x4000, 0xa821, 0xf041, 0xf820, 0xf000, 0xf800, 0xf800, 0xf000, 0xf000, 0xf000, 0xf000, 0xf000, 0xf000, 0xf000, 0xf000, 0xf800, 0xf800, 0xf000, 0xf800, 0xf000, 0xf800, 0xf000, 0xf000, 0xf800, 0xf000, 0xf800, 0xf000, 0xf000, 0xf000, 0xf000, 0xf800, 0xf820, 0xf841, 0xb841, 0x3800, 0x4000, 0x2000, 0x1800, 0x1000, 0x0820, 0x0820, 0x0020, 0x0020, 0x0020, 0x0020, 0x0020, 0x0020, 0x0020, 0x0020, 0x0000, 0x0861, 0x2104, 0x2104, 0x18e3, 0x2965, 0x4207,
		0x4208, 0x2124, 0x18e3, 0x2104, 0x2104, 0x0020, 0x0000, 0x0020, 0x0020, 0x0020, 0x0020, 0x0020, 0x0020, 0x0020, 0x0020, 0x0020, 0x0020, 0x0020, 0x0020, 0x0820, 0x1000, 0x1800, 0x2800, 0x4800, 0xa821, 0xf021, 0xf820, 0xf000, 0xf800, 0xf800, 0xf800, 0xf800, 0xf800, 0xf801, 0xf800, 0xf800, 0xf000, 0xf000, 0xf800, 0xf800, 0xf801, 0xf800, 0xf800, 0xf000, 0xf000, 0xf000, 0xf800, 0xf801, 0xf801, 0xf801, 0xf800, 0xf800, 0xf800, 0xf800, 0xf801, 0xf800, 0xf821, 0xf041, 0xa020, 0x4000, 0x3000, 0x2800, 0x1800, 0x1000, 0x0800, 0x0820, 0x0020, 0x0020, 0x0020, 0x0020, 0x0020, 0x0020, 0x0020, 0x0000, 0x0861, 0x2104, 0x2104, 0x18e3, 0x2965, 0x4207,
		0x4208, 0x2124, 0x18e3, 0x2104, 0x2104, 0x0020, 0x0000, 0x0020, 0x0020, 0x0020, 0x0020, 0x0020, 0x0020, 0x0020, 0x0020, 0x0020, 0x0020, 0x0020, 0x0020, 0x0820, 0x1000, 0x2000, 0x2800, 0x4800, 0xf062, 0xf841, 0xf800, 0xf800, 0xf800, 0xf800, 0xf000, 0xf000, 0xf000, 0xf801, 0xf800, 0xf800, 0xf000, 0xf000, 0xf000, 0xf800, 0xf801, 0xf800, 0xf000, 0xf000, 0xf800, 0xf801, 0xf001, 0xf801, 0xf801, 0xf801, 0xf800, 0xf801, 0xf801, 0xf801, 0xf800, 0xf800, 0xf800, 0xf841, 0xe041, 0x3800, 0x3800, 0x3000, 0x2000, 0x1000, 0x1000, 0x0820, 0x0020, 0x0020, 0x0020, 0x0020, 0x0020, 0x0020, 0x0020, 0x0000, 0x0861, 0x2104, 0x2103, 0x18c3, 0x2965, 0x4208,
		0x4208, 0x2124, 0x18e3, 0x2104, 0x2104, 0x0020, 0x0000, 0x0020, 0x0020, 0x0020, 0x0020, 0x0020, 0x0020, 0x0020, 0x0020, 0x0020, 0x0020, 0x0020, 0x0020, 0x0820, 0x0800, 0x1800, 0x2000, 0x4000, 0x6800, 0xe041, 0xf841, 0xf800, 0xf800, 0xf801, 0xf801, 0xf000, 0xf000, 0xf000, 0xf800, 0xf000, 0xf800, 0xf000, 0xf000, 0xf001, 0xf800, 0xf800, 0xf001, 0xf000, 0xf800, 0xf800, 0xf000, 0xf801, 0xf801, 0xf801, 0xf800, 0xf800, 0xf001, 0xf000, 0xf801, 0xf800, 0xf841, 0xe041, 0x6800, 0x3800, 0x3800, 0x4000, 0x3000, 0x1800, 0x1800, 0x0800, 0x0820, 0x0020, 0x0020, 0x0020, 0x0020, 0x0020, 0x0020, 0x0000, 0x0861, 0x2104, 0x20e3, 0x18e3, 0x2965, 0x4228,
		0x4208, 0x2124, 0x18e3, 0x2104, 0x2104, 0x0020, 0x0000, 0x0020, 0x0020, 0x0020, 0x0020, 0x0020, 0x0020, 0x0020, 0x0020, 0x0020, 0x0020, 0x0020, 0x0020, 0x0020, 0x0820, 0x1000, 0x1800, 0x3000, 0x4000, 0x8020, 0xe041, 0xf821, 0xf800, 0xf801, 0xf001, 0xf800, 0xf000, 0xf000, 0xf801, 0xf800, 0xf800, 0xf800, 0xf000, 0xf000, 0xf800, 0xf800, 0xf801, 0xf000, 0xf000, 0xf800, 0xf800, 0xf000, 0xf000, 0xf800, 0xf801, 0xf801, 0xf801, 0xf800, 0xf800, 0xf821, 0xf041, 0x9020, 0x3800, 0x4000, 0xc021, 0x7000, 0x3800, 0x3000, 0x1800, 0x1000, 0x0800, 0x0820, 0x0020, 0x0020, 0x0020, 0x0020, 0x0020, 0x0000, 0x0861, 0x2104, 0x2104, 0x18e3, 0x3186, 0x4228,
		0x4208, 0x2124, 0x18e3, 0x2104, 0x2104, 0x0020, 0x0000, 0x0020, 0x0020, 0x0020, 0x0020, 0x0020, 0x0020, 0x0020, 0x0020, 0x0020, 0x0020, 0x0020, 0x0020, 0x0020, 0x0820, 0x0800, 0x1000, 0x2000, 0x3800, 0x3800, 0x9820, 0xf021, 0xf821, 0xf800, 0xf000, 0xf000, 0xf000, 0xf000, 0xf800, 0xf800, 0xf000, 0xf000, 0xf000, 0xf000, 0xf800, 0xf800, 0xf800, 0xf000, 0xf000, 0xf800, 0xf800, 0xf000, 0xf000, 0xf000, 0xf800, 0xf000, 0xf800, 0xf800, 0xf821, 0xf021, 0xb021, 0x4000, 0x4800, 0x8800, 0xf862, 0xb821, 0x4800, 0x3800, 0x2800, 0x1800, 0x1000, 0x0820, 0x0020, 0x0020, 0x0020, 0x0020, 0x0020, 0x0000, 0x0861, 0x2104, 0x2103, 0x18e3, 0x2965, 0x4208,
		0x4228, 0x2124, 0x18e3, 0x2104, 0x2104, 0x0020, 0x0000, 0x0020, 0x0020, 0x0020, 0x0020, 0x0020, 0x0020, 0x0020, 0x0020, 0x0020, 0x0020, 0x0020, 0x0020, 0x0020, 0x0020, 0x0820, 0x1000, 0x1800, 0x2000, 0x4000, 0x4000, 0xa820, 0xf841, 0xf000, 0xf800, 0xf800, 0xf800, 0xf800, 0xf000, 0xf000, 0xf000, 0xf000, 0xf000, 0xf000, 0xf800, 0xf800, 0xf800, 0xf800, 0xf800, 0xf800, 0xf800, 0xf800, 0xf800, 0xf800, 0xf000, 0xf800, 0xf800, 0xf800, 0xf841, 0xc021, 0x3800, 0x3000, 0x7000, 0xf841, 0xf821, 0xf861, 0x7820, 0x2800, 0x3800, 0x1800, 0x1000, 0x0800, 0x0020, 0x0020, 0x0020, 0x0020, 0x0020, 0x0000, 0x0861, 0x2104, 0x2104, 0x18e3, 0x3186, 0x4228,
		0x4228, 0x2124, 0x18e3, 0x2104, 0x2104, 0x0020, 0x0000, 0x0020, 0x0020, 0x0020, 0x0020, 0x0020, 0x0020, 0x0020, 0x0020, 0x0020, 0x0020, 0x0020, 0x0020, 0x0020, 0x0020, 0x0820, 0x0820, 0x1000, 0x2000, 0x2800, 0x3800, 0x5000, 0xa820, 0xf861, 0xf841, 0xf841, 0xf841, 0xf841, 0xf841, 0xf841, 0xf841, 0xf841, 0xf841, 0xf841, 0xf841, 0xf841, 0xf841, 0xf841, 0xf841, 0xf841, 0xf841, 0xf841, 0xf841, 0xf841, 0xf841, 0xf841, 0xf841, 0xf862, 0xb821, 0x5800, 0x2800, 0x7800, 0xe841, 0xf841, 0xf800, 0xf821, 0xe841, 0x5800, 0x2800, 0x3000, 0x1800, 0x0800, 0x0820, 0x0020, 0x0020, 0x0020, 0x0020, 0x0000, 0x0861, 0x2104, 0x2103, 0x18e3, 0x3186, 0x4228,
		0x4208, 0x2124, 0x18e3, 0x2104, 0x2104, 0x0020, 0x0000, 0x0020, 0x0020, 0x0020, 0x0020, 0x0020, 0x0020, 0x0020, 0x0020, 0x0020, 0x0020, 0x0020, 0x0020, 0x0020, 0x0020, 0x0820, 0x0820, 0x1000, 0x1800, 0x2000, 0x2800, 0x3800, 0x7000, 0xd041, 0xd021, 0xd021, 0xd041, 0xd041, 0xd041, 0xd041, 0xd041, 0xd041, 0xd041, 0xd041, 0xd041, 0xd041, 0xd041, 0xd021, 0xd021, 0xd021, 0xd021, 0xd021, 0xd021, 0xd021, 0xd021, 0xd041, 0xd041, 0xd841, 0x7000, 0x2800, 0x4800, 0xd041, 0xf841, 0xf000, 0xf000, 0xf800, 0xf841, 0xc021, 0x6800, 0x2800, 0x1800, 0x1000, 0x0800, 0x0020, 0x0020, 0x0020, 0x0020, 0x0000, 0x0861, 0x2104, 0x20e3, 0x18e3, 0x3186, 0x4228,
		0x4208, 0x2924, 0x18e3, 0x2104, 0x2104, 0x0020, 0x0000, 0x0020, 0x0020, 0x0020, 0x0020, 0x0020, 0x0020, 0x0020, 0x0020, 0x0020, 0x0020, 0x0020, 0x0020, 0x0020, 0x0020, 0x0020, 0x0820, 0x0820, 0x1000, 0x1000, 0x1800, 0x2800, 0x3800, 0x4000, 0x3800, 0x4000, 0x4000, 0x4000, 0x4000, 0x4000, 0x4000, 0x4000, 0x4000, 0x4000, 0x4000, 0x4000, 0x4000, 0x4000, 0x4000, 0x4000, 0x4000, 0x4000, 0x4000, 0x4000, 0x4000, 0x3800, 0x3800, 0x4000, 0x3000, 0x3800, 0xa020, 0xf862, 0xf821, 0xf000, 0xf000, 0xf000, 0xf820, 0xf862, 0xa020, 0x2800, 0x2000, 0x1000, 0x0800, 0x0020, 0x0020, 0x0020, 0x0020, 0x0000, 0x0861, 0x2104, 0x2103, 0x18e3, 0x3186, 0x4228,
		0x4228, 0x2945, 0x18e3, 0x2104, 0x18e3, 0x0020, 0x0000, 0x0020, 0x0020, 0x0020, 0x0020, 0x0020, 0x0020, 0x0020, 0x0020, 0x0020, 0x0020, 0x0020, 0x0020, 0x0020, 0x0020, 0x0020, 0x0020, 0x0820, 0x0820, 0x1000, 0x1000, 0x1800, 0x2000, 0x2800, 0x2800, 0x2800, 0x2800, 0x2800, 0x2800, 0x2800, 0x2800, 0x2800, 0x2800, 0x2800, 0x2800, 0x2800, 0x2800, 0x2800, 0x2800, 0x2800, 0x2800, 0x2800, 0x2800, 0x2800, 0x2800, 0x2800, 0x3000, 0x3000, 0x3000, 0x9000, 0xf862, 0xf821, 0xf800, 0xf000, 0xf800, 0xf000, 0xf821, 0xf841, 0x9800, 0x3000, 0x2800, 0x1800, 0x0800, 0x0820, 0x0020, 0x0020, 0x0020, 0x0000, 0x0861, 0x2104, 0x2104, 0x18e3, 0x3186, 0x4208,
		0x4208, 0x2124, 0x18e3, 0x2104, 0x18e3, 0x0020, 0x0000, 0x0020, 0x0020, 0x0020, 0x0020, 0x0020, 0x0020, 0x0020, 0x0020, 0x0020, 0x0020, 0x0020, 0x0020, 0x0020, 0x0020, 0x0020, 0x0020, 0x0020, 0x0820, 0x0800, 0x1000, 0x1000, 0x1800, 0x2000, 0x2000, 0x1800, 0x2000, 0x2000, 0x1800, 0x1800, 0x1800, 0x1800, 0x2000, 0x2000, 0x2000, 0x2000, 0x2000, 0x2000, 0x1800, 0x2000, 0x2000, 0x2000, 0x1800, 0x2000, 0x2000, 0x2000, 0x2800, 0x3000, 0x3000, 0x9020, 0xf841, 0xf001, 0xf000, 0xf000, 0xf800, 0xf000, 0xf821, 0xf861, 0xa000, 0x3000, 0x2800, 0x1800, 0x0800, 0x0820, 0x0020, 0x0020, 0x0020, 0x0000, 0x0861, 0x2103, 0x2103, 0x18e3, 0x3185, 0x4208,
		0x4208, 0x2924, 0x18e3, 0x2104, 0x2104, 0x0020, 0x0000, 0x0020, 0x0020, 0x0020, 0x0020, 0x0020, 0x0020, 0x0020, 0x0020, 0x0020, 0x0020, 0x0020, 0x0020, 0x0020, 0x0020, 0x0020, 0x0020, 0x0020, 0x0820, 0x0820, 0x0820, 0x0800, 0x1000, 0x1000, 0x1000, 0x1000, 0x1000, 0x1000, 0x1000, 0x1000, 0x1000, 0x1000, 0x1000, 0x1800, 0x1800, 0x1000, 0x1800, 0x1800, 0x1800, 0x1800, 0x1800, 0x1800, 0x1800, 0x1800, 0x1800, 0x1800, 0x2000, 0x2800, 0x2800, 0x8820, 0xf841, 0xf000, 0xf000, 0xf801, 0xf001, 0xf000, 0xf821, 0xf861, 0xa000, 0x3000, 0x2800, 0x1800, 0x0820, 0x0020, 0x0020, 0x0020, 0x0020, 0x0000, 0x0861, 0x2103, 0x20e3, 0x18e3, 0x3185, 0x4208,
		0x4208, 0x2945, 0x18e3, 0x2104, 0x2104, 0x0020, 0x0000, 0x0020, 0x0020, 0x0020, 0x0020, 0x0020, 0x0020, 0x0020, 0x0020, 0x0020, 0x0020, 0x0020, 0x0020, 0x0020, 0x0020, 0x0020, 0x0020, 0x0020, 0x0020, 0x0820, 0x0820, 0x0820, 0x0820, 0x0820, 0x0820, 0x0820, 0x0800, 0x0800, 0x0800, 0x0800, 0x0800, 0x0800, 0x1000, 0x1000, 0x1000, 0x1000, 0x0800, 0x0800, 0x1000, 0x1000, 0x0800, 0x0800, 0x0800, 0x0800, 0x1000, 0x1000, 0x1800, 0x2800, 0x2800, 0x9020, 0xf841, 0xf000, 0xf000, 0xf001, 0xf001, 0xf800, 0xf821, 0xf841, 0x9800, 0x3000, 0x2000, 0x1800, 0x0800, 0x0820, 0x0020, 0x0020, 0x0020, 0x0000, 0x0861, 0x2104, 0x18e3, 0x18e3, 0x3185, 0x4208,
		0x4208, 0x2945, 0x18e3, 0x2104, 0x2104, 0x0020, 0x0000, 0x0020, 0x0020, 0x0020, 0x0020, 0x0020, 0x0020, 0x0020, 0x0020, 0x0020, 0x0020, 0x0020, 0x0020, 0x0020, 0x0020, 0x0020, 0x0020, 0x0020, 0x0020, 0x0020, 0x0020, 0x0820, 0x0820, 0x0800, 0x0820, 0x0820, 0x0820, 0x0820, 0x0820, 0x0820, 0x0820, 0x0820, 0x0820, 0x0820, 0x0800, 0x0800, 0x0800, 0x0800, 0x0800, 0x0800, 0x0820, 0x0800, 0x0800, 0x0800, 0x0800, 0x0800, 0x1000, 0x2000, 0x2800, 0x9000, 0xf841, 0xf801, 0xf000, 0xf800, 0xf800, 0xf800, 0xf821, 0xf861, 0x9000, 0x3000, 0x2000, 0x1800, 0x0800, 0x0820, 0x0020, 0x0020, 0x0020, 0x0000, 0x0861, 0x2104, 0x18e3, 0x18e3, 0x2965, 0x4208,
		0x4208, 0x2124, 0x18e3, 0x2104, 0x18e3, 0x0020, 0x0000, 0x0020, 0x0020, 0x0020, 0x0020, 0x0020, 0x0020, 0x0020, 0x0020, 0x0020, 0x0020, 0x0020, 0x0020, 0x0020, 0x0020, 0x0020, 0x0020, 0x0020, 0x0020, 0x0020, 0x0020, 0x0020, 0x0020, 0x0020, 0x0020, 0x0020, 0x0820, 0x0020, 0x0020, 0x0020, 0x0020, 0x0820, 0x0820, 0x0020, 0x0820, 0x0820, 0x0820, 0x0820, 0x0820, 0x0820, 0x0820, 0x0020, 0x0020, 0x0820, 0x0820, 0x0800, 0x1000, 0x2000, 0x2800, 0x9020, 0xf841, 0xf801, 0xf000, 0xf800, 0xf800, 0xf000, 0xf821, 0xf862, 0x9000, 0x3000, 0x2000, 0x1000, 0x0800, 0x0020, 0x0020, 0x0020, 0x0020, 0x0000, 0x0861, 0x20e3, 0x18e3, 0x18e3, 0x2965, 0x4228,
		0x4208, 0x2124, 0x18e3, 0x2104, 0x2103, 0x0020, 0x0000, 0x0020, 0x0020, 0x0020, 0x0020, 0x0020, 0x0020, 0x0020, 0x0020, 0x0020, 0x0020, 0x0020, 0x0020, 0x0020, 0x0020, 0x0020, 0x0020, 0x0020, 0x0020, 0x0020, 0x0020, 0x0020, 0x0020, 0x0020, 0x0020, 0x0020, 0x0020, 0x0020, 0x0020, 0x0020, 0x0020, 0x0020, 0x0020, 0x0020, 0x0020, 0x0020, 0x0020, 0x0020, 0x0020, 0x0020, 0x0020, 0x0020, 0x0020, 0x0020, 0x0820, 0x0820, 0x1000, 0x2000, 0x2800, 0x9820, 0xf841, 0xf801, 0xf000, 0xf000, 0xf800, 0xf000, 0xf821, 0xf862, 0x9000, 0x2800, 0x2000, 0x1000, 0x0800, 0x0020, 0x0020, 0x0020, 0x0020, 0x0000, 0x0861, 0x20e3, 0x18e3, 0x18e3, 0x3186, 0x4228,
		0x4208, 0x2124, 0x18e3, 0x2104, 0x2103, 0x0020, 0x0000, 0x0020, 0x0020, 0x0020, 0x0020, 0x0020, 0x0020, 0x0020, 0x0020, 0x0020, 0x0020, 0x0020, 0x0020, 0x0020, 0x0020, 0x0020, 0x0020, 0x0020, 0x0020, 0x0020, 0x0020, 0x0020, 0x0020, 0x0020, 0x0020, 0x0020, 0x0020, 0x0020, 0x0020, 0x0020, 0x0020, 0x0020, 0x0020, 0x0020, 0x0020, 0x0020, 0x0020, 0x0020, 0x0020, 0x0020, 0x0020, 0x0020, 0x0020, 0x0020, 0x0820, 0x0820, 0x1000, 0x2000, 0x2800, 0x9820, 0xf841, 0xf801, 0xf000, 0xf800, 0xf800, 0xf000, 0xf821, 0xf841, 0x9000, 0x2800, 0x2000, 0x1000, 0x0800, 0x0820, 0x0020, 0x0020, 0x0020, 0x0000, 0x0861, 0x2104, 0x18e3, 0x18e3, 0x3165, 0x4228,
		0x4208, 0x2124, 0x18e3, 0x2104, 0x18e3, 0x0020, 0x0000, 0x0020, 0x0020, 0x0020, 0x0020, 0x0020, 0x0020, 0x0020, 0x0020, 0x0020, 0x0020, 0x0020, 0x0020, 0x0020, 0x0020, 0x0020, 0x0020, 0x0020, 0x0020, 0x0020, 0x0020, 0x0020, 0x0020, 0x0020, 0x0020, 0x0020, 0x0020, 0x0020, 0x0020, 0x0020, 0x0020, 0x0020, 0x0020, 0x0020, 0x0020, 0x0020, 0x0020, 0x0020, 0x0020, 0x0020, 0x0020, 0x0020, 0x0020, 0x0020, 0x0820, 0x0820, 0x1000, 0x2000, 0x3000, 0x9820, 0xf841, 0xf800, 0xf800, 0xf801, 0xf800, 0xf800, 0xf821, 0xf841, 0x9000, 0x2800, 0x2000, 0x1000, 0x0800, 0x0820, 0x0020, 0x0020, 0x0020, 0x0000, 0x0861, 0x2104, 0x18e3, 0x18e3, 0x3186, 0x4228,
		0x4208, 0x2124, 0x18e3, 0x2103, 0x18e3, 0x0020, 0x0000, 0x0020, 0x0020, 0x0020, 0x0020, 0x0020, 0x0020, 0x0020, 0x0020, 0x0020, 0x0020, 0x0020, 0x0020, 0x0020, 0x0020, 0x0020, 0x0020, 0x0020, 0x0020, 0x0020, 0x0020, 0x0020, 0x0020, 0x0020, 0x0020, 0x0020, 0x0020, 0x0020, 0x0020, 0x0020, 0x0020, 0x0020, 0x0020, 0x0020, 0x0020, 0x0020, 0x0020, 0x0020, 0x0020, 0x0020, 0x0020, 0x0020, 0x0020, 0x0020, 0x0820, 0x0820, 0x1000, 0x2000, 0x3000, 0x9820, 0xf841, 0xf800, 0xf800, 0xf801, 0xf800, 0xf800, 0xf821, 0xf841, 0x9000, 0x2800, 0x2000, 0x1000, 0x0820, 0x0020, 0x0020, 0x0020, 0x0020, 0x0000, 0x0861, 0x2103, 0x18e3, 0x18e3, 0x3186, 0x4228,
		0x4208, 0x2124, 0x18e3, 0x20e3, 0x18e3, 0x0020, 0x0000, 0x0020, 0x0020, 0x0020, 0x0020, 0x0020, 0x0020, 0x0020, 0x0020, 0x0020, 0x0020, 0x0020, 0x0020, 0x0020, 0x0020, 0x0020, 0x0020, 0x0020, 0x0020, 0x0020, 0x0020, 0x0020, 0x0020, 0x0020, 0x0020, 0x0020, 0x0020, 0x0020, 0x0020, 0x0020, 0x0020, 0x0020, 0x0020, 0x0020, 0x0020, 0x0020, 0x0020, 0x0020, 0x0020, 0x0020, 0x0020, 0x0020, 0x0020, 0x0020, 0x0820, 0x0800, 0x1000, 0x2000, 0x3000, 0x9820, 0xf841, 0xf801, 0xf000, 0xf801, 0xf801, 0xf800, 0xf821, 0xf841, 0x9000, 0x3000, 0x2000, 0x1000, 0x0800, 0x0020, 0x0020, 0x0020, 0x0020, 0x0000, 0x0861, 0x2103, 0x18e3, 0x18e3, 0x3186, 0x4228,
		0x4208, 0x2124, 0x18e3, 0x2103, 0x2103, 0x0020, 0x0000, 0x0020, 0x0020, 0x0020, 0x0020, 0x0020, 0x0020, 0x0020, 0x0020, 0x0020, 0x0020, 0x0020, 0x0020, 0x0020, 0x0020, 0x0020, 0x0020, 0x0020, 0x0020, 0x0020, 0x0020, 0x0020, 0x0020, 0x0020, 0x0020, 0x0020, 0x0020, 0x0020, 0x0020, 0x0020, 0x0020, 0x0020, 0x0020, 0x0020, 0x0020, 0x0020, 0x0020, 0x0020, 0x0020, 0x0020, 0x0020, 0x0020, 0x0020, 0x0020, 0x0820, 0x0820, 0x1000, 0x2000, 0x3000, 0x9820, 0xf841, 0xf801, 0xf000, 0xf800, 0xf800, 0xf800, 0xf821, 0xf841, 0x9000, 0x3000, 0x2000, 0x1000, 0x0800, 0x0020, 0x0020, 0x0020, 0x0020, 0x0000, 0x0861, 0x2104, 0x2103, 0x18e3, 0x3186, 0x4208,
		0x39e7, 0x2124, 0x18e3, 0x2104, 0x2104, 0x0020, 0x0000, 0x0020, 0x0020, 0x0020, 0x0020, 0x0020, 0x0020, 0x0020, 0x0020, 0x0020, 0x0020, 0x0020, 0x0020, 0x0020, 0x0020, 0x0020, 0x0020, 0x0020, 0x0020, 0x0020, 0x0020, 0x0020, 0x0020, 0x0020, 0x0020, 0x0020, 0x0020, 0x0020, 0x0020, 0x0020, 0x0020, 0x0020, 0x0020, 0x0020, 0x0020, 0x0020, 0x0020, 0x0020, 0x0020, 0x0020, 0x0020, 0x0020, 0x0020, 0x0020, 0x0820, 0x0820, 0x1000, 0x2000, 0x3000, 0x9020, 0xf861, 0xf801, 0xf800, 0xf800, 0xf800, 0xf800, 0xf820, 0xf841, 0x9000, 0x3000, 0x2000, 0x1000, 0x0800, 0x0020, 0x0020, 0x0020, 0x0020, 0x0000, 0x0861, 0x2104, 0x2103, 0x18e3, 0x2965, 0x4208,
		0x39e7, 0x2124, 0x18e3, 0x2104, 0x2104, 0x0020, 0x0000, 0x0020, 0x0020, 0x0020, 0x0020, 0x0020, 0x0020, 0x0020, 0x0020, 0x0020, 0x0020, 0x0020, 0x0020, 0x0020, 0x0020, 0x0020, 0x0020, 0x0020, 0x0020, 0x0020, 0x0020, 0x0020, 0x0020, 0x0020, 0x0020, 0x0020, 0x0020, 0x0020, 0x0020, 0x0020, 0x0020, 0x0020, 0x0020, 0x0020, 0x0020, 0x0020, 0x0020, 0x0020, 0x0020, 0x0020, 0x0020, 0x0020, 0x0020, 0x0020, 0x0820, 0x0800, 0x1000, 0x2000, 0x3000, 0x9020, 0xf862, 0xf821, 0xf000, 0xf000, 0xf800, 0xf800, 0xf821, 0xf841, 0x9000, 0x2800, 0x2000, 0x1000, 0x0800, 0x0020, 0x0020, 0x0020, 0x0020, 0x0000, 0x0861, 0x2104, 0x2103, 0x18e3, 0x2965, 0x4208,
		0x39e7, 0x2124, 0x18e3, 0x2104, 0x2104, 0x0020, 0x0000, 0x0020, 0x0020, 0x0020, 0x0020, 0x0020, 0x0020, 0x0020, 0x0020, 0x0020, 0x0020, 0x0020, 0x0020, 0x0020, 0x0020, 0x0020, 0x0020, 0x0020, 0x0020, 0x0020, 0x0020, 0x0020, 0x0020, 0x0020, 0x0020, 0x0020, 0x0020, 0x0020, 0x0020, 0x0020, 0x0020, 0x0020, 0x0020, 0x0020, 0x0020, 0x0020, 0x0020, 0x0020, 0x0020, 0x0020, 0x0020, 0x0020, 0x0020, 0x0020, 0x0820, 0x0800, 0x1000, 0x2000, 0x3000, 0x9020, 0xf841, 0xf800, 0xf000, 0xf800, 0xf000, 0xf000, 0xf821, 0xf841, 0x9000, 0x2800, 0x2000, 0x1000, 0x0820, 0x0020, 0x0020, 0x0020, 0x0020, 0x0000, 0x0861, 0x2104, 0x20e3, 0x18e3, 0x2965, 0x4208,
		0x39e7, 0x2124, 0x18e3, 0x2104, 0x2104, 0x0020, 0x0000, 0x0020, 0x0020, 0x0020, 0x0020, 0x0020, 0x0020, 0x0020, 0x0020, 0x0020, 0x0020, 0x0020, 0x0020, 0x0020, 0x0020, 0x0020, 0x0020, 0x0020, 0x0020, 0x0020, 0x0020, 0x0020, 0x0020, 0x0020, 0x0020, 0x0020, 0x0020, 0x0020, 0x0020, 0x0020, 0x0020, 0x0020, 0x0020, 0x0020, 0x0020, 0x0020, 0x0020, 0x0020, 0x0020, 0x0020, 0x0020, 0x0020, 0x0020, 0x0020, 0x0820, 0x0800, 0x1000, 0x2000, 0x3000, 0x9000, 0xf841, 0xf800, 0xf800, 0xf800, 0xf800, 0xf000, 0xf821, 0xf841, 0x8800, 0x2800, 0x2000, 0x1000, 0x0820, 0x0020, 0x0020, 0x0020, 0x0020, 0x0000, 0x0861, 0x2104, 0x20e3, 0x18e3, 0x2965, 0x4228,
		0x39e7, 0x2124, 0x18e3, 0x2104, 0x18e3, 0x0020, 0x0000, 0x0020, 0x0020, 0x0020, 0x0020, 0x0020, 0x0020, 0x0020, 0x0020, 0x0020, 0x0020, 0x0020, 0x0020, 0x0020, 0x0020, 0x0020, 0x0020, 0x0020, 0x0020, 0x0020, 0x0020, 0x0020, 0x0020, 0x0020, 0x0020, 0x0020, 0x0020, 0x0020, 0x0020, 0x0020, 0x0020, 0x0020, 0x0020, 0x0020, 0x0020, 0x0020, 0x0020, 0x0020, 0x0020, 0x0020, 0x0020, 0x0020, 0x0020, 0x0020, 0x0820, 0x0800, 0x1000, 0x2000, 0x3000, 0x9020, 0xf841, 0xf800, 0xf800, 0xf800, 0xf800, 0xf000, 0xf821, 0xf841, 0x8800, 0x2800, 0x2000, 0x1000, 0x0820, 0x0020, 0x0020, 0x0020, 0x0020, 0x0000, 0x0861, 0x2104, 0x18e3, 0x18e3, 0x3186, 0x4228,
		0x4208, 0x2124, 0x18e3, 0x2104, 0x2104, 0x0020, 0x0000, 0x0020, 0x0020, 0x0020, 0x0020, 0x0020, 0x0020, 0x0020, 0x0020, 0x0020, 0x0020, 0x0020, 0x0020, 0x0020, 0x0020, 0x0020, 0x0020, 0x0020, 0x0020, 0x0020, 0x0020, 0x0020, 0x0020, 0x0020, 0x0020, 0x0020, 0x0020, 0x0020, 0x0020, 0x0020, 0x0020, 0x0020, 0x0020, 0x0020, 0x0020, 0x0020, 0x0020, 0x0020, 0x0020, 0x0020, 0x0020, 0x0020, 0x0020, 0x0020, 0x0820, 0x0800, 0x1000, 0x2000, 0x3000, 0x9820, 0xf861, 0xf800, 0xf800, 0xf801, 0xf800, 0xf800, 0xf821, 0xf841, 0x8800, 0x2800, 0x2000, 0x1000, 0x0800, 0x0820, 0x0020, 0x0020, 0x0020, 0x0000, 0x0861, 0x2104, 0x18e3, 0x18e3, 0x3186, 0x4228,
		0x4208, 0x2124, 0x18e3, 0x2104, 0x2103, 0x0020, 0x0000, 0x0020, 0x0020, 0x0020, 0x0020, 0x0020, 0x0020, 0x0020, 0x0020, 0x0020, 0x0020, 0x0020, 0x0020, 0x0020, 0x0020, 0x0020, 0x0020, 0x0020, 0x0020, 0x0020, 0x0020, 0x0020, 0x0020, 0x0020, 0x0020, 0x0020, 0x0020, 0x0020, 0x0020, 0x0020, 0x0020, 0x0020, 0x0020, 0x0020, 0x0020, 0x0020, 0x0020, 0x0020, 0x0020, 0x0020, 0x0020, 0x0020, 0x0020, 0x0020, 0x0820, 0x0820, 0x1000, 0x2000, 0x3000, 0x9820, 0xf861, 0xf800, 0xf800, 0xf801, 0xf800, 0xf800, 0xf821, 0xf841, 0x8800, 0x2800, 0x2000, 0x1000, 0x0820, 0x0820, 0x0020, 0x0020, 0x0020, 0x0000, 0x0861, 0x2104, 0x18e3, 0x18e3, 0x3186, 0x4228,
		0x4208, 0x2124, 0x18e3, 0x2104, 0x18e3, 0x0020, 0x0000, 0x0020, 0x0020, 0x0020, 0x0020, 0x0020, 0x0020, 0x0020, 0x0020, 0x0020, 0x0020, 0x0020, 0x0020, 0x0020, 0x0020, 0x0020, 0x0020, 0x0020, 0x0020, 0x0020, 0x0020, 0x0020, 0x0020, 0x0020, 0x0020, 0x0020, 0x0020, 0x0020, 0x0020, 0x0020, 0x0020, 0x0020, 0x0020, 0x0020, 0x0020, 0x0020, 0x0020, 0x0020, 0x0020, 0x0020, 0x0020, 0x0020, 0x0020, 0x0020, 0x0820, 0x0820, 0x1000, 0x2000, 0x3000, 0x9820, 0xf841, 0xf801, 0xf000, 0xf801, 0xf801, 0xf800, 0xf821, 0xf841, 0x8800, 0x2800, 0x2000, 0x1000, 0x0800, 0x0820, 0x0020, 0x0020, 0x0020, 0x0000, 0x0861, 0x2104, 0x18e3, 0x18e3, 0x3186, 0x4228,
		0x4208, 0x2124, 0x18e3, 0x2103, 0x18e3, 0x0020, 0x0000, 0x0020, 0x0020, 0x0020, 0x0020, 0x0020, 0x0020, 0x0020, 0x0020, 0x0020, 0x0020, 0x0020, 0x0020, 0x0020, 0x0020, 0x0020, 0x0020, 0x0020, 0x0020, 0x0020, 0x0020, 0x0020, 0x0020, 0x0020, 0x0020, 0x0020, 0x0020, 0x0020, 0x0020, 0x0020, 0x0020, 0x0020, 0x0020, 0x0020, 0x0020, 0x0020, 0x0020, 0x0020, 0x0020, 0x0020, 0x0020, 0x0020, 0x0020, 0x0020, 0x0820, 0x0800, 0x1000, 0x2000, 0x3000, 0x9820, 0xf841, 0xf801, 0xf800, 0xf800, 0xf800, 0xf800, 0xf821, 0xf841, 0x8800, 0x2800, 0x2000, 0x1000, 0x0800, 0x0020, 0x0020, 0x0020, 0x0020, 0x0000, 0x0861, 0x2103, 0x18e3, 0x18e3, 0x3185, 0x4228,
		0x4208, 0x2124, 0x18e3, 0x2104, 0x2104, 0x0020, 0x0000, 0x0020, 0x0020, 0x0020, 0x0020, 0x0020, 0x0020, 0x0020, 0x0020, 0x0020, 0x0020, 0x0020, 0x0020, 0x0020, 0x0020, 0x0020, 0x0020, 0x0020, 0x0020, 0x0020, 0x0020, 0x0020, 0x0020, 0x0020, 0x0020, 0x0020, 0x0020, 0x0020, 0x0020, 0x0020, 0x0020, 0x0020, 0x0020, 0x0020, 0x0020, 0x0020, 0x0020, 0x0020, 0x0020, 0x0020, 0x0020, 0x0020, 0x0020, 0x0020, 0x0820, 0x0820, 0x1000, 0x2000, 0x3000, 0x9820, 0xf861, 0xf801, 0xf800, 0xf800, 0xf800, 0xf800, 0xf821, 0xf841, 0x8800, 0x2800, 0x2000, 0x1000, 0x0800, 0x0020, 0x0020, 0x0020, 0x0020, 0x0000, 0x0861, 0x2103, 0x18e3, 0x18e3, 0x2965, 0x4228,
		0x4208, 0x2124, 0x18e3, 0x2104, 0x2104, 0x0020, 0x0000, 0x0020, 0x0020, 0x0020, 0x0020, 0x0020, 0x0020, 0x0020, 0x0020, 0x0020, 0x0020, 0x0020, 0x0020, 0x0020, 0x0020, 0x0020, 0x0020, 0x0020, 0x0020, 0x0020, 0x0020, 0x0020, 0x0020, 0x0020, 0x0820, 0x0020, 0x0820, 0x0020, 0x0020, 0x0820, 0x0820, 0x0820, 0x0020, 0x0820, 0x0020, 0x0020, 0x0020, 0x0020, 0x0020, 0x0020, 0x0820, 0x0020, 0x0020, 0x0020, 0x0820, 0x0800, 0x1000, 0x2000, 0x2800, 0x9820, 0xf862, 0xf821, 0xf800, 0xf800, 0xf800, 0xf800, 0xf821, 0xf841, 0x8800, 0x2800, 0x2000, 0x1000, 0x0800, 0x0020, 0x0020, 0x0020, 0x0020, 0x0000, 0x0861, 0x2103, 0x18e3, 0x18e3, 0x3186, 0x4228,
		0x4208, 0x2124, 0x18e3, 0x2104, 0x2104, 0x0020, 0x0000, 0x0020, 0x0020, 0x0020, 0x0020, 0x0020, 0x0020, 0x0020, 0x0020, 0x0020, 0x0020, 0x0020, 0x0020, 0x0020, 0x0020, 0x0020, 0x0020, 0x0020, 0x0020, 0x0020, 0x0020, 0x0020, 0x0020, 0x0820, 0x0820, 0x0820, 0x0820, 0x0820, 0x0820, 0x0820, 0x0820, 0x0820, 0x0820, 0x0820, 0x0820, 0x0820, 0x0820, 0x0820, 0x0820, 0x0820, 0x0820, 0x0820, 0x0820, 0x0820, 0x0820, 0x0800, 0x1000, 0x2000, 0x2800, 0x9000, 0xf841, 0xf821, 0xf800, 0xf800, 0xf800, 0xf000, 0xf821, 0xf841, 0x8800, 0x2800, 0x2000, 0x1000, 0x0800, 0x0020, 0x0020, 0x0020, 0x0020, 0x0000, 0x0861, 0x2104, 0x18e3, 0x18e3, 0x3166, 0x4208,
		0x4208, 0x2124, 0x18e3, 0x20e3, 0x18e3, 0x0020, 0x0000, 0x0020, 0x0020, 0x0020, 0x0020, 0x0020, 0x0020, 0x0020, 0x0020, 0x0020, 0x0020, 0x0020, 0x0020, 0x0020, 0x0020, 0x0020, 0x0020, 0x0020, 0x0020, 0x0020, 0x0820, 0x0820, 0x0820, 0x0820, 0x0800, 0x0820, 0x0820, 0x0800, 0x0820, 0x0820, 0x0800, 0x0800, 0x0800, 0x0820, 0x0820, 0x0800, 0x0800, 0x0800, 0x0800, 0x0800, 0x0800, 0x0800, 0x0820, 0x0820, 0x0800, 0x1000, 0x1000, 0x2000, 0x2800, 0x9020, 0xf841, 0xf001, 0xf000, 0xf800, 0xf000, 0xf000, 0xf821, 0xf841, 0x8000, 0x3000, 0x2000, 0x1000, 0x0820, 0x0020, 0x0020, 0x0020, 0x0020, 0x0000, 0x0861, 0x2104, 0x18e3, 0x18c3, 0x2965, 0x4228,
		0x4228, 0x2124, 0x18e3, 0x2103, 0x2104, 0x0020, 0x0000, 0x0020, 0x0020, 0x0020, 0x0020, 0x0020, 0x0020, 0x0020, 0x0020, 0x0020, 0x0020, 0x0020, 0x0020, 0x0020, 0x0020, 0x0020, 0x0020, 0x0020, 0x0020, 0x0020, 0x0820, 0x0820, 0x0800, 0x0800, 0x1000, 0x1000, 0x1000, 0x1000, 0x1000, 0x1000, 0x1000, 0x1000, 0x1000, 0x1000, 0x1000, 0x1000, 0x1000, 0x1000, 0x1000, 0x1000, 0x1000, 0x1000, 0x1000, 0x1000, 0x1000, 0x1000, 0x1800, 0x2000, 0x3000, 0x9820, 0xf861, 0xf821, 0xf000, 0xf800, 0xf000, 0xf000, 0xf821, 0xf841, 0x8000, 0x3000, 0x2000, 0x1800, 0x0820, 0x0020, 0x0020, 0x0020, 0x0020, 0x0000, 0x0861, 0x2104, 0x18e3, 0x18c3, 0x2965, 0x4208,
		0x4228, 0x2124, 0x18e3, 0x2104, 0x2104, 0x0020, 0x0000, 0x0020, 0x0020, 0x0020, 0x0020, 0x0020, 0x0020, 0x0020, 0x0020, 0x0020, 0x0020, 0x0020, 0x0020, 0x0020, 0x0020, 0x0020, 0x0020, 0x0020, 0x0820, 0x0820, 0x0820, 0x0800, 0x0800, 0x1000, 0x1800, 0x1800, 0x1800, 0x1800, 0x1800, 0x1800, 0x1800, 0x1000, 0x1000, 0x1800, 0x1800, 0x1800, 0x1000, 0x1800, 0x1800, 0x1800, 0x1800, 0x1800, 0x1800, 0x1800, 0x1800, 0x1800, 0x2000, 0x2800, 0x3000, 0x9820, 0xf861, 0xf821, 0xf800, 0xf800, 0xf800, 0xf800, 0xf821, 0xf841, 0x8000, 0x3000, 0x2000, 0x1000, 0x0820, 0x0020, 0x0020, 0x0020, 0x0020, 0x0000, 0x0861, 0x20e3, 0x18e3, 0x18c3, 0x2965, 0x4208,
		0x4208, 0x2124, 0x18e3, 0x2104, 0x18e3, 0x0020, 0x0000, 0x0020, 0x0020, 0x0020, 0x0020, 0x0020, 0x0020, 0x0020, 0x0020, 0x0020, 0x0020, 0x0020, 0x0020, 0x0020, 0x0020, 0x0020, 0x0020, 0x0020, 0x0820, 0x0820, 0x0800, 0x1000, 0x1000, 0x1800, 0x2000, 0x2000, 0x2000, 0x2000, 0x2000, 0x2000, 0x2000, 0x2000, 0x2000, 0x2000, 0x2000, 0x2000, 0x2000, 0x2000, 0x2000, 0x2000, 0x2000, 0x2000, 0x2000, 0x2000, 0x2000, 0x2000, 0x2800, 0x3000, 0x3800, 0xa020, 0xf841, 0xf800, 0xf000, 0xf800, 0xf800, 0xf800, 0xf821, 0xf841, 0x7800, 0x3000, 0x2800, 0x1000, 0x0800, 0x0020, 0x0020, 0x0020, 0x0020, 0x0000, 0x0861, 0x18e3, 0x18e3, 0x18e3, 0x2965, 0x4208,
		0x4208, 0x2124, 0x18e3, 0x2104, 0x2104, 0x0020, 0x0000, 0x0020, 0x0020, 0x0020, 0x0020, 0x0020, 0x0020, 0x0020, 0x0020, 0x0020, 0x0020, 0x0020, 0x0020, 0x0020, 0x0020, 0x0020, 0x0820, 0x0820, 0x0820, 0x0800, 0x1000, 0x1800, 0x2000, 0x2800, 0x2800, 0x2800, 0x2800, 0x2800, 0x2800, 0x2800, 0x2800, 0x2800, 0x2800, 0x2800, 0x3000, 0x3000, 0x2800, 0x2800, 0x2800, 0x2800, 0x2800, 0x2800, 0x2800, 0x2800, 0x2800, 0x3000, 0x3000, 0x3000, 0x2800, 0x8020, 0xf041, 0xf820, 0xf000, 0xf000, 0xf800, 0xf800, 0xf800, 0xf841, 0x8800, 0x3000, 0x2000, 0x1000, 0x0800, 0x0020, 0x0020, 0x0020, 0x0020, 0x0000, 0x0861, 0x2103, 0x18e3, 0x18e3, 0x3166, 0x4228,
		0x4208, 0x2124, 0x18e3, 0x2104, 0x2104, 0x0020, 0x0000, 0x0020, 0x0020, 0x0020, 0x0020, 0x0020, 0x0020, 0x0020, 0x0020, 0x0020, 0x0020, 0x0020, 0x0020, 0x0020, 0x0020, 0x0020, 0x0820, 0x0820, 0x0800, 0x1000, 0x1800, 0x2000, 0x3000, 0x4800, 0x5800, 0x5800, 0x5800, 0x5800, 0x5800, 0x5800, 0x5800, 0x5800, 0x5800, 0x5800, 0x6000, 0x5800, 0x5800, 0x5800, 0x5800, 0x5800, 0x5800, 0x5800, 0x5800, 0x5800, 0x5800, 0x5800, 0x5800, 0x5000, 0x3800, 0x3000, 0x8800, 0xf841, 0xf821, 0xf000, 0xf000, 0xf800, 0xf820, 0xf841, 0x7000, 0x2800, 0x1800, 0x1000, 0x0820, 0x0020, 0x0020, 0x0020, 0x0020, 0x0000, 0x0861, 0x20e3, 0x18e3, 0x18e3, 0x3186, 0x4228,
		0x4208, 0x2124, 0x18e3, 0x2104, 0x2104, 0x0020, 0x0000, 0x0020, 0x0020, 0x0020, 0x0020, 0x0020, 0x0020, 0x0020, 0x0020, 0x0020, 0x0020, 0x0020, 0x0020, 0x0020, 0x0020, 0x0020, 0x0820, 0x0800, 0x0800, 0x1000, 0x2000, 0x3800, 0x3000, 0xa020, 0xf041, 0xe841, 0xe841, 0xe841, 0xf041, 0xe841, 0xe841, 0xe841, 0xe841, 0xe841, 0xe841, 0xf041, 0xf041, 0xf041, 0xf041, 0xf041, 0xe841, 0xe841, 0xe841, 0xe841, 0xe841, 0xe841, 0xe841, 0xf041, 0xa820, 0x3000, 0x4000, 0x9820, 0xf841, 0xf000, 0xf000, 0xf821, 0xf841, 0x7000, 0x4000, 0x2800, 0x1800, 0x0800, 0x0820, 0x0020, 0x0020, 0x0020, 0x0020, 0x0000, 0x0861, 0x20e3, 0x18e3, 0x18e3, 0x3186, 0x4228,
		0x4208, 0x2124, 0x18e3, 0x2104, 0x2104, 0x0020, 0x0000, 0x0020, 0x0020, 0x0020, 0x0020, 0x0020, 0x0020, 0x0020, 0x0020, 0x0020, 0x0020, 0x0020, 0x0020, 0x0020, 0x0020, 0x0820, 0x0820, 0x0800, 0x1000, 0x2000, 0x3000, 0x4000, 0x9020, 0xe041, 0xf841, 0xf841, 0xf841, 0xf841, 0xf841, 0xf841, 0xf841, 0xf841, 0xf841, 0xf841, 0xf841, 0xf841, 0xf841, 0xf841, 0xf841, 0xf841, 0xf841, 0xf841, 0xf841, 0xf841, 0xf841, 0xf841, 0xf841, 0xf841, 0xe841, 0x9020, 0x3000, 0x5800, 0xc021, 0xf821, 0xf800, 0xf841, 0xa821, 0x3800, 0x3000, 0x2000, 0x1000, 0x0800, 0x0820, 0x0020, 0x0020, 0x0020, 0x0020, 0x0000, 0x0861, 0x2103, 0x18e3, 0x18e3, 0x3165, 0x4228,
		0x4228, 0x2124, 0x18e3, 0x2104, 0x2104, 0x0020, 0x0000, 0x0020, 0x0020, 0x0020, 0x0020, 0x0020, 0x0020, 0x0020, 0x0020, 0x0020, 0x0020, 0x0020, 0x0020, 0x0020, 0x0820, 0x0820, 0x0800, 0x1000, 0x1800, 0x2800, 0x4800, 0x6800, 0xf041, 0xf841, 0xf000, 0xf000, 0xf000, 0xf000, 0xf800, 0xf800, 0xf800, 0xf800, 0xf800, 0xf000, 0xf800, 0xf000, 0xf000, 0xf800, 0xf800, 0xf800, 0xf000, 0xf000, 0xf800, 0xf000, 0xf000, 0xf000, 0xf800, 0xf800, 0xf841, 0xf861, 0x7800, 0x2800, 0x5800, 0xf041, 0xf841, 0xf041, 0x5800, 0x3800, 0x2800, 0x1800, 0x0800, 0x0820, 0x0020, 0x0020, 0x0020, 0x0020, 0x0020, 0x0000, 0x0861, 0x2104, 0x2103, 0x18e3, 0x3186, 0x4228,
		0x4228, 0x2124, 0x18e3, 0x2104, 0x2104, 0x0020, 0x0000, 0x0020, 0x0020, 0x0020, 0x0020, 0x0020, 0x0020, 0x0020, 0x0020, 0x0020, 0x0020, 0x0020, 0x0020, 0x0820, 0x0820, 0x0800, 0x1000, 0x1800, 0x2800, 0x3800, 0x6800, 0xf061, 0xf821, 0xf000, 0xf000, 0xf000, 0xf000, 0xf000, 0xf800, 0xf001, 0xf800, 0xf800, 0xf800, 0xf800, 0xf800, 0xf000, 0xf800, 0xf800, 0xf800, 0xf000, 0xf800, 0xf800, 0xf000, 0xf000, 0xf000, 0xf000, 0xf800, 0xf001, 0xf800, 0xf821, 0xf061, 0x7000, 0x3000, 0x7000, 0xf861, 0x7820, 0x3800, 0x2800, 0x2000, 0x1000, 0x0800, 0x0820, 0x0020, 0x0020, 0x0020, 0x0020, 0x0020, 0x0000, 0x0861, 0x2104, 0x2104, 0x18e3, 0x3186, 0x4228,
		0x4208, 0x2124, 0x18e3, 0x2104, 0x2104, 0x0020, 0x0000, 0x0020, 0x0020, 0x0020, 0x0020, 0x0020, 0x0020, 0x0020, 0x0020, 0x0020, 0x0020, 0x0020, 0x0820, 0x0820, 0x0820, 0x1000, 0x1800, 0x2800, 0x3800, 0x6800, 0xc821, 0xf841, 0xf800, 0xf000, 0xf000, 0xf000, 0xf000, 0xf000, 0xf000, 0xf000, 0xf800, 0xf800, 0xf800, 0xf800, 0xf000, 0xf800, 0xf800, 0xf801, 0xf800, 0xf000, 0xf800, 0xf800, 0xf000, 0xf000, 0xf000, 0xf800, 0xf800, 0xf800, 0xf800, 0xf800, 0xf841, 0xd041, 0x6800, 0x4000, 0x7800, 0x4800, 0x3000, 0x2000, 0x1000, 0x0800, 0x0800, 0x0020, 0x0020, 0x0020, 0x0020, 0x0020, 0x0020, 0x0000, 0x0861, 0x2104, 0x2104, 0x18e3, 0x3186, 0x4228,
		0x39e7, 0x2124, 0x18e3, 0x2104, 0x2104, 0x0020, 0x0000, 0x0020, 0x0020, 0x0020, 0x0020, 0x0020, 0x0020, 0x0020, 0x0020, 0x0020, 0x0020, 0x0020, 0x0820, 0x0800, 0x1000, 0x1800, 0x2000, 0x3800, 0x4000, 0xb041, 0xf862, 0xf000, 0xf800, 0xf800, 0xf800, 0xf800, 0xf000, 0xf000, 0xf800, 0xf800, 0xf000, 0xf800, 0xf800, 0xf800, 0xf800, 0xf000, 0xf000, 0xf800, 0xf800, 0xf800, 0xf800, 0xf000, 0xf000, 0xf000, 0xf000, 0xf000, 0xf000, 0xf800, 0xf800, 0xf800, 0xf800, 0xf862, 0xc841, 0x3000, 0x3000, 0x2800, 0x2000, 0x1800, 0x1000, 0x0820, 0x0020, 0x0020, 0x0020, 0x0020, 0x0020, 0x0020, 0x0020, 0x0000, 0x0861, 0x2104, 0x2103, 0x18e3, 0x3186, 0x4228,
		0x39e7, 0x2124, 0x18e3, 0x2104, 0x2104, 0x0020, 0x0000, 0x0020, 0x0020, 0x0020, 0x0020, 0x0020, 0x0020, 0x0020, 0x0020, 0x0020, 0x0020, 0x0020, 0x0820, 0x1000, 0x1000, 0x2000, 0x3000, 0x4000, 0x4000, 0x5800, 0xc021, 0xf841, 0xf821, 0xf800, 0xf800, 0xf800, 0xf800, 0xf800, 0xf800, 0xf800, 0xf000, 0xf000, 0xf800, 0xf800, 0xf800, 0xf000, 0xf800, 0xf001, 0xf800, 0xf800, 0xf800, 0xf800, 0xf000, 0xf800, 0xf800, 0xf000, 0xf001, 0xf800, 0xf800, 0xf821, 0xf841, 0xd041, 0x6800, 0x3800, 0x2800, 0x2000, 0x1800, 0x1000, 0x0820, 0x0820, 0x0020, 0x0020, 0x0020, 0x0020, 0x0020, 0x0020, 0x0020, 0x0000, 0x0861, 0x2104, 0x2103, 0x18e3, 0x3186, 0x4228,
		0x4208, 0x2124, 0x18e3, 0x2104, 0x2104, 0x0020, 0x0000, 0x0020, 0x0020, 0x0020, 0x0020, 0x0020, 0x0020, 0x0020, 0x0020, 0x0020, 0x0020, 0x0820, 0x0800, 0x1000, 0x2000, 0x3000, 0x4800, 0xb821, 0x6000, 0x3000, 0x6000, 0xe861, 0xf821, 0xf000, 0xf800, 0xf800, 0xf800, 0xf000, 0xf800, 0xf000, 0xf000, 0xf800, 0xf800, 0xf800, 0xf800, 0xf000, 0xf800, 0xf000, 0xf800, 0xf800, 0xf800, 0xf800, 0xf800, 0xf800, 0xf800, 0xf800, 0xf800, 0xf800, 0xf800, 0xf821, 0xe862, 0x7000, 0x3800, 0x3800, 0x2000, 0x1800, 0x1000, 0x0800, 0x0820, 0x0020, 0x0020, 0x0020, 0x0020, 0x0020, 0x0020, 0x0020, 0x0020, 0x0000, 0x0861, 0x2104, 0x18e3, 0x18e3, 0x3186, 0x4a49,
		0x4208, 0x2124, 0x18e3, 0x2104, 0x2104, 0x0020, 0x0000, 0x0020, 0x0020, 0x0020, 0x0020, 0x0020, 0x0020, 0x0020, 0x0020, 0x0020, 0x0820, 0x0820, 0x1000, 0x2000, 0x3800, 0x4000, 0x9000, 0xf861, 0xc841, 0x6000, 0x3000, 0x7820, 0xe041, 0xf841, 0xf800, 0xf800, 0xf800, 0xf800, 0xf000, 0xf000, 0xf000, 0xf000, 0xf000, 0xf800, 0xf000, 0xf000, 0xf000, 0xf800, 0xf800, 0xf800, 0xf800, 0xf800, 0xf800, 0xf800, 0xf800, 0xf800, 0xf800, 0xf000, 0xf841, 0xe041, 0x8020, 0x4000, 0x3000, 0x2000, 0x1800, 0x1000, 0x0800, 0x0820, 0x0820, 0x0020, 0x0020, 0x0020, 0x0020, 0x0020, 0x0020, 0x0020, 0x0020, 0x0000, 0x0861, 0x2104, 0x18e3, 0x18e3, 0x3186, 0x4228,
		0x4208, 0x2124, 0x18e3, 0x2104, 0x2104, 0x0020, 0x0000, 0x0020, 0x0020, 0x0020, 0x0020, 0x0020, 0x0020, 0x0020, 0x0020, 0x0020, 0x0820, 0x0800, 0x1800, 0x2800, 0x4000, 0x6800, 0xf841, 0xf821, 0xf841, 0xb821, 0x4800, 0x3800, 0xa041, 0xf041, 0xf821, 0xf821, 0xf821, 0xf821, 0xf821, 0xf821, 0xf821, 0xf821, 0xf820, 0xf821, 0xf821, 0xf821, 0xf821, 0xf821, 0xf821, 0xf821, 0xf821, 0xf821, 0xf821, 0xf821, 0xf821, 0xf821, 0xf821, 0xf821, 0xe841, 0x9821, 0x3800, 0x3800, 0x2000, 0x1800, 0x1000, 0x0800, 0x0800, 0x0020, 0x0020, 0x0020, 0x0020, 0x0020, 0x0020, 0x0020, 0x0020, 0x0020, 0x0020, 0x0000, 0x0861, 0x2104, 0x20e3, 0x18e3, 0x3186, 0x4228,
		0x4208, 0x2945, 0x18e3, 0x2104, 0x2104, 0x0020, 0x0000, 0x0020, 0x0020, 0x0020, 0x0020, 0x0020, 0x0020, 0x0020, 0x0020, 0x0020, 0x0820, 0x1000, 0x2000, 0x3800, 0x5000, 0xd041, 0xf841, 0xf800, 0xf821, 0xf841, 0x9820, 0x3000, 0x4000, 0xa820, 0xf862, 0xf841, 0xf841, 0xf841, 0xf841, 0xf841, 0xf841, 0xf841, 0xf841, 0xf841, 0xf841, 0xf841, 0xf841, 0xf841, 0xf841, 0xf841, 0xf841, 0xf841, 0xf841, 0xf841, 0xf841, 0xf841, 0xf841, 0xf862, 0x9000, 0x4000, 0x3800, 0x2800, 0x1800, 0x1000, 0x0800, 0x0820, 0x0020, 0x0020, 0x0020, 0x0020, 0x0020, 0x0020, 0x0020, 0x0020, 0x0020, 0x0020, 0x0020, 0x0000, 0x0861, 0x2104, 0x20e3, 0x18e3, 0x2965, 0x4228,
		0x4208, 0x2124, 0x18e3, 0x2104, 0x2104, 0x0020, 0x0000, 0x0020, 0x0020, 0x0020, 0x0020, 0x0020, 0x0020, 0x0020, 0x0020, 0x0820, 0x1020, 0x1800, 0x2000, 0x6000, 0xb820, 0xf841, 0xf821, 0xf800, 0xf800, 0xf821, 0xf061, 0x7820, 0x2800, 0x6000, 0x8820, 0x8800, 0x8820, 0x8820, 0x8800, 0x8800, 0x8800, 0x8800, 0x8800, 0x8820, 0x8800, 0x8800, 0x8800, 0x8800, 0x8800, 0x8800, 0x8800, 0x8800, 0x8800, 0x8820, 0x8820, 0x8800, 0x8800, 0x9020, 0x6000, 0x3800, 0x2800, 0x2000, 0x1000, 0x1000, 0x0800, 0x0020, 0x0020, 0x0020, 0x0020, 0x0020, 0x0020, 0x0020, 0x0020, 0x0020, 0x0020, 0x0020, 0x0020, 0x0000, 0x0861, 0x2104, 0x2103, 0x18e3, 0x2965, 0x4228,
		0x4208, 0x2124, 0x18e3, 0x2104, 0x2104, 0x0020, 0x0000, 0x0020, 0x0020, 0x0020, 0x0020, 0x0020, 0x0020, 0x0020, 0x0020, 0x0800, 0x1000, 0x1800, 0x2800, 0x9000, 0xf862, 0xf821, 0xf800, 0xf800, 0xf800, 0xf800, 0xf841, 0xd821, 0x7800, 0x2800, 0x3000, 0x3000, 0x3000, 0x3000, 0x3000, 0x3000, 0x3000, 0x3000, 0x3000, 0x3000, 0x3000, 0x3000, 0x3000, 0x3000, 0x3000, 0x3000, 0x3000, 0x3000, 0x3000, 0x3000, 0x3000, 0x3000, 0x3800, 0x3000, 0x3800, 0x2800, 0x1800, 0x1000, 0x1000, 0x0800, 0x0020, 0x0020, 0x0020, 0x0020, 0x0020, 0x0020, 0x0020, 0x0020, 0x0020, 0x0020, 0x0020, 0x0020, 0x0020, 0x0000, 0x0861, 0x2104, 0x18e3, 0x18e3, 0x3165, 0x4208,
		0x4208, 0x2124, 0x18e3, 0x2104, 0x2104, 0x0020, 0x0000, 0x0020, 0x0020, 0x0020, 0x0020, 0x0020, 0x0020, 0x0020, 0x0020, 0x0800, 0x1000, 0x2000, 0x3000, 0x8000, 0xf861, 0xf821, 0xf800, 0xf800, 0xf800, 0xf800, 0xf000, 0xf862, 0xb021, 0x2800, 0x3800, 0x2800, 0x2800, 0x2800, 0x2800, 0x2800, 0x2000, 0x2800, 0x2800, 0x2800, 0x2800, 0x2800, 0x2800, 0x2800, 0x2800, 0x2800, 0x2800, 0x2800, 0x2800, 0x2800, 0x2800, 0x2800, 0x2800, 0x2800, 0x2000, 0x1800, 0x1000, 0x1000, 0x0820, 0x0820, 0x0020, 0x0020, 0x0020, 0x0020, 0x0020, 0x0020, 0x0020, 0x0020, 0x0020, 0x0020, 0x0020, 0x0020, 0x0020, 0x0000, 0x0861, 0x2104, 0x18e3, 0x18e3, 0x2965, 0x4208,
		0x4208, 0x2124, 0x18e3, 0x2104, 0x2104, 0x0020, 0x0000, 0x0020, 0x0020, 0x0020, 0x0020, 0x0020, 0x0020, 0x0020, 0x0020, 0x0800, 0x1000, 0x2000, 0x3000, 0x8000, 0xf861, 0xf821, 0xf800, 0xf000, 0xf800, 0xf800, 0xf801, 0xf841, 0xa020, 0x3000, 0x3000, 0x2000, 0x2000, 0x1800, 0x1800, 0x1800, 0x1800, 0x1800, 0x1800, 0x1800, 0x1800, 0x1800, 0x1800, 0x1800, 0x1800, 0x1800, 0x1800, 0x1800, 0x1800, 0x1800, 0x2000, 0x2000, 0x2000, 0x2000, 0x1800, 0x1000, 0x1000, 0x0800, 0x0820, 0x0020, 0x0020, 0x0020, 0x0020, 0x0020, 0x0020, 0x0020, 0x0020, 0x0020, 0x0020, 0x0020, 0x0020, 0x0020, 0x0020, 0x0000, 0x0861, 0x2104, 0x18e3, 0x18e3, 0x3185, 0x4228,
		0x4208, 0x2945, 0x18e3, 0x2104, 0x2104, 0x0020, 0x0000, 0x0020, 0x0020, 0x0020, 0x0020, 0x0020, 0x0020, 0x0020, 0x0820, 0x0800, 0x1000, 0x2800, 0x3000, 0x8020, 0xf862, 0xf821, 0xf800, 0xf000, 0xf800, 0xf800, 0xf800, 0xf841, 0x9800, 0x3800, 0x3000, 0x2000, 0x1800, 0x1000, 0x1000, 0x1000, 0x1000, 0x1000, 0x1000, 0x1000, 0x1000, 0x1000, 0x1000, 0x1000, 0x1000, 0x1000, 0x1000, 0x1000, 0x1000, 0x1000, 0x1000, 0x1000, 0x1000, 0x1000, 0x1000, 0x0800, 0x0820, 0x0820, 0x0020, 0x0020, 0x0020, 0x0020, 0x0020, 0x0020, 0x0020, 0x0020, 0x0020, 0x0020, 0x0020, 0x0020, 0x0020, 0x0020, 0x0020, 0x0000, 0x0861, 0x2104, 0x2103, 0x18e3, 0x2965, 0x4228,
		0x4208, 0x2945, 0x18e3, 0x2104, 0x2104, 0x0020, 0x0000, 0x0020, 0x0020, 0x0020, 0x0020, 0x0020, 0x0020, 0x0020, 0x0820, 0x0800, 0x1000, 0x2800, 0x3000, 0x8800, 0xf861, 0xf821, 0xf800, 0xf800, 0xf800, 0xf800, 0xf800, 0xf841, 0xa000, 0x3000, 0x2800, 0x1800, 0x1000, 0x1000, 0x0800, 0x0800, 0x0820, 0x0800, 0x0800, 0x0800, 0x0800, 0x0820, 0x0800, 0x0800, 0x0800, 0x0800, 0x0800, 0x0800, 0x0800, 0x0800, 0x0800, 0x1000, 0x0800, 0x0800, 0x0800, 0x0820, 0x0820, 0x0020, 0x0020, 0x0020, 0x0020, 0x0020, 0x0020, 0x0020, 0x0020, 0x0020, 0x0020, 0x0020, 0x0020, 0x0020, 0x0020, 0x0020, 0x0020, 0x0000, 0x0861, 0x2103, 0x20e3, 0x18e3, 0x2965, 0x4208,
		0x4208, 0x2124, 0x18e3, 0x2104, 0x2104, 0x0020, 0x0000, 0x0020, 0x0020, 0x0020, 0x0020, 0x0020, 0x0020, 0x0020, 0x0820, 0x0800, 0x1000, 0x2800, 0x3000, 0x8800, 0xf841, 0xf821, 0xf800, 0xf800, 0xf801, 0xf800, 0xf801, 0xf841, 0x9800, 0x3000, 0x2800, 0x1800, 0x1000, 0x0800, 0x0820, 0x0820, 0x0820, 0x0820, 0x0820, 0x0800, 0x0820, 0x0800, 0x0800, 0x0820, 0x0820, 0x0800, 0x0820, 0x0820, 0x0820, 0x0820, 0x0820, 0x0820, 0x0820, 0x0820, 0x0820, 0x0820, 0x0020, 0x0020, 0x0020, 0x0020, 0x0020, 0x0020, 0x0020, 0x0020, 0x0020, 0x0020, 0x0020, 0x0020, 0x0020, 0x0020, 0x0020, 0x0020, 0x0020, 0x0000, 0x0861, 0x2104, 0x18e3, 0x18e3, 0x3186, 0x4228,
		0x4208, 0x2124, 0x18e3, 0x2104, 0x2104, 0x0020, 0x0000, 0x0020, 0x0020, 0x0020, 0x0020, 0x0020, 0x0020, 0x0020, 0x0820, 0x0800, 0x1000, 0x2800, 0x3000, 0x8800, 0xf841, 0xf821, 0xf800, 0xf800, 0xf800, 0xf800, 0xf800, 0xf841, 0x9800, 0x3000, 0x2800, 0x1800, 0x1000, 0x0820, 0x0820, 0x0820, 0x0820, 0x0820, 0x0820, 0x0820, 0x0820, 0x0820, 0x0820, 0x0820, 0x0820, 0x0820, 0x0820, 0x0820, 0x0820, 0x0820, 0x0820, 0x0820, 0x0820, 0x0820, 0x0820, 0x0020, 0x0020, 0x0020, 0x0020, 0x0020, 0x0020, 0x0020, 0x0020, 0x0020, 0x0020, 0x0020, 0x0020, 0x0020, 0x0020, 0x0020, 0x0020, 0x0020, 0x0020, 0x0000, 0x0861, 0x2103, 0x18e3, 0x18c3, 0x3186, 0x4228,
		0x4208, 0x2124, 0x18e3, 0x2104, 0x2104, 0x0020, 0x0000, 0x0020, 0x0020, 0x0020, 0x0020, 0x0020, 0x0020, 0x0020, 0x0820, 0x0800, 0x1800, 0x2800, 0x3000, 0x9020, 0xf841, 0xf821, 0xf800, 0xf800, 0xf800, 0xf800, 0xf800, 0xf841, 0xa000, 0x3000, 0x2000, 0x1800, 0x1000, 0x0820, 0x0820, 0x0820, 0x0020, 0x0020, 0x0020, 0x0020, 0x0820, 0x0820, 0x0820, 0x0020, 0x0020, 0x0020, 0x0020, 0x0020, 0x0020, 0x0020, 0x0820, 0x0820, 0x0020, 0x0020, 0x0020, 0x0020, 0x0020, 0x0020, 0x0020, 0x0020, 0x0020, 0x0020, 0x0020, 0x0020, 0x0020, 0x0020, 0x0020, 0x0020, 0x0020, 0x0020, 0x0020, 0x0020, 0x0020, 0x0000, 0x0861, 0x20e3, 0x18e3, 0x18e3, 0x2965, 0x4228,
		0x4208, 0x2124, 0x18e3, 0x2104, 0x2104, 0x0020, 0x0000, 0x0020, 0x0020, 0x0020, 0x0020, 0x0020, 0x0020, 0x0020, 0x0020, 0x0800, 0x1800, 0x2800, 0x3000, 0x9020, 0xf861, 0xf821, 0xf800, 0xf800, 0xf801, 0xf800, 0xf801, 0xf861, 0x9820, 0x3000, 0x2000, 0x1800, 0x1000, 0x0820, 0x0020, 0x0020, 0x0820, 0x0020, 0x0020, 0x0020, 0x0020, 0x0020, 0x0020, 0x0020, 0x0020, 0x0020, 0x0020, 0x0020, 0x0020, 0x0020, 0x0020, 0x0020, 0x0020, 0x0020, 0x0020, 0x0020, 0x0020, 0x0020, 0x0020, 0x0020, 0x0020, 0x0020, 0x0020, 0x0020, 0x0020, 0x0020, 0x0020, 0x0020, 0x0020, 0x0020, 0x0020, 0x0020, 0x0020, 0x0000, 0x0861, 0x2104, 0x20e3, 0x18e3, 0x2965, 0x4228,
		0x4208, 0x2124, 0x18e3, 0x2104, 0x2104, 0x0020, 0x0000, 0x0020, 0x0020, 0x0020, 0x0020, 0x0020, 0x0020, 0x0020, 0x0820, 0x0800, 0x1000, 0x2800, 0x3000, 0x9000, 0xf861, 0xf821, 0xf000, 0xf000, 0xf800, 0xf800, 0xf800, 0xf861, 0x9820, 0x3000, 0x2800, 0x1800, 0x1000, 0x0820, 0x0020, 0x0020, 0x0020, 0x0020, 0x0020, 0x0020, 0x0020, 0x0020, 0x0020, 0x0020, 0x0020, 0x0020, 0x0020, 0x0020, 0x0020, 0x0020, 0x0020, 0x0020, 0x0020, 0x0020, 0x0020, 0x0020, 0x0020, 0x0020, 0x0020, 0x0020, 0x0020, 0x0020, 0x0020, 0x0020, 0x0020, 0x0020, 0x0020, 0x0020, 0x0020, 0x0020, 0x0020, 0x0020, 0x0020, 0x0000, 0x1081, 0x2104, 0x18e3, 0x18e3, 0x2965, 0x4228,
		0x4208, 0x2124, 0x18e3, 0x2104, 0x2104, 0x0020, 0x0000, 0x0020, 0x0020, 0x0020, 0x0020, 0x0020, 0x0020, 0x0020, 0x0820, 0x0800, 0x1000, 0x2800, 0x3000, 0x9000, 0xf841, 0xf821, 0xf800, 0xf000, 0xf800, 0xf800, 0xf800, 0xf861, 0x9820, 0x3000, 0x2000, 0x1800, 0x1000, 0x0820, 0x0020, 0x0020, 0x0020, 0x0020, 0x0020, 0x0020, 0x0020, 0x0020, 0x0020, 0x0020, 0x0020, 0x0020, 0x0020, 0x0020, 0x0020, 0x0020, 0x0020, 0x0020, 0x0020, 0x0020, 0x0020, 0x0020, 0x0020, 0x0020, 0x0020, 0x0020, 0x0020, 0x0020, 0x0020, 0x0020, 0x0020, 0x0020, 0x0020, 0x0020, 0x0020, 0x0020, 0x0020, 0x0020, 0x0020, 0x0000, 0x1061, 0x2104, 0x20e3, 0x18e3, 0x3186, 0x4228,
		0x4208, 0x2124, 0x18e3, 0x2104, 0x2104, 0x0020, 0x0000, 0x0020, 0x0020, 0x0020, 0x0020, 0x0020, 0x0020, 0x0020, 0x0020, 0x0800, 0x1000, 0x2800, 0x3000, 0x9000, 0xf841, 0xf821, 0xf800, 0xf800, 0xf800, 0xf000, 0xf801, 0xf861, 0x9800, 0x3000, 0x2800, 0x1800, 0x1000, 0x0820, 0x0020, 0x0020, 0x0020, 0x0020, 0x0020, 0x0020, 0x0020, 0x0020, 0x0020, 0x0020, 0x0020, 0x0020, 0x0020, 0x0020, 0x0020, 0x0020, 0x0020, 0x0020, 0x0020, 0x0020, 0x0020, 0x0020, 0x0020, 0x0020, 0x0020, 0x0020, 0x0020, 0x0020, 0x0020, 0x0020, 0x0020, 0x0020, 0x0020, 0x0020, 0x0020, 0x0020, 0x0020, 0x0020, 0x0020, 0x0000, 0x0861, 0x2104, 0x20e3, 0x18e3, 0x3186, 0x4228,
		0x4208, 0x2124, 0x18e3, 0x2104, 0x2104, 0x0020, 0x0000, 0x0020, 0x0020, 0x0020, 0x0020, 0x0020, 0x0020, 0x0020, 0x0820, 0x0800, 0x1000, 0x2800, 0x3800, 0x9000, 0xf841, 0xf821, 0xf000, 0xf000, 0xf800, 0xf800, 0xf800, 0xf861, 0x9820, 0x3000, 0x2800, 0x1800, 0x1000, 0x0820, 0x0020, 0x0020, 0x0020, 0x0020, 0x0020, 0x0020, 0x0020, 0x0020, 0x0020, 0x0020, 0x0020, 0x0020, 0x0020, 0x0020, 0x0020, 0x0020, 0x0020, 0x0020, 0x0020, 0x0020, 0x0020, 0x0020, 0x0020, 0x0020, 0x0020, 0x0020, 0x0020, 0x0020, 0x0020, 0x0020, 0x0020, 0x0020, 0x0020, 0x0020, 0x0020, 0x0020, 0x0020, 0x0020, 0x0020, 0x0000, 0x0861, 0x2104, 0x18e3, 0x18e3, 0x3185, 0x4228,
		0x4208, 0x2124, 0x18e3, 0x2104, 0x2104, 0x0020, 0x0000, 0x0020, 0x0020, 0x0020, 0x0020, 0x0020, 0x0020, 0x0020, 0x0820, 0x0800, 0x1000, 0x2800, 0x3800, 0x9000, 0xf841, 0xf821, 0xf800, 0xf800, 0xf801, 0xf800, 0xf800, 0xf841, 0x9020, 0x3000, 0x2800, 0x1800, 0x1000, 0x0820, 0x0020, 0x0020, 0x0020, 0x0020, 0x0020, 0x0020, 0x0020, 0x0020, 0x0020, 0x0020, 0x0020, 0x0020, 0x0020, 0x0020, 0x0020, 0x0020, 0x0020, 0x0020, 0x0020, 0x0020, 0x0020, 0x0020, 0x0020, 0x0020, 0x0020, 0x0020, 0x0020, 0x0020, 0x0020, 0x0020, 0x0020, 0x0020, 0x0020, 0x0020, 0x0020, 0x0020, 0x0020, 0x0020, 0x0020, 0x0000, 0x0861, 0x2104, 0x18e3, 0x18e3, 0x2965, 0x4208,
		0x4208, 0x2124, 0x18e3, 0x2104, 0x2104, 0x0020, 0x0000, 0x0020, 0x0020, 0x0020, 0x0020, 0x0020, 0x0020, 0x0020, 0x0020, 0x0800, 0x1000, 0x2800, 0x3800, 0x9000, 0xf841, 0xf821, 0xf800, 0xf800, 0xf801, 0xf800, 0xf800, 0xf841, 0x9820, 0x3000, 0x2800, 0x1800, 0x1000, 0x0820, 0x0020, 0x0020, 0x0020, 0x0020, 0x0020, 0x0020, 0x0020, 0x0020, 0x0020, 0x0020, 0x0020, 0x0020, 0x0020, 0x0020, 0x0020, 0x0020, 0x0020, 0x0020, 0x0020, 0x0020, 0x0020, 0x0020, 0x0020, 0x0020, 0x0020, 0x0020, 0x0020, 0x0020, 0x0020, 0x0020, 0x0020, 0x0020, 0x0020, 0x0020, 0x0020, 0x0020, 0x0020, 0x0020, 0x0020, 0x0000, 0x0861, 0x2104, 0x18e3, 0x18e3, 0x2965, 0x4208,
		0x4208, 0x2124, 0x18e3, 0x2104, 0x2104, 0x0020, 0x0000, 0x0020, 0x0020, 0x0020, 0x0020, 0x0020, 0x0020, 0x0020, 0x0020, 0x0800, 0x1000, 0x2800, 0x3800, 0x9000, 0xf841, 0xf821, 0xf800, 0xf800, 0xf800, 0xf800, 0xf801, 0xf861, 0x9800, 0x3000, 0x2800, 0x1800, 0x1000, 0x0820, 0x0020, 0x0020, 0x0020, 0x0020, 0x0020, 0x0020, 0x0020, 0x0020, 0x0020, 0x0020, 0x0020, 0x0020, 0x0020, 0x0020, 0x0020, 0x0020, 0x0020, 0x0020, 0x0020, 0x0020, 0x0020, 0x0020, 0x0020, 0x0020, 0x0020, 0x0020, 0x0020, 0x0020, 0x0020, 0x0020, 0x0020, 0x0020, 0x0020, 0x0020, 0x0020, 0x0020, 0x0020, 0x0020, 0x0020, 0x0000, 0x0861, 0x2103, 0x18e3, 0x18c3, 0x2965, 0x4208,
		0x4208, 0x2124, 0x18e3, 0x2104, 0x2104, 0x0020, 0x0000, 0x0020, 0x0020, 0x0020, 0x0020, 0x0020, 0x0020, 0x0020, 0x0020, 0x0800, 0x1800, 0x2800, 0x3800, 0x9000, 0xf841, 0xf821, 0xf000, 0xf800, 0xf800, 0xf800, 0xf801, 0xf861, 0x9020, 0x3000, 0x2800, 0x1800, 0x1000, 0x0820, 0x0020, 0x0020, 0x0020, 0x0020, 0x0020, 0x0020, 0x0020, 0x0020, 0x0020, 0x0020, 0x0020, 0x0020, 0x0020, 0x0020, 0x0020, 0x0020, 0x0020, 0x0020, 0x0020, 0x0020, 0x0020, 0x0020, 0x0020, 0x0020, 0x0020, 0x0020, 0x0020, 0x0020, 0x0020, 0x0020, 0x0020, 0x0020, 0x0020, 0x0020, 0x0020, 0x0020, 0x0020, 0x0020, 0x0020, 0x0000, 0x0861, 0x2103, 0x18e3, 0x18e3, 0x3165, 0x4228,
		0x4208, 0x2124, 0x18e3, 0x2104, 0x2104, 0x0020, 0x0000, 0x0020, 0x0020, 0x0020, 0x0020, 0x0020, 0x0020, 0x0020, 0x0820, 0x0800, 0x1800, 0x2800, 0x3800, 0x9000, 0xf841, 0xf821, 0xf800, 0xf800, 0xf001, 0xf800, 0xf800, 0xf841, 0x9000, 0x3000, 0x2800, 0x1800, 0x0800, 0x0800, 0x0020, 0x0020, 0x0020, 0x0020, 0x0020, 0x0020, 0x0020, 0x0020, 0x0020, 0x0020, 0x0020, 0x0020, 0x0020, 0x0020, 0x0020, 0x0020, 0x0020, 0x0020, 0x0020, 0x0020, 0x0020, 0x0020, 0x0020, 0x0020, 0x0020, 0x0020, 0x0020, 0x0020, 0x0020, 0x0020, 0x0020, 0x0020, 0x0020, 0x0020, 0x0020, 0x0020, 0x0020, 0x0020, 0x0020, 0x0000, 0x0861, 0x18e3, 0x18e3, 0x18e3, 0x2965, 0x4208,
		0x4208, 0x2124, 0x18e3, 0x2104, 0x2104, 0x0020, 0x0000, 0x0020, 0x0020, 0x0020, 0x0020, 0x0020, 0x0020, 0x0020, 0x0820, 0x0800, 0x1000, 0x2800, 0x3800, 0x9000, 0xf841, 0xf821, 0xf800, 0xf001, 0xf000, 0xf000, 0xf800, 0xf841, 0x9800, 0x3000, 0x2000, 0x1000, 0x0800, 0x0820, 0x0020, 0x0020, 0x0020, 0x0020, 0x0020, 0x0020, 0x0020, 0x0020, 0x0020, 0x0020, 0x0020, 0x0020, 0x0020, 0x0020, 0x0020, 0x0020, 0x0020, 0x0020, 0x0020, 0x0020, 0x0020, 0x0020, 0x0020, 0x0020, 0x0020, 0x0020, 0x0020, 0x0020, 0x0020, 0x0020, 0x0020, 0x0020, 0x0020, 0x0020, 0x0020, 0x0020, 0x0020, 0x0020, 0x0020, 0x0000, 0x0861, 0x18e3, 0x18e3, 0x18e3, 0x3165, 0x4228,
		0x4208, 0x2124, 0x18e3, 0x2104, 0x2104, 0x0020, 0x0000, 0x0020, 0x0020, 0x0020, 0x0020, 0x0020, 0x0020, 0x0020, 0x0820, 0x0800, 0x1800, 0x2800, 0x3000, 0x9000, 0xf841, 0xf821, 0xf000, 0xf800, 0xf800, 0xf800, 0xf801, 0xf861, 0x9820, 0x3000, 0x2000, 0x1800, 0x0800, 0x0820, 0x0020, 0x0020, 0x0020, 0x0020, 0x0020, 0x0020, 0x0020, 0x0020, 0x0020, 0x0020, 0x0020, 0x0020, 0x0020, 0x0020, 0x0020, 0x0020, 0x0020, 0x0020, 0x0020, 0x0020, 0x0020, 0x0020, 0x0020, 0x0020, 0x0020, 0x0020, 0x0020, 0x0020, 0x0020, 0x0020, 0x0020, 0x0020, 0x0020, 0x0020, 0x0020, 0x0020, 0x0020, 0x0020, 0x0020, 0x0000, 0x0861, 0x20e3, 0x18e3, 0x18e3, 0x3165, 0x4228,
		0x4208, 0x2124, 0x18e3, 0x2104, 0x2104, 0x0020, 0x0000, 0x0020, 0x0020, 0x0020, 0x0020, 0x0020, 0x0020, 0x0020, 0x0820, 0x0800, 0x1800, 0x2800, 0x3000, 0x9000, 0xf841, 0xf801, 0xf000, 0xf801, 0xf800, 0xf800, 0xf821, 0xf841, 0x9820, 0x3000, 0x2800, 0x1800, 0x1000, 0x0820, 0x0020, 0x0020, 0x0020, 0x0020, 0x0020, 0x0020, 0x0020, 0x0020, 0x0020, 0x0020, 0x0020, 0x0020, 0x0020, 0x0020, 0x0020, 0x0020, 0x0020, 0x0020, 0x0020, 0x0020, 0x0020, 0x0020, 0x0020, 0x0020, 0x0020, 0x0020, 0x0020, 0x0020, 0x0020, 0x0020, 0x0020, 0x0020, 0x0020, 0x0020, 0x0020, 0x0020, 0x0020, 0x0020, 0x0020, 0x0000, 0x0861, 0x2103, 0x18e3, 0x18e3, 0x3186, 0x4228,
		0x4208, 0x2124, 0x18e3, 0x2104, 0x2104, 0x0020, 0x0000, 0x0020, 0x0020, 0x0020, 0x0020, 0x0020, 0x0020, 0x0020, 0x0820, 0x0800, 0x1800, 0x2800, 0x3800, 0x9800, 0xf841, 0xf821, 0xf000, 0xf001, 0xf800, 0xf800, 0xf801, 0xf841, 0x9800, 0x3000, 0x2800, 0x1800, 0x1000, 0x0820, 0x0020, 0x0020, 0x0020, 0x0020, 0x0020, 0x0020, 0x0020, 0x0020, 0x0020, 0x0020, 0x0020, 0x0020, 0x0020, 0x0020, 0x0020, 0x0020, 0x0020, 0x0020, 0x0020, 0x0020, 0x0020, 0x0020, 0x0020, 0x0020, 0x0020, 0x0020, 0x0020, 0x0020, 0x0020, 0x0020, 0x0020, 0x0020, 0x0020, 0x0020, 0x0020, 0x0020, 0x0020, 0x0020, 0x0020, 0x0000, 0x0861, 0x2104, 0x2103, 0x18e3, 0x3186, 0x4228,
		0x4208, 0x2124, 0x18e3, 0x2104, 0x2104, 0x0020, 0x0000, 0x0020, 0x0020, 0x0020, 0x0020, 0x0020, 0x0020, 0x0020, 0x0820, 0x0800, 0x1000, 0x2800, 0x3800, 0x9800, 0xf841, 0xf821, 0xf800, 0xf800, 0xf800, 0xf800, 0xf800, 0xf841, 0x9820, 0x3000, 0x2800, 0x1800, 0x1000, 0x0820, 0x0020, 0x0020, 0x0020, 0x0020, 0x0020, 0x0020, 0x0020, 0x0020, 0x0020, 0x0020, 0x0020, 0x0020, 0x0020, 0x0020, 0x0020, 0x0020, 0x0020, 0x0020, 0x0020, 0x0020, 0x0020, 0x0020, 0x0020, 0x0020, 0x0020, 0x0020, 0x0020, 0x0020, 0x0020, 0x0020, 0x0020, 0x0020, 0x0020, 0x0020, 0x0020, 0x0020, 0x0020, 0x0020, 0x0020, 0x0000, 0x0861, 0x2104, 0x18e3, 0x18e3, 0x3186, 0x4228,
		0x4208, 0x2945, 0x2104, 0x2124, 0x2104, 0x0020, 0x0000, 0x0020, 0x0020, 0x0020, 0x0020, 0x0020, 0x0020, 0x0820, 0x0820, 0x0800, 0x1800, 0x2800, 0x3800, 0x9800, 0xf841, 0xf821, 0xf800, 0xf800, 0xf800, 0xf800, 0xf800, 0xf841, 0x9800, 0x3000, 0x2800, 0x1800, 0x1000, 0x0820, 0x0020, 0x0020, 0x0020, 0x0020, 0x0020, 0x0020, 0x0020, 0x0020, 0x0020, 0x0020, 0x0020, 0x0020, 0x0020, 0x0020, 0x0020, 0x0020, 0x0020, 0x0020, 0x0020, 0x0020, 0x0020, 0x0020, 0x0020, 0x0020, 0x0020, 0x0020, 0x0020, 0x0020, 0x0020, 0x0020, 0x0020, 0x0020, 0x0020, 0x0020, 0x0020, 0x0020, 0x0020, 0x0020, 0x0020, 0x0000, 0x0861, 0x2104, 0x18e3, 0x18e3, 0x3186, 0x4228,
		0x4208, 0x2945, 0x2104, 0x2104, 0x2104, 0x0020, 0x0000, 0x0020, 0x0020, 0x0020, 0x0020, 0x0020, 0x0020, 0x0020, 0x0820, 0x0800, 0x1800, 0x2800, 0x3800, 0x9800, 0xf841, 0xf801, 0xf800, 0xf800, 0xf800, 0xf800, 0xf801, 0xf841, 0x9800, 0x3000, 0x2000, 0x1800, 0x0800, 0x0820, 0x0020, 0x0020, 0x0020, 0x0020, 0x0020, 0x0020, 0x0020, 0x0020, 0x0020, 0x0020, 0x0020, 0x0020, 0x0020, 0x0020, 0x0020, 0x0020, 0x0020, 0x0020, 0x0020, 0x0020, 0x0020, 0x0020, 0x0020, 0x0020, 0x0020, 0x0020, 0x0020, 0x0020, 0x0020, 0x0020, 0x0020, 0x0020, 0x0020, 0x0020, 0x0020, 0x0020, 0x0020, 0x0020, 0x0020, 0x0000, 0x0861, 0x2104, 0x18e3, 0x18e3, 0x3186, 0x4228,
		0x4208, 0x2945, 0x2103, 0x2104, 0x2104, 0x0020, 0x0000, 0x0020, 0x0020, 0x0020, 0x0020, 0x0020, 0x0020, 0x0020, 0x0820, 0x0800, 0x1800, 0x2800, 0x3800, 0x9820, 0xf841, 0xf801, 0xf800, 0xf800, 0xf800, 0xf800, 0xf801, 0xf841, 0x9820, 0x3000, 0x2000, 0x1800, 0x0800, 0x0820, 0x0020, 0x0020, 0x0020, 0x0020, 0x0020, 0x0020, 0x0020, 0x0020, 0x0020, 0x0020, 0x0020, 0x0020, 0x0020, 0x0020, 0x0020, 0x0020, 0x0020, 0x0020, 0x0020, 0x0020, 0x0020, 0x0020, 0x0020, 0x0020, 0x0020, 0x0020, 0x0020, 0x0020, 0x0020, 0x0020, 0x0020, 0x0020, 0x0020, 0x0020, 0x0020, 0x0020, 0x0020, 0x0020, 0x0020, 0x0000, 0x0861, 0x2104, 0x18e3, 0x18e3, 0x3186, 0x4228,
		0x4208, 0x2924, 0x20e3, 0x2104, 0x2104, 0x0020, 0x0000, 0x0020, 0x0020, 0x0020, 0x0020, 0x0020, 0x0020, 0x0020, 0x0820, 0x0800, 0x1800, 0x2800, 0x3800, 0x9820, 0xf841, 0xf821, 0xf800, 0xf800, 0xf800, 0xf800, 0xf801, 0xf841, 0x9020, 0x3000, 0x2000, 0x1800, 0x0800, 0x0820, 0x0820, 0x0820, 0x0020, 0x0020, 0x0020, 0x0020, 0x0020, 0x0820, 0x0820, 0x0820, 0x0820, 0x0820, 0x0820, 0x0820, 0x0020, 0x0820, 0x0020, 0x0820, 0x0820, 0x0820, 0x0020, 0x0020, 0x0020, 0x0020, 0x0020, 0x0020, 0x0020, 0x0020, 0x0020, 0x0020, 0x0020, 0x0020, 0x0020, 0x0020, 0x0020, 0x0020, 0x0020, 0x0020, 0x0020, 0x0000, 0x0861, 0x2103, 0x18e3, 0x18e3, 0x3186, 0x4228,
		0x39e8, 0x2124, 0x18e3, 0x2104, 0x2104, 0x0020, 0x0000, 0x0020, 0x0020, 0x0020, 0x0020, 0x0020, 0x0020, 0x0820, 0x0820, 0x0800, 0x1800, 0x2800, 0x3800, 0x9820, 0xf841, 0xf821, 0xf000, 0xf000, 0xf800, 0xf800, 0xf801, 0xf841, 0x9000, 0x3000, 0x2000, 0x1800, 0x1000, 0x0800, 0x0820, 0x0820, 0x0820, 0x0820, 0x0820, 0x0800, 0x0820, 0x0820, 0x0820, 0x0820, 0x0820, 0x0820, 0x0820, 0x0820, 0x0820, 0x0820, 0x0820, 0x0820, 0x0820, 0x0820, 0x0820, 0x0020, 0x0020, 0x0020, 0x0020, 0x0020, 0x0020, 0x0020, 0x0020, 0x0020, 0x0020, 0x0020, 0x0020, 0x0020, 0x0020, 0x0020, 0x0020, 0x0020, 0x0020, 0x0000, 0x0861, 0x18e3, 0x20e3, 0x18e3, 0x3186, 0x4228,
		0x4208, 0x2124, 0x18e3, 0x2104, 0x2104, 0x0020, 0x0000, 0x0020, 0x0020, 0x0020, 0x0020, 0x0020, 0x0020, 0x0020, 0x0820, 0x0800, 0x1800, 0x2800, 0x3800, 0x9800, 0xf841, 0xf801, 0xf000, 0xf000, 0xf800, 0xf800, 0xf800, 0xf861, 0x9820, 0x2800, 0x2000, 0x1800, 0x1000, 0x0800, 0x0800, 0x0800, 0x0800, 0x0800, 0x0800, 0x0800, 0x0820, 0x0800, 0x0800, 0x0800, 0x0800, 0x0800, 0x0820, 0x0800, 0x0800, 0x0800, 0x0800, 0x0800, 0x0800, 0x0800, 0x0800, 0x0820, 0x0820, 0x0020, 0x0020, 0x0020, 0x0020, 0x0020, 0x0020, 0x0020, 0x0020, 0x0020, 0x0020, 0x0020, 0x0020, 0x0020, 0x0020, 0x0020, 0x0020, 0x0000, 0x0861, 0x2103, 0x20e3, 0x18e3, 0x2965, 0x4228,
		0x4208, 0x2124, 0x18e3, 0x2104, 0x2104, 0x0020, 0x0000, 0x0020, 0x0020, 0x0020, 0x0020, 0x0020, 0x0020, 0x0020, 0x0820, 0x0800, 0x1800, 0x2800, 0x3800, 0xa020, 0xf861, 0xf821, 0xf800, 0xf000, 0xf800, 0xf800, 0xf801, 0xf862, 0x9820, 0x2800, 0x2800, 0x1800, 0x1000, 0x1000, 0x1000, 0x1000, 0x1000, 0x1000, 0x1000, 0x1000, 0x1000, 0x1000, 0x1000, 0x1000, 0x1000, 0x1000, 0x1000, 0x1000, 0x1000, 0x1000, 0x1000, 0x1000, 0x1000, 0x1000, 0x0800, 0x0800, 0x0820, 0x0820, 0x0020, 0x0020, 0x0020, 0x0020, 0x0020, 0x0020, 0x0020, 0x0020, 0x0020, 0x0020, 0x0020, 0x0020, 0x0020, 0x0020, 0x0020, 0x0000, 0x0861, 0x2104, 0x20e3, 0x18e3, 0x3165, 0x4228,
		0x4208, 0x2124, 0x18e3, 0x2104, 0x2104, 0x0020, 0x0000, 0x0020, 0x0020, 0x0020, 0x0020, 0x0020, 0x0020, 0x0020, 0x0820, 0x0800, 0x1800, 0x2800, 0x3800, 0xa020, 0xf841, 0xf821, 0xf800, 0xf800, 0xf800, 0xf800, 0xf801, 0xf862, 0x9820, 0x3000, 0x2800, 0x2000, 0x1800, 0x1800, 0x1000, 0x1800, 0x1000, 0x1800, 0x1800, 0x1800, 0x1000, 0x1000, 0x1800, 0x1800, 0x1800, 0x1800, 0x1800, 0x1800, 0x1800, 0x1800, 0x1800, 0x1800, 0x1800, 0x1800, 0x1000, 0x1000, 0x0820, 0x0820, 0x0020, 0x0020, 0x0020, 0x0020, 0x0020, 0x0020, 0x0020, 0x0020, 0x0020, 0x0020, 0x0020, 0x0020, 0x0020, 0x0020, 0x0020, 0x0000, 0x0861, 0x2104, 0x20e3, 0x18e3, 0x3186, 0x4228,
		0x4208, 0x2124, 0x18e3, 0x2104, 0x2104, 0x0020, 0x0000, 0x0020, 0x0020, 0x0020, 0x0020, 0x0020, 0x0020, 0x0020, 0x0820, 0x0800, 0x1800, 0x2800, 0x3800, 0xa020, 0xf841, 0xf821, 0xf000, 0xf800, 0xf801, 0xf800, 0xf801, 0xf862, 0xa020, 0x3000, 0x3000, 0x2800, 0x2000, 0x2000, 0x2000, 0x2000, 0x2000, 0x2000, 0x2000, 0x2000, 0x2000, 0x2000, 0x2000, 0x2000, 0x2000, 0x2000, 0x2000, 0x2000, 0x2000, 0x2000, 0x2000, 0x2800, 0x2800, 0x2800, 0x1800, 0x1800, 0x1000, 0x0800, 0x0820, 0x0020, 0x0020, 0x0020, 0x0020, 0x0020, 0x0020, 0x0020, 0x0020, 0x0020, 0x0020, 0x0020, 0x0020, 0x0020, 0x0020, 0x0000, 0x0861, 0x2104, 0x2103, 0x18e3, 0x3186, 0x4228,
		0x4208, 0x2124, 0x18e3, 0x2104, 0x2104, 0x0020, 0x0000, 0x0020, 0x0020, 0x0020, 0x0020, 0x0020, 0x0020, 0x0020, 0x0820, 0x0800, 0x1800, 0x2800, 0x3800, 0xa020, 0xf841, 0xf801, 0xf800, 0xf001, 0xf001, 0xf800, 0xf800, 0xf841, 0x9820, 0x2800, 0x3800, 0x2800, 0x2800, 0x3000, 0x2800, 0x2800, 0x3000, 0x2800, 0x2800, 0x2800, 0x2800, 0x2800, 0x2800, 0x2800, 0x3000, 0x2800, 0x3000, 0x2800, 0x3000, 0x3000, 0x3000, 0x3000, 0x3000, 0x3000, 0x2800, 0x2000, 0x1800, 0x1000, 0x0820, 0x0820, 0x0020, 0x0020, 0x0020, 0x0020, 0x0020, 0x0020, 0x0020, 0x0020, 0x0020, 0x0020, 0x0020, 0x0020, 0x0020, 0x0000, 0x0861, 0x2104, 0x2103, 0x18e3, 0x3186, 0x4228,
		0x4208, 0x2124, 0x18e3, 0x2104, 0x2104, 0x0020, 0x0000, 0x0020, 0x0020, 0x0020, 0x0020, 0x0020, 0x0020, 0x0020, 0x0020, 0x0800, 0x1000, 0x2000, 0x3000, 0x9020, 0xf862, 0xf800, 0xf000, 0xf800, 0xf800, 0xf000, 0xf861, 0xa820, 0x4800, 0x3000, 0x4000, 0x4000, 0x4000, 0x4800, 0x4800, 0x4800, 0x4800, 0x4800, 0x4800, 0x4800, 0x4800, 0x4800, 0x4800, 0x4800, 0x4800, 0x4800, 0x4800, 0x4800, 0x4800, 0x5000, 0x4800, 0x4800, 0x4800, 0x4800, 0x4800, 0x3000, 0x2000, 0x1800, 0x1000, 0x0820, 0x0820, 0x0020, 0x0020, 0x0020, 0x0020, 0x0020, 0x0020, 0x0020, 0x0020, 0x0020, 0x0020, 0x0020, 0x0020, 0x0000, 0x0861, 0x2104, 0x18e3, 0x18e3, 0x3186, 0x4228,
		0x4208, 0x2124, 0x18e3, 0x2104, 0x2104, 0x0020, 0x0000, 0x0020, 0x0020, 0x0020, 0x0020, 0x0020, 0x0020, 0x0020, 0x0020, 0x0820, 0x1000, 0x1800, 0x3000, 0x5000, 0x9020, 0xf841, 0xf801, 0xf800, 0xf800, 0xf841, 0xe041, 0x6800, 0x2000, 0x8820, 0xd841, 0xd041, 0xd021, 0xd021, 0xd821, 0xd821, 0xd841, 0xd841, 0xd821, 0xd821, 0xd821, 0xd021, 0xd021, 0xd021, 0xd021, 0xd041, 0xd841, 0xd841, 0xd821, 0xd821, 0xd821, 0xd821, 0xd021, 0xd841, 0x6800, 0x3800, 0x3800, 0x2000, 0x1800, 0x1000, 0x0800, 0x0820, 0x0020, 0x0020, 0x0020, 0x0020, 0x0020, 0x0020, 0x0020, 0x0020, 0x0020, 0x0020, 0x0020, 0x0000, 0x0861, 0x2104, 0x18e3, 0x18e3, 0x2965, 0x4208,
		0x41e7, 0x2124, 0x18e3, 0x2104, 0x2104, 0x0020, 0x0000, 0x0020, 0x0020, 0x0020, 0x0020, 0x0020, 0x0020, 0x0020, 0x0020, 0x0820, 0x0820, 0x1800, 0x2800, 0x3800, 0x5000, 0xd041, 0xf821, 0xf800, 0xf821, 0xf041, 0x6800, 0x3000, 0x6800, 0xd041, 0xf861, 0xf841, 0xf841, 0xf841, 0xf841, 0xf841, 0xf841, 0xf841, 0xf841, 0xf841, 0xf841, 0xf841, 0xf841, 0xf841, 0xf841, 0xf841, 0xf841, 0xf841, 0xf841, 0xf841, 0xf841, 0xf841, 0xf841, 0xf841, 0xa021, 0x6000, 0x4000, 0x2800, 0x2000, 0x1000, 0x0800, 0x0820, 0x0020, 0x0020, 0x0020, 0x0020, 0x0020, 0x0020, 0x0020, 0x0020, 0x0020, 0x0020, 0x0020, 0x0000, 0x0861, 0x2104, 0x20e3, 0x18e3, 0x2965, 0x4208,
		0x41e7, 0x2124, 0x2103, 0x2124, 0x2104, 0x0020, 0x0000, 0x0020, 0x0020, 0x0020, 0x0020, 0x0020, 0x0020, 0x0020, 0x0020, 0x0820, 0x0820, 0x1000, 0x2000, 0x3000, 0x4800, 0x6800, 0xf841, 0xf821, 0xf841, 0x9820, 0x3000, 0x4000, 0xd861, 0xf841, 0xf000, 0xf001, 0xf801, 0xf801, 0xf801, 0xf801, 0xf001, 0xf800, 0xf800, 0xf801, 0xf001, 0xf000, 0xf800, 0xf001, 0xf001, 0xf001, 0xf801, 0xf801, 0xf021, 0xf800, 0xf800, 0xf800, 0xf800, 0xf800, 0xf841, 0xa821, 0x4000, 0x4000, 0x2800, 0x1800, 0x1000, 0x0820, 0x0820, 0x0020, 0x0020, 0x0020, 0x0020, 0x0020, 0x0020, 0x0020, 0x0020, 0x0020, 0x0020, 0x0000, 0x0861, 0x2104, 0x2104, 0x18e3, 0x3186, 0x4208,
		0x41e7, 0x2924, 0x2104, 0x2124, 0x2104, 0x0020, 0x0000, 0x0020, 0x0020, 0x0020, 0x0020, 0x0020, 0x0020, 0x0020, 0x0020, 0x0820, 0x0820, 0x1000, 0x1800, 0x2000, 0x4000, 0x5000, 0x9020, 0xf841, 0xa820, 0x5000, 0x4000, 0xb820, 0xf821, 0xf800, 0xf800, 0xf000, 0xf000, 0xf000, 0xf800, 0xf000, 0xf000, 0xf000, 0xf000, 0xf800, 0xf800, 0xf000, 0xf000, 0xf000, 0xf000, 0xf000, 0xf000, 0xf000, 0xf000, 0xf800, 0xf800, 0xf000, 0xf000, 0xf800, 0xf821, 0xe841, 0x9020, 0x3800, 0x3800, 0x2000, 0x1800, 0x0800, 0x0820, 0x0020, 0x0020, 0x0020, 0x0020, 0x0020, 0x0020, 0x0020, 0x0020, 0x0020, 0x0020, 0x0000, 0x0861, 0x2104, 0x2103, 0x18e3, 0x3186, 0x4228,
		0x41e7, 0x2945, 0x2104, 0x2124, 0x2104, 0x0020, 0x0000, 0x0020, 0x0020, 0x0020, 0x0020, 0x0020, 0x0020, 0x0020, 0x0020, 0x0020, 0x0820, 0x0820, 0x1000, 0x1800, 0x2800, 0x3800, 0x5800, 0xb821, 0x5800, 0x3000, 0x9800, 0xf841, 0xf820, 0xf000, 0xf800, 0xf000, 0xf800, 0xf800, 0xf800, 0xf800, 0xf000, 0xf000, 0xf800, 0xf800, 0xf000, 0xf000, 0xf800, 0xf000, 0xf000, 0xf000, 0xf000, 0xf000, 0xf000, 0xf800, 0xf801, 0xf800, 0xf000, 0xf000, 0xf000, 0xf821, 0xd841, 0x7800, 0x4000, 0x3000, 0x1800, 0x1000, 0x0800, 0x0020, 0x0020, 0x0020, 0x0020, 0x0020, 0x0020, 0x0020, 0x0020, 0x0020, 0x0020, 0x0000, 0x0861, 0x20e3, 0x18e3, 0x18e3, 0x3186, 0x4228,
		0x41e8, 0x2924, 0x18e3, 0x2104, 0x2104, 0x0020, 0x0000, 0x0020, 0x0020, 0x0020, 0x0020, 0x0020, 0x0020, 0x0020, 0x0020, 0x0020, 0x0020, 0x0820, 0x0800, 0x1000, 0x1800, 0x3000, 0x3800, 0x3800, 0x4000, 0x6000, 0xe841, 0xf821, 0xf800, 0xf800, 0xf000, 0xf000, 0xf800, 0xf800, 0xf000, 0xf800, 0xf800, 0xf801, 0xf800, 0xf800, 0xf000, 0xf000, 0xf000, 0xf800, 0xf800, 0xf800, 0xf800, 0xf800, 0xf000, 0xf000, 0xf800, 0xf800, 0xf800, 0xf800, 0xf000, 0xf000, 0xf841, 0xd021, 0x6000, 0x3800, 0x2000, 0x1000, 0x0800, 0x0020, 0x0020, 0x0020, 0x0020, 0x0020, 0x0020, 0x0020, 0x0020, 0x0020, 0x0020, 0x0000, 0x0861, 0x2103, 0x18e3, 0x18e3, 0x3165, 0x4228,
		0x4208, 0x2124, 0x18e3, 0x2104, 0x2104, 0x0020, 0x0000, 0x0020, 0x0020, 0x0020, 0x0020, 0x0020, 0x0020, 0x0020, 0x0020, 0x0020, 0x0020, 0x0020, 0x0820, 0x0800, 0x1000, 0x2000, 0x2800, 0x4000, 0x4800, 0xc821, 0xf841, 0xf000, 0xf800, 0xf800, 0xf800, 0xf000, 0xf000, 0xf000, 0xf800, 0xf000, 0xf800, 0xf000, 0xf000, 0xf800, 0xf000, 0xf000, 0xf000, 0xf800, 0xf800, 0xf800, 0xf800, 0xf000, 0xf000, 0xf000, 0xf800, 0xf000, 0xf000, 0xf800, 0xf800, 0xf800, 0xf000, 0xf841, 0xc821, 0x3000, 0x2800, 0x1800, 0x0800, 0x0020, 0x0020, 0x0020, 0x0020, 0x0020, 0x0020, 0x0020, 0x0020, 0x0020, 0x0020, 0x0000, 0x0861, 0x2104, 0x18e3, 0x18c3, 0x3166, 0x4228,
		0x4208, 0x2124, 0x18e3, 0x2104, 0x2104, 0x0020, 0x0000, 0x0020, 0x0020, 0x0020, 0x0020, 0x0020, 0x0020, 0x0020, 0x0020, 0x0020, 0x0020, 0x0020, 0x0820, 0x0800, 0x1000, 0x1800, 0x2000, 0x3000, 0x4000, 0x8820, 0xe041, 0xf821, 0xf000, 0xf800, 0xf800, 0xf800, 0xf000, 0xf800, 0xf800, 0xf000, 0xf000, 0xf000, 0xf000, 0xf800, 0xf800, 0xf800, 0xf800, 0xf000, 0xf800, 0xf800, 0xf800, 0xf800, 0xf800, 0xf800, 0xf801, 0xf000, 0xf000, 0xf800, 0xf000, 0xf800, 0xf821, 0xe041, 0x8800, 0x3800, 0x2000, 0x1000, 0x0800, 0x0020, 0x0020, 0x0020, 0x0020, 0x0020, 0x0020, 0x0020, 0x0020, 0x0020, 0x0020, 0x0000, 0x0861, 0x2104, 0x2103, 0x18e3, 0x2965, 0x4228,
		0x4208, 0x2124, 0x18e3, 0x2104, 0x2104, 0x0020, 0x0000, 0x0020, 0x0020, 0x0020, 0x0020, 0x0020, 0x0020, 0x0020, 0x0020, 0x0020, 0x0020, 0x0020, 0x0020, 0x0820, 0x0800, 0x1000, 0x1800, 0x2800, 0x3800, 0x4000, 0x9020, 0xf041, 0xf821, 0xf000, 0xf000, 0xf000, 0xf000, 0xf000, 0xf000, 0xf000, 0xf000, 0xf000, 0xf800, 0xf800, 0xf800, 0xf800, 0xf800, 0xf000, 0xf000, 0xf000, 0xf000, 0xf800, 0xf000, 0xf000, 0xf001, 0xf000, 0xf800, 0xf000, 0xf800, 0xf821, 0xf041, 0x8800, 0x3800, 0x3000, 0x1800, 0x1000, 0x0800, 0x0020, 0x0020, 0x0020, 0x0020, 0x0020, 0x0020, 0x0020, 0x0020, 0x0020, 0x0020, 0x0000, 0x0861, 0x2104, 0x20e3, 0x18e3, 0x3186, 0x4228,
		0x4208, 0x2124, 0x18e3, 0x2104, 0x2104, 0x0020, 0x0000, 0x0020, 0x0020, 0x0020, 0x0020, 0x0020, 0x0020, 0x0020, 0x0020, 0x0020, 0x0020, 0x0020, 0x0020, 0x0020, 0x0820, 0x0800, 0x1000, 0x2000, 0x2800, 0x3800, 0x4800, 0xa021, 0xf861, 0xf000, 0xf000, 0xf000, 0xf000, 0xf000, 0xf000, 0xf000, 0xf000, 0xf000, 0xf000, 0xf000, 0xf000, 0xf800, 0xf800, 0xf800, 0xf800, 0xf800, 0xf000, 0xf000, 0xf000, 0xf000, 0xf000, 0xf800, 0xf000, 0xf000, 0xf800, 0xf862, 0x9020, 0x4000, 0x3800, 0x2000, 0x1000, 0x0800, 0x0820, 0x0020, 0x0020, 0x0020, 0x0020, 0x0020, 0x0020, 0x0020, 0x0020, 0x0020, 0x0020, 0x0000, 0x0861, 0x2104, 0x18e3, 0x18e3, 0x3186, 0x4228,
		0x4208, 0x2124, 0x18e3, 0x2104, 0x2124, 0x0020, 0x0000, 0x0020, 0x0020, 0x0020, 0x0020, 0x0020, 0x0020, 0x0020, 0x0020, 0x0020, 0x0020, 0x0020, 0x0020, 0x0020, 0x0020, 0x0820, 0x1000, 0x1000, 0x2000, 0x2800, 0x3800, 0x5800, 0xb821, 0xf861, 0xf841, 0xf841, 0xf841, 0xf841, 0xf841, 0xf841, 0xf841, 0xf841, 0xf841, 0xf841, 0xf841, 0xf841, 0xf841, 0xf841, 0xf841, 0xf841, 0xf841, 0xf841, 0xf841, 0xf841, 0xf841, 0xf841, 0xf841, 0xf841, 0xf841, 0xa020, 0x5000, 0x3800, 0x2800, 0x1800, 0x1000, 0x0820, 0x0020, 0x0020, 0x0020, 0x0020, 0x0020, 0x0020, 0x0020, 0x0020, 0x0020, 0x0020, 0x0020, 0x0000, 0x0861, 0x2104, 0x20e3, 0x18e3, 0x3186, 0x4228,
		0x4208, 0x2124, 0x18e3, 0x2124, 0x2124, 0x0020, 0x0000, 0x0020, 0x0020, 0x0020, 0x0020, 0x0020, 0x0020, 0x0020, 0x0020, 0x0020, 0x0020, 0x0020, 0x0020, 0x0020, 0x0020, 0x0820, 0x0820, 0x1000, 0x1800, 0x2000, 0x2800, 0x3000, 0x7800, 0xe041, 0xd841, 0xd841, 0xd841, 0xd841, 0xd841, 0xd841, 0xd841, 0xd841, 0xd841, 0xd841, 0xd841, 0xd841, 0xd841, 0xd841, 0xd841, 0xd821, 0xd821, 0xd841, 0xd841, 0xd841, 0xd841, 0xd841, 0xd841, 0xd821, 0xd841, 0x6000, 0x3000, 0x2800, 0x2000, 0x1000, 0x0800, 0x0820, 0x0020, 0x0020, 0x0020, 0x0020, 0x0020, 0x0020, 0x0020, 0x0020, 0x0020, 0x0020, 0x0020, 0x0000, 0x0861, 0x2104, 0x2103, 0x18e3, 0x3186, 0x4228,
		0x4208, 0x2124, 0x18e3, 0x2104, 0x2104, 0x0020, 0x0000, 0x0020, 0x0020, 0x0020, 0x0020, 0x0020, 0x0020, 0x0020, 0x0020, 0x0020, 0x0020, 0x0020, 0x0020, 0x0020, 0x0020, 0x0020, 0x0820, 0x0820, 0x1000, 0x1800, 0x2000, 0x2800, 0x4000, 0x4800, 0x4800, 0x4800, 0x4800, 0x4800, 0x4800, 0x4800, 0x4800, 0x4800, 0x4800, 0x4800, 0x4800, 0x4800, 0x4800, 0x4800, 0x4800, 0x4800, 0x4800, 0x4800, 0x4800, 0x4800, 0x4800, 0x4800, 0x4800, 0x5000, 0x4800, 0x4000, 0x2800, 0x2000, 0x1000, 0x0800, 0x0820, 0x0020, 0x0020, 0x0020, 0x0020, 0x0020, 0x0020, 0x0020, 0x0020, 0x0020, 0x0020, 0x0020, 0x0020, 0x0000, 0x0861, 0x2104, 0x2103, 0x18e3, 0x3186, 0x4228,
		0x4208, 0x2124, 0x18e3, 0x2104, 0x2104, 0x0020, 0x0000, 0x0020, 0x0020, 0x0020, 0x0020, 0x0020, 0x0020, 0x0020, 0x0020, 0x0020, 0x0020, 0x0020, 0x0020, 0x0020, 0x0020, 0x0020, 0x0020, 0x0820, 0x0820, 0x1000, 0x1800, 0x2000, 0x2800, 0x2800, 0x3000, 0x2800, 0x2800, 0x2800, 0x3000, 0x2800, 0x3000, 0x3000, 0x3000, 0x3000, 0x3000, 0x3000, 0x3000, 0x3000, 0x3000, 0x3000, 0x3000, 0x3000, 0x3000, 0x3000, 0x2800, 0x3000, 0x3000, 0x3000, 0x2800, 0x2000, 0x2000, 0x1000, 0x1000, 0x0820, 0x0020, 0x0020, 0x0020, 0x0020, 0x0020, 0x0020, 0x0020, 0x0020, 0x0020, 0x0020, 0x0020, 0x0020, 0x0020, 0x0000, 0x1061, 0x2104, 0x20e3, 0x18e3, 0x3186, 0x4228,
		0x4208, 0x2124, 0x18e3, 0x2104, 0x2104, 0x0020, 0x0000, 0x0020, 0x0020, 0x0020, 0x0020, 0x0020, 0x0020, 0x0020, 0x0020, 0x0020, 0x0020, 0x0020, 0x0020, 0x0020, 0x0020, 0x0020, 0x0020, 0x0820, 0x0820, 0x0800, 0x1000, 0x1800, 0x1800, 0x2000, 0x2000, 0x2000, 0x2000, 0x2000, 0x2000, 0x2000, 0x2000, 0x2000, 0x2000, 0x2000, 0x2000, 0x2000, 0x2000, 0x2000, 0x2800, 0x2000, 0x2000, 0x2800, 0x2000, 0x2000, 0x2000, 0x2000, 0x2800, 0x2000, 0x2000, 0x1800, 0x1000, 0x1000, 0x0820, 0x0820, 0x0020, 0x0020, 0x0020, 0x0020, 0x0020, 0x0020, 0x0020, 0x0020, 0x0020, 0x0020, 0x0020, 0x0020, 0x0020, 0x0000, 0x1082, 0x2104, 0x20e3, 0x18e3, 0x3186, 0x4228,
		0x4208, 0x2124, 0x18e3, 0x2104, 0x2104, 0x0000, 0x0000, 0x0020, 0x0020, 0x0020, 0x0020, 0x0020, 0x0020, 0x0020, 0x0020, 0x0020, 0x0020, 0x0020, 0x0020, 0x0020, 0x0020, 0x0020, 0x0020, 0x0020, 0x0820, 0x0820, 0x0820, 0x1000, 0x1000, 0x1000, 0x1800, 0x1800, 0x1800, 0x1800, 0x1800, 0x1800, 0x1800, 0x1800, 0x1800, 0x1800, 0x1800, 0x1800, 0x1800, 0x1800, 0x1800, 0x1800, 0x1800, 0x1800, 0x1800, 0x1800, 0x1800, 0x1800, 0x1800, 0x1800, 0x1000, 0x1000, 0x1000, 0x0820, 0x0820, 0x0020, 0x0020, 0x0020, 0x0020, 0x0020, 0x0020, 0x0020, 0x0020, 0x0020, 0x0020, 0x0020, 0x0020, 0x0020, 0x0020, 0x0000, 0x1081, 0x2124, 0x2104, 0x18e3, 0x3186, 0x4228,
		0x4208, 0x2124, 0x18e3, 0x2104, 0x2104, 0x1082, 0x0000, 0x0000, 0x0020, 0x0020, 0x0020, 0x0020, 0x0020, 0x0020, 0x0020, 0x0020, 0x0020, 0x0020, 0x0020, 0x0020, 0x0020, 0x0020, 0x0020, 0x0020, 0x0020, 0x0820, 0x0820, 0x0800, 0x0800, 0x1000, 0x1000, 0x1000, 0x1000, 0x1000, 0x1000, 0x1000, 0x1000, 0x1000, 0x1000, 0x1000, 0x1000, 0x1000, 0x1000, 0x1000, 0x1000, 0x1000, 0x1000, 0x1000, 0x1000, 0x1000, 0x1000, 0x1000, 0x1000, 0x1000, 0x1000, 0x0800, 0x0820, 0x0820, 0x0820, 0x0020, 0x0020, 0x0020, 0x0020, 0x0020, 0x0020, 0x0020, 0x0020, 0x0020, 0x0020, 0x0020, 0x0020, 0x0020, 0x0000, 0x0020, 0x18c3, 0x2104, 0x2104, 0x18e3, 0x3186, 0x4228,
		0x4208, 0x2124, 0x18e3, 0x18e3, 0x2104, 0x2104, 0x0861, 0x0000, 0x0020, 0x0020, 0x0020, 0x0020, 0x0020, 0x0020, 0x0020, 0x0020, 0x0020, 0x0020, 0x0020, 0x0020, 0x0020, 0x0020, 0x0020, 0x0020, 0x0020, 0x0020, 0x0020, 0x0820, 0x0820, 0x0820, 0x0800, 0x0820, 0x0800, 0x0800, 0x0820, 0x0820, 0x0800, 0x0820, 0x0800, 0x0800, 0x0800, 0x0800, 0x0800, 0x0800, 0x0800, 0x0800, 0x0800, 0x0800, 0x0800, 0x0800, 0x0800, 0x0800, 0x0800, 0x0800, 0x0800, 0x0820, 0x0820, 0x0020, 0x0020, 0x0020, 0x0020, 0x0020, 0x0020, 0x0020, 0x0020, 0x0020, 0x0020, 0x0020, 0x0020, 0x0020, 0x0020, 0x0000, 0x0000, 0x10a2, 0x2104, 0x20e3, 0x18e3, 0x18e3, 0x3186, 0x4228,
		0x41e8, 0x2124, 0x18e3, 0x20e3, 0x2104, 0x2104, 0x1903, 0x0020, 0x0000, 0x0020, 0x0020, 0x0020, 0x0020, 0x0020, 0x0020, 0x0020, 0x0020, 0x0020, 0x0020, 0x0020, 0x0020, 0x0020, 0x0020, 0x0020, 0x0020, 0x0020, 0x0020, 0x0020, 0x0020, 0x0820, 0x0820, 0x0820, 0x0820, 0x0820, 0x0820, 0x0820, 0x0820, 0x0820, 0x0820, 0x0820, 0x0820, 0x0820, 0x0820, 0x0820, 0x0820, 0x0820, 0x0820, 0x0820, 0x0820, 0x0820, 0x0820, 0x0820, 0x0820, 0x0820, 0x0820, 0x0820, 0x0020, 0x0020, 0x0020, 0x0020, 0x0020, 0x0020, 0x0020, 0x0020, 0x0020, 0x0020, 0x0020, 0x0020, 0x0020, 0x0020, 0x0000, 0x0000, 0x1082, 0x2104, 0x2104, 0x18e3, 0x18e3, 0x18e3, 0x3185, 0x4228,
		0x41e8, 0x2124, 0x18e3, 0x20e3, 0x20e3, 0x2104, 0x2104, 0x18e3, 0x0020, 0x0000, 0x0020, 0x0020, 0x0020, 0x0020, 0x0020, 0x0020, 0x0020, 0x0020, 0x0020, 0x0020, 0x0020, 0x0020, 0x0020, 0x0020, 0x0020, 0x0020, 0x0020, 0x0020, 0x0020, 0x0020, 0x0020, 0x0020, 0x0020, 0x0020, 0x0020, 0x0020, 0x0020, 0x0020, 0x0020, 0x0020, 0x0020, 0x0020, 0x0820, 0x0820, 0x0020, 0x0020, 0x0020, 0x0020, 0x0020, 0x0020, 0x0020, 0x0820, 0x0020, 0x0020, 0x0020, 0x0020, 0x0020, 0x0020, 0x0020, 0x0020, 0x0020, 0x0020, 0x0020, 0x0020, 0x0020, 0x0020, 0x0020, 0x0020, 0x0020, 0x0020, 0x0000, 0x0861, 0x18e3, 0x2104, 0x18e3, 0x18e3, 0x18e3, 0x18c3, 0x2965, 0x4228,
		0x39e7, 0x2104, 0x18c3, 0x18e3, 0x18e3, 0x18e3, 0x2103, 0x2124, 0x1082, 0x0000, 0x0000, 0x0020, 0x0020, 0x0020, 0x0020, 0x0020, 0x0020, 0x0020, 0x0020, 0x0020, 0x0020, 0x0020, 0x0020, 0x0020, 0x0020, 0x0020, 0x0020, 0x0020, 0x0020, 0x0020, 0x0020, 0x0020, 0x0020, 0x0020, 0x0020, 0x0020, 0x0020, 0x0020, 0x0020, 0x0020, 0x0020, 0x0020, 0x0020, 0x0020, 0x0020, 0x0020, 0x0020, 0x0020, 0x0020, 0x0020, 0x0020, 0x0020, 0x0020, 0x0020, 0x0020, 0x0020, 0x0020, 0x0020, 0x0020, 0x0020, 0x0020, 0x0020, 0x0020, 0x0020, 0x0020, 0x0020, 0x0020, 0x0020, 0x0000, 0x0000, 0x0020, 0x18e3, 0x2104, 0x18e3, 0x18e3, 0x18e3, 0x18e3, 0x18c3, 0x2965, 0x4228,
		0x3165, 0x3186, 0x2104, 0x18e3, 0x18e3, 0x18e3, 0x18e3, 0x2103, 0x2124, 0x0841, 0x0000, 0x0020, 0x0020, 0x0020, 0x0020, 0x0020, 0x0020, 0x0020, 0x0020, 0x0020, 0x0020, 0x0020, 0x0020, 0x0020, 0x0020, 0x0020, 0x0020, 0x0020, 0x0020, 0x0020, 0x0020, 0x0020, 0x0020, 0x0020, 0x0020, 0x0020, 0x0020, 0x0020, 0x0020, 0x0020, 0x0020, 0x0020, 0x0020, 0x0020, 0x0020, 0x0020, 0x0020, 0x0020, 0x0020, 0x0020, 0x0020, 0x0020, 0x0020, 0x0020, 0x0020, 0x0020, 0x0020, 0x0020, 0x0020, 0x0020, 0x0020, 0x0020, 0x0020, 0x0020, 0x0020, 0x0020, 0x0020, 0x0020, 0x0000, 0x0000, 0x18e3, 0x2103, 0x18e3, 0x18e3, 0x18e3, 0x18e3, 0x18e3, 0x2945, 0x31a6, 0x39a6,
		0x31e8, 0x39c7, 0x2965, 0x18c3, 0x18e3, 0x18e3, 0x18e3, 0x18e3, 0x2104, 0x18e3, 0x0841, 0x0000, 0x0000, 0x0020, 0x0020, 0x0020, 0x0020, 0x0020, 0x0020, 0x0020, 0x0020, 0x0020, 0x0020, 0x0020, 0x0020, 0x0020, 0x0020, 0x0020, 0x0020, 0x0020, 0x0020, 0x0020, 0x0020, 0x0020, 0x0020, 0x0020, 0x0020, 0x0020, 0x0020, 0x0020, 0x0020, 0x0020, 0x0020, 0x0020, 0x0020, 0x0020, 0x0020, 0x0020, 0x0020, 0x0020, 0x0020, 0x0020, 0x0020, 0x0020, 0x0020, 0x0020, 0x0020, 0x0020, 0x0020, 0x0020, 0x0020, 0x0020, 0x0020, 0x0020, 0x0020, 0x0020, 0x0020, 0x0000, 0x0000, 0x0861, 0x2104, 0x18e3, 0x18e3, 0x18e3, 0x18e3, 0x18e3, 0x2103, 0x3186, 0x4229, 0x42cc,
		0x4b2f, 0x3186, 0x31a6, 0x2945, 0x18e3, 0x18e3, 0x18e3, 0x18e3, 0x20e3, 0x2124, 0x18c3, 0x0000, 0x0000, 0x0020, 0x0020, 0x0020, 0x0020, 0x0020, 0x0020, 0x0020, 0x0020, 0x0020, 0x0020, 0x0020, 0x0020, 0x0020, 0x0020, 0x0020, 0x0020, 0x0020, 0x0020, 0x0020, 0x0020, 0x0020, 0x0020, 0x0020, 0x0020, 0x0020, 0x0020, 0x0020, 0x0020, 0x0020, 0x0020, 0x0020, 0x0020, 0x0020, 0x0020, 0x0020, 0x0020, 0x0020, 0x0020, 0x0020, 0x0020, 0x0020, 0x0020, 0x0020, 0x0020, 0x0020, 0x0020, 0x0020, 0x0020, 0x0020, 0x0020, 0x0020, 0x0020, 0x0020, 0x0020, 0x0000, 0x0861, 0x2104, 0x18e3, 0x18e3, 0x18e3, 0x18e3, 0x18e3, 0x2104, 0x3165, 0x3165, 0x3a08, 0x5370,
		0x4b4f, 0x428b, 0x39e8, 0x39c7, 0x2104, 0x18e3, 0x18e3, 0x18e3, 0x18e3, 0x2104, 0x2104, 0x1082, 0x0000, 0x0000, 0x0000, 0x0000, 0x0000, 0x0000, 0x0000, 0x0000, 0x0000, 0x0000, 0x0000, 0x0000, 0x0000, 0x0000, 0x0000, 0x0000, 0x0000, 0x0000, 0x0000, 0x0000, 0x0000, 0x0000, 0x0000, 0x0000, 0x0000, 0x0000, 0x0000, 0x0000, 0x0000, 0x0000, 0x0000, 0x0000, 0x0000, 0x0000, 0x0000, 0x0000, 0x0000, 0x0000, 0x0000, 0x0000, 0x0000, 0x0000, 0x0000, 0x0000, 0x0000, 0x0000, 0x0000, 0x0000, 0x0000, 0x0000, 0x0000, 0x0000, 0x0000, 0x0000, 0x0000, 0x0020, 0x18e3, 0x2104, 0x18e3, 0x18e3, 0x18e3, 0x18e3, 0x2103, 0x2965, 0x3186, 0x3a08, 0x42cc, 0x4b0e,
		0x4b2e, 0x5390, 0x428b, 0x39a6, 0x2965, 0x2104, 0x18e3, 0x18e3, 0x18e3, 0x2104, 0x2124, 0x18e3, 0x0820, 0x0020, 0x0020, 0x0020, 0x0020, 0x0020, 0x0020, 0x0020, 0x0020, 0x0020, 0x0020, 0x0020, 0x0020, 0x0020, 0x0020, 0x0020, 0x0020, 0x0020, 0x0020, 0x0020, 0x0020, 0x0020, 0x0020, 0x0020, 0x0020, 0x0020, 0x0020, 0x0020, 0x0020, 0x0020, 0x0020, 0x0020, 0x0020, 0x0020, 0x0020, 0x0020, 0x0020, 0x0020, 0x0020, 0x0020, 0x0020, 0x0020, 0x0020, 0x0020, 0x0020, 0x0020, 0x0020, 0x0020, 0x0020, 0x0020, 0x0020, 0x0020, 0x0020, 0x0020, 0x0020, 0x1082, 0x2104, 0x20e3, 0x18e3, 0x18e3, 0x18e3, 0x18e3, 0x2945, 0x3186, 0x39e7, 0x4aed, 0x5370, 0x4aed,
		0x4b0e, 0x4b2e, 0x4b4f, 0x31a6, 0x3186, 0x2945, 0x18e3, 0x18e3, 0x18e3, 0x20e3, 0x2103, 0x18e3, 0x2104, 0x18e3, 0x18e3, 0x18e3, 0x18e3, 0x18e3, 0x18e3, 0x20e3, 0x2104, 0x2104, 0x2104, 0x2104, 0x20e3, 0x18e3, 0x18e3, 0x18e3, 0x18e3, 0x18e3, 0x18e3, 0x20e3, 0x2104, 0x2104, 0x18e3, 0x2104, 0x2104, 0x18e3, 0x18e3, 0x18e3, 0x2104, 0x18e3, 0x18e3, 0x18e3, 0x18e3, 0x20e3, 0x18e3, 0x20e3, 0x2103, 0x20e3, 0x18e3, 0x18e3, 0x18e3, 0x20e3, 0x18e3, 0x18e3, 0x18e3, 0x2104, 0x2104, 0x18e3, 0x20e3, 0x18e3, 0x2104, 0x2103, 0x18e3, 0x18e3, 0x18e3, 0x2104, 0x2103, 0x2103, 0x2103, 0x18e3, 0x18e3, 0x2945, 0x3186, 0x2945, 0x4b2e, 0x534f, 0x4b0e, 0x4b0e,
		0x4b0e, 0x4b0e, 0x4b4f, 0x3a4a, 0x3165, 0x3186, 0x2124, 0x18c3, 0x18e3, 0x20e3, 0x20e3, 0x20e3, 0x2104, 0x2104, 0x2104, 0x2103, 0x2104, 0x2104, 0x2104, 0x2104, 0x2104, 0x2104, 0x2104, 0x2104, 0x2104, 0x2104, 0x2104, 0x2104, 0x2104, 0x2103, 0x2104, 0x2104, 0x2104, 0x2104, 0x2104, 0x2104, 0x2104, 0x2104, 0x2104, 0x2104, 0x2104, 0x2104, 0x2104, 0x2104, 0x2104, 0x2104, 0x2104, 0x2104, 0x2104, 0x2104, 0x2104, 0x2103, 0x2104, 0x2104, 0x2104, 0x2104, 0x2104, 0x2104, 0x2104, 0x2104, 0x2104, 0x2104, 0x2104, 0x2104, 0x2104, 0x2104, 0x2104, 0x2104, 0x18e3, 0x2103, 0x2104, 0x18e3, 0x18e3, 0x2945, 0x39e8, 0x4aed, 0x4b2f, 0x4b2f, 0x4b0e, 0x4b0e,
		0x4b0e, 0x4b0e, 0x4b0e, 0x4b4f, 0x3a4a, 0x39c7, 0x3185, 0x2124, 0x18e3, 0x18e3, 0x18e3, 0x2103, 0x2104, 0x2104, 0x2104, 0x20e3, 0x2103, 0x2103, 0x2104, 0x2104, 0x2104, 0x2104, 0x2104, 0x2104, 0x2104, 0x2104, 0x2104, 0x2104, 0x2103, 0x2103, 0x2104, 0x2103, 0x2104, 0x2104, 0x2104, 0x2104, 0x2104, 0x2104, 0x2104, 0x2103, 0x2104, 0x2104, 0x2104, 0x2103, 0x2104, 0x2104, 0x2104, 0x2104, 0x2104, 0x2104, 0x2104, 0x2104, 0x2104, 0x2104, 0x2104, 0x2104, 0x2104, 0x2104, 0x2104, 0x2104, 0x2104, 0x2104, 0x2104, 0x2103, 0x2103, 0x2104, 0x2104, 0x2103, 0x20e3, 0x2103, 0x18e3, 0x2104, 0x2945, 0x3186, 0x3a4a, 0x5390, 0x4b2e, 0x4b2e, 0x4b0e, 0x4b0e,
		0x4b0e, 0x4b0e, 0x4b0e, 0x4b4f, 0x5391, 0x3a29, 0x31a6, 0x3186, 0x2104, 0x18e3, 0x2103, 0x2104, 0x2103, 0x2103, 0x2104, 0x2103, 0x2104, 0x2104, 0x2104, 0x2104, 0x2104, 0x2104, 0x2104, 0x2104, 0x2104, 0x2104, 0x2104, 0x2104, 0x2103, 0x2104, 0x2104, 0x2103, 0x2103, 0x2103, 0x2104, 0x2104, 0x2104, 0x2104, 0x2104, 0x2104, 0x2104, 0x2104, 0x2103, 0x2104, 0x2104, 0x2104, 0x2104, 0x2104, 0x2104, 0x2104, 0x2104, 0x2104, 0x2104, 0x2104, 0x2104, 0x2104, 0x2104, 0x2104, 0x2104, 0x2104, 0x2104, 0x2104, 0x2104, 0x2104, 0x2103, 0x2104, 0x2104, 0x2103, 0x2104, 0x2104, 0x18e3, 0x2945, 0x3186, 0x4acc, 0x5390, 0x4b2e, 0x4b0e, 0x4b2e, 0x4b2e, 0x4b0e,
		0x4b0e, 0x4b0e, 0x4b2e, 0x4b2f, 0x4b4f, 0x5390, 0x428b, 0x2944, 0x2945, 0x2965, 0x2965, 0x2965, 0x2965, 0x2965, 0x2965, 0x3186, 0x3165, 0x2965, 0x2965, 0x2965, 0x3186, 0x3186, 0x3186, 0x3165, 0x2965, 0x3166, 0x2965, 0x2965, 0x2965, 0x2965, 0x3165, 0x2965, 0x2965, 0x2965, 0x3186, 0x3186, 0x3186, 0x2965, 0x2965, 0x2965, 0x2965, 0x2965, 0x2965, 0x3186, 0x3186, 0x3185, 0x3186, 0x2965, 0x2965, 0x2965, 0x2965, 0x3165, 0x3186, 0x3165, 0x3166, 0x3186, 0x3186, 0x3166, 0x2965, 0x2965, 0x2965, 0x2965, 0x2965, 0x2965, 0x2965, 0x2965, 0x2965, 0x2965, 0x2965, 0x2965, 0x2965, 0x2965, 0x2944, 0x42ac, 0x5390, 0x4b2e, 0x4b0e, 0x4b0e, 0x4b0e, 0x4b2e
};

const uint16_t DISPLAY3[] = {
		0x532e, 0x532e, 0x532e, 0x532e, 0x534f, 0x4b0e, 0x4aed, 0x42ac, 0x4208, 0x4208, 0x4208, 0x4208, 0x41e7, 0x39e7, 0x41e7, 0x4208, 0x4208, 0x4208, 0x4208, 0x4207, 0x39e7, 0x39e7, 0x4208, 0x4208, 0x4208, 0x4208, 0x4208, 0x4208, 0x4208, 0x4208, 0x4208, 0x4208, 0x39e7, 0x39e7, 0x41e7, 0x4208, 0x4208, 0x4208, 0x4208, 0x4208, 0x4208, 0x4208, 0x41e7, 0x41e7, 0x4208, 0x4208, 0x4208, 0x4208, 0x4208, 0x4208, 0x4208, 0x4208, 0x4208, 0x4208, 0x4208, 0x4208, 0x4208, 0x4208, 0x4208, 0x4208, 0x4208, 0x41e7, 0x39e7, 0x4208, 0x4208, 0x4208, 0x4208, 0x4208, 0x4208, 0x39e7, 0x41e7, 0x4249, 0x42ac, 0x4acc, 0x534f, 0x534f, 0x532e, 0x532e, 0x532e, 0x532e,
		0x532e, 0x532e, 0x532e, 0x534f, 0x5b90, 0x31a7, 0x2103, 0x3165, 0x4208, 0x4208, 0x41e7, 0x41e7, 0x39e7, 0x41e7, 0x41e7, 0x41e7, 0x41e7, 0x4208, 0x4208, 0x4208, 0x41e7, 0x41e7, 0x4207, 0x4208, 0x41e8, 0x4207, 0x4208, 0x4208, 0x41e7, 0x41e7, 0x39e7, 0x41e7, 0x39e7, 0x39e7, 0x39e7, 0x41e7, 0x4208, 0x4208, 0x4208, 0x4208, 0x4208, 0x41e7, 0x39e7, 0x39e7, 0x4208, 0x4208, 0x4208, 0x4208, 0x4208, 0x4208, 0x4208, 0x4208, 0x4208, 0x4208, 0x4208, 0x4208, 0x4208, 0x4208, 0x41e7, 0x41e7, 0x39e7, 0x39e7, 0x39e7, 0x39e7, 0x41e7, 0x41e7, 0x4207, 0x41e7, 0x41e7, 0x39e7, 0x4208, 0x3186, 0x2104, 0x2104, 0x4b2e, 0x5370, 0x532e, 0x532e, 0x532e, 0x532e,
		0x532e, 0x532f, 0x534f, 0x534f, 0x4b0d, 0x4229, 0x39c7, 0x39e7, 0x2965, 0x2945, 0x2945, 0x2945, 0x2945, 0x2945, 0x2945, 0x2945, 0x2945, 0x2945, 0x2965, 0x2945, 0x2945, 0x2945, 0x2945, 0x2945, 0x2945, 0x2945, 0x2945, 0x2945, 0x2945, 0x2945, 0x2945, 0x2945, 0x2945, 0x2945, 0x2945, 0x2945, 0x2945, 0x2965, 0x2945, 0x2945, 0x2945, 0x2945, 0x2945, 0x2945, 0x2945, 0x2945, 0x2945, 0x2945, 0x2945, 0x2945, 0x2945, 0x2945, 0x2945, 0x2965, 0x2965, 0x2965, 0x2965, 0x2945, 0x2945, 0x2945, 0x2945, 0x2945, 0x2945, 0x2945, 0x2945, 0x2945, 0x2945, 0x2945, 0x2945, 0x2945, 0x2945, 0x3186, 0x39e7, 0x39c6, 0x428b, 0x4aed, 0x534f, 0x532e, 0x532e, 0x532e,
		0x532e, 0x532f, 0x5370, 0x4b2e, 0x2124, 0x4208, 0x4228, 0x31a6, 0x18e3, 0x18e3, 0x18e3, 0x18e3, 0x18e3, 0x18e3, 0x18e3, 0x18e3, 0x18e3, 0x18e3, 0x18e3, 0x18e3, 0x18e3, 0x18e3, 0x20e3, 0x20e3, 0x20e3, 0x20e3, 0x18e3, 0x18e3, 0x18e3, 0x18e3, 0x18e3, 0x20e3, 0x18e3, 0x18e3, 0x18e3, 0x18e3, 0x18e3, 0x18e3, 0x18e3, 0x18e3, 0x18e3, 0x18e3, 0x2103, 0x2103, 0x2103, 0x20e3, 0x18e3, 0x20e3, 0x18e3, 0x18e3, 0x18e3, 0x18e3, 0x18e3, 0x18e3, 0x18e3, 0x18e3, 0x18e3, 0x18e3, 0x18e3, 0x20e3, 0x2103, 0x2104, 0x2104, 0x2104, 0x2104, 0x2104, 0x2103, 0x18e3, 0x18e3, 0x18e3, 0x18e3, 0x2944, 0x39c7, 0x4228, 0x2944, 0x31a7, 0x53b1, 0x534f, 0x4b2e, 0x4b2e,
		0x532f, 0x532f, 0x534f, 0x4aed, 0x3165, 0x4208, 0x31a6, 0x20e3, 0x18e3, 0x18e3, 0x18e3, 0x18e3, 0x18e3, 0x18e3, 0x2103, 0x2104, 0x20e3, 0x18e3, 0x18e3, 0x18e3, 0x18e3, 0x18e3, 0x18e3, 0x2103, 0x2103, 0x20e3, 0x18e3, 0x20e3, 0x18e3, 0x18e3, 0x2103, 0x20e3, 0x2103, 0x2103, 0x2103, 0x2103, 0x20e3, 0x18e3, 0x20e3, 0x2103, 0x2103, 0x20e3, 0x2104, 0x2104, 0x2104, 0x20e3, 0x20e3, 0x18e3, 0x18e3, 0x18e3, 0x18e3, 0x18e3, 0x20e3, 0x20e3, 0x2103, 0x2104, 0x2103, 0x20e3, 0x2103, 0x2104, 0x2104, 0x2104, 0x2104, 0x2104, 0x2104, 0x2104, 0x2104, 0x2103, 0x2103, 0x2104, 0x2103, 0x20e3, 0x2944, 0x4208, 0x31a6, 0x31c7, 0x4b2e, 0x534f, 0x532f, 0x532f,
		0x534f, 0x5390, 0x39e8, 0x39c7, 0x4a28, 0x31a6, 0x2124, 0x18e3, 0x18e3, 0x18e3, 0x18e3, 0x20e3, 0x2103, 0x2104, 0x2104, 0x2104, 0x2104, 0x2103, 0x2104, 0x2104, 0x2104, 0x2104, 0x2104, 0x2104, 0x2104, 0x2104, 0x2104, 0x2104, 0x2104, 0x2104, 0x2104, 0x2104, 0x2104, 0x2104, 0x2104, 0x2104, 0x2104, 0x2104, 0x2104, 0x2104, 0x2104, 0x2104, 0x2104, 0x2104, 0x2104, 0x2104, 0x2104, 0x2104, 0x2104, 0x2104, 0x2104, 0x2104, 0x2104, 0x2104, 0x2104, 0x2104, 0x2104, 0x2104, 0x2104, 0x2104, 0x2104, 0x2104, 0x2104, 0x2104, 0x2104, 0x2104, 0x2104, 0x2104, 0x2104, 0x2104, 0x2104, 0x18e3, 0x20e3, 0x2945, 0x39e7, 0x41e8, 0x2945, 0x4b0e, 0x5370, 0x532f,
		0x534f, 0x4b0e, 0x39e7, 0x39a6, 0x4208, 0x2124, 0x18e3, 0x18e3, 0x18e3, 0x18e3, 0x18e3, 0x18c3, 0x18c3, 0x18c3, 0x18e3, 0x18c3, 0x18c3, 0x18c3, 0x18c3, 0x18c3, 0x18e3, 0x18e3, 0x18c3, 0x18c3, 0x18c3, 0x18c3, 0x18c3, 0x18c3, 0x18c3, 0x18c3, 0x18c3, 0x18c3, 0x18c3, 0x18c3, 0x18c3, 0x18c3, 0x18c3, 0x18c3, 0x18c3, 0x18c3, 0x18c3, 0x18c3, 0x18e3, 0x18e3, 0x18c3, 0x18c3, 0x18c3, 0x18c3, 0x18c3, 0x18c3, 0x18c3, 0x18c3, 0x18c3, 0x18c3, 0x18c3, 0x18c3, 0x18c3, 0x18c3, 0x18c3, 0x18c3, 0x18c3, 0x18c3, 0x18c3, 0x18c3, 0x18c3, 0x18c3, 0x18e3, 0x18c3, 0x20e3, 0x2104, 0x2103, 0x18e3, 0x20e3, 0x18e3, 0x3186, 0x41e7, 0x3165, 0x428b, 0x534f, 0x534f,
		0x5370, 0x39c7, 0x4208, 0x4208, 0x2945, 0x20e3, 0x18e3, 0x18e3, 0x18e3, 0x2104, 0x18c3, 0x0020, 0x0020, 0x0020, 0x0020, 0x0020, 0x0020, 0x0020, 0x0020, 0x0020, 0x0020, 0x0820, 0x0820, 0x0020, 0x0020, 0x0020, 0x0020, 0x0020, 0x0020, 0x0020, 0x0020, 0x0020, 0x0020, 0x0020, 0x0020, 0x0020, 0x0020, 0x0020, 0x0020, 0x0020, 0x0020, 0x0820, 0x0841, 0x0841, 0x0820, 0x0820, 0x0020, 0x0020, 0x0020, 0x0020, 0x0020, 0x0020, 0x0820, 0x0820, 0x0020, 0x0020, 0x0020, 0x0020, 0x0020, 0x0020, 0x0020, 0x0020, 0x0020, 0x0820, 0x0820, 0x0820, 0x0840, 0x0020, 0x10a2, 0x2104, 0x2104, 0x20e3, 0x20e3, 0x18e3, 0x2104, 0x3165, 0x4208, 0x3186, 0x426b, 0x5390,
		0x4b2f, 0x39c7, 0x4207, 0x39c7, 0x18e3, 0x18e3, 0x18e3, 0x18e3, 0x2104, 0x2104, 0x1082, 0x0000, 0x0000, 0x0000, 0x0000, 0x0000, 0x0000, 0x0000, 0x0000, 0x0000, 0x0000, 0x0000, 0x0000, 0x0000, 0x0000, 0x0000, 0x0000, 0x0000, 0x0000, 0x0000, 0x0000, 0x0000, 0x0000, 0x0000, 0x0000, 0x0000, 0x0000, 0x0000, 0x0000, 0x0000, 0x0000, 0x0000, 0x0000, 0x0000, 0x0000, 0x0000, 0x0000, 0x0000, 0x0000, 0x0000, 0x0000, 0x0000, 0x0000, 0x0000, 0x0000, 0x0000, 0x0000, 0x0000, 0x0000, 0x0000, 0x0000, 0x0000, 0x0000, 0x0000, 0x0000, 0x0000, 0x0000, 0x0000, 0x0841, 0x18c3, 0x2104, 0x2104, 0x2104, 0x2103, 0x18e3, 0x2124, 0x41e7, 0x39a6, 0x3a49, 0x534f,
		0x31c7, 0x4208, 0x31a6, 0x2124, 0x18e3, 0x18e3, 0x18e3, 0x2104, 0x2104, 0x1082, 0x0000, 0x0000, 0x0020, 0x0020, 0x0020, 0x0020, 0x0020, 0x0020, 0x0020, 0x0020, 0x0020, 0x0020, 0x0020, 0x0020, 0x0020, 0x0820, 0x0800, 0x0800, 0x0800, 0x0800, 0x0800, 0x0800, 0x0800, 0x0800, 0x0800, 0x0800, 0x0800, 0x0800, 0x0800, 0x0800, 0x0800, 0x0800, 0x0800, 0x0800, 0x0800, 0x0800, 0x0800, 0x0800, 0x0800, 0x0800, 0x0800, 0x0800, 0x0800, 0x0800, 0x0820, 0x0820, 0x0020, 0x0020, 0x0020, 0x0020, 0x0020, 0x0020, 0x0020, 0x0020, 0x0020, 0x0020, 0x0020, 0x0020, 0x0000, 0x0841, 0x2103, 0x2104, 0x2104, 0x2104, 0x18e3, 0x2104, 0x2945, 0x39c7, 0x39e7, 0x31a7,
		0x2945, 0x4208, 0x2945, 0x18c3, 0x18e3, 0x18e3, 0x20e3, 0x2104, 0x18c3, 0x0020, 0x0000, 0x0020, 0x0820, 0x0820, 0x0820, 0x0820, 0x0820, 0x0820, 0x0820, 0x0820, 0x0820, 0x0820, 0x0820, 0x0820, 0x0820, 0x0820, 0x0820, 0x1020, 0x1020, 0x1020, 0x1020, 0x1020, 0x1020, 0x0820, 0x0820, 0x0820, 0x0820, 0x1020, 0x1020, 0x0820, 0x1020, 0x0820, 0x1020, 0x1020, 0x1020, 0x1020, 0x1020, 0x1020, 0x1020, 0x1020, 0x1020, 0x1020, 0x1020, 0x0820, 0x0820, 0x0820, 0x0820, 0x0820, 0x0820, 0x0820, 0x0820, 0x0820, 0x0820, 0x0820, 0x0820, 0x0820, 0x0820, 0x0820, 0x0000, 0x0000, 0x10a2, 0x2104, 0x2104, 0x2103, 0x2103, 0x18e3, 0x18e3, 0x39a6, 0x39e7, 0x2924,
		0x3186, 0x2965, 0x2104, 0x18e3, 0x20e3, 0x18e3, 0x2104, 0x2103, 0x0841, 0x0000, 0x0020, 0x0020, 0x0020, 0x0020, 0x0020, 0x0820, 0x0820, 0x0020, 0x0820, 0x0820, 0x0820, 0x0820, 0x0820, 0x0820, 0x1020, 0x1020, 0x1020, 0x1820, 0x1820, 0x1820, 0x1820, 0x1820, 0x1820, 0x1820, 0x1820, 0x1820, 0x1820, 0x1820, 0x1820, 0x1820, 0x1800, 0x1800, 0x1820, 0x1820, 0x1820, 0x1820, 0x1820, 0x1800, 0x1800, 0x1800, 0x1800, 0x1800, 0x1800, 0x1820, 0x1020, 0x1020, 0x0820, 0x0820, 0x0820, 0x0820, 0x0820, 0x0020, 0x0820, 0x0820, 0x0820, 0x0020, 0x0820, 0x0820, 0x0020, 0x0000, 0x0020, 0x18c3, 0x2104, 0x2104, 0x2103, 0x20e3, 0x2104, 0x2945, 0x31a6, 0x39a6,
		0x39e7, 0x18e3, 0x18e3, 0x2104, 0x20e4, 0x2104, 0x2104, 0x1082, 0x0000, 0x0000, 0x0841, 0x0820, 0x0820, 0x0020, 0x0020, 0x0020, 0x0820, 0x0820, 0x0820, 0x0820, 0x0820, 0x0820, 0x0820, 0x1020, 0x1020, 0x1820, 0x2000, 0x2020, 0x2000, 0x2000, 0x2000, 0x2000, 0x2000, 0x2000, 0x2000, 0x2000, 0x2000, 0x2000, 0x2000, 0x2000, 0x2000, 0x2000, 0x2000, 0x2000, 0x2000, 0x2000, 0x2000, 0x2000, 0x2000, 0x2000, 0x2000, 0x2000, 0x2000, 0x2020, 0x1820, 0x1020, 0x1020, 0x0820, 0x0820, 0x0820, 0x0820, 0x0020, 0x0820, 0x0820, 0x0820, 0x0020, 0x0020, 0x0820, 0x0820, 0x0020, 0x0000, 0x0841, 0x20e3, 0x2104, 0x2104, 0x2104, 0x2103, 0x18c3, 0x3186, 0x4208,
		0x4208, 0x2104, 0x18e3, 0x2104, 0x2104, 0x2104, 0x18c3, 0x0020, 0x0000, 0x0020, 0x0820, 0x0020, 0x0020, 0x0020, 0x0020, 0x0820, 0x0820, 0x0820, 0x0820, 0x0820, 0x0820, 0x0820, 0x1020, 0x1820, 0x2000, 0x2800, 0x2800, 0x3000, 0x3000, 0x3000, 0x3000, 0x3000, 0x3000, 0x3800, 0x3800, 0x3000, 0x3000, 0x3000, 0x3800, 0x3800, 0x3800, 0x3000, 0x3000, 0x3000, 0x3000, 0x3000, 0x3000, 0x3000, 0x3000, 0x3000, 0x3000, 0x3000, 0x3000, 0x2800, 0x2800, 0x2000, 0x1820, 0x1020, 0x0820, 0x0820, 0x0820, 0x0820, 0x0820, 0x0020, 0x0020, 0x0820, 0x0020, 0x0020, 0x0820, 0x0020, 0x0020, 0x0000, 0x1082, 0x2104, 0x2104, 0x2104, 0x2104, 0x18e3, 0x31a6, 0x4208,
		0x4208, 0x2104, 0x18e3, 0x2104, 0x2104, 0x18e3, 0x0020, 0x0000, 0x0020, 0x0820, 0x0820, 0x0020, 0x0020, 0x0020, 0x0820, 0x0820, 0x0820, 0x0820, 0x0820, 0x0820, 0x0820, 0x0820, 0x1820, 0x2000, 0x3000, 0x3000, 0x3000, 0x3800, 0x3800, 0x3800, 0x3800, 0x3800, 0x3800, 0x3800, 0x3800, 0x3800, 0x3800, 0x3800, 0x3800, 0x3800, 0x3800, 0x3800, 0x3800, 0x3800, 0x3800, 0x3800, 0x3800, 0x3800, 0x3800, 0x3800, 0x3800, 0x3800, 0x3800, 0x3000, 0x3800, 0x3000, 0x1820, 0x1020, 0x0820, 0x0820, 0x0820, 0x0820, 0x0020, 0x0020, 0x0820, 0x0820, 0x0820, 0x0820, 0x0820, 0x0820, 0x0820, 0x0000, 0x0000, 0x10a2, 0x2124, 0x2104, 0x2104, 0x18e3, 0x31a6, 0x4228,
		0x4208, 0x2104, 0x2103, 0x2104, 0x2103, 0x0861, 0x0000, 0x0000, 0x0020, 0x0020, 0x0820, 0x0820, 0x0820, 0x0820, 0x0820, 0x0820, 0x0820, 0x0820, 0x0820, 0x0820, 0x0820, 0x1020, 0x1800, 0x3000, 0x4000, 0x7800, 0x8800, 0x8000, 0x8000, 0x8800, 0x8800, 0x8800, 0x8800, 0x8800, 0x8800, 0x8800, 0x8800, 0x8800, 0x8800, 0x8800, 0x8800, 0x8800, 0x8800, 0x8800, 0x8800, 0x8800, 0x8800, 0x8800, 0x8000, 0x8800, 0x8800, 0x8800, 0x8800, 0x8800, 0x5800, 0x3000, 0x2000, 0x1820, 0x1020, 0x0820, 0x0820, 0x0820, 0x0820, 0x0820, 0x0820, 0x0020, 0x0820, 0x0020, 0x0820, 0x0020, 0x0820, 0x0020, 0x0000, 0x0841, 0x18c3, 0x2104, 0x2104, 0x18e3, 0x31a6, 0x4228,
		0x4208, 0x2104, 0x2104, 0x2124, 0x18e3, 0x0000, 0x0000, 0x0820, 0x0020, 0x0020, 0x0020, 0x0820, 0x0820, 0x0020, 0x0820, 0x0820, 0x0820, 0x0820, 0x0820, 0x1020, 0x1020, 0x1820, 0x3000, 0x3800, 0x4800, 0xd841, 0xf862, 0xf041, 0xf041, 0xf061, 0xf061, 0xf061, 0xf061, 0xf041, 0xf061, 0xf061, 0xf061, 0xf061, 0xf061, 0xf041, 0xf061, 0xf061, 0xf061, 0xf061, 0xf041, 0xf061, 0xf041, 0xf041, 0xf041, 0xf061, 0xf061, 0xf041, 0xf061, 0xf862, 0x6000, 0x3000, 0x3800, 0x2000, 0x1820, 0x1020, 0x0820, 0x0820, 0x0820, 0x0820, 0x0020, 0x0820, 0x0820, 0x0820, 0x0020, 0x0820, 0x0020, 0x0820, 0x0000, 0x0000, 0x1082, 0x2124, 0x2104, 0x18e3, 0x39a6, 0x4228,
		0x4228, 0x2104, 0x2104, 0x2124, 0x18e3, 0x0020, 0x0000, 0x0820, 0x0820, 0x0020, 0x0820, 0x0020, 0x0820, 0x0820, 0x0820, 0x0820, 0x0820, 0x0820, 0x0820, 0x1020, 0x1020, 0x2000, 0x3800, 0x5800, 0x8800, 0xe041, 0xf862, 0xf861, 0xf861, 0xf861, 0xf861, 0xf861, 0xf861, 0xf861, 0xf861, 0xf861, 0xf861, 0xf861, 0xf861, 0xf861, 0xf861, 0xf861, 0xf861, 0xf861, 0xf861, 0xf861, 0xf861, 0xf861, 0xf861, 0xf861, 0xf861, 0xf861, 0xf862, 0xf861, 0xb000, 0x6800, 0x4000, 0x2800, 0x2000, 0x1020, 0x1020, 0x0820, 0x0820, 0x0820, 0x0820, 0x0820, 0x0820, 0x0820, 0x0820, 0x0820, 0x0820, 0x0820, 0x0000, 0x0000, 0x1081, 0x2104, 0x2104, 0x18e3, 0x39c6, 0x4228,
		0x4228, 0x2104, 0x2104, 0x2124, 0x18e3, 0x0020, 0x0000, 0x0820, 0x0020, 0x0020, 0x0020, 0x0820, 0x0820, 0x0820, 0x0820, 0x0820, 0x0820, 0x0820, 0x1020, 0x1020, 0x2000, 0x3800, 0x3000, 0x9820, 0xf882, 0xf021, 0xf800, 0xf000, 0xf000, 0xf800, 0xf800, 0xf800, 0xf800, 0xf800, 0xf800, 0xf800, 0xf800, 0xf800, 0xf800, 0xf800, 0xf800, 0xf800, 0xf800, 0xf800, 0xf800, 0xf800, 0xf800, 0xf800, 0xf000, 0xf000, 0xf000, 0xf000, 0xf800, 0xf800, 0xf882, 0xd041, 0x3800, 0x3000, 0x2800, 0x2020, 0x1820, 0x1020, 0x0820, 0x0820, 0x0820, 0x0820, 0x0820, 0x0820, 0x0820, 0x0820, 0x0820, 0x0820, 0x0000, 0x0000, 0x1061, 0x2104, 0x2104, 0x18e3, 0x31a6, 0x4208,
		0x4228, 0x2104, 0x2104, 0x2124, 0x18e3, 0x0020, 0x0000, 0x0820, 0x0020, 0x0820, 0x0020, 0x0820, 0x0820, 0x0820, 0x0820, 0x0820, 0x0820, 0x0820, 0x1020, 0x1820, 0x2800, 0x3800, 0x6800, 0xd020, 0xf882, 0xf821, 0xf800, 0xf800, 0xf800, 0xf800, 0xf800, 0xf800, 0xf800, 0xf800, 0xf800, 0xf800, 0xf800, 0xf800, 0xf800, 0xf800, 0xf800, 0xf800, 0xf800, 0xf800, 0xf800, 0xf800, 0xf800, 0xf800, 0xf800, 0xf800, 0xf800, 0xf800, 0xf800, 0xf800, 0xf882, 0xe041, 0x9000, 0x5000, 0x3000, 0x2800, 0x1820, 0x1020, 0x1020, 0x0820, 0x0820, 0x0820, 0x0820, 0x0820, 0x0820, 0x0820, 0x0820, 0x0820, 0x0000, 0x0000, 0x1082, 0x2104, 0x2104, 0x18e3, 0x31a6, 0x4208,
		0x4208, 0x2104, 0x2104, 0x2104, 0x18e3, 0x0020, 0x0000, 0x0820, 0x0020, 0x0820, 0x0820, 0x0820, 0x0820, 0x0820, 0x0820, 0x0820, 0x0820, 0x0820, 0x1020, 0x2020, 0x2800, 0x5000, 0xe821, 0xf841, 0xf800, 0xf000, 0xf800, 0xf800, 0xf800, 0xf800, 0xf800, 0xf800, 0xf800, 0xf800, 0xf800, 0xf800, 0xf800, 0xf800, 0xf800, 0xf800, 0xf800, 0xf800, 0xf800, 0xf800, 0xf800, 0xf800, 0xf800, 0xf801, 0xf800, 0xf800, 0xf800, 0xf800, 0xf800, 0xf800, 0xf800, 0xf820, 0xf862, 0x7020, 0x3000, 0x4000, 0x2800, 0x2020, 0x1020, 0x1020, 0x0820, 0x0820, 0x0820, 0x0020, 0x0820, 0x0820, 0x0820, 0x0820, 0x0000, 0x0000, 0x1082, 0x2104, 0x2104, 0x18e3, 0x31a6, 0x4208,
		0x4228, 0x2104, 0x2104, 0x2124, 0x18e3, 0x0020, 0x0000, 0x0820, 0x0820, 0x0820, 0x0820, 0x0820, 0x0820, 0x0820, 0x0820, 0x0820, 0x0820, 0x0820, 0x1020, 0x2020, 0x2800, 0x5000, 0xe841, 0xf841, 0xf800, 0xf801, 0xf800, 0xf800, 0xf800, 0xf800, 0xf800, 0xf800, 0xf800, 0xf800, 0xf800, 0xf800, 0xf800, 0xf800, 0xf800, 0xf800, 0xf800, 0xf800, 0xf800, 0xf800, 0xf800, 0xf800, 0xf800, 0xf800, 0xf800, 0xf800, 0xf800, 0xf800, 0xf800, 0xf801, 0xf800, 0xf820, 0xf861, 0x7000, 0x3000, 0x3000, 0x3800, 0x2820, 0x1820, 0x1020, 0x0820, 0x0820, 0x0820, 0x0820, 0x0820, 0x0820, 0x0020, 0x0820, 0x0000, 0x0000, 0x1082, 0x2104, 0x2104, 0x18e3, 0x31a6, 0x4208,
		0x4a49, 0x2104, 0x2104, 0x2124, 0x18c3, 0x0020, 0x0000, 0x0820, 0x0820, 0x0820, 0x0820, 0x0020, 0x0820, 0x0820, 0x0820, 0x0820, 0x0820, 0x0820, 0x1020, 0x1820, 0x2800, 0x3000, 0x8000, 0xf041, 0xf882, 0xf821, 0xf800, 0xf800, 0xf800, 0xf800, 0xf800, 0xf800, 0xf800, 0xf800, 0xf800, 0xf800, 0xf800, 0xf800, 0xf800, 0xf800, 0xf800, 0xf800, 0xf800, 0xf800, 0xf800, 0xf800, 0xf800, 0xf800, 0xf800, 0xf800, 0xf800, 0xf801, 0xf800, 0xf800, 0xf862, 0xf041, 0xa800, 0x4000, 0x4800, 0x5800, 0x5000, 0x3000, 0x2000, 0x1820, 0x1020, 0x0820, 0x0820, 0x0820, 0x0820, 0x0820, 0x0820, 0x0820, 0x0000, 0x0000, 0x1082, 0x2104, 0x2104, 0x18e3, 0x31a6, 0x4228,
		0x4229, 0x2104, 0x2104, 0x2104, 0x18c3, 0x0020, 0x0000, 0x0820, 0x0820, 0x0820, 0x0820, 0x0820, 0x0820, 0x0020, 0x0020, 0x0820, 0x0820, 0x0820, 0x1020, 0x1020, 0x2800, 0x3000, 0x4000, 0xb820, 0xf862, 0xf821, 0xf800, 0xf800, 0xf800, 0xf800, 0xf800, 0xf800, 0xf800, 0xf800, 0xf800, 0xf800, 0xf800, 0xf800, 0xf800, 0xf800, 0xf800, 0xf800, 0xf800, 0xf800, 0xf800, 0xf800, 0xf800, 0xf800, 0xf800, 0xf800, 0xf801, 0xf801, 0xf801, 0xf821, 0xf861, 0xd821, 0x5000, 0x2000, 0x8800, 0xe820, 0x5000, 0x2800, 0x2800, 0x1820, 0x1020, 0x0820, 0x0820, 0x0820, 0x0820, 0x0020, 0x0820, 0x0820, 0x0000, 0x0000, 0x1082, 0x2104, 0x2104, 0x18e3, 0x31a6, 0x4228,
		0x4a49, 0x2104, 0x2103, 0x2104, 0x18c3, 0x0020, 0x0000, 0x0820, 0x0820, 0x0820, 0x0820, 0x0820, 0x0820, 0x0020, 0x0820, 0x0820, 0x0820, 0x0820, 0x0820, 0x1020, 0x1820, 0x3000, 0x3000, 0x5000, 0xc000, 0xf841, 0xf861, 0xf800, 0xf800, 0xf800, 0xf800, 0xf800, 0xf800, 0xf800, 0xf800, 0xf800, 0xf800, 0xf800, 0xf800, 0xf800, 0xf800, 0xf800, 0xf800, 0xf800, 0xf800, 0xf800, 0xf800, 0xf800, 0xf800, 0xf800, 0xf801, 0xf800, 0xf821, 0xf882, 0xd020, 0x6800, 0x2000, 0x7800, 0xe820, 0xf882, 0x8000, 0x3800, 0x3800, 0x2800, 0x1820, 0x1020, 0x0820, 0x0820, 0x0820, 0x0020, 0x0020, 0x0820, 0x0000, 0x0000, 0x1082, 0x2104, 0x2104, 0x18e3, 0x31a6, 0x4228,
		0x4a49, 0x2104, 0x2103, 0x2104, 0x18c3, 0x0020, 0x0000, 0x0820, 0x0020, 0x0020, 0x0820, 0x0820, 0x0020, 0x0820, 0x0820, 0x0820, 0x0820, 0x0820, 0x0820, 0x0820, 0x1020, 0x2000, 0x3000, 0x3000, 0x4800, 0xd841, 0xf841, 0xf820, 0xf821, 0xf821, 0xf821, 0xf821, 0xf821, 0xf821, 0xf821, 0xf821, 0xf821, 0xf821, 0xf821, 0xf821, 0xf821, 0xf821, 0xf821, 0xf821, 0xf821, 0xf821, 0xf821, 0xf821, 0xf821, 0xf821, 0xf821, 0xf821, 0xf821, 0xf861, 0x7000, 0x2000, 0x5000, 0xd821, 0xf841, 0xf841, 0xe021, 0x8800, 0x3000, 0x2800, 0x2020, 0x1020, 0x0820, 0x0820, 0x0820, 0x0820, 0x0820, 0x0820, 0x0000, 0x0000, 0x1082, 0x2104, 0x2104, 0x18e3, 0x31a6, 0x4228,
		0x4a49, 0x2104, 0x2103, 0x2104, 0x18e3, 0x0020, 0x0000, 0x0820, 0x0020, 0x0020, 0x0020, 0x0820, 0x0020, 0x0020, 0x0820, 0x0820, 0x0820, 0x0820, 0x0820, 0x0820, 0x1020, 0x1820, 0x2000, 0x3000, 0x3800, 0x8000, 0xe041, 0xf882, 0xf862, 0xf862, 0xf862, 0xf862, 0xf862, 0xf862, 0xf862, 0xf862, 0xf862, 0xf862, 0xf862, 0xf862, 0xf862, 0xf862, 0xf862, 0xf862, 0xf862, 0xf862, 0xf862, 0xf862, 0xf862, 0xf862, 0xf862, 0xf882, 0xf841, 0x9000, 0x4000, 0x4800, 0xc800, 0xf882, 0xf841, 0xf800, 0xf882, 0xd821, 0x4800, 0x3800, 0x2800, 0x1820, 0x1020, 0x0820, 0x0820, 0x0820, 0x0820, 0x0820, 0x0000, 0x0000, 0x1081, 0x2104, 0x2104, 0x18e3, 0x31a6, 0x4228,
		0x4a49, 0x2104, 0x2104, 0x2104, 0x18e3, 0x0020, 0x0000, 0x0820, 0x0820, 0x0020, 0x0820, 0x0020, 0x0020, 0x0020, 0x0820, 0x0820, 0x0820, 0x0820, 0x0820, 0x0820, 0x0820, 0x1020, 0x1820, 0x2800, 0x3800, 0x2800, 0x9020, 0xd861, 0xd041, 0xd041, 0xc821, 0xd021, 0xd021, 0xd021, 0xd041, 0xd021, 0xd021, 0xd041, 0xd041, 0xd041, 0xd041, 0xd041, 0xd021, 0xd021, 0xd021, 0xd021, 0xd021, 0xd021, 0xd021, 0xd021, 0xd021, 0xe041, 0xc021, 0x3000, 0x3000, 0x9800, 0xf841, 0xf861, 0xf821, 0xf800, 0xf841, 0xf041, 0xc841, 0x6800, 0x2800, 0x2020, 0x1020, 0x0820, 0x0820, 0x0820, 0x0820, 0x0820, 0x0000, 0x0000, 0x1061, 0x2104, 0x2104, 0x18e3, 0x31a6, 0x4228,
		0x4a49, 0x2104, 0x2104, 0x2104, 0x18e3, 0x0020, 0x0000, 0x0820, 0x0820, 0x0020, 0x0820, 0x0020, 0x0020, 0x0020, 0x0020, 0x0820, 0x0820, 0x0820, 0x0820, 0x0820, 0x0820, 0x0820, 0x1020, 0x1820, 0x2000, 0x3800, 0x4800, 0x5000, 0x4800, 0x4800, 0x4800, 0x4800, 0x4800, 0x5000, 0x5000, 0x5000, 0x5000, 0x5000, 0x5000, 0x5000, 0x5000, 0x5000, 0x5000, 0x5000, 0x5000, 0x5000, 0x5000, 0x5000, 0x5000, 0x4800, 0x5000, 0x5800, 0x4800, 0x4800, 0x7000, 0xe020, 0xf882, 0xf820, 0xf800, 0xf800, 0xf800, 0xf841, 0xf882, 0x8800, 0x2800, 0x2000, 0x1020, 0x0820, 0x0820, 0x0820, 0x0020, 0x0820, 0x0000, 0x0000, 0x1061, 0x2104, 0x2104, 0x18e3, 0x39a6, 0x4228,
		0x4a49, 0x2104, 0x2104, 0x2104, 0x18c3, 0x0020, 0x0000, 0x0820, 0x0820, 0x0020, 0x0820, 0x0820, 0x0020, 0x0820, 0x0820, 0x0820, 0x0820, 0x0820, 0x0820, 0x0820, 0x0820, 0x0820, 0x0820, 0x1020, 0x1820, 0x2800, 0x2800, 0x2800, 0x3000, 0x3000, 0x3000, 0x3000, 0x3000, 0x3000, 0x3000, 0x3000, 0x3000, 0x3000, 0x3000, 0x3000, 0x3000, 0x3000, 0x3000, 0x3000, 0x3000, 0x3000, 0x3000, 0x3000, 0x3000, 0x3000, 0x3800, 0x2800, 0x3000, 0x5800, 0xd021, 0xf041, 0xf841, 0xf800, 0xf800, 0xf800, 0xf800, 0xf841, 0xf862, 0x7800, 0x2800, 0x2800, 0x1820, 0x0820, 0x0820, 0x0820, 0x0020, 0x0820, 0x0000, 0x0000, 0x0861, 0x2104, 0x2104, 0x18e3, 0x31a6, 0x4228,
		0x4228, 0x2104, 0x2104, 0x2124, 0x18c3, 0x0020, 0x0000, 0x0820, 0x0020, 0x0020, 0x0020, 0x0020, 0x0820, 0x0820, 0x0820, 0x0820, 0x0820, 0x0820, 0x0820, 0x0820, 0x0820, 0x0820, 0x0820, 0x1020, 0x1020, 0x1820, 0x2020, 0x2000, 0x2800, 0x2800, 0x2800, 0x2800, 0x2800, 0x2800, 0x2800, 0x2800, 0x2800, 0x2800, 0x2800, 0x2800, 0x2800, 0x2800, 0x2800, 0x2800, 0x2800, 0x2800, 0x2800, 0x2800, 0x2800, 0x2800, 0x3000, 0x3000, 0x3000, 0x5800, 0xf861, 0xf862, 0xf000, 0xf000, 0xf800, 0xf800, 0xf800, 0xf841, 0xf061, 0x7800, 0x3000, 0x2800, 0x1820, 0x1020, 0x0820, 0x0820, 0x0020, 0x0820, 0x0000, 0x0000, 0x0861, 0x2104, 0x2104, 0x18e3, 0x31a6, 0x4228,
		0x4228, 0x2104, 0x2104, 0x2124, 0x18c3, 0x0020, 0x0000, 0x0820, 0x0820, 0x0020, 0x0020, 0x0820, 0x0020, 0x0820, 0x0820, 0x0820, 0x0820, 0x0820, 0x0820, 0x0820, 0x0820, 0x0820, 0x0820, 0x0820, 0x0820, 0x1020, 0x1020, 0x1820, 0x1820, 0x1820, 0x1820, 0x1820, 0x1820, 0x1820, 0x1820, 0x1820, 0x1820, 0x1820, 0x1820, 0x1820, 0x1820, 0x1820, 0x1820, 0x1820, 0x1820, 0x1820, 0x1820, 0x1820, 0x1820, 0x1820, 0x2020, 0x2800, 0x2800, 0x5000, 0xf041, 0xf862, 0xf800, 0xf800, 0xf800, 0xf800, 0xf800, 0xf841, 0xf061, 0x7000, 0x2800, 0x2800, 0x1820, 0x1020, 0x0820, 0x0820, 0x0020, 0x0820, 0x0000, 0x0000, 0x1061, 0x2104, 0x2104, 0x18e3, 0x39c7, 0x4228,
		0x4228, 0x2104, 0x2104, 0x2124, 0x18e3, 0x0020, 0x0000, 0x0820, 0x0020, 0x0020, 0x0820, 0x0820, 0x0820, 0x0820, 0x0820, 0x0820, 0x0820, 0x0820, 0x0820, 0x0820, 0x0820, 0x0820, 0x0820, 0x0820, 0x0820, 0x0820, 0x1020, 0x1020, 0x1020, 0x1020, 0x1020, 0x1020, 0x1020, 0x1020, 0x1020, 0x1020, 0x1020, 0x1020, 0x1020, 0x1020, 0x1020, 0x1020, 0x1020, 0x1020, 0x1020, 0x1020, 0x1020, 0x1020, 0x1020, 0x1820, 0x1820, 0x2000, 0x2800, 0x4800, 0xe861, 0xf882, 0xf801, 0xf800, 0xf800, 0xf800, 0xf800, 0xf841, 0xf061, 0x7000, 0x2800, 0x2800, 0x1820, 0x1020, 0x0820, 0x0820, 0x0020, 0x0820, 0x0000, 0x0000, 0x1081, 0x2104, 0x2104, 0x18e3, 0x39c7, 0x4228,
		0x4228, 0x2104, 0x2104, 0x2124, 0x18e3, 0x0020, 0x0000, 0x0820, 0x0020, 0x0820, 0x0820, 0x0020, 0x0820, 0x0020, 0x0020, 0x0020, 0x0820, 0x0820, 0x0820, 0x0820, 0x0820, 0x0820, 0x0820, 0x0820, 0x0820, 0x0820, 0x0820, 0x0820, 0x0820, 0x0820, 0x0820, 0x0820, 0x0820, 0x0820, 0x0820, 0x1020, 0x0820, 0x0820, 0x0820, 0x0820, 0x0820, 0x0820, 0x0820, 0x0820, 0x0820, 0x0820, 0x0820, 0x0820, 0x0820, 0x1020, 0x1820, 0x2000, 0x2800, 0x4800, 0xe861, 0xf882, 0xf800, 0xf800, 0xf800, 0xf800, 0xf800, 0xf841, 0xf061, 0x7000, 0x3000, 0x2800, 0x1820, 0x0820, 0x0820, 0x0820, 0x0020, 0x0820, 0x0000, 0x0000, 0x1081, 0x2104, 0x2104, 0x18e3, 0x39c7, 0x4228,
		0x4228, 0x2104, 0x2104, 0x2104, 0x18c3, 0x0020, 0x0000, 0x0820, 0x0020, 0x0020, 0x0020, 0x0020, 0x0820, 0x0820, 0x0820, 0x0820, 0x0020, 0x0020, 0x0820, 0x0820, 0x0820, 0x0820, 0x0820, 0x0820, 0x0820, 0x0820, 0x0820, 0x0820, 0x0820, 0x0820, 0x0820, 0x0820, 0x0820, 0x0820, 0x0820, 0x0820, 0x0820, 0x0820, 0x0820, 0x0820, 0x0820, 0x0820, 0x0820, 0x0820, 0x0820, 0x0820, 0x0820, 0x0820, 0x0820, 0x1020, 0x1020, 0x2000, 0x2800, 0x5000, 0xe841, 0xf882, 0xf800, 0xf800, 0xf800, 0xf800, 0xf800, 0xf841, 0xf061, 0x7800, 0x3000, 0x2800, 0x1820, 0x1020, 0x0820, 0x0820, 0x0020, 0x0820, 0x0000, 0x0000, 0x1081, 0x2104, 0x2104, 0x18e3, 0x39c7, 0x4a28,
		0x4228, 0x2104, 0x2104, 0x2104, 0x18c3, 0x0020, 0x0000, 0x0820, 0x0020, 0x0020, 0x0020, 0x0820, 0x0820, 0x0020, 0x0820, 0x0820, 0x0820, 0x0820, 0x0820, 0x0820, 0x0820, 0x0020, 0x0820, 0x0820, 0x0820, 0x0820, 0x0820, 0x0820, 0x0820, 0x0820, 0x0820, 0x0820, 0x0820, 0x0820, 0x0820, 0x0820, 0x0820, 0x0820, 0x0820, 0x0820, 0x0820, 0x0820, 0x0820, 0x0820, 0x0820, 0x0820, 0x0820, 0x0820, 0x0820, 0x0820, 0x1020, 0x2000, 0x2800, 0x5000, 0xe841, 0xf862, 0xf800, 0xf800, 0xf800, 0xf800, 0xf800, 0xf841, 0xf061, 0x7800, 0x3000, 0x2800, 0x1820, 0x1020, 0x0820, 0x0820, 0x0020, 0x0820, 0x0000, 0x0000, 0x1061, 0x2104, 0x2104, 0x18e3, 0x39c7, 0x4a49,
		0x4228, 0x2104, 0x2104, 0x2104, 0x18c3, 0x0020, 0x0000, 0x0820, 0x0020, 0x0020, 0x0820, 0x0820, 0x0020, 0x0020, 0x0820, 0x0020, 0x0820, 0x0820, 0x0020, 0x0820, 0x0820, 0x0020, 0x0820, 0x0820, 0x0820, 0x0820, 0x0820, 0x0820, 0x0820, 0x0820, 0x0820, 0x0020, 0x0820, 0x0820, 0x0820, 0x0820, 0x0820, 0x0820, 0x0820, 0x0820, 0x0820, 0x0820, 0x0820, 0x0820, 0x0820, 0x0820, 0x0820, 0x0820, 0x0020, 0x0820, 0x1020, 0x2000, 0x3000, 0x5000, 0xe841, 0xf862, 0xf800, 0xf800, 0xf800, 0xf800, 0xf800, 0xf861, 0xf061, 0x7000, 0x2800, 0x2800, 0x1820, 0x0820, 0x0820, 0x0820, 0x0020, 0x0020, 0x0000, 0x0000, 0x1082, 0x2104, 0x2104, 0x18e3, 0x39c7, 0x4a49,
		0x4228, 0x2104, 0x2104, 0x2124, 0x18c3, 0x0020, 0x0000, 0x0820, 0x0020, 0x0020, 0x0820, 0x0020, 0x0020, 0x0820, 0x0020, 0x0020, 0x0820, 0x0820, 0x0820, 0x0020, 0x0820, 0x0020, 0x0020, 0x0020, 0x0820, 0x0820, 0x0820, 0x0820, 0x0020, 0x0020, 0x0820, 0x0820, 0x0820, 0x0820, 0x0820, 0x0820, 0x0820, 0x0820, 0x0820, 0x0820, 0x0020, 0x0820, 0x0020, 0x0820, 0x0820, 0x0820, 0x0820, 0x0820, 0x0020, 0x0820, 0x1020, 0x2000, 0x3000, 0x5000, 0xe841, 0xf882, 0xf800, 0xf800, 0xf800, 0xf800, 0xf800, 0xf861, 0xf061, 0x7000, 0x2800, 0x2800, 0x1820, 0x0820, 0x0820, 0x0820, 0x0020, 0x0820, 0x0000, 0x0000, 0x1082, 0x2104, 0x2104, 0x18e3, 0x39c7, 0x4a28,
		0x4228, 0x2104, 0x2104, 0x2124, 0x18c3, 0x0000, 0x0000, 0x0820, 0x0020, 0x0820, 0x0020, 0x0020, 0x0020, 0x0020, 0x0020, 0x0820, 0x0020, 0x0820, 0x0820, 0x0820, 0x0820, 0x0020, 0x0020, 0x0820, 0x0020, 0x0820, 0x0820, 0x0020, 0x0820, 0x0820, 0x0020, 0x0820, 0x0020, 0x0820, 0x0820, 0x0820, 0x0820, 0x0020, 0x0820, 0x0820, 0x0820, 0x0020, 0x0020, 0x0820, 0x0820, 0x0820, 0x0020, 0x0020, 0x0020, 0x0820, 0x1020, 0x2000, 0x3000, 0x5000, 0xe841, 0xf882, 0xf800, 0xf800, 0xf800, 0xf800, 0xf800, 0xf861, 0xf061, 0x7000, 0x2800, 0x2800, 0x1820, 0x1020, 0x0820, 0x0820, 0x0020, 0x0820, 0x0000, 0x0000, 0x1081, 0x2104, 0x2104, 0x18e3, 0x39c7, 0x4a28,
		0x4228, 0x2104, 0x2104, 0x2124, 0x18c3, 0x0020, 0x0000, 0x0820, 0x0820, 0x0020, 0x0020, 0x0820, 0x0820, 0x0020, 0x0020, 0x0820, 0x0020, 0x0820, 0x0820, 0x0820, 0x0820, 0x0020, 0x0820, 0x0820, 0x0020, 0x0820, 0x0820, 0x0820, 0x0820, 0x0820, 0x0020, 0x0020, 0x0020, 0x0020, 0x0820, 0x0820, 0x0820, 0x0020, 0x0820, 0x0020, 0x0820, 0x0820, 0x0820, 0x0020, 0x0820, 0x0820, 0x0820, 0x0820, 0x0820, 0x0820, 0x1020, 0x2000, 0x2800, 0x5000, 0xe841, 0xf882, 0xf800, 0xf800, 0xf800, 0xf800, 0xf800, 0xf841, 0xf061, 0x7000, 0x2800, 0x2800, 0x1820, 0x1020, 0x0820, 0x0820, 0x0020, 0x0820, 0x0000, 0x0000, 0x1061, 0x2104, 0x2104, 0x18e3, 0x39c7, 0x4228,
		0x4228, 0x2104, 0x2104, 0x2124, 0x18c3, 0x0020, 0x0000, 0x0820, 0x0020, 0x0020, 0x0020, 0x0820, 0x0020, 0x0020, 0x0020, 0x0820, 0x0020, 0x0820, 0x0820, 0x0020, 0x0820, 0x0820, 0x0020, 0x0020, 0x0820, 0x0820, 0x0820, 0x0820, 0x0020, 0x0820, 0x0020, 0x0820, 0x0820, 0x0020, 0x0820, 0x0820, 0x0820, 0x0020, 0x0820, 0x0020, 0x0020, 0x0020, 0x0820, 0x0020, 0x0820, 0x0820, 0x0820, 0x0820, 0x0820, 0x0820, 0x1020, 0x2000, 0x2800, 0x5000, 0xf061, 0xf862, 0xf800, 0xf800, 0xf800, 0xf800, 0xf800, 0xf861, 0xf061, 0x7000, 0x2800, 0x2800, 0x1820, 0x1020, 0x0820, 0x0820, 0x0020, 0x0820, 0x0000, 0x0000, 0x1061, 0x2104, 0x2104, 0x18e3, 0x39c7, 0x4228,
		0x4208, 0x2104, 0x2104, 0x2104, 0x18e3, 0x0020, 0x0000, 0x0820, 0x0020, 0x0020, 0x0820, 0x0020, 0x0820, 0x0020, 0x0820, 0x0820, 0x0020, 0x0820, 0x0820, 0x0820, 0x0820, 0x0820, 0x0820, 0x0820, 0x0820, 0x0820, 0x0820, 0x0820, 0x0020, 0x0820, 0x0820, 0x0020, 0x0820, 0x0820, 0x0020, 0x0820, 0x0820, 0x0020, 0x0020, 0x0820, 0x0020, 0x0820, 0x0820, 0x0820, 0x0020, 0x0020, 0x0020, 0x0820, 0x0820, 0x0820, 0x1020, 0x2000, 0x2800, 0x5000, 0xf041, 0xf862, 0xf800, 0xf800, 0xf800, 0xf800, 0xf800, 0xf841, 0xf061, 0x7000, 0x3000, 0x2800, 0x1820, 0x1020, 0x0820, 0x0820, 0x0020, 0x0820, 0x0000, 0x0000, 0x1061, 0x2104, 0x2104, 0x18e3, 0x39c7, 0x4228,
		0x4208, 0x2104, 0x2104, 0x2104, 0x18c3, 0x0020, 0x0000, 0x0820, 0x0020, 0x0020, 0x0020, 0x0020, 0x0820, 0x0020, 0x0820, 0x0820, 0x0820, 0x0820, 0x0820, 0x0820, 0x0820, 0x0820, 0x0820, 0x0820, 0x0820, 0x0820, 0x0820, 0x0820, 0x0820, 0x0820, 0x0820, 0x0820, 0x0820, 0x0820, 0x0820, 0x0820, 0x0020, 0x0820, 0x0020, 0x0820, 0x0820, 0x0820, 0x0820, 0x0820, 0x0820, 0x0820, 0x0820, 0x0820, 0x0820, 0x0820, 0x1020, 0x2000, 0x2800, 0x5000, 0xe841, 0xf862, 0xf800, 0xf800, 0xf800, 0xf800, 0xf800, 0xf841, 0xf061, 0x7000, 0x2800, 0x2800, 0x1820, 0x1020, 0x0820, 0x0820, 0x0020, 0x0820, 0x0000, 0x0000, 0x1082, 0x2104, 0x2104, 0x18e3, 0x39c6, 0x4228,
		0x4208, 0x2104, 0x2104, 0x2104, 0x18c3, 0x0020, 0x0000, 0x0820, 0x0820, 0x0020, 0x0020, 0x0020, 0x0020, 0x0020, 0x0820, 0x0020, 0x0820, 0x0820, 0x0820, 0x0820, 0x0820, 0x0820, 0x0820, 0x0820, 0x0820, 0x0820, 0x0820, 0x0820, 0x0820, 0x0820, 0x0820, 0x0820, 0x0020, 0x0020, 0x0020, 0x0820, 0x0820, 0x0820, 0x0820, 0x0820, 0x0020, 0x0820, 0x0820, 0x0020, 0x0820, 0x0820, 0x0820, 0x0820, 0x0820, 0x0820, 0x1020, 0x2000, 0x2800, 0x5000, 0xe841, 0xf862, 0xf800, 0xf800, 0xf800, 0xf800, 0xf800, 0xf841, 0xf061, 0x6800, 0x2800, 0x2800, 0x1820, 0x1020, 0x0820, 0x0820, 0x0020, 0x0020, 0x0000, 0x0000, 0x1082, 0x2104, 0x2104, 0x18e3, 0x39a6, 0x4228,
		0x4228, 0x2104, 0x2104, 0x2104, 0x18c3, 0x0020, 0x0000, 0x0820, 0x0020, 0x0020, 0x0020, 0x0820, 0x0020, 0x0020, 0x0020, 0x0020, 0x0020, 0x0820, 0x0820, 0x0820, 0x0820, 0x0820, 0x0820, 0x0820, 0x0820, 0x0820, 0x0820, 0x0820, 0x0820, 0x0020, 0x0820, 0x0020, 0x0820, 0x0820, 0x0820, 0x0020, 0x0020, 0x0820, 0x0820, 0x0020, 0x0820, 0x0820, 0x0820, 0x0020, 0x0820, 0x0820, 0x0820, 0x0820, 0x0820, 0x0820, 0x1020, 0x2000, 0x3000, 0x5000, 0xe841, 0xf862, 0xf800, 0xf800, 0xf800, 0xf800, 0xf800, 0xf841, 0xf061, 0x7000, 0x2800, 0x2800, 0x1820, 0x1020, 0x0820, 0x0820, 0x0020, 0x0820, 0x0000, 0x0000, 0x1082, 0x2104, 0x2104, 0x18e3, 0x39a6, 0x4228,
		0x4208, 0x2104, 0x2104, 0x2104, 0x18c3, 0x0020, 0x0000, 0x0820, 0x0020, 0x0820, 0x0020, 0x0820, 0x0820, 0x0020, 0x0020, 0x0820, 0x0820, 0x0820, 0x0820, 0x0820, 0x0820, 0x0820, 0x0820, 0x0820, 0x0820, 0x0820, 0x0820, 0x0820, 0x0820, 0x0820, 0x0820, 0x0020, 0x0020, 0x0020, 0x0020, 0x0020, 0x0820, 0x0820, 0x0820, 0x0020, 0x0820, 0x0820, 0x0820, 0x0820, 0x0820, 0x0020, 0x0020, 0x0820, 0x0820, 0x0820, 0x1020, 0x2000, 0x3000, 0x5000, 0xe841, 0xf862, 0xf800, 0xf800, 0xf800, 0xf800, 0xf800, 0xf841, 0xf061, 0x7000, 0x2800, 0x2800, 0x1820, 0x1020, 0x0820, 0x0820, 0x0020, 0x0820, 0x0000, 0x0000, 0x1082, 0x2104, 0x2104, 0x18e3, 0x39c6, 0x4228,
		0x4228, 0x2104, 0x2104, 0x2124, 0x18c3, 0x0020, 0x0000, 0x0020, 0x0020, 0x0020, 0x0020, 0x0020, 0x0820, 0x0020, 0x0020, 0x0020, 0x0820, 0x0820, 0x0820, 0x0820, 0x0820, 0x0820, 0x0820, 0x0820, 0x0820, 0x0820, 0x0820, 0x0820, 0x0820, 0x0820, 0x0020, 0x0820, 0x0820, 0x0820, 0x0020, 0x0820, 0x0020, 0x0020, 0x0820, 0x0820, 0x0820, 0x0020, 0x0820, 0x0820, 0x0820, 0x0020, 0x0820, 0x0820, 0x0820, 0x0820, 0x1020, 0x2000, 0x3000, 0x5000, 0xe841, 0xf862, 0xf800, 0xf800, 0xf800, 0xf800, 0xf800, 0xf841, 0xf061, 0x7000, 0x2800, 0x2800, 0x1820, 0x1020, 0x0820, 0x0820, 0x0020, 0x0820, 0x0000, 0x0000, 0x1082, 0x2104, 0x2104, 0x18e3, 0x31a6, 0x4228,
		0x4228, 0x2104, 0x2104, 0x2124, 0x18c3, 0x0000, 0x0000, 0x0020, 0x0020, 0x0020, 0x0820, 0x0020, 0x0020, 0x0020, 0x0020, 0x0020, 0x0020, 0x0020, 0x0820, 0x0820, 0x0820, 0x0820, 0x0820, 0x0820, 0x0820, 0x0820, 0x0820, 0x0820, 0x0820, 0x0820, 0x0020, 0x0020, 0x0820, 0x0820, 0x0820, 0x0820, 0x0820, 0x0020, 0x0020, 0x0820, 0x0820, 0x0820, 0x0820, 0x0820, 0x0820, 0x0820, 0x0820, 0x0820, 0x0820, 0x0820, 0x1020, 0x2020, 0x3000, 0x5000, 0xe841, 0xf862, 0xf800, 0xf800, 0xf800, 0xf800, 0xf800, 0xf841, 0xf062, 0x7000, 0x2800, 0x2800, 0x1820, 0x1020, 0x0820, 0x0820, 0x0020, 0x0020, 0x0000, 0x0000, 0x1082, 0x2104, 0x2104, 0x18e3, 0x39c6, 0x4228,
		0x4228, 0x2104, 0x2104, 0x2124, 0x18c3, 0x0020, 0x0000, 0x0820, 0x0020, 0x0020, 0x0020, 0x0020, 0x0020, 0x0020, 0x0020, 0x0820, 0x0020, 0x0020, 0x0820, 0x0820, 0x0820, 0x0820, 0x0820, 0x0820, 0x0820, 0x0820, 0x0820, 0x0820, 0x0820, 0x0820, 0x0020, 0x0820, 0x0820, 0x0820, 0x0820, 0x0820, 0x0820, 0x0820, 0x0820, 0x0820, 0x0820, 0x0020, 0x0020, 0x0820, 0x0820, 0x0020, 0x0820, 0x0820, 0x0820, 0x0820, 0x1020, 0x2020, 0x3000, 0x5000, 0xe841, 0xf862, 0xf800, 0xf800, 0xf800, 0xf800, 0xf800, 0xf841, 0xf061, 0x7000, 0x2800, 0x2800, 0x1820, 0x0820, 0x0820, 0x0820, 0x0020, 0x0820, 0x0000, 0x0000, 0x1082, 0x2104, 0x2104, 0x18e3, 0x39c7, 0x4228,
		0x4228, 0x2104, 0x2104, 0x2104, 0x18c3, 0x0020, 0x0000, 0x0820, 0x0020, 0x0020, 0x0020, 0x0020, 0x0020, 0x0020, 0x0820, 0x0820, 0x0820, 0x0820, 0x0820, 0x0820, 0x0820, 0x0020, 0x0820, 0x0820, 0x0820, 0x0820, 0x0820, 0x0820, 0x0020, 0x0820, 0x0820, 0x0820, 0x0020, 0x0820, 0x0020, 0x0020, 0x0020, 0x0820, 0x0820, 0x0820, 0x0820, 0x0020, 0x0820, 0x0820, 0x0820, 0x0820, 0x0820, 0x0820, 0x0820, 0x0820, 0x1020, 0x2000, 0x3000, 0x5000, 0xe861, 0xf862, 0xf800, 0xf800, 0xf800, 0xf800, 0xf800, 0xf841, 0xf061, 0x7000, 0x2800, 0x2800, 0x1820, 0x0820, 0x0820, 0x0820, 0x0020, 0x0820, 0x0000, 0x0000, 0x1082, 0x2104, 0x2104, 0x18e3, 0x39c7, 0x4228,
		0x4208, 0x2104, 0x2104, 0x2104, 0x18c3, 0x0020, 0x0000, 0x0820, 0x0020, 0x0020, 0x0020, 0x0020, 0x0820, 0x0820, 0x0020, 0x0820, 0x0820, 0x0820, 0x0820, 0x0820, 0x0820, 0x0820, 0x0820, 0x0820, 0x0820, 0x0820, 0x0820, 0x0820, 0x0020, 0x0820, 0x0820, 0x0020, 0x0820, 0x0020, 0x0820, 0x0820, 0x0820, 0x0820, 0x0020, 0x0820, 0x0820, 0x0820, 0x0820, 0x0820, 0x0820, 0x0020, 0x0020, 0x0820, 0x0020, 0x0820, 0x1020, 0x2000, 0x3000, 0x5000, 0xe861, 0xf862, 0xf800, 0xf800, 0xf800, 0xf800, 0xf800, 0xf841, 0xf062, 0x7000, 0x2800, 0x2800, 0x1820, 0x1020, 0x0820, 0x0820, 0x0020, 0x0820, 0x0000, 0x0000, 0x1082, 0x2104, 0x2104, 0x18e3, 0x31a6, 0x4228,
		0x4208, 0x2104, 0x2104, 0x2104, 0x18c3, 0x0020, 0x0000, 0x0820, 0x0020, 0x0020, 0x0820, 0x0820, 0x0020, 0x0820, 0x0020, 0x0020, 0x0820, 0x0820, 0x0820, 0x0820, 0x0820, 0x0820, 0x0820, 0x0820, 0x0820, 0x0820, 0x0820, 0x0020, 0x0820, 0x0820, 0x0820, 0x0820, 0x0820, 0x0820, 0x0820, 0x0020, 0x0820, 0x0820, 0x0020, 0x0820, 0x0820, 0x0820, 0x0820, 0x0820, 0x0020, 0x0020, 0x0020, 0x0820, 0x0020, 0x0820, 0x1020, 0x2000, 0x3000, 0x5000, 0xe841, 0xf862, 0xf800, 0xf800, 0xf800, 0xf800, 0xf800, 0xf861, 0xf062, 0x7000, 0x2800, 0x2800, 0x1820, 0x1020, 0x0820, 0x0820, 0x0020, 0x0020, 0x0000, 0x0000, 0x1061, 0x2104, 0x2104, 0x18e3, 0x31a6, 0x4228,
		0x4228, 0x2104, 0x2104, 0x2104, 0x18c3, 0x0020, 0x0000, 0x0820, 0x0020, 0x0020, 0x0020, 0x0820, 0x0020, 0x0820, 0x0020, 0x0820, 0x0820, 0x0020, 0x0820, 0x0820, 0x0020, 0x0820, 0x0820, 0x0020, 0x0020, 0x0820, 0x0020, 0x0020, 0x0020, 0x0020, 0x0820, 0x0820, 0x0820, 0x0820, 0x0820, 0x0020, 0x0820, 0x0820, 0x0020, 0x0820, 0x0820, 0x0820, 0x0820, 0x0820, 0x0820, 0x0020, 0x0820, 0x0020, 0x0020, 0x0820, 0x1020, 0x2000, 0x3000, 0x5000, 0xf041, 0xf862, 0xf800, 0xf800, 0xf800, 0xf800, 0xf800, 0xf861, 0xf062, 0x7000, 0x2800, 0x2800, 0x1820, 0x1020, 0x0820, 0x0820, 0x0020, 0x0820, 0x0000, 0x0000, 0x1061, 0x2104, 0x2104, 0x18e3, 0x31a6, 0x4228,
		0x4228, 0x2104, 0x2103, 0x2104, 0x18c3, 0x0020, 0x0000, 0x0820, 0x0820, 0x0020, 0x0020, 0x0820, 0x0020, 0x0820, 0x0820, 0x0820, 0x0820, 0x0820, 0x0820, 0x0820, 0x0820, 0x0820, 0x0820, 0x0820, 0x0820, 0x0020, 0x0820, 0x0820, 0x0020, 0x0020, 0x0820, 0x0820, 0x0820, 0x0820, 0x0820, 0x0820, 0x0820, 0x0820, 0x0820, 0x0820, 0x0820, 0x0820, 0x0820, 0x0820, 0x0820, 0x0820, 0x0820, 0x0820, 0x0020, 0x0820, 0x1020, 0x2000, 0x3000, 0x5000, 0xf041, 0xf862, 0xf800, 0xf800, 0xf800, 0xf800, 0xf800, 0xf861, 0xf062, 0x7000, 0x2800, 0x2800, 0x1820, 0x1020, 0x0820, 0x0820, 0x0020, 0x0820, 0x0000, 0x0000, 0x1082, 0x2104, 0x2104, 0x18e3, 0x39a6, 0x4228,
		0x4228, 0x2104, 0x2103, 0x2104, 0x18c3, 0x0020, 0x0000, 0x0820, 0x0020, 0x0820, 0x0820, 0x0820, 0x0820, 0x0820, 0x0820, 0x0820, 0x0820, 0x0820, 0x0820, 0x0820, 0x0820, 0x0820, 0x0020, 0x0820, 0x0820, 0x0820, 0x0820, 0x0820, 0x0820, 0x0820, 0x0820, 0x0820, 0x0820, 0x0820, 0x0820, 0x0820, 0x0820, 0x0820, 0x0820, 0x0820, 0x0820, 0x0820, 0x0820, 0x0820, 0x0820, 0x0820, 0x0820, 0x0820, 0x0820, 0x0820, 0x1020, 0x2000, 0x2800, 0x5000, 0xf041, 0xf862, 0xf800, 0xf800, 0xf800, 0xf800, 0xf800, 0xf861, 0xf062, 0x7000, 0x2800, 0x2800, 0x1820, 0x1020, 0x0820, 0x0820, 0x0020, 0x0820, 0x0000, 0x0000, 0x1081, 0x2104, 0x2104, 0x18e3, 0x31a6, 0x4228,
		0x4228, 0x2104, 0x2104, 0x2104, 0x18c3, 0x0020, 0x0000, 0x0020, 0x0020, 0x0820, 0x0020, 0x0020, 0x0820, 0x0820, 0x0820, 0x0820, 0x0820, 0x0820, 0x0820, 0x0820, 0x0820, 0x0820, 0x0820, 0x0020, 0x0820, 0x0820, 0x0820, 0x0820, 0x0820, 0x0820, 0x0820, 0x0820, 0x0820, 0x0820, 0x0820, 0x0820, 0x0820, 0x0820, 0x0820, 0x0820, 0x0820, 0x0820, 0x0820, 0x0820, 0x0820, 0x0820, 0x0820, 0x0820, 0x0820, 0x1020, 0x1020, 0x2000, 0x2800, 0x5000, 0xf061, 0xf862, 0xf800, 0xf800, 0xf800, 0xf800, 0xf800, 0xf861, 0xf062, 0x7000, 0x2800, 0x2800, 0x1820, 0x1020, 0x0820, 0x0820, 0x0020, 0x0020, 0x0000, 0x0000, 0x1081, 0x2104, 0x2104, 0x18e3, 0x31a6, 0x4228,
		0x4228, 0x2104, 0x2104, 0x2104, 0x18c3, 0x0020, 0x0000, 0x0020, 0x0020, 0x0820, 0x0820, 0x0020, 0x0020, 0x0820, 0x0820, 0x0820, 0x0820, 0x0820, 0x0820, 0x0820, 0x0820, 0x0820, 0x0820, 0x0820, 0x0820, 0x0820, 0x1020, 0x1020, 0x1020, 0x1020, 0x1020, 0x1020, 0x1020, 0x1020, 0x1020, 0x1020, 0x1020, 0x1020, 0x1020, 0x1020, 0x1020, 0x1020, 0x1020, 0x1020, 0x1020, 0x1020, 0x1020, 0x1020, 0x1020, 0x1820, 0x1800, 0x2000, 0x3000, 0x5800, 0xf041, 0xf862, 0xf800, 0xf800, 0xf800, 0xf800, 0xf800, 0xf861, 0xf061, 0x7000, 0x2800, 0x2800, 0x1820, 0x1020, 0x0820, 0x0820, 0x0020, 0x0820, 0x0000, 0x0000, 0x1081, 0x2104, 0x2104, 0x18e3, 0x31a6, 0x4228,
		0x4a49, 0x2104, 0x2104, 0x2104, 0x18c3, 0x0020, 0x0000, 0x0820, 0x0020, 0x0020, 0x0820, 0x0820, 0x0020, 0x0820, 0x0820, 0x0020, 0x0820, 0x0020, 0x0820, 0x0820, 0x0820, 0x0820, 0x0820, 0x0820, 0x0820, 0x1020, 0x1020, 0x1820, 0x1820, 0x1800, 0x1800, 0x1800, 0x1800, 0x1820, 0x2020, 0x2020, 0x2020, 0x2000, 0x2000, 0x2000, 0x2000, 0x2000, 0x1800, 0x1800, 0x1820, 0x1800, 0x1800, 0x1800, 0x2000, 0x2000, 0x2000, 0x2800, 0x3000, 0x5800, 0xf041, 0xf862, 0xf801, 0xf800, 0xf800, 0xf800, 0xf800, 0xf841, 0xf061, 0x7000, 0x2800, 0x2800, 0x1820, 0x1020, 0x0820, 0x0820, 0x0020, 0x0820, 0x0000, 0x0000, 0x1082, 0x2104, 0x2104, 0x18e3, 0x31a6, 0x4228,
		0x4a49, 0x2124, 0x2104, 0x2104, 0x18c3, 0x0020, 0x0000, 0x0820, 0x0020, 0x0020, 0x0820, 0x0020, 0x0820, 0x0820, 0x0820, 0x0820, 0x0820, 0x0820, 0x0820, 0x0820, 0x0820, 0x0820, 0x0820, 0x1020, 0x1020, 0x1800, 0x2000, 0x2800, 0x3000, 0x3000, 0x3000, 0x3000, 0x3000, 0x3000, 0x3000, 0x3000, 0x3000, 0x3000, 0x3000, 0x3000, 0x3000, 0x3000, 0x3000, 0x3000, 0x3000, 0x3000, 0x3000, 0x3000, 0x3000, 0x3000, 0x3800, 0x3800, 0x3000, 0x6000, 0xf861, 0xf882, 0xf800, 0xf800, 0xf800, 0xf800, 0xf800, 0xf841, 0xf061, 0x7800, 0x2800, 0x2800, 0x1020, 0x0820, 0x0820, 0x0820, 0x0020, 0x0820, 0x0000, 0x0000, 0x1082, 0x2104, 0x2104, 0x18e3, 0x39c7, 0x4a49,
		0x4a49, 0x2104, 0x2104, 0x2104, 0x18e3, 0x0020, 0x0000, 0x0820, 0x0020, 0x0020, 0x0020, 0x0020, 0x0020, 0x0020, 0x0020, 0x0820, 0x0020, 0x0820, 0x0820, 0x0820, 0x0820, 0x0820, 0x0820, 0x1020, 0x1800, 0x3000, 0x3000, 0x3000, 0x3000, 0x3000, 0x3000, 0x3800, 0x3800, 0x3800, 0x3800, 0x3800, 0x3800, 0x3800, 0x3800, 0x3800, 0x3800, 0x3800, 0x3800, 0x3800, 0x3000, 0x3000, 0x3000, 0x3800, 0x3800, 0x3800, 0x3800, 0x3800, 0x3000, 0x6800, 0xf861, 0xf861, 0xf800, 0xf800, 0xf800, 0xf800, 0xf800, 0xf841, 0xf862, 0x8000, 0x2000, 0x2000, 0x1020, 0x0820, 0x0820, 0x0820, 0x0020, 0x0020, 0x0000, 0x0000, 0x1082, 0x2104, 0x2104, 0x18e3, 0x39c7, 0x4a48,
		0x4a29, 0x2104, 0x2104, 0x2104, 0x18e3, 0x0020, 0x0000, 0x0820, 0x0020, 0x0020, 0x0020, 0x0820, 0x0820, 0x0020, 0x0820, 0x0820, 0x0820, 0x0820, 0x0820, 0x0820, 0x0820, 0x0820, 0x1020, 0x1800, 0x2800, 0x3000, 0x7800, 0xa800, 0xa000, 0x9800, 0x9800, 0xa000, 0xa000, 0xa000, 0xa000, 0xa000, 0x9800, 0x9800, 0x9800, 0x9800, 0x9800, 0x9800, 0x9800, 0x9800, 0x9800, 0x9800, 0x9800, 0x9800, 0x9800, 0x9800, 0x9800, 0xa000, 0x9000, 0x4000, 0x8000, 0xd020, 0xf862, 0xf821, 0xf800, 0xf800, 0xf841, 0xe021, 0xa020, 0x5800, 0x2800, 0x1820, 0x1020, 0x0820, 0x0820, 0x0820, 0x0020, 0x0820, 0x0000, 0x0000, 0x1082, 0x2104, 0x2104, 0x18e3, 0x39c7, 0x4a28,
		0x4a49, 0x2104, 0x2104, 0x2124, 0x18c3, 0x0020, 0x0000, 0x0020, 0x0020, 0x0020, 0x0820, 0x0820, 0x0820, 0x0820, 0x0820, 0x0820, 0x0820, 0x0820, 0x0820, 0x0820, 0x0820, 0x1020, 0x1820, 0x2800, 0x3800, 0x2800, 0xb041, 0xf8a2, 0xf841, 0xf041, 0xf061, 0xf061, 0xf061, 0xf041, 0xf041, 0xf861, 0xf061, 0xf061, 0xf061, 0xf041, 0xf041, 0xf041, 0xf041, 0xf041, 0xf041, 0xf041, 0xf041, 0xf061, 0xf061, 0xf061, 0xf061, 0xf862, 0xe041, 0x2800, 0x2000, 0xa020, 0xf882, 0xf821, 0xf800, 0xf800, 0xf882, 0xd020, 0x2800, 0x3000, 0x2800, 0x1820, 0x1020, 0x0820, 0x0820, 0x0820, 0x0820, 0x0820, 0x0000, 0x0000, 0x1082, 0x2104, 0x2104, 0x2103, 0x39c6, 0x4228,
		0x4a49, 0x2104, 0x2104, 0x2124, 0x18c3, 0x0020, 0x0000, 0x0820, 0x0820, 0x0020, 0x0820, 0x0820, 0x0020, 0x0020, 0x0820, 0x0820, 0x0820, 0x0820, 0x0820, 0x0820, 0x1020, 0x1020, 0x2000, 0x3800, 0x4000, 0x9000, 0xe041, 0xf862, 0xf861, 0xf861, 0xf861, 0xf861, 0xf861, 0xf861, 0xf861, 0xf861, 0xf861, 0xf861, 0xf861, 0xf861, 0xf841, 0xf841, 0xf861, 0xf861, 0xf861, 0xf861, 0xf861, 0xf861, 0xf862, 0xf861, 0xf861, 0xf861, 0xf041, 0xb800, 0x4800, 0x4800, 0xd000, 0xf861, 0xf841, 0xf800, 0xe020, 0x8000, 0x3800, 0x2800, 0x2000, 0x1020, 0x0820, 0x0820, 0x0820, 0x0820, 0x0820, 0x0820, 0x0000, 0x0000, 0x1082, 0x2104, 0x2104, 0x18e3, 0x39c7, 0x4a28,
		0x4228, 0x2104, 0x2104, 0x2124, 0x18e3, 0x0020, 0x0000, 0x0820, 0x0820, 0x0820, 0x0020, 0x0820, 0x0020, 0x0820, 0x0820, 0x0820, 0x0820, 0x0820, 0x0820, 0x0820, 0x1020, 0x1820, 0x2800, 0x4000, 0x6000, 0xd841, 0xf841, 0xf800, 0xf800, 0xf800, 0xf800, 0xf800, 0xf800, 0xf800, 0xf800, 0xf800, 0xf800, 0xf800, 0xf800, 0xf800, 0xf800, 0xf800, 0xf800, 0xf800, 0xf800, 0xf800, 0xf800, 0xf800, 0xf800, 0xf000, 0xf800, 0xf800, 0xf821, 0xf882, 0x9800, 0x4000, 0x6000, 0xe861, 0xf841, 0xf841, 0x7800, 0x4000, 0x3800, 0x2000, 0x1820, 0x1020, 0x0820, 0x0820, 0x0820, 0x0820, 0x0820, 0x0820, 0x0000, 0x0000, 0x1082, 0x2104, 0x2104, 0x18e3, 0x39c7, 0x4a28,
		0x4228, 0x2104, 0x2104, 0x2104, 0x18e3, 0x0020, 0x0000, 0x0820, 0x0020, 0x0020, 0x0820, 0x0020, 0x0020, 0x0820, 0x0820, 0x0820, 0x0820, 0x0820, 0x0820, 0x0820, 0x1820, 0x2800, 0x2000, 0x5800, 0xe041, 0xf841, 0xf800, 0xf800, 0xf800, 0xf800, 0xf800, 0xf800, 0xf800, 0xf800, 0xf800, 0xf800, 0xf800, 0xf800, 0xf800, 0xf800, 0xf800, 0xf800, 0xf800, 0xf800, 0xf800, 0xf800, 0xf800, 0xf800, 0xf800, 0xf800, 0xf800, 0xf800, 0xf800, 0xf821, 0xf061, 0xa820, 0x2800, 0x7000, 0xd820, 0xf882, 0x5800, 0x2800, 0x2800, 0x1820, 0x1020, 0x0820, 0x0820, 0x0020, 0x0820, 0x0820, 0x0820, 0x0820, 0x0000, 0x0000, 0x1082, 0x2104, 0x2104, 0x18e3, 0x39c7, 0x4228,
		0x4228, 0x2104, 0x2104, 0x2104, 0x18e3, 0x0020, 0x0000, 0x0820, 0x0020, 0x0020, 0x0820, 0x0820, 0x0820, 0x0820, 0x0820, 0x0820, 0x0820, 0x0820, 0x0820, 0x1020, 0x1800, 0x2800, 0x5000, 0xb000, 0xf861, 0xf821, 0xf000, 0xf800, 0xf800, 0xf800, 0xf800, 0xf800, 0xf800, 0xf800, 0xf800, 0xf800, 0xf800, 0xf800, 0xf800, 0xf800, 0xf800, 0xf800, 0xf800, 0xf800, 0xf800, 0xf800, 0xf800, 0xf800, 0xf800, 0xf800, 0xf800, 0xf800, 0xf800, 0xf800, 0xf861, 0xe020, 0x7800, 0x2800, 0x7800, 0xb000, 0x5000, 0x2800, 0x2000, 0x1820, 0x1020, 0x0820, 0x0820, 0x0020, 0x0820, 0x0820, 0x0820, 0x0820, 0x0000, 0x0000, 0x1082, 0x2104, 0x2104, 0x18e3, 0x39c7, 0x4a48,
		0x4228, 0x2104, 0x2104, 0x2124, 0x18e3, 0x0020, 0x0000, 0x0820, 0x0820, 0x0820, 0x0820, 0x0820, 0x0820, 0x0020, 0x0020, 0x0820, 0x0820, 0x0820, 0x0820, 0x1020, 0x2000, 0x1800, 0x8020, 0xf882, 0xf820, 0xf000, 0xf800, 0xf800, 0xf800, 0xf800, 0xf800, 0xf800, 0xf800, 0xf800, 0xf800, 0xf800, 0xf800, 0xf800, 0xf800, 0xf800, 0xf800, 0xf800, 0xf800, 0xf800, 0xf800, 0xf800, 0xf800, 0xf800, 0xf800, 0xf800, 0xf800, 0xf800, 0xf800, 0xf801, 0xf800, 0xf841, 0xf841, 0x5800, 0x4000, 0x4000, 0x4000, 0x2800, 0x1820, 0x1020, 0x0820, 0x0820, 0x0820, 0x0820, 0x0820, 0x0820, 0x0820, 0x0820, 0x0000, 0x0000, 0x1082, 0x2104, 0x2104, 0x18e3, 0x39c7, 0x4a49,
		0x4228, 0x2104, 0x2104, 0x2124, 0x18e3, 0x0020, 0x0000, 0x0820, 0x0820, 0x0820, 0x0820, 0x0820, 0x0820, 0x0020, 0x0820, 0x0820, 0x0820, 0x0820, 0x0820, 0x1020, 0x1800, 0x2000, 0x6800, 0xe820, 0xf821, 0xf800, 0xf800, 0xf800, 0xf800, 0xf800, 0xf800, 0xf800, 0xf800, 0xf800, 0xf800, 0xf800, 0xf800, 0xf800, 0xf800, 0xf800, 0xf800, 0xf800, 0xf800, 0xf800, 0xf800, 0xf800, 0xf800, 0xf800, 0xf800, 0xf800, 0xf800, 0xf800, 0xf800, 0xf800, 0xf821, 0xf041, 0xc020, 0x5000, 0x3800, 0x3000, 0x4000, 0x3000, 0x1820, 0x1020, 0x0820, 0x0820, 0x0820, 0x0020, 0x0820, 0x0820, 0x0820, 0x0820, 0x0000, 0x0000, 0x1082, 0x2104, 0x2104, 0x18e3, 0x39c7, 0x4a49,
		0x4228, 0x2104, 0x2104, 0x2124, 0x18e3, 0x0020, 0x0000, 0x0820, 0x0820, 0x0020, 0x0820, 0x0820, 0x0820, 0x0020, 0x0820, 0x0820, 0x0820, 0x0820, 0x0820, 0x0820, 0x1820, 0x2800, 0x2800, 0x7800, 0xf861, 0xf841, 0xf800, 0xf800, 0xf800, 0xf800, 0xf800, 0xf800, 0xf800, 0xf800, 0xf800, 0xf800, 0xf800, 0xf800, 0xf800, 0xf800, 0xf800, 0xf800, 0xf800, 0xf800, 0xf800, 0xf800, 0xf800, 0xf800, 0xf800, 0xf800, 0xf800, 0xf800, 0xf800, 0xf820, 0xf862, 0xc020, 0x3800, 0x4000, 0x5800, 0x5800, 0x4800, 0x3000, 0x2000, 0x1020, 0x0820, 0x0820, 0x0820, 0x0020, 0x0820, 0x0820, 0x0820, 0x0820, 0x0000, 0x0000, 0x1082, 0x2104, 0x2104, 0x18e3, 0x39c7, 0x4a48,
		0x4228, 0x2124, 0x2104, 0x2104, 0x18e3, 0x0020, 0x0000, 0x0820, 0x0820, 0x0020, 0x0020, 0x0820, 0x0820, 0x0820, 0x0820, 0x0820, 0x0820, 0x0820, 0x0820, 0x0820, 0x1820, 0x2000, 0x2800, 0x5000, 0x9800, 0xe841, 0xf841, 0xf800, 0xf800, 0xf800, 0xf800, 0xf800, 0xf800, 0xf800, 0xf800, 0xf800, 0xf800, 0xf800, 0xf800, 0xf800, 0xf800, 0xf800, 0xf800, 0xf800, 0xf800, 0xf800, 0xf800, 0xf800, 0xf800, 0xf800, 0xf800, 0xf800, 0xf821, 0xf862, 0xd020, 0x7800, 0x4800, 0x2800, 0xa000, 0xf021, 0x5800, 0x2800, 0x2800, 0x1820, 0x1020, 0x0820, 0x0820, 0x0020, 0x0820, 0x0820, 0x0820, 0x0820, 0x0000, 0x0000, 0x1082, 0x2104, 0x2104, 0x18e3, 0x39c7, 0x4a28,
		0x4228, 0x2124, 0x2104, 0x2124, 0x18e3, 0x0020, 0x0000, 0x0820, 0x0820, 0x0820, 0x0820, 0x0820, 0x0820, 0x0820, 0x0820, 0x0820, 0x0820, 0x0820, 0x0820, 0x0820, 0x1020, 0x1820, 0x2800, 0x3000, 0x3800, 0xa800, 0xf041, 0xf841, 0xf841, 0xf841, 0xf841, 0xf841, 0xf841, 0xf841, 0xf841, 0xf841, 0xf841, 0xf841, 0xf841, 0xf841, 0xf841, 0xf841, 0xf841, 0xf841, 0xf841, 0xf841, 0xf841, 0xf841, 0xf841, 0xf861, 0xf861, 0xf841, 0xf041, 0xe820, 0x6800, 0x3800, 0x5800, 0x9000, 0xe020, 0xf882, 0x6800, 0x3000, 0x3000, 0x2020, 0x1020, 0x0820, 0x0820, 0x0820, 0x0820, 0x0020, 0x0820, 0x0820, 0x0000, 0x0000, 0x1082, 0x2104, 0x2104, 0x18e3, 0x39a6, 0x4228,
		0x4228, 0x2104, 0x2104, 0x2124, 0x18e3, 0x0020, 0x0000, 0x0820, 0x0820, 0x0820, 0x0820, 0x0820, 0x0820, 0x0820, 0x0820, 0x0820, 0x0820, 0x0820, 0x0820, 0x0820, 0x0820, 0x1820, 0x2000, 0x3000, 0x4000, 0x4000, 0xc041, 0xf882, 0xf861, 0xf861, 0xf861, 0xf862, 0xf861, 0xf861, 0xf861, 0xf861, 0xf861, 0xf861, 0xf861, 0xf861, 0xf861, 0xf861, 0xf861, 0xf861, 0xf861, 0xf861, 0xf861, 0xf861, 0xf861, 0xf882, 0xf861, 0xf882, 0xe861, 0x5800, 0x5000, 0x3800, 0x6800, 0xf861, 0xf882, 0xf841, 0xb000, 0x5800, 0x3800, 0x2800, 0x1820, 0x1020, 0x0820, 0x0820, 0x0820, 0x0820, 0x0020, 0x0820, 0x0000, 0x0000, 0x1081, 0x2104, 0x2104, 0x18e3, 0x31a6, 0x4228,
		0x4228, 0x2104, 0x2104, 0x2124, 0x18e3, 0x0020, 0x0000, 0x0820, 0x0820, 0x0020, 0x0820, 0x0820, 0x0820, 0x0820, 0x0820, 0x0820, 0x0820, 0x0820, 0x0820, 0x0820, 0x0820, 0x1020, 0x1020, 0x2020, 0x3000, 0x3000, 0x9000, 0xc020, 0xb000, 0xb000, 0xb000, 0xb000, 0xb000, 0xb000, 0xb000, 0xb000, 0xb000, 0xb000, 0xb800, 0xb800, 0xb800, 0xb800, 0xb800, 0xb800, 0xb000, 0xb000, 0xb000, 0xb000, 0xb000, 0xb000, 0xb000, 0xc020, 0xb000, 0x4000, 0x3800, 0x7000, 0xd800, 0xf861, 0xf841, 0xf800, 0xf821, 0xa800, 0x2800, 0x3000, 0x2000, 0x1020, 0x1020, 0x0820, 0x0820, 0x0820, 0x0020, 0x0820, 0x0000, 0x0000, 0x1082, 0x2104, 0x2104, 0x18e3, 0x31a6, 0x4228,
		0x4228, 0x2124, 0x2104, 0x2104, 0x18e3, 0x0020, 0x0000, 0x0820, 0x0020, 0x0820, 0x0820, 0x0820, 0x0820, 0x0820, 0x0020, 0x0820, 0x0820, 0x0820, 0x0820, 0x0820, 0x0820, 0x0820, 0x1020, 0x1820, 0x2020, 0x3800, 0x4000, 0x3800, 0x4000, 0x4000, 0x4000, 0x4000, 0x4000, 0x4000, 0x4000, 0x4000, 0x4800, 0x4000, 0x4000, 0x4000, 0x4000, 0x4000, 0x4000, 0x4800, 0x4000, 0x4000, 0x4000, 0x4000, 0x4000, 0x4000, 0x4800, 0x4000, 0x4000, 0x5800, 0x4800, 0xc000, 0xf882, 0xf821, 0xf800, 0xf800, 0xf862, 0xe021, 0x6000, 0x4000, 0x2800, 0x1820, 0x1020, 0x0820, 0x0820, 0x0820, 0x0020, 0x0820, 0x0000, 0x0000, 0x1082, 0x2104, 0x2104, 0x18e3, 0x31a6, 0x4228,
		0x4228, 0x2124, 0x2104, 0x2124, 0x18e3, 0x0020, 0x0000, 0x0820, 0x0820, 0x0820, 0x0820, 0x0820, 0x0820, 0x0820, 0x0820, 0x0820, 0x0820, 0x0820, 0x0820, 0x0820, 0x0820, 0x0820, 0x0820, 0x1020, 0x1020, 0x1800, 0x2000, 0x2800, 0x3000, 0x3000, 0x3000, 0x3000, 0x3000, 0x3000, 0x3000, 0x3000, 0x3000, 0x3000, 0x3000, 0x3000, 0x3000, 0x3000, 0x3000, 0x3000, 0x3000, 0x3000, 0x3000, 0x3000, 0x3000, 0x3000, 0x3800, 0x3800, 0x3800, 0x5800, 0xd020, 0xf020, 0xf861, 0xf800, 0xf800, 0xf800, 0xf821, 0xf821, 0xf041, 0x7000, 0x2800, 0x2020, 0x1020, 0x0820, 0x0820, 0x0820, 0x0020, 0x0820, 0x0000, 0x0000, 0x1082, 0x2104, 0x2104, 0x18e3, 0x31a6, 0x4228,
		0x4228, 0x2124, 0x2104, 0x2124, 0x18c3, 0x0000, 0x0000, 0x0820, 0x0820, 0x0820, 0x0820, 0x0820, 0x0820, 0x0020, 0x0820, 0x0820, 0x0820, 0x0820, 0x0820, 0x0820, 0x0820, 0x0820, 0x0820, 0x0820, 0x1020, 0x1820, 0x1820, 0x2000, 0x2000, 0x2000, 0x2000, 0x2000, 0x2000, 0x2000, 0x2000, 0x2000, 0x2000, 0x2000, 0x2000, 0x2000, 0x2000, 0x2000, 0x2000, 0x2000, 0x2000, 0x2000, 0x2000, 0x2000, 0x2000, 0x2800, 0x2800, 0x3000, 0x3000, 0x5000, 0xf861, 0xf862, 0xf800, 0xf000, 0xf801, 0xf801, 0xf800, 0xf861, 0xf882, 0x8000, 0x2800, 0x2800, 0x1020, 0x0820, 0x0820, 0x0820, 0x0820, 0x0820, 0x0000, 0x0000, 0x1081, 0x2104, 0x2104, 0x18e3, 0x39a6, 0x4228,
		0x4228, 0x2104, 0x2104, 0x2104, 0x18c3, 0x0000, 0x0000, 0x0820, 0x0820, 0x0820, 0x0820, 0x0820, 0x0020, 0x0020, 0x0820, 0x0820, 0x0820, 0x0820, 0x0820, 0x0820, 0x0820, 0x0820, 0x0820, 0x0820, 0x0820, 0x1020, 0x1020, 0x1020, 0x1020, 0x1020, 0x1820, 0x1820, 0x1820, 0x1820, 0x1820, 0x1820, 0x1820, 0x1820, 0x1820, 0x1820, 0x1820, 0x1820, 0x1820, 0x1820, 0x1820, 0x1820, 0x1820, 0x1820, 0x1820, 0x1820, 0x2020, 0x2800, 0x2800, 0x5800, 0xf041, 0xf862, 0xf800, 0xf800, 0xf800, 0xf800, 0xf800, 0xf841, 0xf062, 0x7000, 0x2800, 0x2800, 0x1820, 0x0820, 0x0820, 0x0820, 0x0020, 0x0820, 0x0000, 0x0000, 0x1082, 0x2104, 0x2104, 0x18e3, 0x39c7, 0x4228,
		0x4228, 0x2104, 0x2104, 0x2104, 0x18c3, 0x0020, 0x0000, 0x0820, 0x0020, 0x0820, 0x0820, 0x0820, 0x0820, 0x0820, 0x0820, 0x0820, 0x0820, 0x0820, 0x0820, 0x0820, 0x0820, 0x0820, 0x0820, 0x0820, 0x0820, 0x0820, 0x0820, 0x1020, 0x1020, 0x1020, 0x1020, 0x1020, 0x1020, 0x1020, 0x1020, 0x1020, 0x1020, 0x1020, 0x1020, 0x1020, 0x1020, 0x1020, 0x1020, 0x1020, 0x1020, 0x1020, 0x1020, 0x1020, 0x1020, 0x1020, 0x1820, 0x2800, 0x2800, 0x5800, 0xf041, 0xf862, 0xf800, 0xf800, 0xf800, 0xf800, 0xf800, 0xf841, 0xf062, 0x7800, 0x2800, 0x2800, 0x1820, 0x1020, 0x0820, 0x0820, 0x0020, 0x0820, 0x0000, 0x0000, 0x1082, 0x2104, 0x2104, 0x18e3, 0x31a6, 0x4228,
		0x4228, 0x2104, 0x2104, 0x2104, 0x18c3, 0x0020, 0x0000, 0x0820, 0x0020, 0x0020, 0x0020, 0x0020, 0x0020, 0x0020, 0x0020, 0x0820, 0x0820, 0x0820, 0x0820, 0x0820, 0x0820, 0x0820, 0x0820, 0x0820, 0x0820, 0x0820, 0x0820, 0x0820, 0x0820, 0x0820, 0x0820, 0x0820, 0x0820, 0x0820, 0x0820, 0x0820, 0x0820, 0x0820, 0x0820, 0x0820, 0x0820, 0x0820, 0x0820, 0x0820, 0x0820, 0x0820, 0x0820, 0x0820, 0x0820, 0x1020, 0x1020, 0x2000, 0x3000, 0x5800, 0xf041, 0xf862, 0xf800, 0xf800, 0xf800, 0xf800, 0xf800, 0xf841, 0xf061, 0x7800, 0x2800, 0x2800, 0x1820, 0x1020, 0x0820, 0x0820, 0x0020, 0x0820, 0x0000, 0x0000, 0x1082, 0x2104, 0x2104, 0x18e3, 0x31a6, 0x4228,
		0x4228, 0x2104, 0x2104, 0x2104, 0x18e3, 0x0020, 0x0000, 0x0820, 0x0020, 0x0020, 0x0820, 0x0820, 0x0820, 0x0820, 0x0020, 0x0820, 0x0820, 0x0820, 0x0820, 0x0820, 0x0820, 0x0820, 0x0820, 0x0820, 0x0820, 0x0820, 0x0820, 0x0820, 0x0820, 0x0820, 0x0820, 0x0820, 0x0820, 0x0820, 0x0820, 0x0820, 0x0820, 0x0820, 0x0820, 0x0820, 0x0820, 0x0820, 0x0820, 0x0820, 0x0820, 0x0820, 0x0820, 0x0820, 0x0820, 0x1020, 0x1020, 0x2000, 0x3000, 0x5000, 0xf041, 0xf862, 0xf800, 0xf800, 0xf801, 0xf801, 0xf800, 0xf841, 0xf061, 0x7800, 0x2800, 0x2800, 0x1820, 0x1020, 0x0820, 0x0820, 0x0020, 0x0820, 0x0000, 0x0000, 0x1082, 0x2104, 0x2104, 0x18e3, 0x31a6, 0x4228,
		0x4228, 0x2104, 0x2104, 0x2104, 0x18e3, 0x0020, 0x0000, 0x0820, 0x0020, 0x0820, 0x0820, 0x0820, 0x0020, 0x0020, 0x0020, 0x0820, 0x0820, 0x0820, 0x0820, 0x0820, 0x0820, 0x0820, 0x0820, 0x0820, 0x0820, 0x0820, 0x0820, 0x0820, 0x0820, 0x0820, 0x0820, 0x0820, 0x0020, 0x0020, 0x0020, 0x0820, 0x0820, 0x0820, 0x0820, 0x0820, 0x0820, 0x0820, 0x0820, 0x0820, 0x0820, 0x0820, 0x0820, 0x0820, 0x0820, 0x0820, 0x1020, 0x2800, 0x3000, 0x5000, 0xf041, 0xf862, 0xf800, 0xf800, 0xf801, 0xf801, 0xf800, 0xf861, 0xf062, 0x7000, 0x2800, 0x2800, 0x1820, 0x1020, 0x0820, 0x0820, 0x0020, 0x0820, 0x0000, 0x0000, 0x1082, 0x2104, 0x2104, 0x18e3, 0x31a6, 0x4228,
		0x4228, 0x2104, 0x2104, 0x2104, 0x18e3, 0x0020, 0x0000, 0x0820, 0x0820, 0x0820, 0x0820, 0x0820, 0x0820, 0x0820, 0x0020, 0x0020, 0x0020, 0x0820, 0x0020, 0x0820, 0x0820, 0x0820, 0x0820, 0x0820, 0x0820, 0x0820, 0x0820, 0x0820, 0x0820, 0x0820, 0x0820, 0x0820, 0x0820, 0x0820, 0x0820, 0x0820, 0x0820, 0x0820, 0x0820, 0x0820, 0x0820, 0x0020, 0x0820, 0x0820, 0x0820, 0x0820, 0x0820, 0x0820, 0x0820, 0x0820, 0x1020, 0x2000, 0x3000, 0x5000, 0xf041, 0xf862, 0xf800, 0xf800, 0xf800, 0xf800, 0xf800, 0xf861, 0xf062, 0x7000, 0x2800, 0x2800, 0x1820, 0x1020, 0x0820, 0x0820, 0x0020, 0x0820, 0x0000, 0x0000, 0x1082, 0x2104, 0x2104, 0x18e3, 0x31a6, 0x4228,
		0x4228, 0x2104, 0x2104, 0x2104, 0x18e3, 0x0020, 0x0000, 0x0820, 0x0020, 0x0820, 0x0820, 0x0820, 0x0820, 0x0820, 0x0020, 0x0820, 0x0020, 0x0820, 0x0820, 0x0820, 0x0820, 0x0820, 0x0820, 0x0820, 0x0820, 0x0820, 0x0020, 0x0820, 0x0820, 0x0820, 0x0820, 0x0820, 0x0820, 0x0820, 0x0820, 0x0820, 0x0820, 0x0820, 0x0820, 0x0820, 0x0020, 0x0820, 0x0820, 0x0820, 0x0820, 0x0820, 0x0820, 0x0820, 0x0820, 0x0820, 0x1020, 0x2000, 0x3000, 0x5800, 0xf041, 0xf862, 0xf800, 0xf800, 0xf800, 0xf800, 0xf800, 0xf861, 0xf062, 0x7000, 0x2800, 0x2800, 0x1820, 0x1020, 0x0820, 0x0820, 0x0020, 0x0820, 0x0000, 0x0000, 0x1082, 0x2104, 0x2104, 0x18e3, 0x31a6, 0x4228,
		0x4228, 0x2104, 0x2104, 0x2104, 0x18c3, 0x0020, 0x0000, 0x0820, 0x0020, 0x0820, 0x0820, 0x0820, 0x0820, 0x0020, 0x0020, 0x0020, 0x0820, 0x0820, 0x0820, 0x0820, 0x0020, 0x0820, 0x0820, 0x0820, 0x0820, 0x0820, 0x0820, 0x0820, 0x0820, 0x0020, 0x0820, 0x0820, 0x0820, 0x0820, 0x0820, 0x0020, 0x0820, 0x0820, 0x0820, 0x0820, 0x0820, 0x0820, 0x0820, 0x0820, 0x0820, 0x0820, 0x0820, 0x0820, 0x0820, 0x0820, 0x1020, 0x2000, 0x3000, 0x5000, 0xf041, 0xf862, 0xf800, 0xf800, 0xf801, 0xf800, 0xf800, 0xf841, 0xf062, 0x7000, 0x2800, 0x2800, 0x1820, 0x1020, 0x0820, 0x0820, 0x0020, 0x0820, 0x0000, 0x0000, 0x1082, 0x2104, 0x2104, 0x18e3, 0x31a6, 0x4228,
		0x4228, 0x2104, 0x2104, 0x2104, 0x18c3, 0x0020, 0x0000, 0x0820, 0x0820, 0x0820, 0x0820, 0x0820, 0x0820, 0x0820, 0x0020, 0x0020, 0x0820, 0x0820, 0x0820, 0x0820, 0x0820, 0x0820, 0x0820, 0x0820, 0x0820, 0x0820, 0x0820, 0x0820, 0x0820, 0x0820, 0x0820, 0x0820, 0x0820, 0x0020, 0x0820, 0x0820, 0x0820, 0x0820, 0x0820, 0x0820, 0x0820, 0x0820, 0x0820, 0x0820, 0x0820, 0x0820, 0x0820, 0x0820, 0x0820, 0x0820, 0x1020, 0x2000, 0x3000, 0x5000, 0xe841, 0xf862, 0xf800, 0xf800, 0xf801, 0xf800, 0xf800, 0xf841, 0xf061, 0x7000, 0x2800, 0x2800, 0x1820, 0x1020, 0x0820, 0x0820, 0x0020, 0x0820, 0x0000, 0x0000, 0x1082, 0x2104, 0x2104, 0x18e3, 0x31a6, 0x4228,
		0x4228, 0x2104, 0x2104, 0x2104, 0x18c3, 0x0020, 0x0000, 0x0820, 0x0820, 0x0020, 0x0820, 0x0820, 0x0820, 0x0020, 0x0820, 0x0820, 0x0020, 0x0820, 0x0820, 0x0820, 0x0820, 0x0820, 0x0820, 0x0820, 0x0820, 0x0820, 0x0820, 0x0820, 0x0820, 0x0020, 0x0820, 0x0820, 0x0820, 0x0820, 0x0020, 0x0820, 0x0820, 0x0820, 0x0820, 0x0820, 0x0820, 0x0820, 0x0820, 0x0820, 0x0820, 0x0820, 0x0820, 0x0820, 0x0820, 0x0820, 0x1020, 0x2000, 0x3000, 0x5000, 0xf041, 0xf862, 0xf800, 0xf800, 0xf800, 0xf800, 0xf800, 0xf861, 0xf061, 0x7000, 0x2800, 0x2800, 0x1820, 0x1020, 0x0820, 0x0820, 0x0020, 0x0820, 0x0000, 0x0000, 0x1081, 0x2104, 0x2104, 0x18e3, 0x31a6, 0x4208,
		0x4228, 0x2104, 0x2104, 0x2104, 0x18c3, 0x0020, 0x0000, 0x0820, 0x0820, 0x0020, 0x0020, 0x0820, 0x0820, 0x0820, 0x0820, 0x0820, 0x0820, 0x0820, 0x0820, 0x0820, 0x0820, 0x0820, 0x0820, 0x0820, 0x0820, 0x0820, 0x0820, 0x0820, 0x0820, 0x0820, 0x0020, 0x0820, 0x0820, 0x0820, 0x0820, 0x0820, 0x0820, 0x0820, 0x0820, 0x0820, 0x0820, 0x0820, 0x0820, 0x0820, 0x0820, 0x0820, 0x0820, 0x0820, 0x0820, 0x0820, 0x1020, 0x2800, 0x3000, 0x5800, 0xf041, 0xf862, 0xf800, 0xf800, 0xf800, 0xf800, 0xf800, 0xf841, 0xf061, 0x7000, 0x2800, 0x2800, 0x1820, 0x1020, 0x0820, 0x0820, 0x0020, 0x0820, 0x0000, 0x0000, 0x1081, 0x2104, 0x2104, 0x18e3, 0x31a6, 0x4228,
		0x4228, 0x2104, 0x2103, 0x2104, 0x18c3, 0x0020, 0x0000, 0x0820, 0x0820, 0x0820, 0x0820, 0x0820, 0x0020, 0x0820, 0x0020, 0x0020, 0x0820, 0x0820, 0x0820, 0x0820, 0x0820, 0x0820, 0x0820, 0x0820, 0x0820, 0x0820, 0x0820, 0x0020, 0x0820, 0x0820, 0x0820, 0x0820, 0x0820, 0x0820, 0x0020, 0x0820, 0x0820, 0x0820, 0x0820, 0x0820, 0x0820, 0x0820, 0x0820, 0x0820, 0x0820, 0x0820, 0x0820, 0x0820, 0x0820, 0x0820, 0x1020, 0x2000, 0x3000, 0x5800, 0xf041, 0xf862, 0xf800, 0xf800, 0xf800, 0xf800, 0xf800, 0xf841, 0xf062, 0x7000, 0x2800, 0x2800, 0x1820, 0x1020, 0x0820, 0x0820, 0x0020, 0x0820, 0x0000, 0x0000, 0x1082, 0x2104, 0x2104, 0x18e3, 0x39a6, 0x4228,
		0x4228, 0x2104, 0x2104, 0x2104, 0x18c3, 0x0020, 0x0000, 0x0820, 0x0820, 0x0820, 0x0820, 0x0820, 0x0820, 0x0020, 0x0020, 0x0820, 0x0820, 0x0820, 0x0820, 0x0820, 0x0820, 0x0820, 0x0820, 0x0820, 0x0820, 0x0820, 0x0820, 0x0820, 0x0820, 0x0820, 0x0020, 0x0820, 0x0820, 0x0020, 0x0820, 0x0020, 0x0820, 0x0820, 0x0820, 0x0820, 0x0820, 0x0820, 0x0820, 0x0820, 0x0820, 0x0820, 0x0820, 0x0820, 0x0820, 0x0820, 0x1020, 0x2000, 0x3000, 0x5800, 0xf041, 0xf862, 0xf800, 0xf800, 0xf800, 0xf800, 0xf800, 0xf841, 0xf061, 0x7000, 0x2800, 0x2800, 0x1820, 0x1020, 0x0820, 0x0820, 0x0020, 0x0820, 0x0000, 0x0000, 0x1081, 0x2104, 0x2104, 0x18e3, 0x39c7, 0x4228,
		0x4228, 0x2104, 0x2104, 0x2104, 0x18c3, 0x0000, 0x0000, 0x0820, 0x0020, 0x0020, 0x0820, 0x0820, 0x0820, 0x0820, 0x0820, 0x0820, 0x0820, 0x0820, 0x0820, 0x0820, 0x0020, 0x0820, 0x0820, 0x0820, 0x0820, 0x0820, 0x0820, 0x0820, 0x0820, 0x0820, 0x0820, 0x0020, 0x0820, 0x0820, 0x0820, 0x0820, 0x0820, 0x0820, 0x0820, 0x0820, 0x0820, 0x0820, 0x0820, 0x0820, 0x0820, 0x0820, 0x0820, 0x0820, 0x0820, 0x0820, 0x1020, 0x2000, 0x3000, 0x5800, 0xf041, 0xf862, 0xf800, 0xf800, 0xf800, 0xf800, 0xf800, 0xf841, 0xf041, 0x7000, 0x2800, 0x2800, 0x1820, 0x1020, 0x0820, 0x0820, 0x0020, 0x0820, 0x0000, 0x0000, 0x1081, 0x2104, 0x2104, 0x18e3, 0x39c7, 0x4a28,
		0x4228, 0x2104, 0x2104, 0x2124, 0x18c3, 0x0020, 0x0000, 0x0820, 0x0820, 0x0020, 0x0820, 0x0020, 0x0820, 0x0820, 0x0820, 0x0820, 0x0820, 0x0820, 0x0820, 0x0820, 0x0820, 0x0820, 0x0820, 0x0820, 0x0820, 0x0820, 0x0820, 0x0820, 0x0820, 0x0820, 0x0820, 0x0820, 0x0820, 0x0820, 0x0820, 0x0820, 0x0820, 0x0820, 0x0820, 0x0820, 0x0820, 0x0820, 0x0820, 0x0820, 0x0820, 0x0820, 0x0820, 0x0820, 0x0820, 0x0820, 0x1020, 0x2000, 0x3000, 0x5000, 0xf041, 0xf862, 0xf800, 0xf800, 0xf800, 0xf800, 0xf800, 0xf841, 0xf061, 0x7000, 0x2800, 0x2800, 0x1820, 0x1020, 0x0820, 0x0820, 0x0020, 0x0820, 0x0000, 0x0000, 0x1082, 0x2104, 0x2104, 0x18e3, 0x39c7, 0x4a48,
		0x4228, 0x2104, 0x2104, 0x2104, 0x18c3, 0x0020, 0x0000, 0x0820, 0x0020, 0x0820, 0x0020, 0x0820, 0x0020, 0x0820, 0x0820, 0x0820, 0x0820, 0x0820, 0x0820, 0x0820, 0x0020, 0x0820, 0x0820, 0x0820, 0x0820, 0x0820, 0x0820, 0x0820, 0x0820, 0x0820, 0x0820, 0x0820, 0x0820, 0x0820, 0x0820, 0x0820, 0x0820, 0x0820, 0x0820, 0x0820, 0x0820, 0x0820, 0x0820, 0x0820, 0x0820, 0x0820, 0x0820, 0x0820, 0x0820, 0x0820, 0x1020, 0x2000, 0x3000, 0x5000, 0xe841, 0xf862, 0xf800, 0xf800, 0xf800, 0xf800, 0xf800, 0xf841, 0xf061, 0x7000, 0x2800, 0x2800, 0x1820, 0x1020, 0x0820, 0x0820, 0x0020, 0x0820, 0x0000, 0x0000, 0x1082, 0x2104, 0x2104, 0x18e3, 0x39c7, 0x4a48,
		0x4a49, 0x2104, 0x2104, 0x2124, 0x18c3, 0x0020, 0x0000, 0x0820, 0x0020, 0x0020, 0x0020, 0x0820, 0x0020, 0x0820, 0x0820, 0x0820, 0x0820, 0x0020, 0x0820, 0x0820, 0x0020, 0x0820, 0x0020, 0x0820, 0x0820, 0x0820, 0x0820, 0x0820, 0x0820, 0x0820, 0x0820, 0x0820, 0x0820, 0x0820, 0x0820, 0x0820, 0x0820, 0x0820, 0x0820, 0x0820, 0x0820, 0x0820, 0x0020, 0x0820, 0x0820, 0x0820, 0x0820, 0x0820, 0x0820, 0x0820, 0x1020, 0x2000, 0x3000, 0x5000, 0xe841, 0xf862, 0xf800, 0xf800, 0xf801, 0xf801, 0xf800, 0xf841, 0xf061, 0x7000, 0x2800, 0x2800, 0x1820, 0x1020, 0x0820, 0x0820, 0x0020, 0x0820, 0x0000, 0x0000, 0x1082, 0x2104, 0x2104, 0x18e3, 0x39c7, 0x4228,
		0x4a49, 0x2104, 0x2104, 0x2124, 0x18e3, 0x0000, 0x0000, 0x0820, 0x0820, 0x0020, 0x0820, 0x0820, 0x0020, 0x0820, 0x0820, 0x0820, 0x0820, 0x0820, 0x0820, 0x0820, 0x0820, 0x0020, 0x0820, 0x0820, 0x0820, 0x0820, 0x0020, 0x0020, 0x0820, 0x0820, 0x0820, 0x0820, 0x0820, 0x0820, 0x0020, 0x0820, 0x0820, 0x0820, 0x0820, 0x0820, 0x0820, 0x0820, 0x0820, 0x0820, 0x0820, 0x0820, 0x0820, 0x0820, 0x0820, 0x0820, 0x1020, 0x2000, 0x3000, 0x5800, 0xe841, 0xf862, 0xf800, 0xf800, 0xf800, 0xf801, 0xf800, 0xf841, 0xf061, 0x7000, 0x2800, 0x2800, 0x1820, 0x1020, 0x0820, 0x0820, 0x0020, 0x0820, 0x0000, 0x0000, 0x1082, 0x2104, 0x2104, 0x18e3, 0x39c7, 0x4228,
		0x4a49, 0x2104, 0x2104, 0x2124, 0x18e3, 0x0000, 0x0000, 0x0820, 0x0020, 0x0820, 0x0020, 0x0020, 0x0020, 0x0820, 0x0820, 0x0820, 0x0820, 0x0820, 0x0820, 0x0820, 0x0820, 0x0820, 0x0820, 0x0820, 0x0020, 0x0820, 0x0820, 0x0820, 0x0820, 0x0820, 0x0820, 0x0820, 0x0020, 0x0020, 0x0020, 0x0820, 0x0820, 0x0820, 0x0820, 0x0820, 0x0820, 0x0020, 0x0820, 0x0820, 0x0820, 0x0820, 0x0820, 0x0820, 0x0820, 0x0820, 0x1020, 0x2000, 0x3000, 0x5800, 0xe841, 0xf862, 0xf800, 0xf800, 0xf801, 0xf801, 0xf801, 0xf841, 0xf061, 0x7000, 0x2800, 0x2800, 0x1820, 0x1020, 0x0820, 0x0820, 0x0020, 0x0020, 0x0000, 0x0000, 0x1061, 0x2104, 0x2104, 0x18e3, 0x39c6, 0x4228,
		0x4a49, 0x2104, 0x2104, 0x2124, 0x18c3, 0x0020, 0x0000, 0x0820, 0x0820, 0x0020, 0x0020, 0x0820, 0x0020, 0x0820, 0x0820, 0x0820, 0x0820, 0x0820, 0x0820, 0x0820, 0x0820, 0x0020, 0x0820, 0x0820, 0x0820, 0x0820, 0x0820, 0x0820, 0x0020, 0x0020, 0x0820, 0x0820, 0x0020, 0x0820, 0x0820, 0x0820, 0x0820, 0x0820, 0x0820, 0x0820, 0x0820, 0x0020, 0x0020, 0x0820, 0x0020, 0x0820, 0x0820, 0x0820, 0x0820, 0x0820, 0x1020, 0x2000, 0x3000, 0x5800, 0xf061, 0xf862, 0xf800, 0xf800, 0xf800, 0xf800, 0xf800, 0xf841, 0xf061, 0x7000, 0x2800, 0x2800, 0x1820, 0x1020, 0x0820, 0x0820, 0x0020, 0x0020, 0x0000, 0x0000, 0x0861, 0x2104, 0x2104, 0x18e3, 0x39c7, 0x4228,
		0x4229, 0x2104, 0x2104, 0x2124, 0x18c3, 0x0020, 0x0000, 0x0820, 0x0820, 0x0820, 0x0020, 0x0020, 0x0820, 0x0020, 0x0020, 0x0820, 0x0820, 0x0820, 0x0820, 0x0820, 0x0820, 0x0820, 0x0820, 0x0820, 0x0820, 0x0820, 0x0820, 0x0820, 0x0820, 0x0020, 0x0820, 0x0820, 0x0820, 0x0020, 0x0020, 0x0020, 0x0820, 0x0820, 0x0820, 0x0820, 0x0820, 0x0820, 0x0020, 0x0820, 0x0820, 0x0820, 0x0820, 0x0820, 0x0820, 0x0820, 0x1020, 0x2000, 0x3000, 0x5000, 0xf061, 0xf862, 0xf800, 0xf800, 0xf800, 0xf800, 0xf800, 0xf841, 0xf061, 0x7000, 0x2800, 0x2800, 0x1820, 0x1020, 0x0820, 0x0820, 0x0020, 0x0820, 0x0000, 0x0000, 0x0861, 0x2104, 0x2104, 0x18e3, 0x39c7, 0x4228,
		0x4229, 0x2104, 0x2104, 0x2124, 0x18e3, 0x0000, 0x0000, 0x0820, 0x0820, 0x0820, 0x0820, 0x0820, 0x0020, 0x0820, 0x0820, 0x0820, 0x0820, 0x0820, 0x0820, 0x0820, 0x0820, 0x0820, 0x0820, 0x0820, 0x0820, 0x0820, 0x0820, 0x0820, 0x0820, 0x0820, 0x0820, 0x0020, 0x0820, 0x0820, 0x0020, 0x0020, 0x0820, 0x0820, 0x0820, 0x0820, 0x0820, 0x0820, 0x0820, 0x0820, 0x0820, 0x0820, 0x0820, 0x0820, 0x0820, 0x0820, 0x1020, 0x2000, 0x3000, 0x5000, 0xf061, 0xf882, 0xf800, 0xf800, 0xf800, 0xf800, 0xf800, 0xf841, 0xf061, 0x7000, 0x2800, 0x2800, 0x1820, 0x0820, 0x0820, 0x0820, 0x0020, 0x0820, 0x0000, 0x0000, 0x0861, 0x2104, 0x2104, 0x18e3, 0x39c7, 0x4228,
		0x4228, 0x2104, 0x2104, 0x2124, 0x18e3, 0x0020, 0x0000, 0x0820, 0x0820, 0x0820, 0x0820, 0x0820, 0x0820, 0x0820, 0x0820, 0x0020, 0x0820, 0x0820, 0x0820, 0x0820, 0x0820, 0x0820, 0x0820, 0x0820, 0x0820, 0x0820, 0x0820, 0x0820, 0x0820, 0x0820, 0x0820, 0x0820, 0x0820, 0x0820, 0x0820, 0x0820, 0x0820, 0x0820, 0x0820, 0x0820, 0x0820, 0x0820, 0x0820, 0x0820, 0x0820, 0x0820, 0x0820, 0x0820, 0x0820, 0x0820, 0x1020, 0x2800, 0x3000, 0x5000, 0xf061, 0xf862, 0xf800, 0xf800, 0xf800, 0xf800, 0xf800, 0xf841, 0xf061, 0x7000, 0x2800, 0x2800, 0x1820, 0x0820, 0x0820, 0x0820, 0x0020, 0x0820, 0x0000, 0x0000, 0x0861, 0x2104, 0x2104, 0x18e3, 0x39c7, 0x4228,
		0x4228, 0x2104, 0x2104, 0x2124, 0x18c3, 0x0000, 0x0000, 0x0820, 0x0820, 0x0020, 0x0820, 0x0820, 0x0820, 0x0820, 0x0820, 0x0020, 0x0820, 0x0820, 0x0020, 0x0820, 0x0820, 0x0820, 0x0820, 0x0820, 0x0820, 0x0820, 0x0820, 0x0820, 0x0820, 0x0820, 0x0820, 0x0820, 0x0820, 0x0820, 0x0820, 0x0820, 0x0820, 0x0820, 0x0820, 0x0820, 0x0820, 0x0820, 0x0820, 0x0820, 0x0820, 0x0820, 0x0820, 0x0820, 0x0820, 0x0820, 0x1020, 0x2000, 0x3000, 0x5000, 0xf061, 0xf862, 0xf800, 0xf800, 0xf800, 0xf800, 0xf800, 0xf841, 0xf061, 0x7000, 0x2800, 0x2800, 0x1820, 0x1020, 0x0820, 0x0820, 0x0820, 0x0820, 0x0000, 0x0000, 0x0861, 0x2104, 0x2104, 0x18e3, 0x39c7, 0x4228,
		0x4228, 0x2104, 0x2104, 0x2124, 0x18e3, 0x0000, 0x0000, 0x0820, 0x0020, 0x0820, 0x0820, 0x0820, 0x0820, 0x0820, 0x0820, 0x0820, 0x0820, 0x0820, 0x0820, 0x0020, 0x0820, 0x0820, 0x0820, 0x0820, 0x0820, 0x0820, 0x0820, 0x0820, 0x0820, 0x0820, 0x0820, 0x0820, 0x0820, 0x0820, 0x0820, 0x0820, 0x0820, 0x0820, 0x0820, 0x0820, 0x0820, 0x0820, 0x0820, 0x0820, 0x0820, 0x0820, 0x0820, 0x0820, 0x0820, 0x0820, 0x1020, 0x2000, 0x3000, 0x5000, 0xf041, 0xf862, 0xf800, 0xf800, 0xf800, 0xf800, 0xf800, 0xf861, 0xf062, 0x7000, 0x3000, 0x2800, 0x1820, 0x1020, 0x0820, 0x0820, 0x0020, 0x0820, 0x0000, 0x0000, 0x1061, 0x2104, 0x2104, 0x18e3, 0x39c7, 0x4228,
		0x4228, 0x2104, 0x2104, 0x2124, 0x18e3, 0x0020, 0x0000, 0x0820, 0x0020, 0x0820, 0x0820, 0x0820, 0x0820, 0x0820, 0x0820, 0x0820, 0x0820, 0x0820, 0x0820, 0x0820, 0x0820, 0x0820, 0x0820, 0x0820, 0x0820, 0x0820, 0x0820, 0x0820, 0x0820, 0x0820, 0x0820, 0x0820, 0x0820, 0x0820, 0x0820, 0x0820, 0x0820, 0x0820, 0x0820, 0x1020, 0x1020, 0x1020, 0x1020, 0x1020, 0x1020, 0x1020, 0x1020, 0x0820, 0x0820, 0x1020, 0x1820, 0x2000, 0x2800, 0x5800, 0xf041, 0xf862, 0xf800, 0xf800, 0xf800, 0xf800, 0xf800, 0xf861, 0xf062, 0x7000, 0x3000, 0x2800, 0x1820, 0x0820, 0x0820, 0x0820, 0x0820, 0x0820, 0x0000, 0x0000, 0x1061, 0x2104, 0x2104, 0x18e3, 0x39c7, 0x4228,
		0x4228, 0x2104, 0x2104, 0x2124, 0x18e3, 0x0020, 0x0000, 0x0820, 0x0820, 0x0020, 0x0820, 0x0820, 0x0820, 0x0820, 0x0820, 0x0820, 0x0820, 0x0820, 0x0020, 0x0820, 0x0820, 0x0820, 0x0820, 0x0820, 0x0820, 0x0820, 0x1020, 0x1020, 0x1020, 0x1020, 0x1020, 0x1020, 0x1020, 0x1020, 0x1020, 0x1020, 0x1020, 0x1020, 0x1020, 0x1020, 0x1020, 0x1020, 0x1020, 0x1020, 0x1020, 0x1020, 0x1020, 0x1020, 0x1020, 0x1820, 0x1820, 0x2800, 0x3000, 0x5800, 0xf061, 0xf862, 0xf801, 0xf800, 0xf800, 0xf800, 0xf800, 0xf861, 0xf062, 0x7000, 0x3000, 0x2800, 0x1820, 0x1020, 0x0820, 0x0820, 0x0020, 0x0820, 0x0000, 0x0000, 0x1061, 0x2104, 0x2104, 0x18e3, 0x39c7, 0x4228,
		0x4228, 0x2104, 0x2104, 0x2124, 0x18e3, 0x0020, 0x0000, 0x0820, 0x0820, 0x0020, 0x0820, 0x0820, 0x0820, 0x0820, 0x0820, 0x0820, 0x0820, 0x0820, 0x0820, 0x0820, 0x0820, 0x0820, 0x0820, 0x0820, 0x1020, 0x1020, 0x1020, 0x1820, 0x1820, 0x1820, 0x1820, 0x1820, 0x1820, 0x1820, 0x1820, 0x2020, 0x2020, 0x2020, 0x2000, 0x2000, 0x2000, 0x2000, 0x2020, 0x2020, 0x2020, 0x2020, 0x2020, 0x2020, 0x2020, 0x2000, 0x2000, 0x2800, 0x3800, 0x5800, 0xf061, 0xf862, 0xf801, 0xf800, 0xf800, 0xf800, 0xf800, 0xf861, 0xf062, 0x7000, 0x2800, 0x2800, 0x1820, 0x0820, 0x0820, 0x0820, 0x0020, 0x0820, 0x0000, 0x0000, 0x1061, 0x2104, 0x2104, 0x18e3, 0x39a6, 0x4228,
		0x4228, 0x2104, 0x2104, 0x2124, 0x18e3, 0x0020, 0x0000, 0x0820, 0x0820, 0x0020, 0x0820, 0x0820, 0x0820, 0x0820, 0x0820, 0x0820, 0x0820, 0x0820, 0x0820, 0x0820, 0x0820, 0x0820, 0x0820, 0x1020, 0x1020, 0x1820, 0x1820, 0x2020, 0x2800, 0x2800, 0x2800, 0x2800, 0x2800, 0x2800, 0x2800, 0x3000, 0x3000, 0x3000, 0x3000, 0x3000, 0x3000, 0x3000, 0x3000, 0x3000, 0x3000, 0x2800, 0x2800, 0x2800, 0x2800, 0x2800, 0x2800, 0x3800, 0x3800, 0x6800, 0xf861, 0xf882, 0xf800, 0xf800, 0xf801, 0xf801, 0xf801, 0xf861, 0xf061, 0x7000, 0x2800, 0x2000, 0x1020, 0x0820, 0x0820, 0x0820, 0x0020, 0x0820, 0x0000, 0x0000, 0x1061, 0x2104, 0x2104, 0x18e3, 0x39a6, 0x4228,
		0x4228, 0x2124, 0x2104, 0x2124, 0x18e3, 0x0020, 0x0000, 0x0820, 0x0820, 0x0820, 0x0820, 0x0820, 0x0820, 0x0820, 0x0820, 0x0820, 0x0820, 0x0820, 0x0820, 0x0820, 0x0820, 0x0820, 0x0820, 0x1820, 0x1820, 0x2800, 0x2800, 0x2800, 0x3000, 0x3000, 0x3000, 0x3800, 0x3800, 0x3800, 0x3800, 0x3800, 0x3800, 0x3800, 0x3800, 0x3800, 0x3800, 0x3800, 0x3800, 0x3800, 0x3800, 0x3800, 0x3800, 0x3800, 0x3800, 0x3800, 0x3800, 0x3800, 0x3000, 0x6000, 0xe861, 0xf861, 0xf021, 0xf801, 0xf801, 0xf801, 0xf800, 0xf841, 0xf862, 0x8000, 0x2000, 0x2020, 0x1020, 0x0820, 0x0820, 0x0820, 0x0020, 0x0820, 0x0000, 0x0000, 0x1082, 0x2104, 0x2104, 0x18e3, 0x31a6, 0x4228,
		0x4228, 0x2124, 0x2104, 0x2124, 0x18e3, 0x0020, 0x0000, 0x0820, 0x0820, 0x0820, 0x0820, 0x0820, 0x0820, 0x0820, 0x0820, 0x0820, 0x0820, 0x0820, 0x0820, 0x0820, 0x0820, 0x0820, 0x1020, 0x1820, 0x2000, 0x3800, 0x6000, 0x7800, 0x7000, 0x7000, 0x7000, 0x7000, 0x7000, 0x7800, 0x7800, 0x7800, 0x7000, 0x7000, 0x7000, 0x7800, 0x7800, 0x7800, 0x7800, 0x7800, 0x7800, 0x7800, 0x7800, 0x7800, 0x7800, 0x7800, 0x7800, 0x7800, 0x6800, 0x3800, 0x8000, 0xd820, 0xf862, 0xf820, 0xf800, 0xf800, 0xf800, 0xf821, 0xf841, 0x7000, 0x2000, 0x1820, 0x1020, 0x0820, 0x0820, 0x0820, 0x0020, 0x0820, 0x0000, 0x0000, 0x1082, 0x2104, 0x2104, 0x18e3, 0x39a6, 0x4228,
		0x4228, 0x2124, 0x2104, 0x2124, 0x18e3, 0x0020, 0x0000, 0x0820, 0x0820, 0x0820, 0x0820, 0x0820, 0x0820, 0x0820, 0x0820, 0x0820, 0x0820, 0x0820, 0x0820, 0x0820, 0x0820, 0x1020, 0x1820, 0x2800, 0x3000, 0x2800, 0xa841, 0xf861, 0xe841, 0xe841, 0xe841, 0xe841, 0xe841, 0xe841, 0xe841, 0xe841, 0xe841, 0xe821, 0xe820, 0xf041, 0xf041, 0xf041, 0xf041, 0xf041, 0xf041, 0xe841, 0xe841, 0xe841, 0xe841, 0xe841, 0xe841, 0xf061, 0xd021, 0x2800, 0x4000, 0xb820, 0xf861, 0xf841, 0xf800, 0xf800, 0xf862, 0xd020, 0x5800, 0x3800, 0x2000, 0x1820, 0x1020, 0x0820, 0x0820, 0x0820, 0x0020, 0x0820, 0x0000, 0x0000, 0x1082, 0x2104, 0x2104, 0x18e3, 0x39c6, 0x4228,
		0x4228, 0x2124, 0x2104, 0x2124, 0x18e3, 0x0020, 0x0000, 0x0820, 0x0820, 0x0820, 0x0820, 0x0820, 0x0020, 0x0820, 0x0820, 0x0820, 0x0820, 0x0820, 0x0820, 0x0820, 0x1020, 0x1020, 0x1800, 0x2800, 0x3800, 0x6000, 0xc841, 0xf8a2, 0xf862, 0xf862, 0xf862, 0xf862, 0xf862, 0xf862, 0xf862, 0xf862, 0xf862, 0xf862, 0xf861, 0xf861, 0xf861, 0xf862, 0xf862, 0xf862, 0xf862, 0xf862, 0xf862, 0xf862, 0xf862, 0xf882, 0xf882, 0xf882, 0xe841, 0x8800, 0x4000, 0x4800, 0xc000, 0xf861, 0xf841, 0xf800, 0xf861, 0xb000, 0x2800, 0x2800, 0x2000, 0x1020, 0x1020, 0x0820, 0x0820, 0x0820, 0x0020, 0x0820, 0x0000, 0x0000, 0x1082, 0x2104, 0x2104, 0x18e3, 0x39a6, 0x4228,
		0x4228, 0x2124, 0x2104, 0x2124, 0x18e3, 0x0020, 0x0000, 0x0820, 0x0820, 0x0820, 0x0820, 0x0820, 0x0820, 0x0820, 0x0820, 0x0820, 0x0820, 0x0820, 0x0820, 0x0820, 0x1820, 0x1820, 0x3000, 0x3800, 0x5000, 0xd041, 0xf841, 0xf800, 0xf821, 0xf821, 0xf801, 0xf801, 0xf801, 0xf801, 0xf800, 0xf801, 0xf801, 0xf821, 0xf821, 0xf821, 0xf821, 0xf821, 0xf821, 0xf821, 0xf821, 0xf821, 0xf821, 0xf821, 0xf821, 0xf821, 0xf821, 0xf820, 0xf041, 0xf862, 0x7800, 0x2800, 0x5000, 0xf041, 0xf861, 0xf841, 0xa800, 0x5000, 0x3800, 0x2800, 0x1020, 0x1020, 0x0820, 0x0820, 0x0820, 0x0020, 0x0820, 0x0820, 0x0000, 0x0000, 0x1082, 0x2104, 0x2104, 0x18e3, 0x31a6, 0x4228,
		0x4228, 0x2124, 0x2104, 0x2124, 0x18e3, 0x0020, 0x0000, 0x0820, 0x0820, 0x0820, 0x0820, 0x0820, 0x0820, 0x0820, 0x0820, 0x0820, 0x0820, 0x0820, 0x0820, 0x1020, 0x1820, 0x2800, 0x3800, 0x5800, 0xa800, 0xf041, 0xf841, 0xf800, 0xf800, 0xf800, 0xf800, 0xf800, 0xf800, 0xf800, 0xf800, 0xf800, 0xf800, 0xf800, 0xf800, 0xf800, 0xf800, 0xf800, 0xf800, 0xf800, 0xf800, 0xf800, 0xf800, 0xf800, 0xf800, 0xf800, 0xf800, 0xf800, 0xf821, 0xf882, 0xc820, 0x6000, 0x2800, 0x9000, 0xe820, 0xf882, 0x5800, 0x3000, 0x3000, 0x2000, 0x1020, 0x0820, 0x0820, 0x0820, 0x0820, 0x0820, 0x0820, 0x0820, 0x0000, 0x0000, 0x1082, 0x2104, 0x2104, 0x18e3, 0x31a6, 0x4228,
		0x4a49, 0x2124, 0x2104, 0x2124, 0x18e3, 0x0020, 0x0000, 0x0820, 0x0820, 0x0020, 0x0020, 0x0820, 0x0820, 0x0820, 0x0820, 0x0820, 0x0820, 0x0820, 0x0820, 0x1020, 0x2000, 0x3000, 0x3800, 0xa020, 0xf061, 0xf820, 0xf800, 0xf800, 0xf800, 0xf800, 0xf800, 0xf800, 0xf800, 0xf800, 0xf800, 0xf800, 0xf800, 0xf800, 0xf800, 0xf800, 0xf800, 0xf800, 0xf800, 0xf800, 0xf800, 0xf800, 0xf800, 0xf800, 0xf800, 0xf800, 0xf800, 0xf800, 0xf800, 0xf800, 0xf841, 0xd821, 0x4800, 0x2000, 0xa020, 0xe041, 0x5800, 0x2800, 0x2000, 0x1020, 0x1020, 0x0820, 0x0820, 0x0820, 0x0820, 0x0820, 0x0820, 0x0820, 0x0000, 0x0000, 0x1082, 0x2104, 0x2104, 0x18e3, 0x31a6, 0x4228,
		0x4a49, 0x2124, 0x2104, 0x2124, 0x18e3, 0x0020, 0x0000, 0x0820, 0x0020, 0x0020, 0x0820, 0x0820, 0x0820, 0x0820, 0x0820, 0x0820, 0x0820, 0x0820, 0x1020, 0x1820, 0x2800, 0x3800, 0x8800, 0xe020, 0xf882, 0xf820, 0xf800, 0xf800, 0xf800, 0xf800, 0xf800, 0xf800, 0xf800, 0xf800, 0xf800, 0xf800, 0xf800, 0xf800, 0xf800, 0xf800, 0xf800, 0xf800, 0xf800, 0xf800, 0xf800, 0xf800, 0xf800, 0xf800, 0xf800, 0xf800, 0xf800, 0xf800, 0xf800, 0xf800, 0xf862, 0xf041, 0xa800, 0x4800, 0x4800, 0x5800, 0x5000, 0x2800, 0x1820, 0x1020, 0x0820, 0x0820, 0x0820, 0x0820, 0x0820, 0x0820, 0x0820, 0x0820, 0x0000, 0x0000, 0x1082, 0x2104, 0x2104, 0x18e3, 0x31a6, 0x4228,
		0x4a49, 0x2104, 0x2104, 0x2124, 0x18e3, 0x0020, 0x0000, 0x0820, 0x0820, 0x0820, 0x0820, 0x0820, 0x0820, 0x0820, 0x0820, 0x0820, 0x0820, 0x0820, 0x1020, 0x2020, 0x2800, 0x6000, 0xf041, 0xf841, 0xf800, 0xf801, 0xf800, 0xf800, 0xf800, 0xf800, 0xf800, 0xf800, 0xf800, 0xf800, 0xf800, 0xf800, 0xf800, 0xf800, 0xf800, 0xf800, 0xf800, 0xf800, 0xf800, 0xf800, 0xf800, 0xf800, 0xf800, 0xf800, 0xf800, 0xf800, 0xf800, 0xf800, 0xf800, 0xf800, 0xf800, 0xf821, 0xf861, 0x7800, 0x3800, 0x3800, 0x3000, 0x2000, 0x1020, 0x0820, 0x0820, 0x0820, 0x0820, 0x0820, 0x0020, 0x0020, 0x0820, 0x0820, 0x0000, 0x0000, 0x1082, 0x2104, 0x2104, 0x18e3, 0x39c7, 0x4a28,
		0x4228, 0x2124, 0x2104, 0x2124, 0x18e3, 0x0020, 0x0000, 0x0820, 0x0020, 0x0820, 0x0820, 0x0820, 0x0020, 0x0820, 0x0820, 0x0820, 0x0820, 0x0820, 0x1020, 0x2020, 0x2800, 0x5800, 0xf841, 0xf841, 0xf800, 0xf800, 0xf800, 0xf800, 0xf800, 0xf800, 0xf800, 0xf800, 0xf800, 0xf800, 0xf800, 0xf800, 0xf800, 0xf800, 0xf800, 0xf800, 0xf800, 0xf800, 0xf800, 0xf800, 0xf800, 0xf800, 0xf800, 0xf800, 0xf800, 0xf800, 0xf800, 0xf800, 0xf800, 0xf800, 0xf800, 0xf821, 0xf882, 0x7800, 0x3000, 0x3800, 0x2000, 0x1820, 0x1020, 0x0820, 0x0820, 0x0820, 0x0820, 0x0820, 0x0820, 0x0820, 0x0820, 0x0820, 0x0000, 0x0000, 0x1082, 0x2104, 0x2104, 0x18e3, 0x39c7, 0x4a49,
		0x4228, 0x2124, 0x2104, 0x2124, 0x18e3, 0x0020, 0x0000, 0x0820, 0x0820, 0x0820, 0x0020, 0x0820, 0x0820, 0x0820, 0x0820, 0x0820, 0x0820, 0x0820, 0x1020, 0x1820, 0x2800, 0x3800, 0x7000, 0xc821, 0xf862, 0xf821, 0xf800, 0xf800, 0xf800, 0xf800, 0xf800, 0xf800, 0xf800, 0xf800, 0xf800, 0xf800, 0xf800, 0xf800, 0xf800, 0xf800, 0xf800, 0xf800, 0xf800, 0xf800, 0xf800, 0xf800, 0xf800, 0xf800, 0xf800, 0xf800, 0xf800, 0xf800, 0xf800, 0xf800, 0xf861, 0xe041, 0x8800, 0x4800, 0x3000, 0x2800, 0x1820, 0x1020, 0x0820, 0x0820, 0x0820, 0x0820, 0x0820, 0x0820, 0x0820, 0x0820, 0x0820, 0x0820, 0x0000, 0x0000, 0x1082, 0x2104, 0x2104, 0x18e3, 0x39c7, 0x4a49,
		0x4228, 0x2124, 0x2104, 0x2124, 0x18e3, 0x0020, 0x0000, 0x0820, 0x0020, 0x0020, 0x0820, 0x0820, 0x0820, 0x0820, 0x0820, 0x0820, 0x0820, 0x0820, 0x1020, 0x1020, 0x2000, 0x3800, 0x3000, 0xa020, 0xf882, 0xf821, 0xf800, 0xf800, 0xf800, 0xf800, 0xf000, 0xf000, 0xf800, 0xf800, 0xf800, 0xf800, 0xf800, 0xf800, 0xf800, 0xf800, 0xf800, 0xf800, 0xf800, 0xf800, 0xf800, 0xf800, 0xf800, 0xf800, 0xf800, 0xf800, 0xf800, 0xf800, 0xf800, 0xf800, 0xf862, 0xc841, 0x3000, 0x3000, 0x3000, 0x1820, 0x1020, 0x1020, 0x0820, 0x0820, 0x0820, 0x0820, 0x0820, 0x0820, 0x0820, 0x0820, 0x0820, 0x0820, 0x0000, 0x0000, 0x1082, 0x2104, 0x2104, 0x18e3, 0x39c7, 0x4a48,
		0x4228, 0x2124, 0x2104, 0x2124, 0x18e3, 0x0020, 0x0000, 0x0820, 0x0020, 0x0820, 0x0820, 0x0820, 0x0820, 0x0820, 0x0020, 0x0820, 0x0820, 0x0820, 0x0820, 0x1020, 0x1820, 0x2020, 0x3800, 0x6000, 0xa800, 0xe041, 0xf862, 0xf861, 0xf861, 0xf862, 0xf861, 0xf861, 0xf861, 0xf861, 0xf861, 0xf861, 0xf841, 0xf861, 0xf861, 0xf861, 0xf861, 0xf861, 0xf861, 0xf861, 0xf861, 0xf861, 0xf861, 0xf861, 0xf862, 0xf861, 0xf861, 0xf861, 0xf861, 0xf862, 0xc020, 0x7000, 0x3800, 0x2800, 0x2020, 0x1020, 0x1020, 0x0820, 0x0820, 0x0820, 0x0820, 0x0820, 0x0820, 0x0820, 0x0020, 0x0820, 0x0020, 0x0820, 0x0000, 0x0000, 0x1082, 0x2104, 0x2104, 0x18e3, 0x39c7, 0x4a28,
		0x4228, 0x2104, 0x2104, 0x2124, 0x18e3, 0x0000, 0x0000, 0x0820, 0x0020, 0x0820, 0x0820, 0x0820, 0x0820, 0x0820, 0x0020, 0x0820, 0x0020, 0x0820, 0x0820, 0x1020, 0x1820, 0x1820, 0x3000, 0x3800, 0x4800, 0xd041, 0xf862, 0xf861, 0xf861, 0xf861, 0xf861, 0xf861, 0xf841, 0xf861, 0xf861, 0xf861, 0xf861, 0xf861, 0xf861, 0xf861, 0xf861, 0xf861, 0xf861, 0xf861, 0xf861, 0xf861, 0xf861, 0xf861, 0xf861, 0xf861, 0xf861, 0xf861, 0xf861, 0xf882, 0x7020, 0x3000, 0x3800, 0x2000, 0x1820, 0x1020, 0x0820, 0x0820, 0x0820, 0x0820, 0x0820, 0x0820, 0x0820, 0x0820, 0x0820, 0x0020, 0x0820, 0x0820, 0x0000, 0x0000, 0x1082, 0x2104, 0x2104, 0x18e3, 0x39c7, 0x4228,
		0x4a29, 0x2104, 0x2104, 0x2124, 0x18e3, 0x0000, 0x0000, 0x0820, 0x0020, 0x0020, 0x0820, 0x0820, 0x0820, 0x0820, 0x0820, 0x0820, 0x0820, 0x0820, 0x0820, 0x0820, 0x1020, 0x1020, 0x2020, 0x3000, 0x4000, 0x8800, 0x9800, 0x9000, 0x9000, 0x9000, 0x8800, 0x8800, 0x8800, 0x9000, 0x9000, 0x9000, 0x9000, 0x8800, 0x9000, 0x9000, 0x9000, 0x9000, 0x8800, 0x8800, 0x8800, 0x8800, 0x8800, 0x8800, 0x9000, 0x8800, 0x9000, 0x8800, 0x9000, 0x9800, 0x5800, 0x3000, 0x2000, 0x1820, 0x1020, 0x0820, 0x0820, 0x0820, 0x0820, 0x0820, 0x0820, 0x0820, 0x0820, 0x0820, 0x0020, 0x0820, 0x0020, 0x0820, 0x0000, 0x0000, 0x1082, 0x2124, 0x2104, 0x18e3, 0x39c7, 0x4228,
		0x4a49, 0x2124, 0x2104, 0x2124, 0x18e3, 0x0840, 0x0000, 0x0020, 0x0020, 0x0820, 0x0820, 0x0820, 0x0820, 0x0820, 0x0820, 0x0820, 0x0820, 0x0820, 0x0820, 0x0820, 0x0820, 0x1020, 0x1820, 0x2800, 0x3800, 0x3800, 0x3800, 0x3000, 0x3800, 0x3800, 0x3800, 0x3800, 0x3800, 0x3800, 0x3800, 0x3800, 0x3800, 0x3800, 0x3800, 0x3800, 0x3800, 0x3000, 0x3000, 0x3000, 0x3000, 0x3000, 0x3800, 0x3800, 0x3800, 0x3800, 0x3800, 0x3800, 0x3000, 0x3000, 0x3800, 0x3000, 0x2020, 0x1020, 0x0820, 0x0820, 0x0820, 0x0820, 0x0820, 0x0820, 0x0820, 0x0820, 0x0820, 0x0820, 0x0820, 0x0820, 0x0820, 0x0020, 0x0000, 0x0000, 0x10a2, 0x2124, 0x2104, 0x18e3, 0x39a6, 0x4228,
		0x4a49, 0x2124, 0x2104, 0x2104, 0x2104, 0x10a2, 0x0020, 0x0000, 0x0020, 0x0820, 0x0820, 0x0820, 0x0820, 0x0820, 0x0820, 0x0820, 0x0820, 0x0820, 0x0820, 0x0820, 0x0820, 0x0820, 0x1020, 0x1820, 0x1820, 0x2020, 0x2800, 0x2800, 0x3000, 0x3000, 0x3000, 0x3000, 0x3000, 0x3000, 0x3000, 0x3000, 0x3000, 0x3000, 0x3000, 0x3000, 0x3000, 0x2800, 0x2800, 0x2800, 0x2800, 0x3000, 0x3000, 0x3000, 0x3000, 0x3000, 0x3000, 0x3000, 0x2800, 0x2000, 0x2020, 0x1820, 0x1020, 0x0820, 0x0820, 0x0820, 0x0820, 0x0820, 0x0820, 0x0820, 0x0820, 0x0820, 0x0820, 0x0820, 0x0820, 0x0820, 0x0820, 0x0000, 0x0000, 0x1061, 0x20e3, 0x2104, 0x2104, 0x18e3, 0x31a6, 0x4228,
		0x4228, 0x2104, 0x2103, 0x2104, 0x2104, 0x2124, 0x18a2, 0x0020, 0x0000, 0x0020, 0x0820, 0x0820, 0x0820, 0x0820, 0x0820, 0x0820, 0x0820, 0x0820, 0x0820, 0x0820, 0x0820, 0x0820, 0x0820, 0x1020, 0x1820, 0x1820, 0x1820, 0x2020, 0x2000, 0x2000, 0x2000, 0x2000, 0x2000, 0x2000, 0x2000, 0x2000, 0x2000, 0x2000, 0x2000, 0x2000, 0x2000, 0x2000, 0x2000, 0x2000, 0x2000, 0x2000, 0x2020, 0x2000, 0x2000, 0x2000, 0x2020, 0x2000, 0x1800, 0x1820, 0x1820, 0x1020, 0x0820, 0x0820, 0x0820, 0x0820, 0x0820, 0x0820, 0x0820, 0x0820, 0x0820, 0x0820, 0x0820, 0x0820, 0x0820, 0x0820, 0x0020, 0x0000, 0x1061, 0x2104, 0x2104, 0x2104, 0x2104, 0x18e3, 0x31a6, 0x4228,
		0x4228, 0x2104, 0x2103, 0x2104, 0x2104, 0x2104, 0x2104, 0x1082, 0x0000, 0x0000, 0x0820, 0x0820, 0x0820, 0x0820, 0x0820, 0x0820, 0x0820, 0x0820, 0x0820, 0x0820, 0x0820, 0x0820, 0x0820, 0x0820, 0x1020, 0x1020, 0x1020, 0x1020, 0x1020, 0x1020, 0x1020, 0x1020, 0x1020, 0x1020, 0x1020, 0x1020, 0x1020, 0x1020, 0x1020, 0x1020, 0x1020, 0x1020, 0x1020, 0x1020, 0x1020, 0x1020, 0x1020, 0x1020, 0x1020, 0x1020, 0x1020, 0x1020, 0x1020, 0x1020, 0x1020, 0x0820, 0x0820, 0x0820, 0x0820, 0x0820, 0x0820, 0x0820, 0x0820, 0x0820, 0x0820, 0x0820, 0x0820, 0x0820, 0x0820, 0x0020, 0x0000, 0x0841, 0x18e3, 0x2104, 0x2104, 0x2103, 0x20e3, 0x18e3, 0x31a6, 0x4228,
		0x4a49, 0x2104, 0x18e3, 0x2104, 0x2104, 0x2104, 0x2104, 0x2104, 0x1082, 0x0000, 0x0000, 0x0820, 0x0820, 0x0820, 0x0820, 0x0820, 0x0820, 0x0820, 0x0820, 0x0820, 0x0820, 0x0820, 0x0820, 0x0820, 0x0820, 0x0820, 0x0820, 0x0820, 0x0820, 0x0820, 0x0820, 0x0820, 0x0820, 0x0820, 0x0820, 0x0820, 0x0820, 0x0820, 0x0820, 0x0820, 0x0820, 0x0820, 0x0820, 0x1020, 0x1020, 0x0820, 0x0820, 0x0820, 0x0820, 0x0820, 0x0820, 0x0820, 0x0820, 0x0820, 0x0820, 0x0820, 0x0820, 0x0820, 0x0820, 0x0820, 0x0820, 0x0820, 0x0820, 0x0820, 0x0820, 0x0820, 0x0820, 0x0820, 0x0020, 0x0000, 0x0841, 0x18e3, 0x2124, 0x2104, 0x2104, 0x2104, 0x2103, 0x18c3, 0x31a6, 0x4228,
		0x41e7, 0x2124, 0x18e3, 0x20e3, 0x2104, 0x2104, 0x2104, 0x2104, 0x18e3, 0x0841, 0x0000, 0x0020, 0x0820, 0x0820, 0x0820, 0x0820, 0x0820, 0x0820, 0x0820, 0x0820, 0x0820, 0x0820, 0x0820, 0x0820, 0x0820, 0x0820, 0x0820, 0x0820, 0x0820, 0x0820, 0x0820, 0x0820, 0x0820, 0x0820, 0x0820, 0x0820, 0x0820, 0x0820, 0x0820, 0x0820, 0x0820, 0x0820, 0x0820, 0x0820, 0x0820, 0x0820, 0x0820, 0x0820, 0x0820, 0x0820, 0x0820, 0x0820, 0x0820, 0x0820, 0x0820, 0x0820, 0x0820, 0x0820, 0x0820, 0x0820, 0x0820, 0x0820, 0x0820, 0x0820, 0x0820, 0x0020, 0x0820, 0x0840, 0x0000, 0x0000, 0x10a2, 0x2124, 0x2104, 0x2104, 0x2104, 0x2104, 0x2103, 0x18e3, 0x3186, 0x39e7,
		0x3186, 0x39c7, 0x2945, 0x18e3, 0x2103, 0x2103, 0x2104, 0x2104, 0x2104, 0x10a2, 0x0020, 0x0000, 0x0020, 0x0820, 0x0820, 0x0820, 0x0820, 0x0820, 0x0820, 0x0820, 0x0820, 0x0820, 0x0820, 0x0820, 0x0820, 0x0820, 0x0820, 0x0820, 0x0820, 0x0820, 0x0820, 0x0820, 0x0820, 0x0820, 0x0820, 0x0820, 0x0820, 0x0820, 0x0820, 0x0820, 0x0820, 0x0820, 0x0820, 0x0820, 0x0820, 0x0820, 0x0820, 0x0820, 0x0820, 0x0820, 0x0820, 0x0820, 0x0820, 0x0820, 0x0820, 0x0820, 0x0820, 0x0820, 0x0820, 0x0820, 0x0820, 0x0820, 0x0820, 0x0820, 0x0820, 0x0820, 0x0020, 0x0000, 0x0020, 0x1082, 0x2104, 0x2104, 0x2104, 0x2104, 0x2104, 0x20e3, 0x2104, 0x3186, 0x3a08, 0x3a28,
		0x4aed, 0x39e7, 0x3186, 0x2104, 0x18e3, 0x18e3, 0x18e3, 0x2103, 0x2104, 0x2104, 0x10a2, 0x0000, 0x0000, 0x0820, 0x0020, 0x0020, 0x0020, 0x0020, 0x0820, 0x0020, 0x0020, 0x0020, 0x0020, 0x0020, 0x0020, 0x0020, 0x0020, 0x0020, 0x0020, 0x0020, 0x0020, 0x0020, 0x0020, 0x0020, 0x0020, 0x0020, 0x0020, 0x0020, 0x0020, 0x0020, 0x0020, 0x0020, 0x0020, 0x0020, 0x0820, 0x0020, 0x0020, 0x0020, 0x0020, 0x0020, 0x0020, 0x0820, 0x0020, 0x0020, 0x0020, 0x0020, 0x0020, 0x0020, 0x0020, 0x0020, 0x0020, 0x0820, 0x0820, 0x0020, 0x0020, 0x0820, 0x0020, 0x0000, 0x0861, 0x2104, 0x2104, 0x2104, 0x2103, 0x2104, 0x2104, 0x2104, 0x2945, 0x3185, 0x4249, 0x5370,
		0x4b4f, 0x31c7, 0x39e7, 0x3186, 0x18e3, 0x18e3, 0x20e3, 0x2104, 0x2104, 0x2104, 0x18e3, 0x0841, 0x0000, 0x0000, 0x0000, 0x0000, 0x0000, 0x0000, 0x0000, 0x0000, 0x0000, 0x0000, 0x0000, 0x0000, 0x0000, 0x0000, 0x0000, 0x0000, 0x0000, 0x0000, 0x0000, 0x0000, 0x0000, 0x0000, 0x0000, 0x0000, 0x0000, 0x0000, 0x0000, 0x0000, 0x0000, 0x0000, 0x0000, 0x0000, 0x0000, 0x0000, 0x0000, 0x0000, 0x0000, 0x0000, 0x0000, 0x0000, 0x0000, 0x0000, 0x0000, 0x0000, 0x0000, 0x0000, 0x0000, 0x0000, 0x0000, 0x0000, 0x0000, 0x0000, 0x0000, 0x0000, 0x0000, 0x0820, 0x18c3, 0x2104, 0x2104, 0x2104, 0x2104, 0x2104, 0x2103, 0x2945, 0x31a6, 0x39a6, 0x3a4a, 0x534f,
		0x4b4f, 0x4b4f, 0x4228, 0x39c7, 0x2945, 0x2104, 0x18e3, 0x2103, 0x20e3, 0x2104, 0x2104, 0x18c3, 0x0020, 0x0000, 0x0000, 0x0000, 0x0000, 0x0000, 0x0000, 0x0000, 0x0000, 0x0000, 0x0000, 0x0000, 0x0000, 0x0000, 0x0000, 0x0000, 0x0000, 0x0000, 0x0000, 0x0000, 0x0000, 0x0000, 0x0000, 0x0000, 0x0000, 0x0000, 0x0000, 0x0000, 0x0000, 0x0000, 0x0000, 0x0000, 0x0000, 0x0000, 0x0000, 0x0000, 0x0000, 0x0000, 0x0000, 0x0000, 0x0000, 0x0000, 0x0000, 0x0000, 0x0000, 0x0000, 0x0000, 0x0000, 0x0000, 0x0000, 0x0000, 0x0000, 0x0000, 0x0000, 0x0000, 0x10a2, 0x2104, 0x2104, 0x2104, 0x2104, 0x2104, 0x2103, 0x2124, 0x31a6, 0x3185, 0x4acd, 0x534f, 0x4b0e,
		0x4b2e, 0x534f, 0x428b, 0x31a6, 0x31a6, 0x2124, 0x18e3, 0x2103, 0x20e3, 0x2104, 0x2104, 0x20e3, 0x10a2, 0x1082, 0x1082, 0x1082, 0x1082, 0x1082, 0x10a2, 0x10a2, 0x10a2, 0x10a2, 0x10a2, 0x1082, 0x1082, 0x1082, 0x10a2, 0x10a2, 0x10a2, 0x10a2, 0x10a2, 0x10a2, 0x10a2, 0x10a2, 0x10a2, 0x10a2, 0x10a2, 0x10a2, 0x10a2, 0x10a2, 0x10a2, 0x10a2, 0x10a2, 0x10a2, 0x10a2, 0x10a2, 0x10a2, 0x10a2, 0x10a2, 0x10a2, 0x10a2, 0x10a2, 0x10a2, 0x10a2, 0x10a2, 0x1082, 0x1082, 0x10a2, 0x10a2, 0x10a2, 0x10a2, 0x10a2, 0x10a2, 0x10a2, 0x1082, 0x1082, 0x10a2, 0x18e3, 0x2104, 0x2104, 0x2104, 0x2104, 0x2104, 0x2104, 0x2965, 0x3186, 0x428b, 0x4b2f, 0x4b2f, 0x4b0e,
		0x4b0e, 0x4b2e, 0x534f, 0x2966, 0x3186, 0x3165, 0x2104, 0x18e3, 0x2103, 0x2104, 0x2104, 0x2104, 0x2104, 0x2104, 0x2104, 0x2104, 0x2104, 0x2104, 0x2104, 0x2104, 0x2104, 0x2104, 0x2104, 0x2104, 0x2104, 0x2104, 0x2104, 0x2104, 0x2104, 0x2104, 0x2104, 0x2104, 0x2104, 0x2104, 0x2124, 0x2124, 0x2104, 0x2104, 0x2104, 0x2104, 0x2104, 0x2104, 0x2104, 0x2104, 0x2104, 0x2104, 0x2104, 0x2104, 0x2104, 0x2104, 0x2104, 0x2104, 0x2104, 0x2104, 0x2104, 0x2104, 0x2104, 0x2104, 0x2104, 0x2104, 0x2104, 0x2104, 0x2104, 0x2104, 0x2104, 0x2104, 0x2104, 0x2104, 0x2104, 0x2104, 0x2104, 0x20e3, 0x2104, 0x2965, 0x31a6, 0x31e8, 0x536f, 0x4b2f, 0x4b0e, 0x4b0e,
		0x4b0e, 0x4b0e, 0x4b2f, 0x42ac, 0x3165, 0x31a6, 0x2965, 0x20e3, 0x2104, 0x2104, 0x2104, 0x2104, 0x2104, 0x2104, 0x2104, 0x2104, 0x2104, 0x2104, 0x2104, 0x2104, 0x2104, 0x2104, 0x2104, 0x2104, 0x2104, 0x2104, 0x2104, 0x2104, 0x2104, 0x2104, 0x2104, 0x2104, 0x2104, 0x2104, 0x2104, 0x2104, 0x2104, 0x2104, 0x2104, 0x2104, 0x2104, 0x2104, 0x2104, 0x2104, 0x2104, 0x2104, 0x2104, 0x2104, 0x2104, 0x2104, 0x2104, 0x2104, 0x2104, 0x2104, 0x2104, 0x2104, 0x2104, 0x2104, 0x2104, 0x2104, 0x2104, 0x2104, 0x2104, 0x2104, 0x2104, 0x2104, 0x2104, 0x2104, 0x2104, 0x2104, 0x2104, 0x2104, 0x2124, 0x2944, 0x3a29, 0x5370, 0x4b2e, 0x4b0e, 0x4b0e, 0x4b0e,
		0x4b0e, 0x4b0e, 0x4b0e, 0x534f, 0x4b0e, 0x39c7, 0x3185, 0x2965, 0x2104, 0x18e3, 0x2104, 0x2104, 0x2104, 0x2104, 0x2104, 0x2104, 0x2104, 0x2104, 0x2104, 0x2104, 0x2104, 0x2104, 0x2104, 0x2104, 0x2104, 0x2104, 0x2104, 0x2104, 0x2104, 0x2104, 0x2124, 0x2104, 0x2104, 0x2104, 0x2104, 0x2104, 0x2104, 0x2104, 0x2104, 0x2104, 0x2104, 0x2104, 0x2104, 0x2104, 0x2104, 0x2104, 0x2104, 0x2104, 0x2104, 0x2104, 0x2104, 0x2104, 0x2104, 0x2104, 0x2104, 0x2104, 0x2104, 0x2104, 0x2104, 0x2104, 0x2104, 0x2104, 0x2104, 0x2104, 0x2104, 0x2104, 0x2104, 0x2104, 0x2104, 0x2104, 0x2104, 0x2945, 0x3186, 0x424a, 0x4b0e, 0x534f, 0x4b0e, 0x4b0e, 0x4b0e, 0x4b0e,
		0x4b2e, 0x4b2e, 0x4b2e, 0x4b2e, 0x5370, 0x42ac, 0x3a08, 0x3185, 0x2124, 0x2124, 0x2124, 0x2944, 0x2924, 0x2944, 0x2945, 0x2945, 0x2945, 0x2945, 0x2945, 0x2945, 0x2945, 0x2945, 0x2945, 0x2945, 0x2945, 0x2945, 0x2944, 0x2945, 0x2945, 0x2945, 0x2945, 0x2945, 0x2945, 0x2945, 0x2945, 0x2945, 0x2945, 0x2945, 0x2945, 0x2945, 0x2945, 0x2945, 0x2945, 0x2945, 0x2945, 0x2945, 0x2945, 0x2945, 0x2945, 0x2945, 0x2945, 0x2945, 0x2945, 0x2945, 0x2945, 0x2945, 0x2945, 0x2945, 0x2945, 0x2945, 0x2945, 0x2945, 0x2944, 0x2124, 0x2124, 0x2945, 0x2945, 0x2945, 0x2945, 0x2944, 0x2124, 0x2945, 0x3185, 0x4aed, 0x5390, 0x4b2e, 0x4b0e, 0x4b0e, 0x4b0e, 0x4b0e,
		0x4b2e, 0x4b2e, 0x4b2e, 0x4b2e, 0x4b2e, 0x5390, 0x428b, 0x2103, 0x2945, 0x2945, 0x2945, 0x2965, 0x2965, 0x2965, 0x2945, 0x2965, 0x2965, 0x2965, 0x2965, 0x2965, 0x2965, 0x2965, 0x2965, 0x2965, 0x2965, 0x2965, 0x2965, 0x2965, 0x2965, 0x2965, 0x2965, 0x2965, 0x2965, 0x2965, 0x2965, 0x2965, 0x2965, 0x2965, 0x2965, 0x2965, 0x2965, 0x2965, 0x2965, 0x2965, 0x2965, 0x2965, 0x2965, 0x2965, 0x2965, 0x2965, 0x2965, 0x2965, 0x2965, 0x2965, 0x2965, 0x2965, 0x2965, 0x2965, 0x2965, 0x2965, 0x2965, 0x2965, 0x2945, 0x2945, 0x2965, 0x2965, 0x2965, 0x2945, 0x2945, 0x2945, 0x2945, 0x2124, 0x2124, 0x42ac, 0x536f, 0x4b2e, 0x4b2e, 0x4b0e, 0x4b0e, 0x4b0e
};
const uint16_t DISPLAY4[] = {
		0x532e, 0x532e, 0x532e, 0x532e, 0x536f, 0x4b0d, 0x42ac, 0x428b, 0x39e7, 0x39c7, 0x39c7, 0x39c7, 0x39c7, 0x39a7, 0x39c7, 0x39c7, 0x39c7, 0x39c7, 0x39c7, 0x39c6, 0x39c7, 0x31a6, 0x39c7, 0x39c7, 0x39c7, 0x39c7, 0x39c7, 0x39e7, 0x39c7, 0x39c7, 0x39a6, 0x39a6, 0x39c7, 0x39c7, 0x39c7, 0x31a6, 0x31a6, 0x31a6, 0x31a6, 0x39a6, 0x31a6, 0x31a6, 0x31a6, 0x31a6, 0x39a6, 0x39a6, 0x31a6, 0x39a6, 0x39c7, 0x39c7, 0x39c7, 0x39c7, 0x39c7, 0x39c7, 0x39c7, 0x39c7, 0x39c7, 0x39c7, 0x39e7, 0x39e7, 0x39e7, 0x39e7, 0x39c7, 0x39c7, 0x39c7, 0x39c7, 0x39c7, 0x39c7, 0x39c7, 0x39c7, 0x39c7, 0x4229, 0x42cc, 0x424a, 0x5370, 0x534f, 0x532e, 0x532e, 0x532e, 0x532e,
		0x4b2e, 0x4b2e, 0x532e, 0x534f, 0x5bb1, 0x2986, 0x20c3, 0x39a6, 0x4228, 0x4228, 0x4208, 0x4208, 0x4208, 0x4208, 0x4208, 0x4228, 0x4228, 0x4228, 0x4208, 0x4208, 0x4208, 0x4208, 0x4208, 0x4208, 0x4208, 0x4208, 0x4208, 0x4208, 0x4208, 0x4208, 0x4208, 0x4208, 0x4208, 0x4208, 0x4208, 0x4208, 0x4228, 0x4228, 0x4228, 0x4228, 0x4208, 0x4208, 0x4208, 0x4208, 0x4208, 0x4208, 0x4208, 0x4208, 0x4208, 0x4208, 0x4208, 0x4228, 0x4228, 0x4228, 0x4208, 0x4228, 0x4208, 0x4208, 0x4208, 0x4208, 0x4208, 0x4208, 0x4228, 0x4228, 0x4208, 0x4208, 0x4208, 0x4208, 0x4208, 0x4208, 0x4a49, 0x39e7, 0x2924, 0x20e3, 0x5370, 0x5b90, 0x532e, 0x532f, 0x532e, 0x532e,
		0x4b0e, 0x4b0e, 0x532e, 0x532e, 0x4b0d, 0x39e7, 0x4208, 0x4228, 0x2124, 0x2104, 0x2104, 0x2104, 0x2104, 0x2104, 0x2104, 0x2104, 0x2104, 0x2104, 0x2104, 0x2104, 0x2104, 0x2104, 0x2104, 0x2104, 0x2104, 0x2104, 0x2104, 0x2104, 0x2104, 0x2103, 0x2104, 0x2104, 0x2104, 0x2104, 0x2104, 0x2104, 0x2104, 0x2104, 0x2104, 0x2104, 0x18e3, 0x18e3, 0x2104, 0x2104, 0x2104, 0x2104, 0x2104, 0x2104, 0x2104, 0x2104, 0x18e3, 0x2104, 0x2104, 0x2104, 0x2104, 0x2104, 0x2104, 0x2104, 0x2104, 0x2104, 0x2104, 0x2104, 0x2104, 0x2104, 0x2104, 0x2104, 0x2104, 0x2104, 0x2104, 0x2104, 0x18e3, 0x31a6, 0x4228, 0x39c7, 0x428b, 0x530e, 0x534f, 0x532f, 0x532e, 0x532f,
		0x4b0e, 0x4b0e, 0x5bb1, 0x4aed, 0x18c3, 0x4208, 0x4a49, 0x39c7, 0x18c3, 0x18e3, 0x18e3, 0x18e3, 0x18e3, 0x18e3, 0x18e3, 0x18e3, 0x18e3, 0x18e3, 0x18e3, 0x18e3, 0x18e3, 0x18e3, 0x18e3, 0x18e3, 0x18e3, 0x18e3, 0x18e3, 0x18e3, 0x18e3, 0x18e3, 0x18e3, 0x18e3, 0x18e3, 0x18e3, 0x18e3, 0x18e3, 0x18e3, 0x18e3, 0x18e3, 0x18e3, 0x18e3, 0x18e3, 0x18e3, 0x18e3, 0x18e3, 0x18e3, 0x18e3, 0x18e3, 0x18e3, 0x18e3, 0x18c3, 0x18e3, 0x18e3, 0x18e3, 0x18e3, 0x18e3, 0x18e3, 0x18e3, 0x18e3, 0x18e3, 0x18e3, 0x18e3, 0x18e3, 0x20e3, 0x20e3, 0x18e3, 0x18e3, 0x18e3, 0x18e3, 0x18e3, 0x18c3, 0x2124, 0x39e7, 0x4228, 0x2944, 0x2986, 0x5bd1, 0x536f, 0x532e, 0x4b2e,
		0x4b2e, 0x534f, 0x536f, 0x4acc, 0x2945, 0x4a49, 0x31a6, 0x18e3, 0x18e3, 0x18e3, 0x20e3, 0x2104, 0x2104, 0x2104, 0x2104, 0x2104, 0x2104, 0x2104, 0x2104, 0x2104, 0x2104, 0x2104, 0x2104, 0x2104, 0x2104, 0x2104, 0x2104, 0x2104, 0x2104, 0x2104, 0x2104, 0x2104, 0x2104, 0x2104, 0x2104, 0x2104, 0x2104, 0x2104, 0x2104, 0x2104, 0x2104, 0x2104, 0x2104, 0x2104, 0x2104, 0x2104, 0x2104, 0x2104, 0x2104, 0x2104, 0x2104, 0x2104, 0x2104, 0x2104, 0x2104, 0x2104, 0x2104, 0x2104, 0x2104, 0x2104, 0x2104, 0x2104, 0x2104, 0x2104, 0x2104, 0x2104, 0x2104, 0x2104, 0x2104, 0x2104, 0x2104, 0x18e3, 0x2104, 0x4208, 0x39c7, 0x31a6, 0x532e, 0x536f, 0x534f, 0x532f,
		0x534f, 0x5bd1, 0x3a08, 0x39a6, 0x4a28, 0x39e7, 0x2124, 0x18c3, 0x18e3, 0x18e3, 0x18e3, 0x2103, 0x2104, 0x2104, 0x2104, 0x2104, 0x2104, 0x2104, 0x2104, 0x2104, 0x2104, 0x2104, 0x2104, 0x2104, 0x2104, 0x2104, 0x2104, 0x2104, 0x2104, 0x2104, 0x2104, 0x2104, 0x2104, 0x2104, 0x2104, 0x2104, 0x2103, 0x2104, 0x2104, 0x2104, 0x2103, 0x2104, 0x2104, 0x2104, 0x2104, 0x20e3, 0x2104, 0x20e3, 0x20e3, 0x20e3, 0x2104, 0x2104, 0x2104, 0x2104, 0x2104, 0x2104, 0x2104, 0x2104, 0x2104, 0x2104, 0x2104, 0x2104, 0x2104, 0x2104, 0x2104, 0x2104, 0x2104, 0x2104, 0x2104, 0x2104, 0x2104, 0x2103, 0x18e3, 0x2945, 0x4208, 0x4208, 0x2945, 0x532e, 0x5bb1, 0x532f,
		0x534f, 0x4acd, 0x39e7, 0x41e7, 0x4228, 0x18e3, 0x18c3, 0x20e3, 0x20e3, 0x20e3, 0x18e3, 0x10a2, 0x10a2, 0x10a2, 0x10a2, 0x10a2, 0x10a2, 0x10a2, 0x10a2, 0x10a2, 0x10a2, 0x10a2, 0x10a2, 0x10a2, 0x10a2, 0x10a2, 0x10a2, 0x10a2, 0x10a2, 0x10a2, 0x10a2, 0x10a2, 0x10a2, 0x10a2, 0x10a2, 0x10a2, 0x10a2, 0x10a2, 0x10a2, 0x10a2, 0x10a2, 0x10a2, 0x10a2, 0x10a2, 0x10a2, 0x10a2, 0x10a2, 0x10a2, 0x10a2, 0x10a2, 0x10a2, 0x10a2, 0x10a2, 0x10a2, 0x10a2, 0x10a2, 0x10a2, 0x10a2, 0x10a2, 0x10a2, 0x10a2, 0x10a2, 0x10a2, 0x10a2, 0x10a2, 0x10a2, 0x10a2, 0x10a2, 0x18e3, 0x2104, 0x2104, 0x2104, 0x2104, 0x18c3, 0x31a6, 0x4228, 0x3186, 0x3a29, 0x534f, 0x534f,
		0x5390, 0x31a6, 0x4208, 0x4228, 0x2965, 0x18e3, 0x18e3, 0x20e3, 0x20e3, 0x2104, 0x18c3, 0x0020, 0x0820, 0x0841, 0x0841, 0x0841, 0x0841, 0x0840, 0x0841, 0x0841, 0x0841, 0x0841, 0x0841, 0x0841, 0x0841, 0x0841, 0x0841, 0x0820, 0x0820, 0x0841, 0x0841, 0x0841, 0x0841, 0x0841, 0x0841, 0x0841, 0x0841, 0x0841, 0x0841, 0x0841, 0x0841, 0x0841, 0x0841, 0x0841, 0x0841, 0x0841, 0x0841, 0x0841, 0x0841, 0x0820, 0x0020, 0x0841, 0x0841, 0x0841, 0x0841, 0x0841, 0x0841, 0x0841, 0x0841, 0x0841, 0x0841, 0x0841, 0x0841, 0x0841, 0x0841, 0x0841, 0x0841, 0x0020, 0x1082, 0x2124, 0x2104, 0x2104, 0x2104, 0x2103, 0x2104, 0x3186, 0x4228, 0x31a6, 0x426a, 0x5391,
		0x4b0e, 0x39a6, 0x4228, 0x39e7, 0x18c3, 0x2104, 0x2104, 0x2104, 0x2104, 0x2104, 0x0841, 0x0000, 0x0000, 0x0000, 0x0000, 0x0000, 0x0000, 0x0000, 0x0000, 0x0000, 0x0000, 0x0000, 0x0000, 0x0000, 0x0000, 0x0000, 0x0000, 0x0000, 0x0000, 0x0000, 0x0000, 0x0000, 0x0000, 0x0000, 0x0000, 0x0000, 0x0000, 0x0000, 0x0000, 0x0000, 0x0000, 0x0000, 0x0000, 0x0000, 0x0000, 0x0000, 0x0000, 0x0000, 0x0000, 0x0000, 0x0000, 0x0000, 0x0000, 0x0000, 0x0000, 0x0000, 0x0000, 0x0000, 0x0000, 0x0000, 0x0000, 0x0000, 0x0000, 0x0000, 0x0000, 0x0000, 0x0000, 0x0000, 0x0000, 0x18c3, 0x2124, 0x2104, 0x2104, 0x2103, 0x18c3, 0x2104, 0x4228, 0x39c7, 0x3a08, 0x5390,
		0x2986, 0x4228, 0x39a6, 0x2104, 0x2103, 0x2104, 0x2104, 0x2104, 0x2104, 0x0861, 0x0000, 0x0020, 0x0020, 0x0020, 0x0020, 0x0020, 0x0020, 0x0020, 0x0020, 0x0020, 0x0020, 0x0020, 0x0020, 0x0020, 0x0020, 0x0020, 0x0020, 0x0020, 0x0020, 0x0020, 0x0020, 0x0020, 0x0020, 0x0020, 0x0020, 0x0020, 0x0020, 0x0020, 0x0020, 0x0020, 0x0020, 0x0020, 0x0020, 0x0020, 0x0020, 0x0020, 0x0020, 0x0020, 0x0020, 0x0020, 0x0020, 0x0020, 0x0020, 0x0020, 0x0020, 0x0020, 0x0020, 0x0020, 0x0020, 0x0020, 0x0020, 0x0020, 0x0000, 0x0020, 0x0020, 0x0020, 0x0020, 0x0020, 0x0000, 0x0020, 0x2104, 0x2124, 0x2104, 0x20e3, 0x18e3, 0x18e3, 0x2945, 0x4208, 0x39e7, 0x2986,
		0x2965, 0x4a29, 0x2965, 0x18c2, 0x2104, 0x2104, 0x2104, 0x2104, 0x18a2, 0x0000, 0x0000, 0x0020, 0x0020, 0x0020, 0x0020, 0x0020, 0x0020, 0x0020, 0x0020, 0x0020, 0x0020, 0x0020, 0x0020, 0x0020, 0x0020, 0x0020, 0x0020, 0x0020, 0x0020, 0x0020, 0x0020, 0x0020, 0x0020, 0x0020, 0x0020, 0x0020, 0x0020, 0x0020, 0x0020, 0x0020, 0x0020, 0x0020, 0x0020, 0x0020, 0x0020, 0x0020, 0x0020, 0x0020, 0x0020, 0x0020, 0x0020, 0x0020, 0x0020, 0x0020, 0x0020, 0x0020, 0x0020, 0x0020, 0x0020, 0x0020, 0x0020, 0x0020, 0x0020, 0x0020, 0x0020, 0x0020, 0x0020, 0x0020, 0x0000, 0x0000, 0x1082, 0x2104, 0x2104, 0x2104, 0x2104, 0x20e3, 0x18c3, 0x39c7, 0x4208, 0x2924,
		0x39c7, 0x3186, 0x2104, 0x20e3, 0x2103, 0x2104, 0x2124, 0x2104, 0x0000, 0x0000, 0x0020, 0x0020, 0x0020, 0x0020, 0x0020, 0x0020, 0x0020, 0x0020, 0x0020, 0x0020, 0x0020, 0x0020, 0x0020, 0x0020, 0x0020, 0x0020, 0x0020, 0x0020, 0x0020, 0x0020, 0x0020, 0x0020, 0x0020, 0x0020, 0x0020, 0x0020, 0x0020, 0x0020, 0x0020, 0x0020, 0x0020, 0x0020, 0x0020, 0x0020, 0x0020, 0x0020, 0x0020, 0x0020, 0x0020, 0x0020, 0x0020, 0x0020, 0x0020, 0x0020, 0x0020, 0x0020, 0x0020, 0x0020, 0x0020, 0x0020, 0x0020, 0x0020, 0x0020, 0x0020, 0x0020, 0x0020, 0x0020, 0x0020, 0x0020, 0x0000, 0x0000, 0x10a2, 0x2124, 0x2104, 0x2104, 0x2104, 0x2104, 0x2124, 0x39c7, 0x39e7,
		0x39e7, 0x2104, 0x18e3, 0x2104, 0x2104, 0x2104, 0x2103, 0x1082, 0x0000, 0x0000, 0x0020, 0x0020, 0x0020, 0x0020, 0x0020, 0x0020, 0x0020, 0x0020, 0x0020, 0x0020, 0x0020, 0x0020, 0x0020, 0x0020, 0x0020, 0x0020, 0x0020, 0x0020, 0x0020, 0x0020, 0x0020, 0x0020, 0x0020, 0x0020, 0x0020, 0x0020, 0x0020, 0x0020, 0x0020, 0x0020, 0x0020, 0x0020, 0x0020, 0x0020, 0x0020, 0x0020, 0x0020, 0x0020, 0x0020, 0x0020, 0x0020, 0x0020, 0x0020, 0x0020, 0x0020, 0x0020, 0x0020, 0x0020, 0x0020, 0x0020, 0x0020, 0x0020, 0x0020, 0x0020, 0x0020, 0x0020, 0x0020, 0x0020, 0x0020, 0x0020, 0x0000, 0x0020, 0x18c3, 0x2124, 0x2104, 0x2104, 0x2104, 0x18c3, 0x3186, 0x4a29,
		0x41e8, 0x2124, 0x18c3, 0x2104, 0x2104, 0x2124, 0x18c3, 0x0000, 0x0000, 0x0020, 0x0020, 0x0020, 0x0020, 0x0020, 0x0020, 0x0020, 0x0020, 0x0020, 0x0020, 0x0020, 0x0020, 0x0020, 0x0020, 0x0020, 0x0020, 0x0020, 0x0020, 0x0020, 0x0020, 0x0020, 0x0020, 0x0020, 0x0020, 0x0020, 0x0020, 0x0020, 0x0020, 0x0020, 0x0020, 0x0020, 0x0020, 0x0020, 0x0020, 0x0020, 0x0020, 0x0020, 0x0020, 0x0020, 0x0020, 0x0020, 0x0020, 0x0020, 0x0020, 0x0020, 0x0020, 0x0020, 0x0020, 0x0020, 0x0020, 0x0020, 0x0020, 0x0020, 0x0020, 0x0020, 0x0020, 0x0020, 0x0020, 0x0020, 0x0020, 0x0020, 0x0000, 0x0000, 0x0841, 0x2124, 0x2104, 0x2104, 0x2104, 0x18c3, 0x31a6, 0x4a49,
		0x4208, 0x2124, 0x18e3, 0x2104, 0x2124, 0x2104, 0x0841, 0x0000, 0x0020, 0x0020, 0x0020, 0x0020, 0x0020, 0x0020, 0x0020, 0x0020, 0x0020, 0x0020, 0x0020, 0x0020, 0x0020, 0x0020, 0x0020, 0x0020, 0x0020, 0x0020, 0x0020, 0x0020, 0x0020, 0x0020, 0x0020, 0x0020, 0x0020, 0x0020, 0x0020, 0x0020, 0x0020, 0x0020, 0x0020, 0x0020, 0x0020, 0x0020, 0x0020, 0x0020, 0x0020, 0x0020, 0x0020, 0x0020, 0x0020, 0x0020, 0x0020, 0x0020, 0x0020, 0x0020, 0x0020, 0x0820, 0x0820, 0x0820, 0x0820, 0x0820, 0x0820, 0x0020, 0x0020, 0x0020, 0x0020, 0x0020, 0x0020, 0x0020, 0x0020, 0x0020, 0x0020, 0x0000, 0x0000, 0x1082, 0x2124, 0x2104, 0x2104, 0x18c3, 0x31a6, 0x4a69,
		0x4208, 0x2124, 0x18e3, 0x2104, 0x2104, 0x0861, 0x0000, 0x0000, 0x0020, 0x0020, 0x0020, 0x0020, 0x0020, 0x0020, 0x0020, 0x0020, 0x0020, 0x0020, 0x0820, 0x0820, 0x0820, 0x0820, 0x0820, 0x0020, 0x0020, 0x0020, 0x0020, 0x0020, 0x0020, 0x0020, 0x0020, 0x0020, 0x0020, 0x0020, 0x0020, 0x0020, 0x0020, 0x0020, 0x0020, 0x0020, 0x0020, 0x0020, 0x0020, 0x0020, 0x0020, 0x0020, 0x0020, 0x0020, 0x0020, 0x0020, 0x0020, 0x0020, 0x0020, 0x0020, 0x0020, 0x0820, 0x0820, 0x0820, 0x0820, 0x0820, 0x0820, 0x0820, 0x0020, 0x0020, 0x0020, 0x0020, 0x0020, 0x0020, 0x0020, 0x0020, 0x0020, 0x0020, 0x0000, 0x0020, 0x18c3, 0x2124, 0x2104, 0x18c3, 0x31a6, 0x4a69,
		0x4208, 0x2124, 0x18e3, 0x2124, 0x2104, 0x0000, 0x0000, 0x0020, 0x0020, 0x0020, 0x0020, 0x0020, 0x0020, 0x0020, 0x0020, 0x0020, 0x0020, 0x0020, 0x0820, 0x0820, 0x0820, 0x0820, 0x0820, 0x0820, 0x0020, 0x0020, 0x0020, 0x0020, 0x0020, 0x0020, 0x0020, 0x0020, 0x0020, 0x0020, 0x0020, 0x0020, 0x0020, 0x0020, 0x0020, 0x0020, 0x0020, 0x0020, 0x0020, 0x0020, 0x0020, 0x0020, 0x0020, 0x0020, 0x0020, 0x0020, 0x0020, 0x0020, 0x0020, 0x0020, 0x0820, 0x0820, 0x0820, 0x0820, 0x0820, 0x0820, 0x0820, 0x0820, 0x0820, 0x0020, 0x0020, 0x0020, 0x0020, 0x0020, 0x0020, 0x0020, 0x0020, 0x0020, 0x0000, 0x0000, 0x1082, 0x2124, 0x2104, 0x18c3, 0x31a6, 0x528a,
		0x4208, 0x2124, 0x18e3, 0x2124, 0x2104, 0x0000, 0x0000, 0x0020, 0x0020, 0x0020, 0x0020, 0x0020, 0x0020, 0x0020, 0x0020, 0x0020, 0x0820, 0x0820, 0x0820, 0x0800, 0x0800, 0x0800, 0x0820, 0x0820, 0x0820, 0x0820, 0x0020, 0x0020, 0x0020, 0x0020, 0x0020, 0x0020, 0x0020, 0x0020, 0x0020, 0x0020, 0x0020, 0x0020, 0x0020, 0x0020, 0x0020, 0x0020, 0x0020, 0x0020, 0x0020, 0x0020, 0x0020, 0x0020, 0x0020, 0x0020, 0x0020, 0x0020, 0x0820, 0x0820, 0x0820, 0x0820, 0x0820, 0x0800, 0x0800, 0x0800, 0x0820, 0x0820, 0x0820, 0x0820, 0x0020, 0x0020, 0x0020, 0x0020, 0x0020, 0x0020, 0x0020, 0x0020, 0x0000, 0x0000, 0x1082, 0x2124, 0x2104, 0x18c3, 0x31a6, 0x5269,
		0x4208, 0x2124, 0x18e3, 0x2124, 0x2124, 0x0000, 0x0000, 0x0020, 0x0020, 0x0020, 0x0020, 0x0020, 0x0020, 0x0020, 0x0020, 0x0820, 0x0820, 0x0820, 0x0800, 0x0800, 0x0800, 0x0800, 0x0820, 0x0820, 0x0820, 0x0820, 0x0820, 0x0020, 0x0020, 0x0020, 0x0020, 0x0020, 0x0020, 0x0020, 0x0020, 0x0020, 0x0020, 0x0020, 0x0020, 0x0020, 0x0020, 0x0020, 0x0020, 0x0020, 0x0020, 0x0020, 0x0020, 0x0020, 0x0020, 0x0020, 0x0020, 0x0020, 0x0820, 0x0820, 0x0820, 0x0820, 0x0800, 0x0800, 0x1000, 0x1000, 0x0800, 0x0800, 0x0800, 0x0820, 0x0820, 0x0820, 0x0820, 0x0020, 0x0020, 0x0020, 0x0020, 0x0020, 0x0000, 0x0000, 0x1082, 0x2104, 0x2104, 0x18c3, 0x31a6, 0x4a69,
		0x4208, 0x2124, 0x18e3, 0x2124, 0x2124, 0x0000, 0x0000, 0x0020, 0x0020, 0x0020, 0x0020, 0x0020, 0x0020, 0x0020, 0x0820, 0x0820, 0x0820, 0x0800, 0x1000, 0x1000, 0x1000, 0x1000, 0x1000, 0x0800, 0x0820, 0x0820, 0x0820, 0x0820, 0x0020, 0x0020, 0x0020, 0x0020, 0x0020, 0x0020, 0x0020, 0x0020, 0x0020, 0x0020, 0x0020, 0x0020, 0x0020, 0x0020, 0x0020, 0x0020, 0x0020, 0x0020, 0x0020, 0x0020, 0x0020, 0x0020, 0x0020, 0x0020, 0x0820, 0x0820, 0x0820, 0x0800, 0x1000, 0x1000, 0x1000, 0x1800, 0x1000, 0x1000, 0x0800, 0x0820, 0x0820, 0x0820, 0x0820, 0x0020, 0x0020, 0x0020, 0x0020, 0x0020, 0x0000, 0x0000, 0x1082, 0x2104, 0x2104, 0x18c3, 0x31a6, 0x4a69,
		0x4208, 0x2945, 0x18e3, 0x2124, 0x2124, 0x0000, 0x0000, 0x0020, 0x0020, 0x0020, 0x0020, 0x0020, 0x0820, 0x0820, 0x0820, 0x0800, 0x0800, 0x1000, 0x1800, 0x2000, 0x2000, 0x1800, 0x1000, 0x1000, 0x0800, 0x0820, 0x0820, 0x0820, 0x0020, 0x0020, 0x0020, 0x0020, 0x0020, 0x0020, 0x0020, 0x0020, 0x0020, 0x0020, 0x0020, 0x0020, 0x0020, 0x0020, 0x0020, 0x0020, 0x0020, 0x0020, 0x0020, 0x0020, 0x0020, 0x0020, 0x0820, 0x0820, 0x0820, 0x0800, 0x0800, 0x1000, 0x1000, 0x1800, 0x2000, 0x2000, 0x1800, 0x1800, 0x1000, 0x1000, 0x0800, 0x0820, 0x0820, 0x0020, 0x0020, 0x0020, 0x0020, 0x0020, 0x0000, 0x0000, 0x1082, 0x2104, 0x2104, 0x18c3, 0x31a6, 0x4a69,
		0x4208, 0x2124, 0x18e3, 0x2945, 0x2124, 0x0000, 0x0000, 0x0020, 0x0020, 0x0020, 0x0020, 0x0820, 0x0820, 0x0820, 0x0820, 0x0800, 0x1000, 0x1800, 0x2800, 0x2000, 0x1800, 0x3000, 0x1800, 0x1000, 0x1000, 0x0800, 0x0820, 0x0820, 0x0820, 0x0020, 0x0020, 0x0020, 0x0020, 0x0020, 0x0020, 0x0020, 0x0020, 0x0020, 0x0020, 0x0020, 0x0020, 0x0020, 0x0020, 0x0020, 0x0020, 0x0020, 0x0020, 0x0020, 0x0020, 0x0020, 0x0820, 0x0820, 0x0820, 0x0800, 0x1000, 0x1000, 0x1800, 0x2800, 0x2800, 0x1800, 0x2800, 0x2000, 0x1800, 0x1000, 0x0800, 0x0820, 0x0820, 0x0020, 0x0020, 0x0020, 0x0020, 0x0020, 0x0000, 0x0000, 0x10a2, 0x2104, 0x2104, 0x18c3, 0x31a6, 0x4a49,
		0x4208, 0x2124, 0x18e3, 0x2945, 0x2124, 0x0000, 0x0000, 0x0020, 0x0020, 0x0020, 0x0020, 0x0820, 0x0820, 0x0820, 0x0800, 0x1000, 0x1800, 0x2000, 0x3000, 0x7000, 0x7000, 0x3000, 0x2800, 0x2000, 0x1800, 0x1000, 0x0800, 0x0820, 0x0820, 0x0820, 0x0020, 0x0020, 0x0020, 0x0020, 0x0020, 0x0020, 0x0020, 0x0020, 0x0020, 0x0020, 0x0020, 0x0020, 0x0020, 0x0020, 0x0020, 0x0020, 0x0020, 0x0020, 0x0020, 0x0820, 0x0820, 0x0820, 0x0800, 0x1000, 0x1800, 0x1800, 0x2800, 0x2800, 0x5000, 0x8000, 0x4800, 0x2800, 0x2800, 0x1800, 0x1000, 0x0800, 0x0820, 0x0820, 0x0020, 0x0020, 0x0020, 0x0020, 0x0000, 0x0000, 0x10a2, 0x2104, 0x2104, 0x18c3, 0x31a6, 0x4a49,
		0x4208, 0x2124, 0x18e3, 0x2924, 0x2124, 0x0000, 0x0000, 0x0020, 0x0020, 0x0020, 0x0820, 0x0820, 0x0820, 0x0800, 0x1000, 0x1800, 0x2800, 0x3000, 0x2000, 0xd861, 0xe862, 0x2800, 0x3800, 0x3800, 0x2000, 0x1800, 0x1000, 0x0800, 0x0820, 0x0820, 0x0020, 0x0020, 0x0020, 0x0020, 0x0020, 0x0020, 0x0020, 0x0020, 0x0020, 0x0020, 0x0020, 0x0020, 0x0020, 0x0020, 0x0020, 0x0020, 0x0020, 0x0020, 0x0020, 0x0820, 0x0820, 0x0800, 0x1000, 0x1000, 0x1800, 0x2800, 0x4000, 0x2800, 0x8020, 0xf882, 0x5000, 0x2800, 0x3000, 0x2000, 0x1800, 0x1000, 0x0820, 0x0820, 0x0820, 0x0020, 0x0020, 0x0020, 0x0000, 0x0000, 0x1082, 0x2104, 0x2124, 0x18c3, 0x31a6, 0x4a69,
		0x4208, 0x2124, 0x18e3, 0x2124, 0x2124, 0x0000, 0x0000, 0x0020, 0x0020, 0x0020, 0x0820, 0x0820, 0x0800, 0x0800, 0x1800, 0x2800, 0x3800, 0x4800, 0x7000, 0xf061, 0xf862, 0xb800, 0x5000, 0x2800, 0x3000, 0x2000, 0x1800, 0x1000, 0x0800, 0x0820, 0x0820, 0x0020, 0x0020, 0x0020, 0x0020, 0x0020, 0x0020, 0x0020, 0x0020, 0x0020, 0x0020, 0x0020, 0x0020, 0x0020, 0x0020, 0x0020, 0x0020, 0x0820, 0x0820, 0x0820, 0x0820, 0x0800, 0x1800, 0x1800, 0x2800, 0x3000, 0x3000, 0x9800, 0xe841, 0xf862, 0xb000, 0x5000, 0x4000, 0x3000, 0x2000, 0x1000, 0x0800, 0x0820, 0x0820, 0x0020, 0x0020, 0x0020, 0x0000, 0x0000, 0x1082, 0x2124, 0x2124, 0x18c3, 0x31a6, 0x4a49,
		0x4228, 0x2124, 0x18e3, 0x2124, 0x2124, 0x0000, 0x0000, 0x0020, 0x0020, 0x0020, 0x0820, 0x0820, 0x0800, 0x1000, 0x1800, 0x2800, 0x3000, 0x7000, 0xe821, 0xf841, 0xf841, 0xf862, 0x9020, 0x3800, 0x4000, 0x2800, 0x1800, 0x1000, 0x1000, 0x0820, 0x0820, 0x0020, 0x0020, 0x0020, 0x0020, 0x0020, 0x0020, 0x0020, 0x0020, 0x0020, 0x0020, 0x0020, 0x0020, 0x0020, 0x0020, 0x0020, 0x0020, 0x0820, 0x0820, 0x0820, 0x0800, 0x1000, 0x1800, 0x2800, 0x4000, 0x3800, 0x5000, 0xe841, 0xf861, 0xf821, 0xf821, 0xa000, 0x3000, 0x3000, 0x2800, 0x1800, 0x1000, 0x0820, 0x0820, 0x0020, 0x0020, 0x0020, 0x0000, 0x0000, 0x10a2, 0x2124, 0x2124, 0x18c3, 0x31a6, 0x4a69,
		0x4228, 0x2124, 0x18e3, 0x2124, 0x2104, 0x0000, 0x0000, 0x0020, 0x0020, 0x0020, 0x0820, 0x0820, 0x1000, 0x1800, 0x2800, 0x4000, 0x3000, 0x9041, 0xf8a3, 0xf820, 0xf020, 0xf8a2, 0xf821, 0xa000, 0x3800, 0x3000, 0x2000, 0x1800, 0x1000, 0x0800, 0x0820, 0x0820, 0x0020, 0x0020, 0x0020, 0x0020, 0x0020, 0x0020, 0x0020, 0x0020, 0x0020, 0x0020, 0x0020, 0x0020, 0x0020, 0x0020, 0x0020, 0x0820, 0x0820, 0x0820, 0x1000, 0x1800, 0x2000, 0x3000, 0x4000, 0x7000, 0xd800, 0xf882, 0xf841, 0xf000, 0xf862, 0xd841, 0x4800, 0x4800, 0x3000, 0x2000, 0x1000, 0x0800, 0x0820, 0x0020, 0x0020, 0x0020, 0x0000, 0x0000, 0x10a2, 0x2104, 0x2104, 0x18c3, 0x31a6, 0x4a69,
		0x4228, 0x2124, 0x18e3, 0x2924, 0x2124, 0x0000, 0x0000, 0x0020, 0x0020, 0x0820, 0x0820, 0x0820, 0x1000, 0x1800, 0x2800, 0x4800, 0xc841, 0xf041, 0xf841, 0xf801, 0xf001, 0xf841, 0xf861, 0xe041, 0x3800, 0x3000, 0x3000, 0x2000, 0x1800, 0x1000, 0x0820, 0x0820, 0x0820, 0x0820, 0x0020, 0x0020, 0x0020, 0x0020, 0x0020, 0x0020, 0x0020, 0x0020, 0x0020, 0x0020, 0x0020, 0x0020, 0x0820, 0x0820, 0x0820, 0x0800, 0x1000, 0x1800, 0x3000, 0x4000, 0x2000, 0xa020, 0xf862, 0xf841, 0xf821, 0xf800, 0xf821, 0xf041, 0xe841, 0x7800, 0x3000, 0x2000, 0x1800, 0x0800, 0x0820, 0x0020, 0x0020, 0x0020, 0x0000, 0x0000, 0x10a2, 0x2104, 0x2104, 0x18c3, 0x39c7, 0x4a69,
		0x4228, 0x2124, 0x18e3, 0x2124, 0x2124, 0x0000, 0x0000, 0x0020, 0x0020, 0x0820, 0x0820, 0x1000, 0x1000, 0x2000, 0x3000, 0x5000, 0xf082, 0xf862, 0xf000, 0xf801, 0xf001, 0xf000, 0xf861, 0xf882, 0xd000, 0x7000, 0x3000, 0x2000, 0x1800, 0x1000, 0x0820, 0x0820, 0x0820, 0x0020, 0x0020, 0x0020, 0x0020, 0x0020, 0x0020, 0x0020, 0x0020, 0x0020, 0x0020, 0x0020, 0x0020, 0x0020, 0x0820, 0x0820, 0x0820, 0x0800, 0x1000, 0x2000, 0x3800, 0x5000, 0xa000, 0xe041, 0xf862, 0xf000, 0xf000, 0xf801, 0xf000, 0xf821, 0xf882, 0x9820, 0x2800, 0x2800, 0x1800, 0x1000, 0x0820, 0x0820, 0x0020, 0x0020, 0x0000, 0x0000, 0x10a2, 0x2104, 0x2124, 0x18e3, 0x39c7, 0x4a69,
		0x4228, 0x2924, 0x18e3, 0x2124, 0x2104, 0x0000, 0x0000, 0x0020, 0x0020, 0x0820, 0x0820, 0x1000, 0x1800, 0x2000, 0x3800, 0x4800, 0xe061, 0xf841, 0xf800, 0xf001, 0xf001, 0xf001, 0xf001, 0xf821, 0xf862, 0x9020, 0x2800, 0x2800, 0x1800, 0x1000, 0x0820, 0x0820, 0x0820, 0x0020, 0x0020, 0x0020, 0x0020, 0x0020, 0x0020, 0x0020, 0x0020, 0x0020, 0x0020, 0x0020, 0x0020, 0x0020, 0x0820, 0x0820, 0x0820, 0x1000, 0x1800, 0x2000, 0x3800, 0x6000, 0xf862, 0xf841, 0xf000, 0xf000, 0xf001, 0xf001, 0xf000, 0xf821, 0xf862, 0x8000, 0x2800, 0x2800, 0x1800, 0x1000, 0x0800, 0x0820, 0x0020, 0x0020, 0x0000, 0x0000, 0x10a2, 0x2104, 0x2124, 0x18e3, 0x31a6, 0x4a69,
		0x4228, 0x2924, 0x18e3, 0x2124, 0x2104, 0x0000, 0x0000, 0x0020, 0x0020, 0x0020, 0x0820, 0x1000, 0x1800, 0x2800, 0x3800, 0x4800, 0xe041, 0xf841, 0xf801, 0xf001, 0xf001, 0xf001, 0xf000, 0xf001, 0xf862, 0x8820, 0x2800, 0x2800, 0x1800, 0x1000, 0x0800, 0x0820, 0x0820, 0x0820, 0x0020, 0x0020, 0x0020, 0x0020, 0x0020, 0x0020, 0x0020, 0x0020, 0x0020, 0x0020, 0x0020, 0x0020, 0x0820, 0x0820, 0x0820, 0x1000, 0x1800, 0x2800, 0x3800, 0x5800, 0xf061, 0xf841, 0xf000, 0xf000, 0xf001, 0xf001, 0xf000, 0xf821, 0xf862, 0x8800, 0x3000, 0x3000, 0x1800, 0x1000, 0x0820, 0x0820, 0x0020, 0x0020, 0x0000, 0x0000, 0x10a2, 0x2104, 0x2104, 0x18c3, 0x31a6, 0x4a69,
		0x4228, 0x2945, 0x18e3, 0x2124, 0x2124, 0x0000, 0x0000, 0x0820, 0x0020, 0x0820, 0x0820, 0x1000, 0x1800, 0x2800, 0x3800, 0x5000, 0xe041, 0xf841, 0xf800, 0xf001, 0xf001, 0xf001, 0xf001, 0xf021, 0xf862, 0x8820, 0x2800, 0x2800, 0x2000, 0x1000, 0x0800, 0x0820, 0x0820, 0x0820, 0x0020, 0x0020, 0x0020, 0x0020, 0x0020, 0x0020, 0x0020, 0x0020, 0x0020, 0x0020, 0x0020, 0x0020, 0x0820, 0x0820, 0x0800, 0x1000, 0x1800, 0x2800, 0x3800, 0x5800, 0xf041, 0xf841, 0xf000, 0xf000, 0xf001, 0xf001, 0xf000, 0xf821, 0xf862, 0x8820, 0x3800, 0x3000, 0x1800, 0x1000, 0x0800, 0x0820, 0x0020, 0x0020, 0x0000, 0x0000, 0x1082, 0x2104, 0x2104, 0x18c3, 0x31a6, 0x4a69,
		0x4228, 0x2945, 0x18e3, 0x2124, 0x2124, 0x0000, 0x0000, 0x0020, 0x0020, 0x0820, 0x0820, 0x1000, 0x1800, 0x2800, 0x3800, 0x5000, 0xe041, 0xf841, 0xf000, 0xf001, 0xf001, 0xf001, 0xf000, 0xf021, 0xf862, 0x8820, 0x3000, 0x3000, 0x2000, 0x1000, 0x0800, 0x0820, 0x0820, 0x0020, 0x0020, 0x0020, 0x0020, 0x0020, 0x0020, 0x0020, 0x0020, 0x0020, 0x0020, 0x0020, 0x0020, 0x0020, 0x0820, 0x0820, 0x0800, 0x1000, 0x1800, 0x2800, 0x3800, 0x5800, 0xf061, 0xf841, 0xf000, 0xf000, 0xf001, 0xf001, 0xf000, 0xf821, 0xf862, 0x8800, 0x3000, 0x3000, 0x1800, 0x1000, 0x0800, 0x0820, 0x0020, 0x0020, 0x0000, 0x0000, 0x10a2, 0x2104, 0x2104, 0x18c3, 0x31a6, 0x4a69,
		0x4228, 0x2945, 0x18e3, 0x2124, 0x2124, 0x0000, 0x0000, 0x0020, 0x0020, 0x0820, 0x0820, 0x1000, 0x1800, 0x2800, 0x3800, 0x5000, 0xe041, 0xf841, 0xf000, 0xf000, 0xf001, 0xf001, 0xf000, 0xf821, 0xf862, 0x8820, 0x3000, 0x3000, 0x2000, 0x1000, 0x0800, 0x0820, 0x0820, 0x0020, 0x0020, 0x0020, 0x0020, 0x0020, 0x0020, 0x0020, 0x0020, 0x0020, 0x0020, 0x0020, 0x0020, 0x0020, 0x0820, 0x0820, 0x0820, 0x1000, 0x1800, 0x2800, 0x3800, 0x6000, 0xf061, 0xf841, 0xf000, 0xf000, 0xf801, 0xf801, 0xf000, 0xf821, 0xf862, 0x8820, 0x3000, 0x3000, 0x1800, 0x1000, 0x0800, 0x0820, 0x0020, 0x0820, 0x0000, 0x0000, 0x10a2, 0x2104, 0x2104, 0x18c3, 0x31a6, 0x4a69,
		0x4208, 0x2124, 0x18e3, 0x2124, 0x2104, 0x0000, 0x0000, 0x0020, 0x0020, 0x0820, 0x0820, 0x1000, 0x1800, 0x2800, 0x3800, 0x5000, 0xe041, 0xf841, 0xf000, 0xf800, 0xf801, 0xf001, 0xf000, 0xf801, 0xf862, 0x8820, 0x3000, 0x3000, 0x2000, 0x1000, 0x0800, 0x0820, 0x0820, 0x0020, 0x0020, 0x0020, 0x0020, 0x0020, 0x0020, 0x0020, 0x0020, 0x0020, 0x0020, 0x0020, 0x0020, 0x0020, 0x0820, 0x0820, 0x0820, 0x1000, 0x1800, 0x2800, 0x3800, 0x6000, 0xf041, 0xf841, 0xf000, 0xf000, 0xf000, 0xf801, 0xf000, 0xf821, 0xf862, 0x9020, 0x3800, 0x3000, 0x1800, 0x1000, 0x0800, 0x0820, 0x0020, 0x0820, 0x0000, 0x0000, 0x10a2, 0x2104, 0x2104, 0x18c3, 0x31a6, 0x5269,
		0x4208, 0x2124, 0x18e3, 0x2124, 0x2104, 0x0000, 0x0000, 0x0020, 0x0020, 0x0820, 0x0820, 0x1000, 0x1800, 0x2800, 0x3000, 0x5000, 0xe841, 0xf841, 0xf800, 0xf800, 0xf801, 0xf001, 0xf000, 0xf000, 0xf862, 0x8820, 0x3000, 0x3000, 0x2000, 0x1800, 0x0820, 0x0820, 0x0820, 0x0820, 0x0020, 0x0020, 0x0020, 0x0020, 0x0020, 0x0020, 0x0020, 0x0020, 0x0020, 0x0020, 0x0020, 0x0020, 0x0820, 0x0820, 0x0820, 0x1000, 0x1800, 0x2800, 0x4000, 0x6000, 0xf041, 0xf841, 0xf000, 0xf000, 0xf000, 0xf001, 0xf000, 0xf821, 0xf862, 0x9020, 0x3000, 0x3000, 0x1800, 0x1000, 0x0800, 0x0820, 0x0020, 0x0020, 0x0000, 0x0000, 0x10a2, 0x2104, 0x2104, 0x18c3, 0x39c7, 0x528a,
		0x4208, 0x2124, 0x18e3, 0x2124, 0x2124, 0x0000, 0x0000, 0x0820, 0x0020, 0x0820, 0x0820, 0x1000, 0x1800, 0x2800, 0x3000, 0x5000, 0xe841, 0xf841, 0xf800, 0xf000, 0xf801, 0xf001, 0xf000, 0xf001, 0xf862, 0x8820, 0x3000, 0x3000, 0x2000, 0x1800, 0x0800, 0x0820, 0x0820, 0x0020, 0x0020, 0x0020, 0x0020, 0x0020, 0x0020, 0x0020, 0x0020, 0x0020, 0x0020, 0x0020, 0x0020, 0x0020, 0x0820, 0x0820, 0x0820, 0x1000, 0x1800, 0x2800, 0x4000, 0x6000, 0xf041, 0xf841, 0xf800, 0xf000, 0xf000, 0xf000, 0xf000, 0xf821, 0xf862, 0x9000, 0x3800, 0x2800, 0x1800, 0x1000, 0x0800, 0x0820, 0x0020, 0x0020, 0x0000, 0x0000, 0x10a2, 0x2104, 0x2104, 0x18c3, 0x39a7, 0x5289,
		0x4208, 0x2124, 0x18e3, 0x2124, 0x2104, 0x0000, 0x0000, 0x0020, 0x0020, 0x0820, 0x0820, 0x1000, 0x1800, 0x2800, 0x3800, 0x5000, 0xe841, 0xf841, 0xf800, 0xf000, 0xf001, 0xf000, 0xf000, 0xf801, 0xf862, 0x8820, 0x3000, 0x3000, 0x2000, 0x1800, 0x0800, 0x0820, 0x0820, 0x0020, 0x0020, 0x0020, 0x0020, 0x0020, 0x0020, 0x0020, 0x0020, 0x0020, 0x0020, 0x0020, 0x0020, 0x0020, 0x0820, 0x0820, 0x0820, 0x1000, 0x1800, 0x3000, 0x4000, 0x6000, 0xf041, 0xf841, 0xf000, 0xf000, 0xf000, 0xf801, 0xf800, 0xf821, 0xf862, 0x8800, 0x3000, 0x2800, 0x1800, 0x1000, 0x0800, 0x0820, 0x0020, 0x0020, 0x0000, 0x0000, 0x10a2, 0x2104, 0x2104, 0x18c3, 0x31a6, 0x4a69,
		0x4208, 0x2124, 0x18e3, 0x2124, 0x2104, 0x0000, 0x0000, 0x0020, 0x0020, 0x0820, 0x0820, 0x1000, 0x1800, 0x2800, 0x3800, 0x5000, 0xe841, 0xf841, 0xf000, 0xf001, 0xf000, 0xf000, 0xf000, 0xf801, 0xf862, 0x8820, 0x3000, 0x3000, 0x2000, 0x1000, 0x0800, 0x0820, 0x0820, 0x0020, 0x0020, 0x0020, 0x0020, 0x0020, 0x0020, 0x0020, 0x0020, 0x0020, 0x0020, 0x0020, 0x0020, 0x0020, 0x0820, 0x0820, 0x0800, 0x1000, 0x1800, 0x3000, 0x4000, 0x5800, 0xf041, 0xf841, 0xf000, 0xf800, 0xf801, 0xf800, 0xf800, 0xf821, 0xf862, 0x8800, 0x3000, 0x2800, 0x1800, 0x1000, 0x0800, 0x0820, 0x0020, 0x0020, 0x0000, 0x0000, 0x1082, 0x2104, 0x2124, 0x18c3, 0x31a6, 0x4a69,
		0x4208, 0x2124, 0x18e3, 0x2124, 0x2104, 0x0000, 0x0000, 0x0020, 0x0020, 0x0820, 0x0820, 0x1000, 0x1800, 0x2800, 0x3800, 0x5000, 0xe841, 0xf841, 0xf001, 0xf001, 0xf001, 0xf001, 0xf800, 0xf821, 0xf862, 0x8820, 0x3000, 0x3000, 0x2000, 0x1000, 0x0800, 0x0820, 0x0820, 0x0020, 0x0020, 0x0020, 0x0020, 0x0020, 0x0020, 0x0020, 0x0020, 0x0020, 0x0020, 0x0020, 0x0020, 0x0820, 0x0820, 0x0820, 0x0800, 0x1000, 0x1800, 0x2800, 0x4000, 0x5800, 0xf041, 0xf841, 0xf000, 0xf000, 0xf001, 0xf801, 0xf000, 0xf821, 0xf862, 0x8800, 0x3000, 0x2800, 0x1800, 0x1000, 0x0800, 0x0820, 0x0020, 0x0020, 0x0000, 0x0000, 0x1082, 0x2104, 0x2124, 0x18c3, 0x31a6, 0x4a69,
		0x4208, 0x2124, 0x18e3, 0x2124, 0x2124, 0x0000, 0x0000, 0x0020, 0x0020, 0x0820, 0x0820, 0x1000, 0x1800, 0x2800, 0x3000, 0x5000, 0xe841, 0xf841, 0xf801, 0xf800, 0xf001, 0xf001, 0xf000, 0xf821, 0xf862, 0x8820, 0x3000, 0x3000, 0x2000, 0x1000, 0x0800, 0x0820, 0x0820, 0x0020, 0x0020, 0x0020, 0x0020, 0x0020, 0x0020, 0x0020, 0x0020, 0x0020, 0x0020, 0x0020, 0x0020, 0x0820, 0x0820, 0x0820, 0x0820, 0x1000, 0x1800, 0x2800, 0x4000, 0x6000, 0xf062, 0xf841, 0xf000, 0xf800, 0xf801, 0xf801, 0xf000, 0xf821, 0xf862, 0x9000, 0x3000, 0x2800, 0x1800, 0x1000, 0x0800, 0x0820, 0x0020, 0x0020, 0x0000, 0x0000, 0x1082, 0x2104, 0x2124, 0x18c3, 0x31a6, 0x4a49,
		0x4208, 0x2124, 0x18e3, 0x2124, 0x2124, 0x0000, 0x0000, 0x0020, 0x0020, 0x0820, 0x0800, 0x1000, 0x1800, 0x2800, 0x3800, 0x5800, 0xe861, 0xf841, 0xf801, 0xf001, 0xf001, 0xf001, 0xf000, 0xf821, 0xf862, 0x8820, 0x3000, 0x3000, 0x2000, 0x1000, 0x0800, 0x0820, 0x0820, 0x0020, 0x0020, 0x0020, 0x0820, 0x0020, 0x0020, 0x0020, 0x0020, 0x0820, 0x0020, 0x0020, 0x0020, 0x0820, 0x0820, 0x0820, 0x0820, 0x1000, 0x1800, 0x2800, 0x4000, 0x6000, 0xf061, 0xf841, 0xf800, 0xf801, 0xf801, 0xf801, 0xf800, 0xf821, 0xf862, 0x8800, 0x3800, 0x3000, 0x2000, 0x1000, 0x0800, 0x0820, 0x0020, 0x0020, 0x0000, 0x0000, 0x10a2, 0x2104, 0x2124, 0x18c3, 0x31a6, 0x4a49,
		0x39e7, 0x2124, 0x18e3, 0x2124, 0x2104, 0x0000, 0x0000, 0x0020, 0x0020, 0x0820, 0x0820, 0x1000, 0x1800, 0x2800, 0x3800, 0x5800, 0xe861, 0xf841, 0xf800, 0xf001, 0xf801, 0xf801, 0xf800, 0xf820, 0xf862, 0x8820, 0x3000, 0x3000, 0x2000, 0x1000, 0x0800, 0x0820, 0x0820, 0x0820, 0x0020, 0x0020, 0x0020, 0x0020, 0x0020, 0x0020, 0x0020, 0x0020, 0x0820, 0x0020, 0x0020, 0x0020, 0x0820, 0x0820, 0x0820, 0x1000, 0x1800, 0x2800, 0x3800, 0x6000, 0xf041, 0xf841, 0xf800, 0xf800, 0xf801, 0xf000, 0xf800, 0xf821, 0xf862, 0x8800, 0x3800, 0x2800, 0x2000, 0x1000, 0x0800, 0x0820, 0x0020, 0x0020, 0x0000, 0x0000, 0x10a2, 0x2124, 0x2124, 0x18c3, 0x31a6, 0x4a69,
		0x4208, 0x2124, 0x18e3, 0x2124, 0x2104, 0x0000, 0x0000, 0x0020, 0x0020, 0x0820, 0x0820, 0x1000, 0x1800, 0x2800, 0x3800, 0x5800, 0xe841, 0xf841, 0xf800, 0xf800, 0xf801, 0xf801, 0xf800, 0xf821, 0xf862, 0x8820, 0x3000, 0x3000, 0x2000, 0x1000, 0x0800, 0x0820, 0x0820, 0x0020, 0x0020, 0x0020, 0x0020, 0x0020, 0x0020, 0x0020, 0x0020, 0x0020, 0x0020, 0x0020, 0x0020, 0x0820, 0x0820, 0x0820, 0x0820, 0x1000, 0x1800, 0x2800, 0x3800, 0x5800, 0xf041, 0xf841, 0xf000, 0xf800, 0xf000, 0xf001, 0xf000, 0xf821, 0xf862, 0x8800, 0x3000, 0x2800, 0x1800, 0x1000, 0x0820, 0x0820, 0x0020, 0x0020, 0x0000, 0x0000, 0x10a2, 0x2124, 0x2124, 0x18c3, 0x31a6, 0x4a69,
		0x4228, 0x2124, 0x18e3, 0x2124, 0x2104, 0x0000, 0x0000, 0x0020, 0x0020, 0x0820, 0x0820, 0x1000, 0x1800, 0x2800, 0x3800, 0x5800, 0xe841, 0xf841, 0xf800, 0xf000, 0xf801, 0xf001, 0xf000, 0xf821, 0xf862, 0x8820, 0x3000, 0x3000, 0x2000, 0x1000, 0x0800, 0x0820, 0x0020, 0x0020, 0x0020, 0x0020, 0x0020, 0x0020, 0x0020, 0x0020, 0x0020, 0x0020, 0x0020, 0x0020, 0x0020, 0x0820, 0x0820, 0x0820, 0x0820, 0x1000, 0x1800, 0x2800, 0x3800, 0x5800, 0xf041, 0xf841, 0xf800, 0xf000, 0xf801, 0xf801, 0xf000, 0xf821, 0xf842, 0x8800, 0x3000, 0x2800, 0x1800, 0x1000, 0x0800, 0x0820, 0x0020, 0x0020, 0x0000, 0x0000, 0x10a2, 0x2124, 0x2104, 0x18c3, 0x31a6, 0x4a69,
		0x4228, 0x2124, 0x18e3, 0x2124, 0x2104, 0x0000, 0x0000, 0x0020, 0x0020, 0x0820, 0x0820, 0x1000, 0x1800, 0x2800, 0x3000, 0x5800, 0xe841, 0xf841, 0xf800, 0xf000, 0xf001, 0xf001, 0xf000, 0xf821, 0xf862, 0x8820, 0x3000, 0x3000, 0x2000, 0x1000, 0x0800, 0x0820, 0x0020, 0x0020, 0x0020, 0x0820, 0x0020, 0x0020, 0x0020, 0x0020, 0x0020, 0x0020, 0x0020, 0x0020, 0x0020, 0x0020, 0x0820, 0x0820, 0x0820, 0x1000, 0x1800, 0x2800, 0x3800, 0x6000, 0xf041, 0xf841, 0xf800, 0xf801, 0xf001, 0xf801, 0xf800, 0xf821, 0xf862, 0x8800, 0x3800, 0x2800, 0x1800, 0x1000, 0x0800, 0x0820, 0x0020, 0x0020, 0x0000, 0x0000, 0x10a2, 0x2104, 0x2104, 0x18c3, 0x31a6, 0x4a69,
		0x4208, 0x2124, 0x18e3, 0x2124, 0x2104, 0x0000, 0x0000, 0x0020, 0x0020, 0x0820, 0x0820, 0x1000, 0x1800, 0x2800, 0x3000, 0x5800, 0xe841, 0xf841, 0xf800, 0xf000, 0xf000, 0xf001, 0xf000, 0xf821, 0xf862, 0x8820, 0x3000, 0x3000, 0x2000, 0x1000, 0x0800, 0x0820, 0x0020, 0x0020, 0x0020, 0x0020, 0x0020, 0x0020, 0x0020, 0x0020, 0x0020, 0x0020, 0x0020, 0x0020, 0x0020, 0x0020, 0x0820, 0x0820, 0x0820, 0x1000, 0x1800, 0x3000, 0x4000, 0x6000, 0xf041, 0xf841, 0xf800, 0xf800, 0xf001, 0xf801, 0xf800, 0xf821, 0xf862, 0x8800, 0x3800, 0x3000, 0x1800, 0x1000, 0x0800, 0x0820, 0x0020, 0x0020, 0x0000, 0x0000, 0x10a2, 0x2124, 0x2124, 0x18e3, 0x31a6, 0x4a69,
		0x4228, 0x2124, 0x18e3, 0x2124, 0x2104, 0x0000, 0x0000, 0x0020, 0x0020, 0x0820, 0x0820, 0x0800, 0x1800, 0x2800, 0x3000, 0x5800, 0xe841, 0xf841, 0xf800, 0xf000, 0xf801, 0xf000, 0xf000, 0xf821, 0xf862, 0x8820, 0x3000, 0x3000, 0x2000, 0x1000, 0x0800, 0x0820, 0x0820, 0x0020, 0x0020, 0x0020, 0x0020, 0x0020, 0x0020, 0x0020, 0x0020, 0x0020, 0x0020, 0x0020, 0x0820, 0x0020, 0x0820, 0x0820, 0x0820, 0x1000, 0x1800, 0x3000, 0x3800, 0x6000, 0xf041, 0xf841, 0xf800, 0xf800, 0xf800, 0xf001, 0xf800, 0xf821, 0xf862, 0x8800, 0x3800, 0x3000, 0x1800, 0x1000, 0x0800, 0x0820, 0x0020, 0x0020, 0x0000, 0x0000, 0x10a2, 0x2124, 0x2124, 0x18c3, 0x31a6, 0x4a69,
		0x4228, 0x2124, 0x18e3, 0x2124, 0x2104, 0x0000, 0x0000, 0x0020, 0x0020, 0x0820, 0x0820, 0x1000, 0x1800, 0x2800, 0x3800, 0x5800, 0xe841, 0xf841, 0xf800, 0xf800, 0xf801, 0xf001, 0xf000, 0xf821, 0xf862, 0x8820, 0x3000, 0x3000, 0x2000, 0x1800, 0x1000, 0x0820, 0x0820, 0x0020, 0x0020, 0x0020, 0x0020, 0x0020, 0x0020, 0x0020, 0x0020, 0x0020, 0x0020, 0x0820, 0x0020, 0x0020, 0x0820, 0x0820, 0x0820, 0x1000, 0x1800, 0x3000, 0x3800, 0x6000, 0xf041, 0xf841, 0xf800, 0xf000, 0xf001, 0xf801, 0xf000, 0xf821, 0xf862, 0x8800, 0x3800, 0x3000, 0x2000, 0x1000, 0x0800, 0x0820, 0x0020, 0x0020, 0x0000, 0x0000, 0x10a2, 0x2124, 0x2124, 0x18c3, 0x31a6, 0x4a69,
		0x4228, 0x2124, 0x18e3, 0x2124, 0x2104, 0x0000, 0x0000, 0x0020, 0x0020, 0x0820, 0x0820, 0x1000, 0x1800, 0x2800, 0x3800, 0x5800, 0xe841, 0xf841, 0xf800, 0xf800, 0xf001, 0xf001, 0xf000, 0xf821, 0xf862, 0x8820, 0x3000, 0x3000, 0x2000, 0x1800, 0x1000, 0x0820, 0x0820, 0x0020, 0x0020, 0x0020, 0x0020, 0x0020, 0x0020, 0x0020, 0x0020, 0x0020, 0x0020, 0x0820, 0x0820, 0x0020, 0x0820, 0x0820, 0x0820, 0x1000, 0x1800, 0x2800, 0x3800, 0x6000, 0xf061, 0xf841, 0xf800, 0xf800, 0xf801, 0xf801, 0xf000, 0xf821, 0xf862, 0x8800, 0x3800, 0x3000, 0x2000, 0x1000, 0x0800, 0x0820, 0x0020, 0x0020, 0x0000, 0x0000, 0x10a2, 0x2104, 0x2104, 0x18c3, 0x31a6, 0x4a69,
		0x4228, 0x2124, 0x18e3, 0x2124, 0x2124, 0x0000, 0x0000, 0x0020, 0x0020, 0x0820, 0x0820, 0x1000, 0x1800, 0x2800, 0x3800, 0x5800, 0xe841, 0xf841, 0xf800, 0xf800, 0xf001, 0xf001, 0xf000, 0xf821, 0xf862, 0x9020, 0x3800, 0x3000, 0x2000, 0x1800, 0x1000, 0x0820, 0x0820, 0x0820, 0x0020, 0x0020, 0x0020, 0x0020, 0x0020, 0x0020, 0x0020, 0x0020, 0x0020, 0x0820, 0x0820, 0x0820, 0x0820, 0x0820, 0x0820, 0x1000, 0x1800, 0x2800, 0x3800, 0x6000, 0xf041, 0xf841, 0xf800, 0xf800, 0xf801, 0xf801, 0xf800, 0xf821, 0xf862, 0x9000, 0x3800, 0x3000, 0x2000, 0x1000, 0x0800, 0x0820, 0x0020, 0x0020, 0x0000, 0x0000, 0x10a2, 0x2104, 0x2104, 0x18c3, 0x31a6, 0x4a69,
		0x4228, 0x2124, 0x18e3, 0x2124, 0x2124, 0x0000, 0x0000, 0x0020, 0x0020, 0x0820, 0x0820, 0x1000, 0x1800, 0x2800, 0x3800, 0x5800, 0xe841, 0xf841, 0xf800, 0xf000, 0xf800, 0xf001, 0xf000, 0xf801, 0xf862, 0x8820, 0x3800, 0x3000, 0x2000, 0x1000, 0x0800, 0x0820, 0x0820, 0x0020, 0x0020, 0x0820, 0x0020, 0x0020, 0x0020, 0x0020, 0x0020, 0x0020, 0x0020, 0x0020, 0x0020, 0x0820, 0x0820, 0x0820, 0x0820, 0x1000, 0x1800, 0x2800, 0x3800, 0x6000, 0xf041, 0xf841, 0xf800, 0xf800, 0xf801, 0xf801, 0xf800, 0xf821, 0xf862, 0x8800, 0x3000, 0x3000, 0x2000, 0x1000, 0x0800, 0x0820, 0x0020, 0x0020, 0x0000, 0x0000, 0x10a2, 0x2124, 0x2104, 0x18c3, 0x31a6, 0x4a69,
		0x4228, 0x2124, 0x18e3, 0x2124, 0x2124, 0x0000, 0x0000, 0x0020, 0x0020, 0x0820, 0x0820, 0x1000, 0x1800, 0x2800, 0x3800, 0x5800, 0xe841, 0xf841, 0xf000, 0xf800, 0xf800, 0xf001, 0xf000, 0xf821, 0xf862, 0x8820, 0x3800, 0x3000, 0x2000, 0x1000, 0x0800, 0x0820, 0x0820, 0x0020, 0x0820, 0x0820, 0x0020, 0x0020, 0x0020, 0x0020, 0x0020, 0x0020, 0x0020, 0x0020, 0x0020, 0x0820, 0x0820, 0x0820, 0x0800, 0x1000, 0x1800, 0x2800, 0x3800, 0x6000, 0xf041, 0xf841, 0xf800, 0xf001, 0xf001, 0xf801, 0xf800, 0xf821, 0xf862, 0x9000, 0x3800, 0x3000, 0x2000, 0x1800, 0x0800, 0x0820, 0x0020, 0x0020, 0x0000, 0x0000, 0x10a2, 0x2124, 0x2104, 0x18c3, 0x31a6, 0x4a69,
		0x4228, 0x2124, 0x18e3, 0x2124, 0x2104, 0x0000, 0x0000, 0x0020, 0x0020, 0x0020, 0x0820, 0x1000, 0x1800, 0x2800, 0x3800, 0x5800, 0xe841, 0xf841, 0xf800, 0xf800, 0xf000, 0xf001, 0xf000, 0xf821, 0xf862, 0x8820, 0x3800, 0x3000, 0x2000, 0x1800, 0x0800, 0x0820, 0x0820, 0x0820, 0x0820, 0x0820, 0x0020, 0x0820, 0x0020, 0x0020, 0x0020, 0x0020, 0x0020, 0x0020, 0x0020, 0x0820, 0x0820, 0x0820, 0x0800, 0x1000, 0x1800, 0x3000, 0x3800, 0x6000, 0xf061, 0xf841, 0xf800, 0xf000, 0xf001, 0xf001, 0xf000, 0xf821, 0xf862, 0x9000, 0x3800, 0x3000, 0x2000, 0x1800, 0x0800, 0x0820, 0x0020, 0x0020, 0x0000, 0x0000, 0x10a2, 0x2104, 0x2104, 0x18c3, 0x31a6, 0x4a69,
		0x4228, 0x2124, 0x18e3, 0x2124, 0x2104, 0x0000, 0x0000, 0x0020, 0x0020, 0x0020, 0x0820, 0x1000, 0x1800, 0x2800, 0x3800, 0x5800, 0xe841, 0xf841, 0xf800, 0xf000, 0xf001, 0xf001, 0xf000, 0xf821, 0xf862, 0x8820, 0x3000, 0x3000, 0x2000, 0x1000, 0x0800, 0x0820, 0x0820, 0x0820, 0x0820, 0x0820, 0x0020, 0x0020, 0x0820, 0x0820, 0x0020, 0x0820, 0x0020, 0x0820, 0x0820, 0x0820, 0x0820, 0x0820, 0x0800, 0x1000, 0x1800, 0x3000, 0x3800, 0x6000, 0xf041, 0xf841, 0xf800, 0xf800, 0xf800, 0xf001, 0xf800, 0xf821, 0xf862, 0x8800, 0x3000, 0x3000, 0x2000, 0x1000, 0x0800, 0x0820, 0x0020, 0x0020, 0x0000, 0x0000, 0x10a2, 0x2104, 0x2104, 0x18c3, 0x31a6, 0x4a69,
		0x4228, 0x2124, 0x18e3, 0x2124, 0x2124, 0x0000, 0x0000, 0x0020, 0x0020, 0x0020, 0x0820, 0x1000, 0x1800, 0x2800, 0x3800, 0x5800, 0xe841, 0xf841, 0xf800, 0xf001, 0xf000, 0xf000, 0xf000, 0xf821, 0xf862, 0x8820, 0x3800, 0x3000, 0x2000, 0x1000, 0x0800, 0x0820, 0x0820, 0x0820, 0x0820, 0x0820, 0x0820, 0x0820, 0x0820, 0x0820, 0x0820, 0x0820, 0x0820, 0x0820, 0x0820, 0x0820, 0x0820, 0x0820, 0x0800, 0x1000, 0x1800, 0x2800, 0x3800, 0x6000, 0xf041, 0xf841, 0xf800, 0xf800, 0xf800, 0xf801, 0xf000, 0xf821, 0xf862, 0x8800, 0x3000, 0x3000, 0x2000, 0x1000, 0x0800, 0x0820, 0x0020, 0x0020, 0x0000, 0x0000, 0x10a2, 0x2104, 0x2104, 0x18c3, 0x31a6, 0x4a49,
		0x4228, 0x2124, 0x18e3, 0x2124, 0x2104, 0x0000, 0x0000, 0x0020, 0x0020, 0x0820, 0x0820, 0x1000, 0x1800, 0x2800, 0x3800, 0x5800, 0xe841, 0xf841, 0xf800, 0xf801, 0xf000, 0xf000, 0xf800, 0xf821, 0xf862, 0x8820, 0x3000, 0x3000, 0x2000, 0x1800, 0x1000, 0x0820, 0x0820, 0x0820, 0x0820, 0x0820, 0x0820, 0x0820, 0x0820, 0x0820, 0x0820, 0x0820, 0x0820, 0x0820, 0x0820, 0x0820, 0x0820, 0x0800, 0x0800, 0x1000, 0x1800, 0x2800, 0x3800, 0x6000, 0xf861, 0xf841, 0xf000, 0xf000, 0xf001, 0xf801, 0xf800, 0xf821, 0xf862, 0x8800, 0x3000, 0x3000, 0x2000, 0x1000, 0x0800, 0x0820, 0x0020, 0x0020, 0x0000, 0x0000, 0x10a2, 0x2104, 0x2104, 0x18c3, 0x31a6, 0x4a49,
		0x4228, 0x2124, 0x18e3, 0x2124, 0x2104, 0x0000, 0x0000, 0x0020, 0x0020, 0x0820, 0x0820, 0x1000, 0x1800, 0x2800, 0x3800, 0x5000, 0xe841, 0xf841, 0xf800, 0xf801, 0xf001, 0xf001, 0xf000, 0xf821, 0xf862, 0x8820, 0x3000, 0x3000, 0x2000, 0x1800, 0x1000, 0x0800, 0x0800, 0x0800, 0x0800, 0x0800, 0x0800, 0x0820, 0x0820, 0x0820, 0x0820, 0x0820, 0x0820, 0x0800, 0x0820, 0x0800, 0x0800, 0x0800, 0x1000, 0x1000, 0x1800, 0x2800, 0x3800, 0x6000, 0xf861, 0xf841, 0xf800, 0xf000, 0xf001, 0xf801, 0xf800, 0xf821, 0xf862, 0x8800, 0x3000, 0x3000, 0x1800, 0x1000, 0x0800, 0x0820, 0x0020, 0x0020, 0x0000, 0x0000, 0x10a2, 0x2104, 0x2104, 0x18c3, 0x31a6, 0x4a49,
		0x4228, 0x2924, 0x18e3, 0x2124, 0x2104, 0x0000, 0x0000, 0x0020, 0x0020, 0x0820, 0x0820, 0x1000, 0x1800, 0x2000, 0x3000, 0x5000, 0xe841, 0xf841, 0xf800, 0xf801, 0xf001, 0xf001, 0xf000, 0xf821, 0xf882, 0x8820, 0x3000, 0x3000, 0x2000, 0x1800, 0x1000, 0x1000, 0x1000, 0x1000, 0x1000, 0x1000, 0x1000, 0x1000, 0x1000, 0x1000, 0x1000, 0x1000, 0x1000, 0x1000, 0x0800, 0x1000, 0x1000, 0x1000, 0x1000, 0x1800, 0x1800, 0x2800, 0x3800, 0x5800, 0xf061, 0xf841, 0xf800, 0xf000, 0xf000, 0xf801, 0xf800, 0xf821, 0xf862, 0x8000, 0x3000, 0x3000, 0x1800, 0x1000, 0x0800, 0x0820, 0x0020, 0x0020, 0x0000, 0x0000, 0x10a2, 0x2104, 0x2104, 0x18c3, 0x31a6, 0x4a69,
		0x4228, 0x2945, 0x18e3, 0x2124, 0x2104, 0x0000, 0x0000, 0x0820, 0x0020, 0x0020, 0x0820, 0x0820, 0x1000, 0x2000, 0x2800, 0x5800, 0xf862, 0xf861, 0xf800, 0xf800, 0xf001, 0xf001, 0xf000, 0xf820, 0xf882, 0x9020, 0x2800, 0x3000, 0x2000, 0x1800, 0x1800, 0x1800, 0x1800, 0x1800, 0x1800, 0x1800, 0x1800, 0x1800, 0x1800, 0x1800, 0x1800, 0x1800, 0x1800, 0x1800, 0x1000, 0x1800, 0x1800, 0x1800, 0x1800, 0x1800, 0x2000, 0x3000, 0x3000, 0x6000, 0xf882, 0xf861, 0xf000, 0xf001, 0xf801, 0xf801, 0xf000, 0xf821, 0xf882, 0x9800, 0x3000, 0x2800, 0x1800, 0x1000, 0x0820, 0x0820, 0x0020, 0x0020, 0x0000, 0x0000, 0x10a2, 0x2104, 0x2104, 0x18c3, 0x31a6, 0x4a69,
		0x4228, 0x2945, 0x18e3, 0x2124, 0x2124, 0x0000, 0x0000, 0x0820, 0x0020, 0x0020, 0x0820, 0x0820, 0x1000, 0x1800, 0x3000, 0x5800, 0xd041, 0xf041, 0xf821, 0xf800, 0xf000, 0xf800, 0xf821, 0xf041, 0xe841, 0x7800, 0x3000, 0x3000, 0x2800, 0x2000, 0x2000, 0x2000, 0x2000, 0x2000, 0x2000, 0x2000, 0x2000, 0x2000, 0x2000, 0x2000, 0x2000, 0x2000, 0x2000, 0x2000, 0x2000, 0x2000, 0x2000, 0x2000, 0x2000, 0x2800, 0x2800, 0x3000, 0x3800, 0x5800, 0xd841, 0xf061, 0xf821, 0xf000, 0xf000, 0xf800, 0xf821, 0xf021, 0xe841, 0x8000, 0x3000, 0x2800, 0x1800, 0x1000, 0x0820, 0x0820, 0x0020, 0x0020, 0x0000, 0x0000, 0x10a2, 0x2104, 0x2104, 0x18c3, 0x31a6, 0x4a69,
		0x4228, 0x2945, 0x18e3, 0x2124, 0x2104, 0x0000, 0x0000, 0x0820, 0x0020, 0x0020, 0x0820, 0x0820, 0x1000, 0x1800, 0x3000, 0x4800, 0x3800, 0x9841, 0xf8a3, 0xf821, 0xf000, 0xf000, 0xf882, 0xe082, 0x4800, 0x5000, 0x4800, 0x3800, 0x3800, 0x3000, 0x3000, 0x3000, 0x3000, 0x3000, 0x3000, 0x3000, 0x3000, 0x3000, 0x3000, 0x3000, 0x3000, 0x3000, 0x3000, 0x3000, 0x3000, 0x3000, 0x3000, 0x3000, 0x3000, 0x3800, 0x3800, 0x3800, 0x4800, 0x5000, 0x4000, 0xb041, 0xf882, 0xf820, 0xf000, 0xf800, 0xf882, 0xd841, 0x5000, 0x4800, 0x3800, 0x2000, 0x1000, 0x0820, 0x0820, 0x0820, 0x0020, 0x0020, 0x0000, 0x0000, 0x10a2, 0x2104, 0x2104, 0x18e3, 0x31a6, 0x5269,
		0x4228, 0x2124, 0x18e3, 0x2124, 0x2104, 0x0000, 0x0000, 0x0820, 0x0020, 0x0020, 0x0820, 0x0820, 0x0800, 0x1000, 0x2800, 0x3000, 0x3000, 0x8020, 0xf861, 0xf800, 0xf821, 0xf862, 0xe841, 0xb020, 0x5000, 0x4800, 0x3800, 0x3800, 0x3800, 0x3800, 0x3800, 0x3800, 0x3800, 0x3800, 0x3800, 0x4000, 0x4000, 0x3800, 0x3800, 0x3800, 0x3800, 0x4000, 0x3800, 0x4000, 0x3800, 0x3800, 0x4000, 0x4000, 0x3800, 0x4000, 0x3800, 0x4000, 0x3800, 0x4000, 0x4800, 0x8800, 0xe021, 0xf841, 0xf821, 0xf800, 0xf841, 0xb020, 0x4000, 0x3800, 0x3000, 0x1800, 0x1000, 0x0820, 0x0820, 0x0020, 0x0020, 0x0020, 0x0000, 0x0000, 0x10a2, 0x2124, 0x2104, 0x18c3, 0x31a6, 0x528a,
		0x4228, 0x2124, 0x18e3, 0x2124, 0x2124, 0x0000, 0x0000, 0x0020, 0x0020, 0x0020, 0x0820, 0x0820, 0x0820, 0x1000, 0x1800, 0x2800, 0x4000, 0x6800, 0xc000, 0xf000, 0xf821, 0xf882, 0x9020, 0x4000, 0x6000, 0x5800, 0x7000, 0x9000, 0x8800, 0x8800, 0x8800, 0x8800, 0x8800, 0x8800, 0x8800, 0x8800, 0x8800, 0x8800, 0x8800, 0x8800, 0x8000, 0x8800, 0x8800, 0x8800, 0x8800, 0x8800, 0x8800, 0x8800, 0x8800, 0x8000, 0x8000, 0x8800, 0x7800, 0x6800, 0x6000, 0x5000, 0x6000, 0xf062, 0xf861, 0xf800, 0xd000, 0x7000, 0x4800, 0x3000, 0x2000, 0x1800, 0x1000, 0x0820, 0x0820, 0x0020, 0x0020, 0x0820, 0x0000, 0x0000, 0x10a2, 0x2104, 0x2124, 0x18c3, 0x39a6, 0x528a,
		0x4208, 0x2124, 0x18e3, 0x2124, 0x2124, 0x0000, 0x0000, 0x0020, 0x0020, 0x0020, 0x0020, 0x0820, 0x0820, 0x0820, 0x1000, 0x2000, 0x3000, 0x4000, 0x3800, 0xe062, 0xf861, 0xb800, 0x6800, 0x5000, 0x3000, 0x9820, 0xf862, 0xf862, 0xf862, 0xf862, 0xf862, 0xf861, 0xf862, 0xf862, 0xf862, 0xf861, 0xf861, 0xf862, 0xf862, 0xf862, 0xf861, 0xf861, 0xf861, 0xf861, 0xf862, 0xf862, 0xf861, 0xf861, 0xf861, 0xf862, 0xf862, 0xf861, 0xf862, 0xd041, 0x3800, 0x4800, 0x5800, 0xa000, 0xe821, 0xf862, 0x7800, 0x3800, 0x3800, 0x2800, 0x1800, 0x1000, 0x0820, 0x0820, 0x0020, 0x0020, 0x0020, 0x0020, 0x0000, 0x0000, 0x10a2, 0x2124, 0x2124, 0x18c3, 0x39a7, 0x4a69,
		0x4208, 0x2124, 0x18e3, 0x2124, 0x2104, 0x0000, 0x0000, 0x0020, 0x0020, 0x0020, 0x0020, 0x0820, 0x0820, 0x0820, 0x1000, 0x1800, 0x2000, 0x2800, 0x2800, 0xc841, 0xe041, 0x3800, 0x5800, 0x5800, 0x7000, 0xd021, 0xf841, 0xf841, 0xf841, 0xf841, 0xf841, 0xf841, 0xf841, 0xf841, 0xf841, 0xf841, 0xf841, 0xf841, 0xf841, 0xf841, 0xf841, 0xf841, 0xf841, 0xf841, 0xf841, 0xf841, 0xf841, 0xf841, 0xf841, 0xf841, 0xf841, 0xf841, 0xf841, 0xf041, 0x9000, 0x6000, 0x6000, 0x3800, 0x8800, 0xf841, 0x6800, 0x3000, 0x3000, 0x2000, 0x1800, 0x1020, 0x0820, 0x0020, 0x0020, 0x0020, 0x0020, 0x0020, 0x0000, 0x0000, 0x10a2, 0x2124, 0x2124, 0x18c3, 0x31a6, 0x4a69,
		0x4208, 0x2124, 0x18e3, 0x2124, 0x2124, 0x0000, 0x0000, 0x0020, 0x0020, 0x0020, 0x0020, 0x0020, 0x0820, 0x0820, 0x0820, 0x1000, 0x1800, 0x2000, 0x3800, 0x5800, 0x6800, 0x5800, 0x4800, 0x5000, 0xe861, 0xf841, 0xf000, 0xf000, 0xf000, 0xf000, 0xf000, 0xf000, 0xf000, 0xf000, 0xf000, 0xf000, 0xf000, 0xf000, 0xf000, 0xf000, 0xf000, 0xf000, 0xf000, 0xf000, 0xf000, 0xf000, 0xf000, 0xf000, 0xf000, 0xf000, 0xf000, 0xf000, 0xf000, 0xf821, 0xf882, 0x8800, 0x4000, 0x5000, 0x5800, 0x6800, 0x5800, 0x3800, 0x2000, 0x1800, 0x1000, 0x0820, 0x0820, 0x0820, 0x0020, 0x0020, 0x0020, 0x0020, 0x0000, 0x0000, 0x10a2, 0x2124, 0x2104, 0x18c3, 0x31a6, 0x4a69,
		0x4208, 0x2124, 0x18e3, 0x2124, 0x2124, 0x0000, 0x0000, 0x0020, 0x0020, 0x0020, 0x0020, 0x0020, 0x0020, 0x0820, 0x0820, 0x0820, 0x1000, 0x2000, 0x2800, 0x3000, 0x3800, 0x5000, 0x5000, 0x9000, 0xf882, 0xf821, 0xf000, 0xf000, 0xf001, 0xf000, 0xf001, 0xf000, 0xf000, 0xf001, 0xf000, 0xf001, 0xf000, 0xf000, 0xf000, 0xf001, 0xf000, 0xf000, 0xf000, 0xf001, 0xf001, 0xf001, 0xf801, 0xf001, 0xf000, 0xf001, 0xf000, 0xf000, 0xf000, 0xf000, 0xf862, 0xc021, 0x5000, 0x5000, 0x4800, 0x3800, 0x3800, 0x3000, 0x2000, 0x1000, 0x0800, 0x0820, 0x0820, 0x0020, 0x0020, 0x0020, 0x0020, 0x0020, 0x0000, 0x0000, 0x10a2, 0x2124, 0x2104, 0x18c3, 0x31a6, 0x4a69,
		0x4208, 0x2124, 0x18e3, 0x2124, 0x2124, 0x0000, 0x0000, 0x0020, 0x0020, 0x0020, 0x0020, 0x0020, 0x0020, 0x0820, 0x0820, 0x0820, 0x1000, 0x1800, 0x2000, 0x3000, 0x3800, 0x4000, 0xb821, 0xf861, 0xf821, 0xf001, 0xf000, 0xf001, 0xf001, 0xf000, 0xf000, 0xf000, 0xf001, 0xf001, 0xf000, 0xf000, 0xf001, 0xf000, 0xf000, 0xf001, 0xf800, 0xf000, 0xf000, 0xf001, 0xf001, 0xf801, 0xf001, 0xf001, 0xf000, 0xf000, 0xf000, 0xf000, 0xf001, 0xf000, 0xf821, 0xf841, 0xe041, 0x5000, 0x4000, 0x3000, 0x3800, 0x3000, 0x2000, 0x1000, 0x0800, 0x0820, 0x0820, 0x0020, 0x0020, 0x0020, 0x0020, 0x0020, 0x0000, 0x0000, 0x10a2, 0x2124, 0x2104, 0x18c3, 0x31a6, 0x4a49,
		0x4208, 0x2945, 0x18e3, 0x2124, 0x2124, 0x0000, 0x0000, 0x0020, 0x0020, 0x0020, 0x0020, 0x0020, 0x0020, 0x0820, 0x0820, 0x0820, 0x0820, 0x1000, 0x1800, 0x2800, 0x3000, 0x3000, 0xd061, 0xf882, 0xf800, 0xf800, 0xf001, 0xf001, 0xf000, 0xf000, 0xf000, 0xf000, 0xf000, 0xf000, 0xf000, 0xf000, 0xf001, 0xf000, 0xf000, 0xf001, 0xf000, 0xf000, 0xf000, 0xf000, 0xf001, 0xf001, 0xf000, 0xf001, 0xf000, 0xf000, 0xf000, 0xf001, 0xf800, 0xf001, 0xf800, 0xf841, 0xf062, 0x5000, 0x5800, 0x7800, 0x4800, 0x3000, 0x2800, 0x1800, 0x1000, 0x0820, 0x0820, 0x0020, 0x0020, 0x0020, 0x0020, 0x0020, 0x0000, 0x0000, 0x10a2, 0x2104, 0x2104, 0x18c3, 0x31a6, 0x4a49,
		0x4208, 0x2925, 0x18e3, 0x2124, 0x2124, 0x0000, 0x0000, 0x0020, 0x0020, 0x0020, 0x0020, 0x0020, 0x0020, 0x0020, 0x0820, 0x0820, 0x0820, 0x0820, 0x1000, 0x2000, 0x2800, 0x4000, 0x6000, 0xa820, 0xf862, 0xf821, 0xf000, 0xf800, 0xf000, 0xf000, 0xf000, 0xf000, 0xf000, 0xf000, 0xf000, 0xf000, 0xf000, 0xf000, 0xf000, 0xf000, 0xf000, 0xf000, 0xf000, 0xf000, 0xf000, 0xf000, 0xf000, 0xf000, 0xf000, 0xf000, 0xf000, 0xf000, 0xf000, 0xf821, 0xf862, 0xc021, 0x7000, 0x3800, 0x8800, 0xf861, 0x6000, 0x2800, 0x3000, 0x2000, 0x1800, 0x0800, 0x0800, 0x0820, 0x0020, 0x0020, 0x0020, 0x0020, 0x0000, 0x0000, 0x1082, 0x2104, 0x2124, 0x18c3, 0x31a6, 0x4a49,
		0x4208, 0x2124, 0x18e3, 0x2924, 0x2124, 0x0000, 0x0000, 0x0020, 0x0020, 0x0020, 0x0020, 0x0020, 0x0020, 0x0820, 0x0820, 0x0820, 0x0820, 0x0820, 0x1000, 0x1000, 0x2000, 0x3800, 0x3000, 0x6000, 0xf862, 0xf841, 0xf800, 0xf800, 0xf800, 0xf800, 0xf000, 0xf000, 0xf000, 0xf000, 0xf000, 0xf000, 0xf800, 0xf800, 0xf800, 0xf800, 0xf800, 0xf000, 0xf000, 0xf000, 0xf000, 0xf000, 0xf800, 0xf800, 0xf000, 0xf800, 0xf800, 0xf800, 0xf000, 0xf821, 0xf882, 0x8800, 0x4000, 0xa020, 0xe841, 0xf862, 0x9000, 0x4000, 0x3800, 0x2800, 0x1800, 0x1000, 0x0800, 0x0820, 0x0820, 0x0020, 0x0020, 0x0020, 0x0000, 0x0000, 0x1082, 0x2104, 0x2124, 0x18c3, 0x31a6, 0x4a49,
		0x4208, 0x2124, 0x18e3, 0x2124, 0x2104, 0x0000, 0x0000, 0x0020, 0x0020, 0x0020, 0x0020, 0x0020, 0x0020, 0x0020, 0x0020, 0x0020, 0x0820, 0x0820, 0x0820, 0x1000, 0x1800, 0x2000, 0x3800, 0x4800, 0x6000, 0xc821, 0xf862, 0xf841, 0xf841, 0xf841, 0xf841, 0xf841, 0xf841, 0xf841, 0xf841, 0xf841, 0xf841, 0xf841, 0xf841, 0xf841, 0xf841, 0xf841, 0xf841, 0xf841, 0xf841, 0xf841, 0xf841, 0xf841, 0xf841, 0xf861, 0xf841, 0xf841, 0xf862, 0xe841, 0x7000, 0x5800, 0x5000, 0xf882, 0xf882, 0xf821, 0xf000, 0x9000, 0x3800, 0x3000, 0x2000, 0x1800, 0x1000, 0x0800, 0x0820, 0x0820, 0x0020, 0x0020, 0x0000, 0x0000, 0x1082, 0x2104, 0x2104, 0x18c3, 0x31a6, 0x4a69,
		0x4208, 0x2124, 0x18e3, 0x2124, 0x2104, 0x0000, 0x0000, 0x0020, 0x0020, 0x0020, 0x0020, 0x0020, 0x0020, 0x0020, 0x0020, 0x0020, 0x0020, 0x0820, 0x0820, 0x1020, 0x1000, 0x1800, 0x2800, 0x3800, 0x2000, 0xa841, 0xf062, 0xe041, 0xe041, 0xe041, 0xe041, 0xe041, 0xe041, 0xe041, 0xe041, 0xe041, 0xe041, 0xe041, 0xe041, 0xe041, 0xe041, 0xe041, 0xe041, 0xe041, 0xe041, 0xe041, 0xe041, 0xe041, 0xe041, 0xe041, 0xe041, 0xe041, 0xf062, 0xb821, 0x2800, 0x7800, 0xd820, 0xf861, 0xf841, 0xf800, 0xf862, 0xd041, 0x3000, 0x3800, 0x3000, 0x2000, 0x1000, 0x0800, 0x0820, 0x0820, 0x0020, 0x0020, 0x0000, 0x0000, 0x1082, 0x2104, 0x2104, 0x18c3, 0x31a6, 0x4a69,
		0x4208, 0x2945, 0x18e3, 0x2124, 0x2124, 0x0000, 0x0000, 0x0020, 0x0020, 0x0020, 0x0020, 0x0020, 0x0020, 0x0020, 0x0020, 0x0020, 0x0020, 0x0820, 0x0820, 0x0820, 0x1000, 0x1000, 0x1800, 0x2800, 0x4000, 0x5000, 0x6000, 0x5000, 0x5800, 0x5800, 0x5800, 0x5800, 0x5800, 0x5800, 0x5800, 0x5800, 0x5800, 0x5800, 0x5800, 0x5800, 0x5800, 0x5800, 0x5800, 0x5800, 0x5800, 0x5800, 0x6000, 0x6000, 0x5800, 0x5800, 0x5800, 0x5000, 0x6000, 0x6000, 0x6000, 0xc041, 0xf8a3, 0xf821, 0xf000, 0xf800, 0xf862, 0xe841, 0xb800, 0x5800, 0x3800, 0x2000, 0x1800, 0x0820, 0x0820, 0x0820, 0x0020, 0x0820, 0x0000, 0x0000, 0x10a2, 0x2104, 0x2124, 0x18c3, 0x31a6, 0x4a69,
		0x4228, 0x2945, 0x18e3, 0x2124, 0x2104, 0x0000, 0x0000, 0x0020, 0x0020, 0x0020, 0x0020, 0x0020, 0x0020, 0x0020, 0x0020, 0x0020, 0x0020, 0x0820, 0x0820, 0x0820, 0x0820, 0x1000, 0x1000, 0x1800, 0x2800, 0x2800, 0x2800, 0x3000, 0x3000, 0x3000, 0x3800, 0x3800, 0x3800, 0x3800, 0x3800, 0x3800, 0x3800, 0x3800, 0x3800, 0x3800, 0x3800, 0x3800, 0x3800, 0x3800, 0x3800, 0x3800, 0x3800, 0x3800, 0x3800, 0x4000, 0x4000, 0x4000, 0x3800, 0x5800, 0xe041, 0xf841, 0xf841, 0xf001, 0xf001, 0xf801, 0xf001, 0xf841, 0xf882, 0x8800, 0x3000, 0x2800, 0x1800, 0x1000, 0x0820, 0x0820, 0x0020, 0x0020, 0x0000, 0x0000, 0x10a2, 0x2124, 0x2124, 0x18c3, 0x31a6, 0x4a69,
		0x4228, 0x2944, 0x18e3, 0x2124, 0x2104, 0x0000, 0x0000, 0x0020, 0x0020, 0x0020, 0x0020, 0x0020, 0x0020, 0x0020, 0x0020, 0x0020, 0x0020, 0x0020, 0x0820, 0x0820, 0x0820, 0x0820, 0x1000, 0x1000, 0x1800, 0x2000, 0x2800, 0x2800, 0x2800, 0x2800, 0x2800, 0x2800, 0x2800, 0x2800, 0x2800, 0x2800, 0x3000, 0x2800, 0x2800, 0x2800, 0x3000, 0x3000, 0x2800, 0x2800, 0x2800, 0x3000, 0x3000, 0x3000, 0x3000, 0x3800, 0x3800, 0x4000, 0x4000, 0x6000, 0xf882, 0xf841, 0xf000, 0xf001, 0xf001, 0xf801, 0xf000, 0xf821, 0xf882, 0x8820, 0x3000, 0x3000, 0x1800, 0x1000, 0x0800, 0x0820, 0x0020, 0x0020, 0x0000, 0x0000, 0x10a2, 0x2124, 0x2104, 0x18c3, 0x31a6, 0x4a69,
		0x4228, 0x2924, 0x18e3, 0x2124, 0x2104, 0x0000, 0x0000, 0x0020, 0x0020, 0x0020, 0x0020, 0x0020, 0x0020, 0x0020, 0x0020, 0x0020, 0x0020, 0x0020, 0x0020, 0x0820, 0x0820, 0x0820, 0x0820, 0x1000, 0x1000, 0x1800, 0x1800, 0x1800, 0x1800, 0x2000, 0x2000, 0x2000, 0x2000, 0x2000, 0x2000, 0x2000, 0x2000, 0x2000, 0x2000, 0x2000, 0x2000, 0x2000, 0x2000, 0x2000, 0x2000, 0x2000, 0x2000, 0x2000, 0x2000, 0x2800, 0x2800, 0x3000, 0x4000, 0x6000, 0xf061, 0xf841, 0xf000, 0xf001, 0xf001, 0xf001, 0xf000, 0xf821, 0xf862, 0x8020, 0x3800, 0x3000, 0x1800, 0x1000, 0x0800, 0x0820, 0x0020, 0x0020, 0x0000, 0x0000, 0x10a2, 0x2104, 0x2104, 0x18c3, 0x31a6, 0x4a69,
		0x4228, 0x2124, 0x18e3, 0x2124, 0x2104, 0x0000, 0x0000, 0x0020, 0x0020, 0x0020, 0x0020, 0x0020, 0x0020, 0x0020, 0x0020, 0x0020, 0x0020, 0x0020, 0x0020, 0x0020, 0x0820, 0x0820, 0x0820, 0x0820, 0x0820, 0x1000, 0x1000, 0x1000, 0x1000, 0x1800, 0x1000, 0x1000, 0x1000, 0x1000, 0x1800, 0x1800, 0x1000, 0x1000, 0x1000, 0x1000, 0x1000, 0x1000, 0x1000, 0x1000, 0x1800, 0x1800, 0x1800, 0x1800, 0x1800, 0x2000, 0x2000, 0x3000, 0x3800, 0x5800, 0xf041, 0xf841, 0xf000, 0xf801, 0xf001, 0xf001, 0xf000, 0xf821, 0xf862, 0x8800, 0x3800, 0x3000, 0x1800, 0x1000, 0x0820, 0x0820, 0x0020, 0x0020, 0x0000, 0x0000, 0x10a2, 0x2104, 0x2104, 0x18c3, 0x31a6, 0x4a49,
		0x4228, 0x2124, 0x18e3, 0x2124, 0x2104, 0x0000, 0x0000, 0x0020, 0x0020, 0x0020, 0x0020, 0x0020, 0x0020, 0x0020, 0x0020, 0x0020, 0x0020, 0x0020, 0x0020, 0x0020, 0x0020, 0x0020, 0x0820, 0x0820, 0x0820, 0x0820, 0x0820, 0x0820, 0x1020, 0x1020, 0x1000, 0x1000, 0x1000, 0x1020, 0x1000, 0x0800, 0x1000, 0x1000, 0x0820, 0x1000, 0x1000, 0x1000, 0x0800, 0x0800, 0x0800, 0x1000, 0x1000, 0x1000, 0x1000, 0x1800, 0x2000, 0x2800, 0x3800, 0x5800, 0xf041, 0xf841, 0xf000, 0xf801, 0xf801, 0xf801, 0xf001, 0xf821, 0xf862, 0x8800, 0x3800, 0x3000, 0x2000, 0x1000, 0x0820, 0x0820, 0x0020, 0x0820, 0x0000, 0x0000, 0x10a2, 0x2104, 0x2104, 0x18c3, 0x31a6, 0x4a49,
		0x4228, 0x2945, 0x18e3, 0x2124, 0x2104, 0x0000, 0x0000, 0x0020, 0x0020, 0x0020, 0x0020, 0x0020, 0x0020, 0x0020, 0x0020, 0x0020, 0x0020, 0x0020, 0x0020, 0x0020, 0x0020, 0x0020, 0x0020, 0x0020, 0x0820, 0x0820, 0x0820, 0x0820, 0x0820, 0x0820, 0x0820, 0x0820, 0x0820, 0x0820, 0x0820, 0x0820, 0x0820, 0x0820, 0x0820, 0x0820, 0x0820, 0x0820, 0x0820, 0x0820, 0x0820, 0x0820, 0x0820, 0x0820, 0x1000, 0x1000, 0x1800, 0x2800, 0x3800, 0x5800, 0xf061, 0xf841, 0xf000, 0xf801, 0xf801, 0xf801, 0xf000, 0xf821, 0xf862, 0x8000, 0x3000, 0x3000, 0x2000, 0x1000, 0x0800, 0x0820, 0x0020, 0x0820, 0x0000, 0x0000, 0x10a2, 0x2104, 0x2104, 0x18c3, 0x31a6, 0x4a49,
		0x4208, 0x2124, 0x18e3, 0x2124, 0x2104, 0x0000, 0x0000, 0x0020, 0x0020, 0x0020, 0x0020, 0x0020, 0x0020, 0x0020, 0x0020, 0x0020, 0x0020, 0x0020, 0x0020, 0x0020, 0x0020, 0x0020, 0x0020, 0x0020, 0x0020, 0x0820, 0x0820, 0x0820, 0x0820, 0x0820, 0x0820, 0x0820, 0x0820, 0x0820, 0x0820, 0x0820, 0x0820, 0x0820, 0x0820, 0x0820, 0x0820, 0x0820, 0x0820, 0x0820, 0x0820, 0x0820, 0x0820, 0x0820, 0x0800, 0x1000, 0x1800, 0x2800, 0x3800, 0x6000, 0xf041, 0xf841, 0xf800, 0xf801, 0xf801, 0xf801, 0xf800, 0xf821, 0xf862, 0x8000, 0x3000, 0x3000, 0x2000, 0x1000, 0x0800, 0x0820, 0x0020, 0x0020, 0x0000, 0x0000, 0x1082, 0x2104, 0x2104, 0x18c3, 0x31a6, 0x4a49,
		0x4208, 0x2124, 0x18e3, 0x2124, 0x2104, 0x0000, 0x0000, 0x0020, 0x0020, 0x0020, 0x0020, 0x0020, 0x0020, 0x0020, 0x0020, 0x0020, 0x0020, 0x0020, 0x0020, 0x0020, 0x0020, 0x0020, 0x0020, 0x0020, 0x0020, 0x0020, 0x0020, 0x0020, 0x0020, 0x0020, 0x0020, 0x0020, 0x0820, 0x0820, 0x0820, 0x0020, 0x0820, 0x0820, 0x0820, 0x0820, 0x0820, 0x0820, 0x0820, 0x0820, 0x0820, 0x0820, 0x0820, 0x0820, 0x0800, 0x1000, 0x1800, 0x2800, 0x3800, 0x6000, 0xf041, 0xf841, 0xf800, 0xf801, 0xf801, 0xf801, 0xf800, 0xf821, 0xf862, 0x8000, 0x3000, 0x3000, 0x2000, 0x1000, 0x0800, 0x0820, 0x0020, 0x0020, 0x0000, 0x0000, 0x1082, 0x2104, 0x2104, 0x18c3, 0x31a6, 0x4a49,
		0x4208, 0x2124, 0x18e3, 0x2124, 0x2104, 0x0000, 0x0000, 0x0020, 0x0020, 0x0020, 0x0020, 0x0020, 0x0020, 0x0020, 0x0020, 0x0020, 0x0020, 0x0020, 0x0020, 0x0020, 0x0020, 0x0020, 0x0020, 0x0020, 0x0020, 0x0020, 0x0020, 0x0020, 0x0020, 0x0020, 0x0020, 0x0020, 0x0020, 0x0020, 0x0020, 0x0020, 0x0020, 0x0820, 0x0020, 0x0020, 0x0020, 0x0820, 0x0820, 0x0820, 0x0820, 0x0820, 0x0820, 0x0820, 0x0800, 0x1000, 0x1800, 0x2800, 0x3800, 0x6000, 0xf041, 0xf841, 0xf800, 0xf801, 0xf801, 0xf801, 0xf800, 0xf821, 0xf862, 0x8000, 0x3000, 0x3000, 0x2000, 0x1000, 0x0800, 0x0820, 0x0020, 0x0820, 0x0000, 0x0000, 0x1082, 0x2104, 0x2104, 0x18c3, 0x31a6, 0x4a69,
		0x4208, 0x2124, 0x18e3, 0x2124, 0x2104, 0x0000, 0x0000, 0x0020, 0x0020, 0x0020, 0x0020, 0x0020, 0x0020, 0x0020, 0x0020, 0x0020, 0x0020, 0x0020, 0x0020, 0x0020, 0x0020, 0x0020, 0x0020, 0x0020, 0x0020, 0x0020, 0x0020, 0x0020, 0x0020, 0x0020, 0x0020, 0x0020, 0x0020, 0x0020, 0x0020, 0x0020, 0x0020, 0x0020, 0x0820, 0x0020, 0x0020, 0x0820, 0x0820, 0x0020, 0x0020, 0x0020, 0x0820, 0x0820, 0x0820, 0x1000, 0x1800, 0x2800, 0x3800, 0x5800, 0xf041, 0xf841, 0xf000, 0xf801, 0xf801, 0xf801, 0xf800, 0xf821, 0xf862, 0x8820, 0x3000, 0x3000, 0x1800, 0x1000, 0x0820, 0x0820, 0x0020, 0x0020, 0x0000, 0x0000, 0x1082, 0x2124, 0x2104, 0x18c3, 0x31a6, 0x4a49,
		0x4208, 0x2124, 0x18e3, 0x2124, 0x2104, 0x0000, 0x0000, 0x0020, 0x0020, 0x0020, 0x0020, 0x0020, 0x0020, 0x0020, 0x0020, 0x0020, 0x0020, 0x0020, 0x0020, 0x0020, 0x0020, 0x0020, 0x0020, 0x0020, 0x0020, 0x0020, 0x0020, 0x0020, 0x0020, 0x0020, 0x0020, 0x0020, 0x0020, 0x0020, 0x0020, 0x0020, 0x0020, 0x0020, 0x0020, 0x0020, 0x0020, 0x0020, 0x0020, 0x0020, 0x0020, 0x0020, 0x0820, 0x0820, 0x0820, 0x1000, 0x1800, 0x3000, 0x3800, 0x5800, 0xf041, 0xf841, 0xf800, 0xf801, 0xf801, 0xf801, 0xf800, 0xf821, 0xf862, 0x8800, 0x3800, 0x3000, 0x2000, 0x1000, 0x0800, 0x0820, 0x0020, 0x0020, 0x0000, 0x0000, 0x1082, 0x2104, 0x2104, 0x18c3, 0x31a6, 0x4a49,
		0x4228, 0x2124, 0x18e3, 0x2124, 0x2124, 0x0000, 0x0000, 0x0020, 0x0020, 0x0020, 0x0020, 0x0020, 0x0020, 0x0020, 0x0020, 0x0020, 0x0020, 0x0020, 0x0020, 0x0020, 0x0020, 0x0020, 0x0020, 0x0020, 0x0020, 0x0020, 0x0020, 0x0020, 0x0020, 0x0020, 0x0020, 0x0020, 0x0020, 0x0020, 0x0020, 0x0020, 0x0020, 0x0020, 0x0020, 0x0020, 0x0020, 0x0820, 0x0820, 0x0820, 0x0020, 0x0020, 0x0820, 0x0820, 0x0820, 0x1000, 0x2000, 0x3000, 0x3800, 0x6000, 0xf041, 0xf841, 0xf800, 0xf800, 0xf801, 0xf801, 0xf000, 0xf821, 0xf862, 0x8800, 0x3000, 0x3000, 0x2000, 0x1000, 0x0800, 0x0820, 0x0020, 0x0020, 0x0000, 0x0000, 0x1082, 0x2104, 0x2104, 0x18c3, 0x31a6, 0x4a49,
		0x4228, 0x2124, 0x18e3, 0x2124, 0x2124, 0x0000, 0x0000, 0x0020, 0x0020, 0x0020, 0x0020, 0x0020, 0x0020, 0x0020, 0x0020, 0x0020, 0x0020, 0x0020, 0x0020, 0x0020, 0x0020, 0x0020, 0x0020, 0x0020, 0x0020, 0x0020, 0x0020, 0x0020, 0x0020, 0x0020, 0x0020, 0x0020, 0x0020, 0x0020, 0x0020, 0x0020, 0x0020, 0x0020, 0x0020, 0x0020, 0x0020, 0x0020, 0x0020, 0x0020, 0x0020, 0x0820, 0x0820, 0x0820, 0x0820, 0x1000, 0x2000, 0x3000, 0x4000, 0x6000, 0xf041, 0xf841, 0xf000, 0xf801, 0xf801, 0xf801, 0xf000, 0xf821, 0xf862, 0x8800, 0x3000, 0x3000, 0x2000, 0x1000, 0x0800, 0x0820, 0x0020, 0x0020, 0x0000, 0x0000, 0x1082, 0x2104, 0x2104, 0x18c3, 0x31a6, 0x4a69,
		0x4228, 0x2124, 0x18e3, 0x2124, 0x2104, 0x0000, 0x0000, 0x0020, 0x0020, 0x0020, 0x0020, 0x0020, 0x0020, 0x0020, 0x0020, 0x0020, 0x0020, 0x0020, 0x0020, 0x0020, 0x0020, 0x0020, 0x0020, 0x0020, 0x0020, 0x0020, 0x0020, 0x0020, 0x0020, 0x0020, 0x0020, 0x0020, 0x0020, 0x0020, 0x0020, 0x0020, 0x0020, 0x0020, 0x0020, 0x0020, 0x0020, 0x0020, 0x0020, 0x0020, 0x0020, 0x0820, 0x0820, 0x0820, 0x0820, 0x1000, 0x1800, 0x3000, 0x4000, 0x6000, 0xf041, 0xf841, 0xf000, 0xf800, 0xf801, 0xf801, 0xf800, 0xf821, 0xf862, 0x8800, 0x3000, 0x3000, 0x2000, 0x1000, 0x0800, 0x0820, 0x0020, 0x0020, 0x0000, 0x0000, 0x1082, 0x2104, 0x2104, 0x18c3, 0x31a6, 0x4a69,
		0x4228, 0x2124, 0x18e3, 0x2124, 0x2124, 0x0000, 0x0000, 0x0020, 0x0020, 0x0020, 0x0020, 0x0020, 0x0020, 0x0020, 0x0020, 0x0020, 0x0020, 0x0020, 0x0020, 0x0020, 0x0020, 0x0020, 0x0020, 0x0020, 0x0020, 0x0020, 0x0020, 0x0020, 0x0020, 0x0020, 0x0020, 0x0020, 0x0020, 0x0020, 0x0020, 0x0020, 0x0020, 0x0020, 0x0020, 0x0020, 0x0020, 0x0020, 0x0020, 0x0020, 0x0020, 0x0820, 0x0820, 0x0820, 0x0820, 0x1000, 0x1800, 0x3000, 0x4000, 0x6000, 0xf041, 0xf841, 0xf000, 0xf000, 0xf000, 0xf800, 0xf800, 0xf821, 0xf862, 0x8000, 0x3800, 0x3000, 0x2000, 0x1000, 0x0820, 0x0820, 0x0020, 0x0020, 0x0000, 0x0000, 0x1082, 0x2104, 0x2104, 0x18e3, 0x31a6, 0x4a69,
		0x4228, 0x2945, 0x18e3, 0x2124, 0x2124, 0x0000, 0x0000, 0x0020, 0x0020, 0x0020, 0x0020, 0x0020, 0x0020, 0x0020, 0x0020, 0x0020, 0x0020, 0x0020, 0x0020, 0x0020, 0x0020, 0x0020, 0x0020, 0x0020, 0x0020, 0x0020, 0x0020, 0x0020, 0x0020, 0x0020, 0x0020, 0x0020, 0x0020, 0x0020, 0x0020, 0x0020, 0x0020, 0x0020, 0x0020, 0x0020, 0x0020, 0x0020, 0x0020, 0x0020, 0x0020, 0x0020, 0x0820, 0x0820, 0x0800, 0x1000, 0x1800, 0x3000, 0x4000, 0x6000, 0xf041, 0xf841, 0xf800, 0xf000, 0xf001, 0xf800, 0xf800, 0xf821, 0xf841, 0x8800, 0x3800, 0x3000, 0x2000, 0x1000, 0x0800, 0x0820, 0x0020, 0x0820, 0x0000, 0x0000, 0x1082, 0x2104, 0x2104, 0x18c3, 0x31a6, 0x4a69,
		0x4228, 0x2945, 0x18e3, 0x2124, 0x2124, 0x0000, 0x0000, 0x0020, 0x0020, 0x0020, 0x0020, 0x0020, 0x0020, 0x0020, 0x0020, 0x0020, 0x0020, 0x0020, 0x0020, 0x0020, 0x0020, 0x0020, 0x0020, 0x0020, 0x0020, 0x0020, 0x0020, 0x0020, 0x0020, 0x0020, 0x0020, 0x0020, 0x0020, 0x0020, 0x0020, 0x0020, 0x0020, 0x0020, 0x0020, 0x0020, 0x0020, 0x0020, 0x0020, 0x0020, 0x0020, 0x0020, 0x0820, 0x0820, 0x0820, 0x1000, 0x1800, 0x3000, 0x4000, 0x6000, 0xf061, 0xf841, 0xf801, 0xf001, 0xf801, 0xf801, 0xf800, 0xf821, 0xf841, 0x8000, 0x3000, 0x3000, 0x2000, 0x1000, 0x0820, 0x0820, 0x0020, 0x0020, 0x0000, 0x0000, 0x1082, 0x2104, 0x2104, 0x18c3, 0x31a6, 0x4a69,
		0x4228, 0x2945, 0x18e3, 0x2124, 0x2124, 0x0000, 0x0000, 0x0020, 0x0020, 0x0020, 0x0020, 0x0020, 0x0020, 0x0020, 0x0020, 0x0020, 0x0020, 0x0020, 0x0020, 0x0020, 0x0020, 0x0020, 0x0020, 0x0020, 0x0020, 0x0020, 0x0020, 0x0020, 0x0020, 0x0020, 0x0020, 0x0020, 0x0020, 0x0020, 0x0020, 0x0020, 0x0020, 0x0020, 0x0020, 0x0020, 0x0020, 0x0020, 0x0020, 0x0020, 0x0020, 0x0020, 0x0020, 0x0820, 0x0820, 0x1000, 0x1800, 0x2800, 0x4000, 0x6000, 0xf062, 0xf841, 0xf800, 0xf000, 0xf801, 0xf801, 0xf000, 0xf821, 0xf841, 0x8000, 0x3000, 0x3000, 0x2000, 0x1000, 0x0820, 0x0820, 0x0020, 0x0020, 0x0000, 0x0000, 0x10a2, 0x2124, 0x2124, 0x18c3, 0x39c6, 0x4a69,
		0x4228, 0x2124, 0x18e3, 0x2124, 0x2124, 0x0000, 0x0000, 0x0020, 0x0020, 0x0020, 0x0020, 0x0020, 0x0020, 0x0020, 0x0020, 0x0020, 0x0020, 0x0020, 0x0020, 0x0020, 0x0020, 0x0020, 0x0020, 0x0020, 0x0020, 0x0020, 0x0020, 0x0020, 0x0020, 0x0020, 0x0020, 0x0020, 0x0020, 0x0020, 0x0020, 0x0020, 0x0020, 0x0020, 0x0020, 0x0020, 0x0020, 0x0020, 0x0020, 0x0020, 0x0020, 0x0020, 0x0820, 0x0820, 0x0800, 0x1000, 0x1800, 0x2800, 0x4000, 0x5800, 0xf041, 0xf841, 0xf800, 0xf801, 0xf801, 0xf001, 0xf000, 0xf821, 0xf842, 0x8000, 0x3000, 0x3000, 0x2000, 0x1000, 0x0820, 0x0820, 0x0020, 0x0020, 0x0000, 0x0000, 0x10a2, 0x2124, 0x2124, 0x18c3, 0x39c7, 0x5269,
		0x4228, 0x2124, 0x18e3, 0x2124, 0x2124, 0x0000, 0x0000, 0x0020, 0x0020, 0x0020, 0x0020, 0x0020, 0x0020, 0x0020, 0x0020, 0x0020, 0x0020, 0x0020, 0x0020, 0x0020, 0x0020, 0x0020, 0x0020, 0x0020, 0x0020, 0x0020, 0x0020, 0x0020, 0x0020, 0x0020, 0x0020, 0x0020, 0x0020, 0x0020, 0x0020, 0x0020, 0x0020, 0x0020, 0x0020, 0x0020, 0x0020, 0x0020, 0x0020, 0x0020, 0x0020, 0x0020, 0x0820, 0x0820, 0x0800, 0x1000, 0x1800, 0x3000, 0x4000, 0x5800, 0xf041, 0xf841, 0xf800, 0xf801, 0xf801, 0xf001, 0xf000, 0xf821, 0xf862, 0x8000, 0x3000, 0x3000, 0x2000, 0x1000, 0x0800, 0x0820, 0x0820, 0x0020, 0x0000, 0x0000, 0x1082, 0x2104, 0x2124, 0x18c3, 0x31a6, 0x4a69,
		0x4228, 0x2924, 0x18e3, 0x2124, 0x2124, 0x0000, 0x0000, 0x0020, 0x0020, 0x0020, 0x0020, 0x0020, 0x0020, 0x0020, 0x0020, 0x0020, 0x0020, 0x0020, 0x0020, 0x0020, 0x0020, 0x0020, 0x0020, 0x0020, 0x0020, 0x0020, 0x0020, 0x0020, 0x0020, 0x0020, 0x0020, 0x0020, 0x0020, 0x0020, 0x0020, 0x0020, 0x0020, 0x0020, 0x0020, 0x0020, 0x0020, 0x0020, 0x0020, 0x0020, 0x0020, 0x0020, 0x0820, 0x0820, 0x0820, 0x1000, 0x1800, 0x3000, 0x4000, 0x6000, 0xf041, 0xf841, 0xf800, 0xf800, 0xf800, 0xf800, 0xf800, 0xf821, 0xf862, 0x8800, 0x3000, 0x3000, 0x1800, 0x1000, 0x0800, 0x0820, 0x0020, 0x0020, 0x0000, 0x0000, 0x1082, 0x2104, 0x2104, 0x18c3, 0x31a6, 0x4a69,
		0x4228, 0x2945, 0x18e3, 0x2124, 0x2104, 0x0000, 0x0000, 0x0020, 0x0020, 0x0020, 0x0020, 0x0020, 0x0020, 0x0020, 0x0020, 0x0020, 0x0020, 0x0020, 0x0020, 0x0020, 0x0020, 0x0020, 0x0020, 0x0020, 0x0020, 0x0020, 0x0020, 0x0020, 0x0020, 0x0020, 0x0020, 0x0020, 0x0020, 0x0020, 0x0020, 0x0020, 0x0020, 0x0020, 0x0020, 0x0020, 0x0020, 0x0020, 0x0020, 0x0020, 0x0020, 0x0020, 0x0820, 0x0820, 0x0820, 0x1000, 0x1800, 0x3000, 0x4000, 0x6000, 0xf041, 0xf841, 0xf000, 0xf000, 0xf801, 0xf801, 0xf800, 0xf821, 0xf862, 0x8800, 0x3800, 0x3000, 0x2000, 0x1000, 0x0800, 0x0820, 0x0020, 0x0020, 0x0000, 0x0000, 0x1082, 0x2104, 0x2104, 0x18c3, 0x31a6, 0x4a69,
		0x4228, 0x2945, 0x18e3, 0x2124, 0x2104, 0x0000, 0x0000, 0x0020, 0x0020, 0x0020, 0x0020, 0x0020, 0x0020, 0x0020, 0x0020, 0x0020, 0x0020, 0x0020, 0x0020, 0x0020, 0x0020, 0x0020, 0x0020, 0x0020, 0x0020, 0x0020, 0x0020, 0x0020, 0x0020, 0x0020, 0x0020, 0x0020, 0x0020, 0x0020, 0x0020, 0x0020, 0x0020, 0x0020, 0x0020, 0x0020, 0x0020, 0x0020, 0x0020, 0x0020, 0x0020, 0x0020, 0x0820, 0x0820, 0x0820, 0x1000, 0x1800, 0x3000, 0x4000, 0x6000, 0xf041, 0xf841, 0xf000, 0xf000, 0xf001, 0xf801, 0xf000, 0xf821, 0xf862, 0x8800, 0x3800, 0x3000, 0x2000, 0x1000, 0x0800, 0x0820, 0x0020, 0x0820, 0x0000, 0x0000, 0x1082, 0x2104, 0x2104, 0x18c3, 0x31a6, 0x4a69,
		0x4208, 0x2124, 0x18e3, 0x2124, 0x2104, 0x0000, 0x0000, 0x0020, 0x0020, 0x0020, 0x0020, 0x0020, 0x0020, 0x0020, 0x0020, 0x0020, 0x0020, 0x0020, 0x0020, 0x0020, 0x0020, 0x0020, 0x0020, 0x0020, 0x0020, 0x0020, 0x0020, 0x0020, 0x0020, 0x0020, 0x0020, 0x0020, 0x0020, 0x0020, 0x0020, 0x0020, 0x0020, 0x0020, 0x0020, 0x0020, 0x0020, 0x0020, 0x0020, 0x0020, 0x0020, 0x0020, 0x0820, 0x0820, 0x0800, 0x1000, 0x1800, 0x2800, 0x4000, 0x6000, 0xf041, 0xf841, 0xf800, 0xf000, 0xf001, 0xf801, 0xf000, 0xf821, 0xf862, 0x8800, 0x3800, 0x3000, 0x2000, 0x1000, 0x0800, 0x0820, 0x0020, 0x0820, 0x0000, 0x0000, 0x1082, 0x2104, 0x2104, 0x18c3, 0x31a6, 0x4a69,
		0x4208, 0x2124, 0x18e3, 0x2124, 0x2104, 0x0000, 0x0000, 0x0020, 0x0020, 0x0020, 0x0020, 0x0020, 0x0020, 0x0020, 0x0020, 0x0020, 0x0020, 0x0020, 0x0020, 0x0020, 0x0020, 0x0020, 0x0020, 0x0020, 0x0020, 0x0020, 0x0020, 0x0020, 0x0020, 0x0020, 0x0020, 0x0020, 0x0020, 0x0020, 0x0020, 0x0020, 0x0020, 0x0020, 0x0020, 0x0020, 0x0020, 0x0020, 0x0020, 0x0020, 0x0020, 0x0020, 0x0820, 0x0820, 0x0800, 0x1000, 0x1800, 0x2800, 0x4000, 0x6000, 0xf041, 0xf841, 0xf800, 0xf801, 0xf801, 0xf801, 0xf000, 0xf821, 0xf862, 0x8800, 0x3800, 0x3000, 0x2000, 0x1000, 0x0800, 0x0820, 0x0020, 0x0020, 0x0000, 0x0000, 0x1082, 0x2104, 0x2104, 0x18c3, 0x31a6, 0x4a69,
		0x4208, 0x2124, 0x18e3, 0x2124, 0x2104, 0x0000, 0x0000, 0x0020, 0x0020, 0x0020, 0x0020, 0x0020, 0x0020, 0x0020, 0x0020, 0x0020, 0x0020, 0x0020, 0x0020, 0x0020, 0x0020, 0x0020, 0x0020, 0x0020, 0x0020, 0x0020, 0x0020, 0x0020, 0x0020, 0x0020, 0x0020, 0x0020, 0x0020, 0x0020, 0x0020, 0x0020, 0x0020, 0x0020, 0x0020, 0x0020, 0x0020, 0x0020, 0x0020, 0x0020, 0x0020, 0x0020, 0x0820, 0x0820, 0x0800, 0x1000, 0x1800, 0x3000, 0x4000, 0x6000, 0xf041, 0xf841, 0xf000, 0xf801, 0xf801, 0xf801, 0xf000, 0xf821, 0xf862, 0x8800, 0x3800, 0x3000, 0x2000, 0x1000, 0x0800, 0x0820, 0x0020, 0x0020, 0x0000, 0x0000, 0x1082, 0x2104, 0x2104, 0x18c3, 0x31a6, 0x4a69,
		0x4208, 0x2124, 0x18e3, 0x2124, 0x2104, 0x0000, 0x0000, 0x0020, 0x0020, 0x0020, 0x0020, 0x0020, 0x0020, 0x0020, 0x0020, 0x0020, 0x0020, 0x0020, 0x0020, 0x0020, 0x0020, 0x0020, 0x0020, 0x0020, 0x0020, 0x0020, 0x0020, 0x0020, 0x0020, 0x0020, 0x0020, 0x0020, 0x0020, 0x0020, 0x0020, 0x0020, 0x0020, 0x0020, 0x0020, 0x0020, 0x0020, 0x0020, 0x0020, 0x0020, 0x0020, 0x0020, 0x0020, 0x0820, 0x0800, 0x1000, 0x1800, 0x3000, 0x4000, 0x6000, 0xf041, 0xf841, 0xf000, 0xf001, 0xf801, 0xf801, 0xf800, 0xf821, 0xf862, 0x8800, 0x3800, 0x3000, 0x2000, 0x1000, 0x0800, 0x0820, 0x0020, 0x0020, 0x0000, 0x0000, 0x1082, 0x2104, 0x2124, 0x18c3, 0x31a6, 0x4a69,
		0x4208, 0x2124, 0x18e3, 0x2124, 0x2104, 0x0000, 0x0000, 0x0020, 0x0020, 0x0020, 0x0020, 0x0020, 0x0020, 0x0020, 0x0020, 0x0020, 0x0020, 0x0020, 0x0020, 0x0020, 0x0020, 0x0020, 0x0020, 0x0020, 0x0020, 0x0020, 0x0020, 0x0020, 0x0020, 0x0020, 0x0020, 0x0020, 0x0020, 0x0020, 0x0020, 0x0020, 0x0020, 0x0020, 0x0020, 0x0020, 0x0020, 0x0020, 0x0020, 0x0020, 0x0020, 0x0020, 0x0020, 0x0820, 0x0800, 0x1000, 0x1800, 0x3000, 0x4000, 0x6000, 0xf061, 0xf841, 0xf800, 0xf800, 0xf801, 0xf001, 0xf000, 0xf821, 0xf862, 0x8000, 0x3800, 0x3000, 0x2000, 0x1000, 0x0800, 0x0820, 0x0020, 0x0020, 0x0000, 0x0000, 0x1082, 0x2104, 0x2124, 0x18c3, 0x31a6, 0x4a6a,
		0x4208, 0x2124, 0x18e3, 0x2124, 0x2104, 0x0000, 0x0000, 0x0020, 0x0020, 0x0020, 0x0020, 0x0020, 0x0020, 0x0020, 0x0020, 0x0020, 0x0020, 0x0020, 0x0020, 0x0020, 0x0020, 0x0020, 0x0020, 0x0020, 0x0020, 0x0020, 0x0020, 0x0020, 0x0020, 0x0020, 0x0020, 0x0020, 0x0020, 0x0020, 0x0020, 0x0020, 0x0020, 0x0020, 0x0020, 0x0020, 0x0020, 0x0020, 0x0020, 0x0020, 0x0020, 0x0020, 0x0020, 0x0820, 0x0820, 0x1000, 0x1800, 0x2800, 0x4000, 0x6000, 0xf062, 0xf841, 0xf800, 0xf800, 0xf801, 0xf801, 0xf000, 0xf821, 0xf862, 0x8000, 0x3800, 0x3000, 0x2000, 0x1000, 0x0800, 0x0820, 0x0820, 0x0020, 0x0000, 0x0000, 0x1082, 0x2104, 0x2124, 0x18e3, 0x31a6, 0x4a69,
		0x4208, 0x2124, 0x18e3, 0x2124, 0x2104, 0x0000, 0x0000, 0x0020, 0x0020, 0x0020, 0x0020, 0x0020, 0x0020, 0x0020, 0x0020, 0x0020, 0x0020, 0x0020, 0x0020, 0x0020, 0x0020, 0x0020, 0x0020, 0x0020, 0x0020, 0x0020, 0x0020, 0x0020, 0x0020, 0x0020, 0x0020, 0x0020, 0x0020, 0x0020, 0x0020, 0x0020, 0x0020, 0x0020, 0x0020, 0x0020, 0x0020, 0x0020, 0x0020, 0x0020, 0x0020, 0x0020, 0x0020, 0x0820, 0x0820, 0x1000, 0x1800, 0x2800, 0x4000, 0x6000, 0xf041, 0xf841, 0xf000, 0xf800, 0xf801, 0xf001, 0xf000, 0xf821, 0xf862, 0x8000, 0x3000, 0x3000, 0x1800, 0x1000, 0x0800, 0x0820, 0x0820, 0x0020, 0x0000, 0x0000, 0x1082, 0x2104, 0x2124, 0x18c3, 0x31a6, 0x4a69,
		0x4208, 0x2124, 0x18e3, 0x2124, 0x2104, 0x0000, 0x0000, 0x0020, 0x0020, 0x0020, 0x0020, 0x0020, 0x0020, 0x0020, 0x0020, 0x0020, 0x0020, 0x0020, 0x0020, 0x0020, 0x0020, 0x0020, 0x0020, 0x0020, 0x0020, 0x0020, 0x0020, 0x0020, 0x0020, 0x0020, 0x0020, 0x0020, 0x0020, 0x0020, 0x0020, 0x0020, 0x0020, 0x0020, 0x0020, 0x0020, 0x0020, 0x0020, 0x0020, 0x0020, 0x0020, 0x0020, 0x0020, 0x0820, 0x0820, 0x1000, 0x1800, 0x2800, 0x3000, 0x6000, 0xf862, 0xf841, 0xf000, 0xf001, 0xf801, 0xf801, 0xf000, 0xf821, 0xf862, 0x8020, 0x2800, 0x2800, 0x1800, 0x1000, 0x0820, 0x0820, 0x0020, 0x0020, 0x0000, 0x0000, 0x1082, 0x2104, 0x2124, 0x18c3, 0x31a6, 0x4a69,
		0x4208, 0x2124, 0x18e3, 0x2124, 0x2104, 0x0000, 0x0000, 0x0020, 0x0020, 0x0020, 0x0020, 0x0020, 0x0020, 0x0020, 0x0020, 0x0020, 0x0020, 0x0020, 0x0020, 0x0020, 0x0020, 0x0020, 0x0020, 0x0020, 0x0020, 0x0020, 0x0020, 0x0020, 0x0020, 0x0020, 0x0020, 0x0020, 0x0020, 0x0020, 0x0020, 0x0020, 0x0020, 0x0020, 0x0020, 0x0020, 0x0020, 0x0020, 0x0020, 0x0020, 0x0020, 0x0020, 0x0020, 0x0820, 0x0820, 0x0800, 0x1000, 0x2000, 0x3000, 0x5800, 0xe021, 0xf821, 0xf821, 0xf000, 0xf000, 0xf801, 0xf000, 0xf821, 0xf862, 0x9000, 0x2800, 0x2800, 0x1800, 0x1000, 0x0820, 0x0820, 0x0020, 0x0020, 0x0000, 0x0000, 0x1082, 0x2124, 0x2124, 0x18c3, 0x31a6, 0x4a69,
		0x4208, 0x2124, 0x18e3, 0x2124, 0x2104, 0x0000, 0x0000, 0x0020, 0x0020, 0x0020, 0x0020, 0x0020, 0x0020, 0x0020, 0x0020, 0x0020, 0x0020, 0x0020, 0x0020, 0x0020, 0x0020, 0x0020, 0x0020, 0x0020, 0x0020, 0x0020, 0x0020, 0x0020, 0x0020, 0x0020, 0x0020, 0x0020, 0x0020, 0x0020, 0x0020, 0x0020, 0x0020, 0x0020, 0x0020, 0x0020, 0x0020, 0x0020, 0x0020, 0x0020, 0x0020, 0x0020, 0x0020, 0x0820, 0x0820, 0x0820, 0x1000, 0x2000, 0x3000, 0x4800, 0x7000, 0xd041, 0xf882, 0xf800, 0xf000, 0xf001, 0xf821, 0xf021, 0xf041, 0x7800, 0x2800, 0x2000, 0x1800, 0x0800, 0x0820, 0x0820, 0x0020, 0x0020, 0x0000, 0x0000, 0x1082, 0x2104, 0x2124, 0x18c3, 0x31a6, 0x4a69,
		0x4208, 0x2124, 0x18e3, 0x2124, 0x2104, 0x0000, 0x0000, 0x0020, 0x0020, 0x0020, 0x0020, 0x0020, 0x0020, 0x0020, 0x0020, 0x0020, 0x0020, 0x0020, 0x0020, 0x0020, 0x0020, 0x0020, 0x0020, 0x0020, 0x0020, 0x0020, 0x0020, 0x0020, 0x0020, 0x0020, 0x0020, 0x0020, 0x0020, 0x0020, 0x0020, 0x0020, 0x0020, 0x0020, 0x0020, 0x0020, 0x0020, 0x0020, 0x0020, 0x0020, 0x0020, 0x0020, 0x0020, 0x0820, 0x0820, 0x0820, 0x1000, 0x1800, 0x3000, 0x4000, 0x2000, 0xa020, 0xf862, 0xf821, 0xf800, 0xf000, 0xf862, 0xd041, 0x5000, 0x4800, 0x3000, 0x2000, 0x1000, 0x0800, 0x0820, 0x0020, 0x0020, 0x0020, 0x0000, 0x0000, 0x1082, 0x2124, 0x2124, 0x18c3, 0x31a6, 0x4a69,
		0x4208, 0x2124, 0x18e3, 0x2124, 0x2124, 0x0000, 0x0000, 0x0020, 0x0020, 0x0020, 0x0020, 0x0020, 0x0020, 0x0020, 0x0020, 0x0020, 0x0020, 0x0020, 0x0020, 0x0020, 0x0020, 0x0020, 0x0020, 0x0020, 0x0020, 0x0020, 0x0020, 0x0020, 0x0020, 0x0020, 0x0020, 0x0020, 0x0020, 0x0020, 0x0020, 0x0020, 0x0020, 0x0020, 0x0020, 0x0020, 0x0020, 0x0020, 0x0020, 0x0020, 0x0020, 0x0020, 0x0020, 0x0820, 0x0820, 0x0820, 0x0800, 0x1000, 0x2000, 0x3000, 0x3800, 0x7000, 0xa820, 0xf041, 0xf821, 0xf800, 0xf841, 0xb020, 0x3800, 0x3800, 0x2800, 0x1800, 0x1000, 0x0820, 0x0820, 0x0020, 0x0020, 0x0020, 0x0000, 0x0000, 0x1082, 0x2124, 0x2124, 0x18c3, 0x31a6, 0x4a69,
		0x4208, 0x2124, 0x18e3, 0x2124, 0x2124, 0x0000, 0x0000, 0x0020, 0x0020, 0x0020, 0x0020, 0x0020, 0x0020, 0x0020, 0x0020, 0x0020, 0x0020, 0x0020, 0x0020, 0x0020, 0x0020, 0x0020, 0x0020, 0x0020, 0x0020, 0x0020, 0x0020, 0x0020, 0x0020, 0x0020, 0x0020, 0x0020, 0x0020, 0x0020, 0x0020, 0x0020, 0x0020, 0x0020, 0x0020, 0x0020, 0x0020, 0x0020, 0x0020, 0x0020, 0x0020, 0x0020, 0x0020, 0x0020, 0x0820, 0x0820, 0x0800, 0x1000, 0x1800, 0x2800, 0x4000, 0x3800, 0x3800, 0xe041, 0xf841, 0xf801, 0xd000, 0x5800, 0x4800, 0x3000, 0x2000, 0x1000, 0x0820, 0x0820, 0x0020, 0x0020, 0x0020, 0x0020, 0x0000, 0x0000, 0x1082, 0x2124, 0x2104, 0x18c3, 0x31a6, 0x4a69,
		0x4208, 0x2124, 0x18e3, 0x2124, 0x2124, 0x0000, 0x0000, 0x0020, 0x0020, 0x0020, 0x0020, 0x0020, 0x0020, 0x0020, 0x0020, 0x0020, 0x0020, 0x0020, 0x0020, 0x0020, 0x0020, 0x0020, 0x0020, 0x0020, 0x0020, 0x0020, 0x0020, 0x0020, 0x0020, 0x0020, 0x0020, 0x0020, 0x0020, 0x0020, 0x0020, 0x0020, 0x0020, 0x0020, 0x0020, 0x0020, 0x0020, 0x0020, 0x0020, 0x0020, 0x0020, 0x0020, 0x0020, 0x0020, 0x0020, 0x0820, 0x0820, 0x0820, 0x1000, 0x1800, 0x2800, 0x3800, 0x5000, 0x7000, 0xc021, 0xf862, 0x7800, 0x4000, 0x3800, 0x2800, 0x1800, 0x1000, 0x0820, 0x0820, 0x0820, 0x0020, 0x0020, 0x0020, 0x0000, 0x0000, 0x1082, 0x2124, 0x2104, 0x18c3, 0x31a6, 0x4a69,
		0x4208, 0x2124, 0x18e3, 0x2124, 0x2124, 0x0000, 0x0000, 0x0020, 0x0020, 0x0020, 0x0020, 0x0020, 0x0020, 0x0020, 0x0020, 0x0020, 0x0020, 0x0020, 0x0020, 0x0020, 0x0020, 0x0020, 0x0020, 0x0020, 0x0020, 0x0020, 0x0020, 0x0020, 0x0020, 0x0020, 0x0020, 0x0020, 0x0020, 0x0020, 0x0020, 0x0020, 0x0020, 0x0020, 0x0020, 0x0020, 0x0020, 0x0020, 0x0020, 0x0020, 0x0020, 0x0020, 0x0020, 0x0020, 0x0020, 0x0820, 0x0820, 0x0820, 0x1000, 0x1000, 0x2000, 0x3000, 0x4000, 0x2800, 0x8020, 0xf062, 0x6000, 0x3000, 0x2800, 0x1800, 0x1000, 0x0820, 0x0820, 0x0820, 0x0020, 0x0020, 0x0020, 0x0020, 0x0000, 0x0000, 0x1082, 0x2124, 0x2124, 0x18c3, 0x31a6, 0x4a69,
		0x4208, 0x2124, 0x18e3, 0x2124, 0x2124, 0x0000, 0x0000, 0x0020, 0x0020, 0x0020, 0x0020, 0x0020, 0x0020, 0x0020, 0x0020, 0x0020, 0x0020, 0x0020, 0x0020, 0x0020, 0x0020, 0x0020, 0x0020, 0x0020, 0x0020, 0x0020, 0x0020, 0x0020, 0x0020, 0x0020, 0x0020, 0x0020, 0x0020, 0x0020, 0x0020, 0x0020, 0x0020, 0x0020, 0x0020, 0x0020, 0x0020, 0x0020, 0x0020, 0x0020, 0x0020, 0x0020, 0x0020, 0x0020, 0x0020, 0x0020, 0x0820, 0x0820, 0x0820, 0x1000, 0x1800, 0x2000, 0x2800, 0x4000, 0x5000, 0x5000, 0x5000, 0x3000, 0x2000, 0x1800, 0x1000, 0x0820, 0x0820, 0x0020, 0x0020, 0x0020, 0x0020, 0x0020, 0x0000, 0x0000, 0x1082, 0x2124, 0x2124, 0x18c3, 0x31a6, 0x4a69,
		0x4208, 0x2124, 0x18e3, 0x2124, 0x2124, 0x0000, 0x0000, 0x0020, 0x0020, 0x0020, 0x0020, 0x0020, 0x0020, 0x0020, 0x0020, 0x0020, 0x0020, 0x0020, 0x0020, 0x0020, 0x0020, 0x0020, 0x0020, 0x0020, 0x0020, 0x0020, 0x0020, 0x0020, 0x0020, 0x0020, 0x0020, 0x0020, 0x0020, 0x0020, 0x0020, 0x0020, 0x0020, 0x0020, 0x0020, 0x0020, 0x0020, 0x0020, 0x0020, 0x0020, 0x0020, 0x0020, 0x0020, 0x0020, 0x0020, 0x0020, 0x0820, 0x0820, 0x0820, 0x0820, 0x1000, 0x1800, 0x2000, 0x3000, 0x3000, 0x2800, 0x3000, 0x2000, 0x1800, 0x1000, 0x0820, 0x0820, 0x0820, 0x0020, 0x0020, 0x0020, 0x0020, 0x0020, 0x0000, 0x0000, 0x1082, 0x2124, 0x2104, 0x18c3, 0x31a6, 0x4a69,
		0x4208, 0x2124, 0x18e3, 0x2124, 0x2124, 0x0000, 0x0000, 0x0020, 0x0020, 0x0020, 0x0020, 0x0020, 0x0020, 0x0020, 0x0020, 0x0020, 0x0020, 0x0020, 0x0020, 0x0020, 0x0020, 0x0020, 0x0020, 0x0020, 0x0020, 0x0020, 0x0020, 0x0020, 0x0020, 0x0020, 0x0020, 0x0020, 0x0020, 0x0020, 0x0020, 0x0020, 0x0020, 0x0020, 0x0020, 0x0020, 0x0020, 0x0020, 0x0020, 0x0020, 0x0020, 0x0020, 0x0020, 0x0020, 0x0020, 0x0020, 0x0020, 0x0820, 0x0820, 0x0820, 0x0800, 0x1000, 0x1800, 0x2000, 0x2800, 0x3800, 0x2000, 0x1800, 0x1000, 0x0800, 0x0820, 0x0820, 0x0820, 0x0020, 0x0020, 0x0020, 0x0020, 0x0020, 0x0000, 0x0000, 0x1082, 0x2124, 0x2124, 0x18c3, 0x31a6, 0x4a69,
		0x4208, 0x2124, 0x18e3, 0x2124, 0x2124, 0x0000, 0x0000, 0x0020, 0x0020, 0x0020, 0x0020, 0x0020, 0x0020, 0x0020, 0x0020, 0x0020, 0x0020, 0x0020, 0x0020, 0x0020, 0x0020, 0x0020, 0x0020, 0x0020, 0x0020, 0x0020, 0x0020, 0x0020, 0x0020, 0x0020, 0x0020, 0x0020, 0x0020, 0x0020, 0x0020, 0x0020, 0x0020, 0x0020, 0x0020, 0x0020, 0x0020, 0x0020, 0x0020, 0x0020, 0x0020, 0x0020, 0x0020, 0x0020, 0x0020, 0x0020, 0x0020, 0x0020, 0x0820, 0x0820, 0x0820, 0x0800, 0x1000, 0x1800, 0x1800, 0x2000, 0x1800, 0x1000, 0x1000, 0x0820, 0x0820, 0x0020, 0x0020, 0x0020, 0x0020, 0x0020, 0x0020, 0x0020, 0x0000, 0x0000, 0x1082, 0x2124, 0x2124, 0x18c3, 0x31a6, 0x4a69,
		0x4208, 0x2124, 0x18e3, 0x2124, 0x2124, 0x0000, 0x0000, 0x0020, 0x0020, 0x0020, 0x0020, 0x0020, 0x0020, 0x0020, 0x0020, 0x0020, 0x0020, 0x0020, 0x0020, 0x0020, 0x0020, 0x0020, 0x0020, 0x0020, 0x0020, 0x0020, 0x0020, 0x0020, 0x0020, 0x0020, 0x0020, 0x0020, 0x0020, 0x0020, 0x0020, 0x0020, 0x0020, 0x0020, 0x0020, 0x0020, 0x0020, 0x0020, 0x0020, 0x0020, 0x0020, 0x0020, 0x0020, 0x0020, 0x0020, 0x0020, 0x0020, 0x0020, 0x0020, 0x0820, 0x0820, 0x0820, 0x0800, 0x1000, 0x1000, 0x1800, 0x1000, 0x1000, 0x0820, 0x0820, 0x0820, 0x0020, 0x0020, 0x0020, 0x0020, 0x0020, 0x0020, 0x0020, 0x0000, 0x0000, 0x1082, 0x2124, 0x2124, 0x18c3, 0x31a6, 0x4a69,
		0x4208, 0x2124, 0x18e3, 0x2124, 0x2124, 0x0000, 0x0000, 0x0020, 0x0020, 0x0020, 0x0020, 0x0020, 0x0020, 0x0020, 0x0020, 0x0020, 0x0020, 0x0020, 0x0020, 0x0020, 0x0020, 0x0020, 0x0020, 0x0020, 0x0020, 0x0020, 0x0020, 0x0020, 0x0020, 0x0020, 0x0020, 0x0020, 0x0020, 0x0020, 0x0020, 0x0020, 0x0020, 0x0020, 0x0020, 0x0020, 0x0020, 0x0020, 0x0020, 0x0020, 0x0020, 0x0020, 0x0020, 0x0020, 0x0020, 0x0020, 0x0020, 0x0020, 0x0020, 0x0020, 0x0820, 0x0820, 0x0820, 0x0820, 0x1000, 0x1000, 0x0800, 0x0820, 0x0820, 0x0820, 0x0820, 0x0020, 0x0020, 0x0020, 0x0020, 0x0020, 0x0020, 0x0020, 0x0000, 0x0000, 0x1082, 0x2124, 0x2104, 0x18c3, 0x31a6, 0x4a69,
		0x4228, 0x2124, 0x18e3, 0x2124, 0x2124, 0x0000, 0x0000, 0x0020, 0x0020, 0x0020, 0x0020, 0x0020, 0x0020, 0x0020, 0x0020, 0x0020, 0x0020, 0x0020, 0x0020, 0x0020, 0x0020, 0x0020, 0x0020, 0x0020, 0x0020, 0x0020, 0x0020, 0x0020, 0x0020, 0x0020, 0x0020, 0x0020, 0x0020, 0x0020, 0x0020, 0x0020, 0x0020, 0x0020, 0x0020, 0x0020, 0x0020, 0x0020, 0x0020, 0x0020, 0x0020, 0x0020, 0x0020, 0x0020, 0x0020, 0x0020, 0x0020, 0x0020, 0x0020, 0x0020, 0x0020, 0x0820, 0x0820, 0x0820, 0x0820, 0x1000, 0x0820, 0x0820, 0x0820, 0x0820, 0x0020, 0x0020, 0x0020, 0x0020, 0x0020, 0x0020, 0x0020, 0x0020, 0x0000, 0x0000, 0x1082, 0x2124, 0x2104, 0x18c3, 0x31a6, 0x528a,
		0x4228, 0x2124, 0x18e3, 0x2124, 0x2124, 0x0000, 0x0000, 0x0020, 0x0020, 0x0020, 0x0020, 0x0020, 0x0020, 0x0020, 0x0020, 0x0020, 0x0020, 0x0020, 0x0020, 0x0020, 0x0020, 0x0020, 0x0020, 0x0020, 0x0020, 0x0020, 0x0020, 0x0020, 0x0020, 0x0020, 0x0020, 0x0020, 0x0020, 0x0020, 0x0020, 0x0020, 0x0020, 0x0020, 0x0020, 0x0020, 0x0020, 0x0020, 0x0020, 0x0020, 0x0020, 0x0020, 0x0020, 0x0000, 0x0020, 0x0020, 0x0020, 0x0020, 0x0020, 0x0020, 0x0020, 0x0820, 0x0820, 0x0820, 0x0820, 0x0820, 0x0820, 0x0820, 0x0820, 0x0020, 0x0020, 0x0020, 0x0020, 0x0020, 0x0020, 0x0020, 0x0020, 0x0020, 0x0020, 0x0000, 0x1082, 0x2124, 0x2104, 0x18c3, 0x31a6, 0x4a69,
		0x4228, 0x2124, 0x18e3, 0x2124, 0x2104, 0x0841, 0x0000, 0x0000, 0x0020, 0x0020, 0x0020, 0x0020, 0x0020, 0x0020, 0x0020, 0x0020, 0x0020, 0x0020, 0x0020, 0x0020, 0x0020, 0x0020, 0x0020, 0x0020, 0x0020, 0x0020, 0x0020, 0x0020, 0x0020, 0x0020, 0x0020, 0x0020, 0x0020, 0x0020, 0x0020, 0x0020, 0x0020, 0x0020, 0x0020, 0x0020, 0x0020, 0x0020, 0x0020, 0x0020, 0x0020, 0x0020, 0x0020, 0x0020, 0x0020, 0x0020, 0x0020, 0x0020, 0x0020, 0x0020, 0x0020, 0x0020, 0x0820, 0x0820, 0x0820, 0x0820, 0x0820, 0x0820, 0x0020, 0x0020, 0x0020, 0x0020, 0x0020, 0x0020, 0x0020, 0x0020, 0x0020, 0x0020, 0x0000, 0x0020, 0x18c3, 0x2124, 0x2104, 0x18c3, 0x31a6, 0x4a69,
		0x4228, 0x2924, 0x18e3, 0x2104, 0x2104, 0x2104, 0x0841, 0x0000, 0x0020, 0x0020, 0x0020, 0x0020, 0x0020, 0x0020, 0x0020, 0x0020, 0x0020, 0x0020, 0x0020, 0x0020, 0x0020, 0x0020, 0x0020, 0x0020, 0x0020, 0x0020, 0x0020, 0x0020, 0x0020, 0x0020, 0x0020, 0x0020, 0x0020, 0x0020, 0x0020, 0x0020, 0x0020, 0x0020, 0x0020, 0x0020, 0x0020, 0x0020, 0x0020, 0x0020, 0x0020, 0x0020, 0x0020, 0x0020, 0x0020, 0x0020, 0x0020, 0x0020, 0x0020, 0x0020, 0x0020, 0x0020, 0x0020, 0x0820, 0x0820, 0x0820, 0x0020, 0x0020, 0x0020, 0x0020, 0x0020, 0x0020, 0x0020, 0x0020, 0x0020, 0x0020, 0x0020, 0x0000, 0x0000, 0x1082, 0x2945, 0x2104, 0x2104, 0x18e3, 0x31a6, 0x4a69,
		0x4228, 0x2945, 0x18e3, 0x2104, 0x2104, 0x2124, 0x18c3, 0x0000, 0x0000, 0x0020, 0x0020, 0x0020, 0x0020, 0x0020, 0x0020, 0x0020, 0x0020, 0x0020, 0x0020, 0x0020, 0x0020, 0x0020, 0x0020, 0x0020, 0x0020, 0x0020, 0x0020, 0x0020, 0x0020, 0x0020, 0x0020, 0x0020, 0x0020, 0x0020, 0x0020, 0x0020, 0x0020, 0x0020, 0x0020, 0x0020, 0x0020, 0x0020, 0x0020, 0x0020, 0x0020, 0x0020, 0x0020, 0x0020, 0x0020, 0x0020, 0x0020, 0x0020, 0x0020, 0x0020, 0x0020, 0x0020, 0x0020, 0x0020, 0x0020, 0x0020, 0x0020, 0x0020, 0x0020, 0x0020, 0x0020, 0x0020, 0x0020, 0x0020, 0x0020, 0x0020, 0x0000, 0x0000, 0x0861, 0x2124, 0x2124, 0x2104, 0x2104, 0x18c3, 0x31a6, 0x4a69,
		0x4208, 0x2124, 0x18e3, 0x2104, 0x2104, 0x2104, 0x2104, 0x10a2, 0x0000, 0x0000, 0x0020, 0x0020, 0x0020, 0x0020, 0x0020, 0x0020, 0x0020, 0x0020, 0x0020, 0x0020, 0x0020, 0x0020, 0x0020, 0x0020, 0x0020, 0x0020, 0x0020, 0x0020, 0x0020, 0x0020, 0x0020, 0x0020, 0x0020, 0x0020, 0x0020, 0x0020, 0x0020, 0x0020, 0x0020, 0x0020, 0x0020, 0x0020, 0x0020, 0x0020, 0x0020, 0x0020, 0x0020, 0x0020, 0x0020, 0x0020, 0x0020, 0x0020, 0x0020, 0x0020, 0x0020, 0x0020, 0x0020, 0x0020, 0x0020, 0x0020, 0x0020, 0x0020, 0x0020, 0x0020, 0x0020, 0x0020, 0x0020, 0x0020, 0x0020, 0x0020, 0x0000, 0x0020, 0x18e3, 0x2124, 0x2104, 0x2104, 0x2104, 0x18c3, 0x31a6, 0x4a69,
		0x4208, 0x2104, 0x18e3, 0x2104, 0x2104, 0x2104, 0x2104, 0x2124, 0x1082, 0x0000, 0x0000, 0x0020, 0x0020, 0x0020, 0x0020, 0x0020, 0x0020, 0x0020, 0x0020, 0x0020, 0x0020, 0x0020, 0x0020, 0x0020, 0x0020, 0x0020, 0x0020, 0x0020, 0x0020, 0x0020, 0x0020, 0x0020, 0x0020, 0x0020, 0x0020, 0x0020, 0x0020, 0x0020, 0x0020, 0x0020, 0x0020, 0x0020, 0x0020, 0x0020, 0x0020, 0x0020, 0x0020, 0x0020, 0x0020, 0x0020, 0x0020, 0x0020, 0x0020, 0x0020, 0x0020, 0x0020, 0x0020, 0x0020, 0x0020, 0x0020, 0x0020, 0x0020, 0x0020, 0x0020, 0x0020, 0x0020, 0x0020, 0x0020, 0x0020, 0x0000, 0x0000, 0x20e3, 0x2124, 0x2104, 0x2104, 0x2103, 0x2104, 0x18c3, 0x31a6, 0x4a49,
		0x3186, 0x31a6, 0x2104, 0x18e3, 0x2104, 0x2104, 0x2104, 0x2104, 0x2104, 0x0841, 0x0000, 0x0000, 0x0020, 0x0020, 0x0020, 0x0020, 0x0020, 0x0020, 0x0020, 0x0020, 0x0020, 0x0020, 0x0020, 0x0020, 0x0020, 0x0020, 0x0020, 0x0020, 0x0020, 0x0020, 0x0020, 0x0020, 0x0020, 0x0020, 0x0020, 0x0020, 0x0020, 0x0020, 0x0020, 0x0020, 0x0020, 0x0020, 0x0020, 0x0020, 0x0020, 0x0020, 0x0020, 0x0020, 0x0020, 0x0020, 0x0020, 0x0020, 0x0020, 0x0020, 0x0020, 0x0020, 0x0020, 0x0020, 0x0020, 0x0020, 0x0020, 0x0020, 0x0020, 0x0020, 0x0020, 0x0020, 0x0020, 0x0020, 0x0000, 0x0000, 0x18a2, 0x2124, 0x2104, 0x2104, 0x2104, 0x2104, 0x2104, 0x2945, 0x39c7, 0x39e7,
		0x31c7, 0x4208, 0x3165, 0x18c3, 0x2104, 0x20e3, 0x2104, 0x2104, 0x2124, 0x18e3, 0x0000, 0x0000, 0x0000, 0x0020, 0x0020, 0x0020, 0x0020, 0x0020, 0x0020, 0x0020, 0x0020, 0x0020, 0x0020, 0x0020, 0x0020, 0x0020, 0x0020, 0x0020, 0x0020, 0x0020, 0x0020, 0x0020, 0x0020, 0x0020, 0x0020, 0x0020, 0x0020, 0x0020, 0x0020, 0x0020, 0x0020, 0x0020, 0x0020, 0x0020, 0x0020, 0x0020, 0x0020, 0x0020, 0x0020, 0x0020, 0x0020, 0x0020, 0x0020, 0x0020, 0x0020, 0x0020, 0x0020, 0x0020, 0x0020, 0x0020, 0x0020, 0x0020, 0x0020, 0x0020, 0x0020, 0x0020, 0x0020, 0x0000, 0x0000, 0x1082, 0x2124, 0x2104, 0x2104, 0x2104, 0x2104, 0x2104, 0x2104, 0x39c6, 0x4229, 0x428b,
		0x4b2f, 0x3186, 0x39c7, 0x2945, 0x18e3, 0x20e3, 0x2104, 0x2104, 0x2104, 0x2104, 0x10a2, 0x0000, 0x0000, 0x0020, 0x0000, 0x0000, 0x0000, 0x0000, 0x0000, 0x0000, 0x0000, 0x0000, 0x0000, 0x0000, 0x0000, 0x0000, 0x0000, 0x0000, 0x0000, 0x0000, 0x0000, 0x0000, 0x0000, 0x0000, 0x0000, 0x0000, 0x0000, 0x0000, 0x0000, 0x0000, 0x0000, 0x0000, 0x0000, 0x0000, 0x0000, 0x0000, 0x0000, 0x0000, 0x0000, 0x0000, 0x0000, 0x0000, 0x0000, 0x0000, 0x0000, 0x0000, 0x0000, 0x0000, 0x0000, 0x0000, 0x0000, 0x0000, 0x0000, 0x0000, 0x0000, 0x0000, 0x0000, 0x0000, 0x0841, 0x2104, 0x2104, 0x2104, 0x2104, 0x2104, 0x2103, 0x2104, 0x3186, 0x3986, 0x3a09, 0x5bd1,
		0x536f, 0x426a, 0x4208, 0x39e7, 0x20e3, 0x20e3, 0x2104, 0x2104, 0x2104, 0x2104, 0x2124, 0x0861, 0x0000, 0x0000, 0x0000, 0x0000, 0x0000, 0x0000, 0x0000, 0x0000, 0x0000, 0x0000, 0x0000, 0x0000, 0x0000, 0x0000, 0x0000, 0x0000, 0x0000, 0x0000, 0x0000, 0x0000, 0x0000, 0x0000, 0x0000, 0x0000, 0x0000, 0x0000, 0x0000, 0x0000, 0x0000, 0x0000, 0x0000, 0x0000, 0x0000, 0x0000, 0x0000, 0x0000, 0x0000, 0x0000, 0x0000, 0x0000, 0x0000, 0x0000, 0x0000, 0x0000, 0x0000, 0x0000, 0x0000, 0x0000, 0x0000, 0x0000, 0x0000, 0x0000, 0x0000, 0x0000, 0x0000, 0x0820, 0x18e3, 0x2124, 0x2104, 0x2104, 0x2104, 0x2104, 0x20e3, 0x2965, 0x39c6, 0x3a08, 0x4acc, 0x5370,
		0x534f, 0x5bd1, 0x4229, 0x41e7, 0x31a6, 0x18e3, 0x18e3, 0x2104, 0x2104, 0x2104, 0x2124, 0x18e3, 0x0000, 0x0000, 0x0000, 0x0000, 0x0000, 0x0000, 0x0000, 0x0000, 0x0000, 0x0000, 0x0000, 0x0000, 0x0000, 0x0000, 0x0000, 0x0000, 0x0000, 0x0000, 0x0000, 0x0000, 0x0000, 0x0000, 0x0000, 0x0000, 0x0000, 0x0000, 0x0000, 0x0000, 0x0000, 0x0000, 0x0000, 0x0000, 0x0000, 0x0000, 0x0000, 0x0000, 0x0000, 0x0000, 0x0000, 0x0000, 0x0000, 0x0000, 0x0000, 0x0000, 0x0000, 0x0000, 0x0000, 0x0000, 0x0000, 0x0000, 0x0000, 0x0000, 0x0000, 0x0000, 0x0000, 0x18c3, 0x2124, 0x2104, 0x2104, 0x2104, 0x2104, 0x18e3, 0x2965, 0x39c7, 0x3186, 0x4b0d, 0x5bd1, 0x532e,
		0x4b0e, 0x534f, 0x534f, 0x39c7, 0x39e7, 0x2965, 0x2104, 0x18e3, 0x2104, 0x2104, 0x2104, 0x18e3, 0x18c3, 0x18a2, 0x10a2, 0x18a2, 0x10a2, 0x10a2, 0x10a2, 0x10a2, 0x10a2, 0x10a2, 0x10a2, 0x10a2, 0x10a2, 0x10a2, 0x10a2, 0x10a2, 0x10a2, 0x10a2, 0x10a2, 0x10a2, 0x10a2, 0x10a2, 0x10a2, 0x10a2, 0x10a2, 0x10a2, 0x10a2, 0x10a2, 0x10a2, 0x10a2, 0x10a2, 0x10a2, 0x10a2, 0x10a2, 0x10a2, 0x10a2, 0x10a2, 0x10a2, 0x10a2, 0x10a2, 0x10a2, 0x10a2, 0x10a2, 0x10a2, 0x10a2, 0x10a2, 0x10a2, 0x10a2, 0x10a2, 0x10a2, 0x10a2, 0x10a2, 0x10a2, 0x10a2, 0x10a2, 0x20e3, 0x2104, 0x2104, 0x2104, 0x2104, 0x2104, 0x2945, 0x31a6, 0x2965, 0x532e, 0x5370, 0x534f, 0x532e,
		0x4b2e, 0x532e, 0x53b1, 0x3a6a, 0x3165, 0x41e7, 0x2945, 0x18c2, 0x2104, 0x2104, 0x2104, 0x2104, 0x2124, 0x2124, 0x2124, 0x2124, 0x2124, 0x2124, 0x2124, 0x2124, 0x2124, 0x2124, 0x2124, 0x2124, 0x2124, 0x2124, 0x2124, 0x2124, 0x2124, 0x2124, 0x2124, 0x2124, 0x2124, 0x2124, 0x2124, 0x2124, 0x2124, 0x2124, 0x2124, 0x2124, 0x2124, 0x2124, 0x2124, 0x2124, 0x2124, 0x2124, 0x2124, 0x2124, 0x2124, 0x2124, 0x2124, 0x2124, 0x2124, 0x2124, 0x2124, 0x2124, 0x2124, 0x2124, 0x2124, 0x2124, 0x2124, 0x2124, 0x2124, 0x2124, 0x2124, 0x2124, 0x2124, 0x2124, 0x2104, 0x2104, 0x2104, 0x2103, 0x2104, 0x3186, 0x39c7, 0x4aed, 0x5bb1, 0x536f, 0x532e, 0x532e,
		0x4b2e, 0x4b2e, 0x534f, 0x536f, 0x3a4a, 0x39e7, 0x39c7, 0x2945, 0x2104, 0x2104, 0x2104, 0x2104, 0x2104, 0x2104, 0x2104, 0x2104, 0x2104, 0x2104, 0x2124, 0x2104, 0x2104, 0x2124, 0x2124, 0x2124, 0x2124, 0x2124, 0x2124, 0x2104, 0x2104, 0x2104, 0x2104, 0x2104, 0x2104, 0x2104, 0x2104, 0x2104, 0x2104, 0x2104, 0x2104, 0x2104, 0x2104, 0x2104, 0x2104, 0x2104, 0x2104, 0x2124, 0x2124, 0x2124, 0x2124, 0x2104, 0x2104, 0x2104, 0x2104, 0x2104, 0x2104, 0x2124, 0x2124, 0x2124, 0x2124, 0x2104, 0x2124, 0x2124, 0x2104, 0x2104, 0x2104, 0x2124, 0x2104, 0x2104, 0x2104, 0x2104, 0x2104, 0x2124, 0x2965, 0x3185, 0x426a, 0x63f2, 0x534f, 0x534f, 0x532f, 0x532e,
		0x4b0e, 0x4b2e, 0x532e, 0x5390, 0x5bd1, 0x31c7, 0x39c7, 0x39e7, 0x20e3, 0x18e3, 0x2104, 0x2104, 0x2103, 0x2103, 0x2104, 0x2104, 0x20e3, 0x2104, 0x2104, 0x2104, 0x2104, 0x2104, 0x2104, 0x2104, 0x2104, 0x2104, 0x2104, 0x2104, 0x2104, 0x2104, 0x2104, 0x2104, 0x20e3, 0x18e3, 0x2104, 0x2104, 0x2104, 0x2104, 0x2103, 0x2104, 0x2104, 0x2104, 0x2104, 0x2104, 0x2104, 0x2104, 0x2104, 0x2104, 0x2104, 0x2104, 0x2104, 0x2104, 0x2104, 0x2104, 0x2104, 0x2104, 0x2104, 0x2104, 0x2104, 0x2104, 0x2104, 0x2104, 0x2104, 0x2104, 0x2104, 0x2104, 0x2104, 0x2104, 0x2104, 0x2104, 0x18e3, 0x2945, 0x39a6, 0x4aed, 0x5bd2, 0x534f, 0x534f, 0x534f, 0x532f, 0x532f,
		0x4b2e, 0x532e, 0x532e, 0x534f, 0x5b90, 0x5390, 0x4aab, 0x39a6, 0x3186, 0x3186, 0x3186, 0x3186, 0x3186, 0x3186, 0x3186, 0x3186, 0x3186, 0x3186, 0x3186, 0x3186, 0x3186, 0x3186, 0x3186, 0x3186, 0x3186, 0x3186, 0x3186, 0x3186, 0x3186, 0x3186, 0x31a6, 0x3186, 0x3186, 0x3186, 0x31a6, 0x31a6, 0x31a6, 0x3186, 0x3186, 0x3186, 0x3186, 0x3186, 0x3186, 0x3186, 0x31a6, 0x31a6, 0x3186, 0x3186, 0x3186, 0x3186, 0x3186, 0x3186, 0x3186, 0x3186, 0x31a6, 0x31a6, 0x31a6, 0x31a6, 0x3186, 0x31a6, 0x31a6, 0x31a6, 0x31a6, 0x3186, 0x31a6, 0x31a6, 0x31a6, 0x3186, 0x3186, 0x3186, 0x3165, 0x3186, 0x3165, 0x534f, 0x5bb1, 0x532f, 0x534f, 0x532f, 0x532e, 0x532f
};
const uint16_t DISPLAY5[] = {
		0x532f, 0x532f, 0x534f, 0x534f, 0x534f, 0x532f, 0x4b2e, 0x4aed, 0x41e7, 0x39c7, 0x39c7, 0x39e7, 0x39c7, 0x39c7, 0x39e7, 0x41e7, 0x39e7, 0x39e7, 0x39e7, 0x39e7, 0x39c7, 0x39c7, 0x39c7, 0x39e7, 0x39e7, 0x39e7, 0x39e7, 0x39e7, 0x39c7, 0x39c7, 0x39c7, 0x39c7, 0x39c7, 0x39c7, 0x39c7, 0x39c7, 0x39c7, 0x39c7, 0x39c7, 0x39e7, 0x39e7, 0x39c7, 0x39c7, 0x39c7, 0x39c7, 0x39e7, 0x39e7, 0x39c7, 0x39c7, 0x39c7, 0x39e7, 0x39e7, 0x39e7, 0x39c7, 0x39c7, 0x39e7, 0x39e7, 0x39e7, 0x39c7, 0x39e7, 0x39e7, 0x39c7, 0x39c7, 0x39c7, 0x39c7, 0x39c7, 0x39e7, 0x39c7, 0x39c7, 0x31a6, 0x39a6, 0x426a, 0x4b0e, 0x4aed, 0x534f, 0x532f, 0x532f, 0x532f, 0x4b2e, 0x4b2e,
		0x532f, 0x532f, 0x534f, 0x534f, 0x53b1, 0x3a09, 0x20e3, 0x3186, 0x4a69, 0x4a49, 0x4a49, 0x4a49, 0x4a49, 0x4a49, 0x4a49, 0x4a49, 0x4a49, 0x4a49, 0x4a49, 0x4a49, 0x4a49, 0x4a49, 0x4a49, 0x4a49, 0x4a49, 0x4a49, 0x4a49, 0x4a49, 0x4a49, 0x4a49, 0x4a49, 0x4a49, 0x4a49, 0x4a49, 0x4a49, 0x4a49, 0x4a49, 0x4a49, 0x4a49, 0x4a49, 0x4a49, 0x4a49, 0x4a49, 0x4a49, 0x4a49, 0x4a49, 0x4a49, 0x4a49, 0x4a49, 0x4a49, 0x4a49, 0x4a49, 0x4a49, 0x4a49, 0x4a49, 0x4a49, 0x4a49, 0x4a49, 0x4a49, 0x4a49, 0x4a28, 0x4a28, 0x4a28, 0x4a28, 0x4a28, 0x4a49, 0x4a49, 0x4a49, 0x4228, 0x4208, 0x4a28, 0x31a6, 0x2124, 0x20c3, 0x4aed, 0x5370, 0x4b2f, 0x532f, 0x4b2f, 0x532f,
		0x4b2e, 0x4b2e, 0x532f, 0x534f, 0x534f, 0x424a, 0x39c7, 0x4208, 0x31a6, 0x3186, 0x3186, 0x3186, 0x3186, 0x3186, 0x3186, 0x3186, 0x3186, 0x3186, 0x3186, 0x3186, 0x3186, 0x3186, 0x3186, 0x3186, 0x3186, 0x3186, 0x3186, 0x3186, 0x3186, 0x3186, 0x3186, 0x3186, 0x3186, 0x3186, 0x3186, 0x3186, 0x3186, 0x3186, 0x3186, 0x3186, 0x3186, 0x3186, 0x3186, 0x3186, 0x3186, 0x3186, 0x3186, 0x3186, 0x3186, 0x3186, 0x3186, 0x3186, 0x3186, 0x3186, 0x3186, 0x3186, 0x3186, 0x3186, 0x3186, 0x3186, 0x3186, 0x3186, 0x3186, 0x3186, 0x3186, 0x3186, 0x3186, 0x3186, 0x3165, 0x2965, 0x2965, 0x31a6, 0x39c7, 0x3185, 0x4aac, 0x534f, 0x4b4f, 0x4b2f, 0x4b2f, 0x4b2f,
		0x4b2e, 0x4b2e, 0x536f, 0x4b2e, 0x2945, 0x4208, 0x4a49, 0x39e7, 0x18e3, 0x18c3, 0x18e3, 0x18e3, 0x18e3, 0x18e3, 0x18e3, 0x18e3, 0x18e3, 0x18e3, 0x18e3, 0x18e3, 0x18e3, 0x18e3, 0x18e3, 0x18e3, 0x18e3, 0x18e3, 0x18e3, 0x18e3, 0x18e3, 0x18e3, 0x18e3, 0x18e3, 0x18e3, 0x18e3, 0x18e3, 0x18e3, 0x18e3, 0x18e3, 0x18e3, 0x18e3, 0x18e3, 0x18e3, 0x18e3, 0x18e3, 0x18e3, 0x18e3, 0x18e3, 0x18e3, 0x18e3, 0x18e3, 0x18e3, 0x18e3, 0x18e3, 0x18e3, 0x18e3, 0x18e3, 0x18e3, 0x18e3, 0x18e3, 0x18e3, 0x18e3, 0x18e3, 0x18e3, 0x18e3, 0x18e3, 0x18e3, 0x18e3, 0x18e3, 0x18e3, 0x18e3, 0x18c3, 0x2945, 0x39e7, 0x4228, 0x3165, 0x29a7, 0x5390, 0x534f, 0x4b2f, 0x4b2f,
		0x4b2e, 0x4b2f, 0x5370, 0x4b2e, 0x2965, 0x4208, 0x39c7, 0x20e3, 0x2104, 0x2104, 0x2104, 0x2104, 0x2104, 0x2104, 0x2104, 0x2124, 0x2104, 0x2104, 0x2104, 0x2124, 0x2104, 0x2104, 0x2104, 0x2104, 0x2104, 0x2104, 0x2104, 0x2104, 0x2104, 0x2104, 0x2104, 0x2104, 0x2124, 0x2124, 0x2124, 0x2124, 0x2104, 0x2104, 0x2104, 0x2124, 0x2104, 0x2104, 0x2104, 0x2104, 0x2104, 0x2104, 0x2104, 0x2124, 0x2104, 0x2104, 0x2104, 0x2104, 0x2104, 0x2104, 0x2124, 0x2124, 0x2104, 0x2104, 0x2104, 0x2104, 0x2104, 0x2104, 0x2104, 0x2104, 0x2104, 0x2104, 0x2104, 0x2104, 0x2104, 0x2104, 0x2104, 0x18e3, 0x2945, 0x4a49, 0x39a6, 0x2986, 0x5370, 0x534f, 0x4b2f, 0x4b2f,
		0x4b2f, 0x5370, 0x3a29, 0x39e8, 0x4228, 0x39c7, 0x2945, 0x2103, 0x2104, 0x2104, 0x2104, 0x2104, 0x2104, 0x2104, 0x2124, 0x2124, 0x2124, 0x2104, 0x2104, 0x2124, 0x2104, 0x2124, 0x2104, 0x2124, 0x2104, 0x2104, 0x2104, 0x2104, 0x2104, 0x2104, 0x2104, 0x2124, 0x2124, 0x2124, 0x2124, 0x2124, 0x2104, 0x2104, 0x2104, 0x2104, 0x2104, 0x2104, 0x2104, 0x2104, 0x2104, 0x2104, 0x2104, 0x2104, 0x2124, 0x2124, 0x2104, 0x2104, 0x2104, 0x2104, 0x2124, 0x2104, 0x2104, 0x2104, 0x2104, 0x2104, 0x2104, 0x2104, 0x2104, 0x2104, 0x2104, 0x2104, 0x2104, 0x2104, 0x2104, 0x2104, 0x2104, 0x2104, 0x2104, 0x3186, 0x39e7, 0x4208, 0x2986, 0x4b0e, 0x5370, 0x4b2f,
		0x534f, 0x536f, 0x39c7, 0x39a6, 0x4a49, 0x2945, 0x18e3, 0x2104, 0x2104, 0x2104, 0x2104, 0x2104, 0x2104, 0x2124, 0x2124, 0x2124, 0x2124, 0x2104, 0x2104, 0x2124, 0x2124, 0x2124, 0x2124, 0x2124, 0x2104, 0x2104, 0x2124, 0x2104, 0x2104, 0x2124, 0x2104, 0x2124, 0x2124, 0x2104, 0x2104, 0x2104, 0x2104, 0x2104, 0x2104, 0x2104, 0x2104, 0x2104, 0x2124, 0x2124, 0x2124, 0x2124, 0x2104, 0x2104, 0x2124, 0x2124, 0x2104, 0x2104, 0x2124, 0x2124, 0x2124, 0x2104, 0x2104, 0x2104, 0x2104, 0x2104, 0x2124, 0x2104, 0x2104, 0x2104, 0x2104, 0x2124, 0x2104, 0x2124, 0x2124, 0x2104, 0x2104, 0x2104, 0x2104, 0x18e3, 0x31a6, 0x4a48, 0x3165, 0x42ac, 0x5370, 0x4b2f,
		0x5370, 0x39e8, 0x4208, 0x4228, 0x3165, 0x2104, 0x2103, 0x2104, 0x2104, 0x2124, 0x18e3, 0x0841, 0x0020, 0x0821, 0x0841, 0x0841, 0x0820, 0x0020, 0x0820, 0x0820, 0x0820, 0x0020, 0x0820, 0x0020, 0x0020, 0x0820, 0x0820, 0x0020, 0x0020, 0x0020, 0x0020, 0x0020, 0x0020, 0x0020, 0x0020, 0x0020, 0x0020, 0x0020, 0x0020, 0x0020, 0x0020, 0x0020, 0x0820, 0x0040, 0x0020, 0x0020, 0x0020, 0x0020, 0x0020, 0x0020, 0x0020, 0x0020, 0x0020, 0x0020, 0x0020, 0x0020, 0x0020, 0x0020, 0x0020, 0x0020, 0x0020, 0x0020, 0x0020, 0x0020, 0x0020, 0x0020, 0x0020, 0x0020, 0x10a2, 0x2124, 0x2104, 0x2104, 0x2104, 0x2104, 0x2124, 0x31a6, 0x4228, 0x39a6, 0x426b, 0x5370,
		0x4b4f, 0x39c7, 0x4228, 0x4228, 0x20e3, 0x20e3, 0x2104, 0x2104, 0x2104, 0x2104, 0x0861, 0x0000, 0x0000, 0x0000, 0x0000, 0x0000, 0x0000, 0x0000, 0x0000, 0x0000, 0x0000, 0x0000, 0x0000, 0x0000, 0x0000, 0x0000, 0x0000, 0x0000, 0x0000, 0x0000, 0x0000, 0x0000, 0x0000, 0x0000, 0x0000, 0x0000, 0x0000, 0x0000, 0x0000, 0x0000, 0x0000, 0x0000, 0x0000, 0x0000, 0x0000, 0x0000, 0x0000, 0x0000, 0x0000, 0x0000, 0x0000, 0x0000, 0x0000, 0x0000, 0x0000, 0x0000, 0x0000, 0x0000, 0x0000, 0x0000, 0x0000, 0x0000, 0x0000, 0x0000, 0x0000, 0x0000, 0x0000, 0x0000, 0x0020, 0x20e3, 0x2124, 0x2104, 0x2104, 0x2104, 0x18e3, 0x2124, 0x4228, 0x39a6, 0x4249, 0x5391,
		0x31a7, 0x4208, 0x39e7, 0x2945, 0x2104, 0x2104, 0x2104, 0x2104, 0x2124, 0x18c2, 0x0000, 0x0020, 0x0020, 0x0020, 0x0020, 0x0020, 0x0020, 0x0020, 0x0020, 0x0020, 0x0020, 0x0020, 0x0020, 0x0820, 0x0820, 0x0820, 0x0820, 0x0820, 0x0820, 0x0820, 0x0820, 0x0820, 0x0820, 0x0820, 0x0820, 0x0820, 0x0820, 0x0820, 0x0820, 0x0820, 0x0820, 0x0820, 0x0820, 0x0820, 0x0820, 0x0820, 0x0820, 0x0820, 0x0820, 0x0820, 0x0820, 0x0820, 0x0820, 0x0820, 0x0820, 0x0820, 0x0020, 0x0020, 0x0020, 0x0020, 0x0020, 0x0020, 0x0020, 0x0020, 0x0020, 0x0020, 0x0020, 0x0020, 0x0000, 0x0861, 0x2124, 0x2124, 0x2104, 0x2104, 0x2104, 0x2104, 0x3186, 0x4207, 0x39e7, 0x31a7,
		0x2965, 0x4208, 0x2965, 0x18e3, 0x2104, 0x2104, 0x2104, 0x2124, 0x20e3, 0x0820, 0x0000, 0x0820, 0x0820, 0x0820, 0x0820, 0x0820, 0x0820, 0x0820, 0x0820, 0x0820, 0x0840, 0x0820, 0x0820, 0x0820, 0x0820, 0x0820, 0x0820, 0x0820, 0x0820, 0x0820, 0x0820, 0x0820, 0x0820, 0x0820, 0x0820, 0x0820, 0x0820, 0x0820, 0x0820, 0x0820, 0x0820, 0x0820, 0x0820, 0x0820, 0x0820, 0x0820, 0x0820, 0x0820, 0x1020, 0x0820, 0x0820, 0x1020, 0x0820, 0x0820, 0x0820, 0x0820, 0x0820, 0x0820, 0x0820, 0x0820, 0x0820, 0x0820, 0x0820, 0x0820, 0x0820, 0x0820, 0x0820, 0x0820, 0x0000, 0x0000, 0x18c3, 0x2124, 0x2104, 0x2104, 0x2104, 0x2104, 0x2103, 0x39c7, 0x39e7, 0x2104,
		0x3186, 0x39a6, 0x2124, 0x2104, 0x2104, 0x2104, 0x2124, 0x2124, 0x0861, 0x0000, 0x0020, 0x0820, 0x0820, 0x0820, 0x0820, 0x0820, 0x0820, 0x0820, 0x0820, 0x0820, 0x0820, 0x0820, 0x0820, 0x0820, 0x1020, 0x1020, 0x1020, 0x1800, 0x1800, 0x1800, 0x1820, 0x1800, 0x1800, 0x1800, 0x1800, 0x1800, 0x1800, 0x1800, 0x1800, 0x1800, 0x1800, 0x1820, 0x1820, 0x1820, 0x1800, 0x1800, 0x1800, 0x1800, 0x1800, 0x1800, 0x1800, 0x1800, 0x1820, 0x1020, 0x1020, 0x0820, 0x0820, 0x0820, 0x0820, 0x0820, 0x0820, 0x0820, 0x0820, 0x0820, 0x0820, 0x0820, 0x0820, 0x0820, 0x0820, 0x0000, 0x0020, 0x18e3, 0x2124, 0x2104, 0x2104, 0x2104, 0x2103, 0x3185, 0x39c7, 0x3186,
		0x41e7, 0x2124, 0x2104, 0x2104, 0x2104, 0x2124, 0x2124, 0x18c3, 0x0000, 0x0000, 0x0820, 0x0820, 0x0820, 0x0820, 0x0820, 0x0820, 0x0820, 0x0820, 0x0820, 0x0820, 0x0820, 0x0820, 0x1020, 0x1020, 0x1820, 0x1800, 0x2000, 0x2800, 0x2000, 0x2800, 0x2800, 0x2800, 0x2800, 0x2800, 0x2800, 0x2800, 0x2800, 0x2800, 0x2800, 0x2800, 0x2800, 0x2800, 0x2800, 0x2800, 0x2800, 0x2800, 0x2800, 0x2800, 0x2800, 0x2800, 0x2800, 0x2800, 0x2000, 0x2000, 0x1800, 0x1800, 0x1020, 0x0820, 0x0820, 0x0820, 0x0820, 0x0820, 0x0820, 0x0820, 0x0820, 0x0820, 0x0820, 0x0820, 0x0820, 0x0020, 0x0000, 0x0861, 0x20e3, 0x2124, 0x2104, 0x2104, 0x2104, 0x18e3, 0x3186, 0x4228,
		0x4208, 0x20e3, 0x2103, 0x2104, 0x2124, 0x2924, 0x2104, 0x0000, 0x0000, 0x0020, 0x0820, 0x0820, 0x0820, 0x0820, 0x0820, 0x0820, 0x0820, 0x0820, 0x0820, 0x0820, 0x0820, 0x0820, 0x1020, 0x1820, 0x2000, 0x2800, 0x3000, 0x3000, 0x3000, 0x3000, 0x3000, 0x3000, 0x3000, 0x3000, 0x3000, 0x3000, 0x3000, 0x3000, 0x3800, 0x3800, 0x3000, 0x3000, 0x3000, 0x3000, 0x3000, 0x3000, 0x3800, 0x3000, 0x3000, 0x3000, 0x3800, 0x3000, 0x3000, 0x2800, 0x2000, 0x1800, 0x1020, 0x1020, 0x0820, 0x0820, 0x0820, 0x0820, 0x0820, 0x0820, 0x0820, 0x0820, 0x0820, 0x0820, 0x0820, 0x0820, 0x0000, 0x0000, 0x1061, 0x2124, 0x2104, 0x2104, 0x2104, 0x18e3, 0x3186, 0x4a49,
		0x4208, 0x2104, 0x2104, 0x2104, 0x2124, 0x2104, 0x0821, 0x0000, 0x0820, 0x0820, 0x0820, 0x0820, 0x0820, 0x0820, 0x0840, 0x0820, 0x0820, 0x0820, 0x0820, 0x0820, 0x1020, 0x1020, 0x2000, 0x2800, 0x3800, 0x3800, 0x3800, 0x3800, 0x4000, 0x4000, 0x4000, 0x4000, 0x4000, 0x4000, 0x4000, 0x4000, 0x4000, 0x4000, 0x4000, 0x4000, 0x4000, 0x4000, 0x4000, 0x4000, 0x4000, 0x4000, 0x4000, 0x4000, 0x4000, 0x4000, 0x4000, 0x4000, 0x4000, 0x3000, 0x3800, 0x3000, 0x2000, 0x1020, 0x1020, 0x0820, 0x0820, 0x0820, 0x0820, 0x0820, 0x0820, 0x0820, 0x0820, 0x0820, 0x0820, 0x0820, 0x0820, 0x0000, 0x0000, 0x10a2, 0x2945, 0x2104, 0x2104, 0x18e3, 0x3186, 0x4a49,
		0x4228, 0x2104, 0x2104, 0x2124, 0x2124, 0x10a2, 0x0000, 0x0000, 0x0820, 0x0820, 0x0820, 0x0820, 0x0820, 0x0820, 0x0820, 0x0820, 0x0820, 0x0820, 0x0820, 0x0820, 0x1020, 0x1820, 0x2000, 0x3000, 0x4800, 0x5800, 0x5800, 0x6000, 0x6000, 0x6000, 0x6000, 0x6000, 0x6000, 0x6000, 0x6000, 0x6000, 0x6000, 0x6000, 0x6000, 0x6000, 0x6000, 0x6000, 0x6000, 0x6000, 0x6000, 0x6000, 0x6000, 0x6000, 0x6000, 0x6000, 0x6000, 0x6000, 0x6000, 0x5800, 0x4800, 0x3800, 0x2800, 0x1800, 0x1020, 0x1020, 0x0820, 0x0820, 0x0820, 0x0820, 0x0820, 0x0820, 0x0820, 0x0820, 0x0820, 0x0820, 0x0840, 0x0020, 0x0000, 0x0841, 0x20e3, 0x2124, 0x2104, 0x18e3, 0x3186, 0x4a69,
		0x4228, 0x2104, 0x2104, 0x2124, 0x2104, 0x0000, 0x0000, 0x0820, 0x0820, 0x0820, 0x0820, 0x0820, 0x0820, 0x0820, 0x0820, 0x0820, 0x0820, 0x0820, 0x0820, 0x1020, 0x1800, 0x2000, 0x3800, 0x4000, 0x3800, 0xd861, 0xf861, 0xf061, 0xf041, 0xf041, 0xf041, 0xf041, 0xf041, 0xf041, 0xf041, 0xf061, 0xf041, 0xf041, 0xf041, 0xf041, 0xf041, 0xf041, 0xf041, 0xf041, 0xf041, 0xf041, 0xf041, 0xf041, 0xf041, 0xf041, 0xf041, 0xf041, 0xf841, 0xf061, 0x5000, 0x3000, 0x4000, 0x2800, 0x1800, 0x1020, 0x1020, 0x0820, 0x0820, 0x0820, 0x0820, 0x0820, 0x0820, 0x0820, 0x0820, 0x0820, 0x0820, 0x0820, 0x0020, 0x0000, 0x1082, 0x2924, 0x2124, 0x18e3, 0x3186, 0x4a69,
		0x4228, 0x2104, 0x2104, 0x2924, 0x2104, 0x0000, 0x0000, 0x0820, 0x0820, 0x0820, 0x0820, 0x0820, 0x0820, 0x0820, 0x0820, 0x0820, 0x0820, 0x0820, 0x1020, 0x1820, 0x2000, 0x3000, 0x4000, 0x5000, 0x8800, 0xe861, 0xf861, 0xf861, 0xf861, 0xf861, 0xf861, 0xf841, 0xf841, 0xf841, 0xf841, 0xf841, 0xf841, 0xf841, 0xf841, 0xf841, 0xf841, 0xf841, 0xf841, 0xf861, 0xf841, 0xf841, 0xf841, 0xf841, 0xf841, 0xf841, 0xf841, 0xf841, 0xf861, 0xf861, 0xa020, 0x6000, 0x3800, 0x3000, 0x2000, 0x1820, 0x1020, 0x0820, 0x0820, 0x0820, 0x0820, 0x0820, 0x0840, 0x0840, 0x0820, 0x0820, 0x0820, 0x0820, 0x0020, 0x0000, 0x1082, 0x2124, 0x2124, 0x18e3, 0x3186, 0x4a69,
		0x4228, 0x2104, 0x2104, 0x2944, 0x2104, 0x0000, 0x0000, 0x0820, 0x0820, 0x0820, 0x0820, 0x0840, 0x0840, 0x0820, 0x0820, 0x0820, 0x0820, 0x1020, 0x1820, 0x2000, 0x3000, 0x4000, 0x4000, 0x7000, 0xf861, 0xf821, 0xf800, 0xf800, 0xf800, 0xf800, 0xf800, 0xf800, 0xf800, 0xf800, 0xf800, 0xf800, 0xf800, 0xf800, 0xf800, 0xf800, 0xf800, 0xf800, 0xf800, 0xf800, 0xf800, 0xf800, 0xf800, 0xf800, 0xf800, 0xf800, 0xf800, 0xf800, 0xf800, 0xf800, 0xf862, 0xb021, 0x4000, 0x4000, 0x2800, 0x2000, 0x1020, 0x1020, 0x0820, 0x0820, 0x0820, 0x0820, 0x0840, 0x0840, 0x0820, 0x0820, 0x0820, 0x0820, 0x0020, 0x0000, 0x1082, 0x2124, 0x2124, 0x18e3, 0x3186, 0x4a49,
		0x4228, 0x2104, 0x2104, 0x2944, 0x2124, 0x0000, 0x0000, 0x0820, 0x0820, 0x0820, 0x0820, 0x0840, 0x0821, 0x0820, 0x0820, 0x0820, 0x1020, 0x1020, 0x1820, 0x2800, 0x3800, 0x4000, 0x5000, 0xe041, 0xf862, 0xf801, 0xf800, 0xf801, 0xf800, 0xf801, 0xf801, 0xf801, 0xf801, 0xf801, 0xf801, 0xf800, 0xf800, 0xf800, 0xf801, 0xf800, 0xf801, 0xf801, 0xf801, 0xf800, 0xf801, 0xf801, 0xf801, 0xf801, 0xf800, 0xf800, 0xf801, 0xf801, 0xf800, 0xf800, 0xf861, 0xf841, 0x9000, 0x4000, 0x3000, 0x2800, 0x1800, 0x1020, 0x0820, 0x0820, 0x0820, 0x0820, 0x0820, 0x0820, 0x0820, 0x0820, 0x0820, 0x0820, 0x0020, 0x0000, 0x1081, 0x2124, 0x2124, 0x18e3, 0x3186, 0x4a49,
		0x4228, 0x2104, 0x2104, 0x2124, 0x2124, 0x0000, 0x0000, 0x0840, 0x0820, 0x0820, 0x0840, 0x0841, 0x0820, 0x0820, 0x0820, 0x0820, 0x1820, 0x1800, 0x2800, 0x4000, 0x4000, 0x5000, 0xc841, 0xf821, 0xf800, 0xf801, 0xf801, 0xf801, 0xf801, 0xf801, 0xf801, 0xf801, 0xf801, 0xf801, 0xf801, 0xf800, 0xf800, 0xf800, 0xf801, 0xf801, 0xf801, 0xf801, 0xf801, 0xf801, 0xf801, 0xf801, 0xf801, 0xf801, 0xf801, 0xf801, 0xf801, 0xf801, 0xf801, 0xf801, 0xf801, 0xf821, 0xe841, 0x8020, 0x2800, 0x3000, 0x2000, 0x1020, 0x0820, 0x0820, 0x0820, 0x0820, 0x0820, 0x0840, 0x0820, 0x0820, 0x0820, 0x0820, 0x0020, 0x0000, 0x1061, 0x2124, 0x2124, 0x18e3, 0x3186, 0x4a49,
		0x4228, 0x2104, 0x2104, 0x2924, 0x2104, 0x0000, 0x0000, 0x0820, 0x0820, 0x0820, 0x0820, 0x0820, 0x0820, 0x0820, 0x0820, 0x1020, 0x1820, 0x2000, 0x3000, 0x4000, 0x4000, 0x5000, 0xf861, 0xf821, 0xf800, 0xf801, 0xf801, 0xf801, 0xf801, 0xf801, 0xf801, 0xf801, 0xf801, 0xf801, 0xf801, 0xf801, 0xf801, 0xf801, 0xf801, 0xf801, 0xf801, 0xf801, 0xf801, 0xf801, 0xf801, 0xf801, 0xf801, 0xf801, 0xf801, 0xf801, 0xf801, 0xf801, 0xf801, 0xf801, 0xf800, 0xf821, 0xf882, 0x9820, 0x2000, 0x3000, 0x1800, 0x1020, 0x0820, 0x0820, 0x0820, 0x0820, 0x0820, 0x0840, 0x0840, 0x0840, 0x0820, 0x0820, 0x0020, 0x0000, 0x0861, 0x2124, 0x2124, 0x18e3, 0x3186, 0x4a49,
		0x4228, 0x2104, 0x2104, 0x2924, 0x2104, 0x0000, 0x0000, 0x0820, 0x0820, 0x0820, 0x0840, 0x0820, 0x0820, 0x0820, 0x1020, 0x1820, 0x2000, 0x3000, 0x4800, 0x3800, 0x3800, 0x4000, 0x8000, 0xf821, 0xf862, 0xf801, 0xf800, 0xf801, 0xf801, 0xf801, 0xf801, 0xf801, 0xf801, 0xf801, 0xf801, 0xf801, 0xf801, 0xf801, 0xf801, 0xf801, 0xf801, 0xf801, 0xf801, 0xf801, 0xf801, 0xf801, 0xf801, 0xf801, 0xf801, 0xf801, 0xf801, 0xf801, 0xf801, 0xf800, 0xf841, 0xf841, 0xb820, 0x5800, 0x3000, 0x2800, 0x1800, 0x1020, 0x0820, 0x0820, 0x0820, 0x0820, 0x0840, 0x0820, 0x0840, 0x0840, 0x0820, 0x0820, 0x0020, 0x0000, 0x0861, 0x2124, 0x2104, 0x18e3, 0x3186, 0x4a49,
		0x4228, 0x2104, 0x2104, 0x2124, 0x2104, 0x0000, 0x0000, 0x0820, 0x0820, 0x0820, 0x0840, 0x0820, 0x0820, 0x0820, 0x1020, 0x2020, 0x2800, 0x3000, 0x3800, 0xb020, 0xa820, 0x2800, 0x4000, 0xc820, 0xf861, 0xf821, 0xf800, 0xf800, 0xf801, 0xf801, 0xf801, 0xf801, 0xf801, 0xf801, 0xf801, 0xf801, 0xf801, 0xf801, 0xf801, 0xf801, 0xf801, 0xf801, 0xf801, 0xf801, 0xf801, 0xf801, 0xf801, 0xf801, 0xf801, 0xf801, 0xf801, 0xf801, 0xf801, 0xf800, 0xf861, 0xe841, 0x7000, 0x3800, 0x3800, 0x2000, 0x1800, 0x1020, 0x0820, 0x0820, 0x0820, 0x0820, 0x0820, 0x0820, 0x0820, 0x0820, 0x0820, 0x0820, 0x0020, 0x0000, 0x0861, 0x2124, 0x2124, 0x18e3, 0x3186, 0x4a69,
		0x4228, 0x2104, 0x2104, 0x2124, 0x2104, 0x0000, 0x0000, 0x0820, 0x0820, 0x0820, 0x0820, 0x0820, 0x0820, 0x1020, 0x1800, 0x2800, 0x3800, 0x4800, 0x6800, 0xf061, 0xf061, 0x8000, 0x4000, 0x4800, 0xd800, 0xf861, 0xf841, 0xf800, 0xf800, 0xf800, 0xf800, 0xf800, 0xf800, 0xf800, 0xf800, 0xf800, 0xf800, 0xf800, 0xf800, 0xf800, 0xf800, 0xf800, 0xf800, 0xf800, 0xf800, 0xf800, 0xf800, 0xf800, 0xf800, 0xf800, 0xf800, 0xf800, 0xf801, 0xf861, 0xf041, 0x8000, 0x3800, 0x3800, 0x2000, 0x1800, 0x1020, 0x0820, 0x0820, 0x0820, 0x0820, 0x0820, 0x0820, 0x0820, 0x0820, 0x0820, 0x0820, 0x0820, 0x0020, 0x0000, 0x0861, 0x2124, 0x2104, 0x18e3, 0x3186, 0x4a69,
		0x4228, 0x2104, 0x2104, 0x2924, 0x2104, 0x0000, 0x0000, 0x0820, 0x0820, 0x0820, 0x0820, 0x0820, 0x0820, 0x1020, 0x1800, 0x3000, 0x4000, 0x5000, 0xe800, 0xf841, 0xf841, 0xf821, 0x5000, 0x3800, 0x5000, 0xe041, 0xf841, 0xf800, 0xf821, 0xf821, 0xf821, 0xf821, 0xf821, 0xf821, 0xf821, 0xf821, 0xf821, 0xf821, 0xf821, 0xf821, 0xf821, 0xf821, 0xf821, 0xf821, 0xf821, 0xf821, 0xf821, 0xf821, 0xf821, 0xf821, 0xf821, 0xf821, 0xf821, 0xf861, 0x8000, 0x3800, 0x3800, 0x3000, 0x2000, 0x1800, 0x1020, 0x0820, 0x0820, 0x0820, 0x0820, 0x0820, 0x0820, 0x0820, 0x0820, 0x0820, 0x0820, 0x0820, 0x0020, 0x0000, 0x0861, 0x2124, 0x2104, 0x18e3, 0x3186, 0x4a69,
		0x4228, 0x2104, 0x2104, 0x2924, 0x2104, 0x0000, 0x0000, 0x0820, 0x0820, 0x0820, 0x0820, 0x0820, 0x1020, 0x1020, 0x2800, 0x3800, 0x2800, 0x9800, 0xf882, 0xf800, 0xf821, 0xf861, 0xd821, 0x5800, 0x3000, 0x9000, 0xe041, 0xf862, 0xf861, 0xf861, 0xf861, 0xf861, 0xf861, 0xf861, 0xf861, 0xf861, 0xf861, 0xf861, 0xf861, 0xf862, 0xf861, 0xf861, 0xf861, 0xf861, 0xf861, 0xf861, 0xf862, 0xf862, 0xf861, 0xf841, 0xf861, 0xf862, 0xf061, 0x8800, 0x5000, 0x3000, 0x2800, 0x2000, 0x1800, 0x1020, 0x0820, 0x0820, 0x0820, 0x0820, 0x0820, 0x0820, 0x0820, 0x0820, 0x0820, 0x0820, 0x0820, 0x0820, 0x0020, 0x0000, 0x0861, 0x2124, 0x2104, 0x18e3, 0x3186, 0x4a69,
		0x4228, 0x2104, 0x2104, 0x2944, 0x2104, 0x0000, 0x0000, 0x0820, 0x0820, 0x0820, 0x0820, 0x0820, 0x1020, 0x1820, 0x2800, 0x4000, 0x9020, 0xe041, 0xf861, 0xf821, 0xf800, 0xf841, 0xf841, 0xa820, 0x4000, 0x3000, 0x9820, 0xe061, 0xd841, 0xd841, 0xd841, 0xd841, 0xd841, 0xd841, 0xd841, 0xd841, 0xd841, 0xd841, 0xd841, 0xd841, 0xd841, 0xd841, 0xd841, 0xd841, 0xd841, 0xd841, 0xd841, 0xd841, 0xd841, 0xd841, 0xd841, 0xe041, 0xc841, 0x3000, 0x3800, 0x3000, 0x2000, 0x1800, 0x1020, 0x1020, 0x0820, 0x0820, 0x0820, 0x0820, 0x0820, 0x0820, 0x0820, 0x0820, 0x0820, 0x0820, 0x0820, 0x0820, 0x0020, 0x0000, 0x0861, 0x2124, 0x2104, 0x18e3, 0x3186, 0x4a69,
		0x4228, 0x2104, 0x2104, 0x2944, 0x2104, 0x0000, 0x0000, 0x0820, 0x0820, 0x0820, 0x0820, 0x0820, 0x1020, 0x1800, 0x3000, 0x4000, 0xe861, 0xf882, 0xf800, 0xf800, 0xf801, 0xf800, 0xf861, 0xf882, 0x8800, 0x4800, 0x4000, 0x4000, 0x4800, 0x4800, 0x4800, 0x4800, 0x4800, 0x4800, 0x4800, 0x4800, 0x4800, 0x4800, 0x4800, 0x4800, 0x4800, 0x4800, 0x4800, 0x4800, 0x4800, 0x4800, 0x4800, 0x4800, 0x4800, 0x4000, 0x4000, 0x4000, 0x4000, 0x4000, 0x3000, 0x2000, 0x1800, 0x1020, 0x0820, 0x0820, 0x0820, 0x0820, 0x0820, 0x0820, 0x0820, 0x0820, 0x0820, 0x0820, 0x0820, 0x0820, 0x0820, 0x0820, 0x0020, 0x0000, 0x0861, 0x2124, 0x2104, 0x18e3, 0x31a6, 0x4a69,
		0x4228, 0x2104, 0x2104, 0x2124, 0x2104, 0x0000, 0x0000, 0x0820, 0x0820, 0x0820, 0x0820, 0x0820, 0x1020, 0x2000, 0x3000, 0x4000, 0xd861, 0xf862, 0xf801, 0xf800, 0xf801, 0xf801, 0xf821, 0xf841, 0xf061, 0x6000, 0x3800, 0x3800, 0x4000, 0x4000, 0x3800, 0x3800, 0x3800, 0x3800, 0x4000, 0x4000, 0x4000, 0x3800, 0x3800, 0x3800, 0x3800, 0x3800, 0x3800, 0x3800, 0x3800, 0x3800, 0x3800, 0x3800, 0x3800, 0x3800, 0x3800, 0x3800, 0x3000, 0x3000, 0x2800, 0x1800, 0x1020, 0x1020, 0x0820, 0x0820, 0x0820, 0x0820, 0x0820, 0x0820, 0x0820, 0x0820, 0x0820, 0x0820, 0x0820, 0x0820, 0x0820, 0x0820, 0x0020, 0x0000, 0x1061, 0x2124, 0x2104, 0x18e3, 0x3186, 0x4a69,
		0x4228, 0x2104, 0x2104, 0x2124, 0x2104, 0x0000, 0x0000, 0x0820, 0x0820, 0x0820, 0x0820, 0x1020, 0x1020, 0x2000, 0x3800, 0x4000, 0xd841, 0xf861, 0xf800, 0xf801, 0xf801, 0xf801, 0xf800, 0xf821, 0xf881, 0x6000, 0x3800, 0x4000, 0x3000, 0x3000, 0x3000, 0x2800, 0x2800, 0x2800, 0x2800, 0x3000, 0x3000, 0x3000, 0x2800, 0x2800, 0x3000, 0x2800, 0x2800, 0x3000, 0x3000, 0x2800, 0x2800, 0x2800, 0x2800, 0x2800, 0x3000, 0x2800, 0x2000, 0x1800, 0x1820, 0x1020, 0x1020, 0x0820, 0x0820, 0x0820, 0x0820, 0x0820, 0x0820, 0x0820, 0x0820, 0x0820, 0x0820, 0x0820, 0x0820, 0x0820, 0x0820, 0x0820, 0x0020, 0x0000, 0x0861, 0x2124, 0x2104, 0x18e3, 0x3186, 0x4a69,
		0x4228, 0x2104, 0x2104, 0x2944, 0x2104, 0x0000, 0x0000, 0x0820, 0x0820, 0x0820, 0x0820, 0x1020, 0x1820, 0x2800, 0x3800, 0x4000, 0xd841, 0xf861, 0xf800, 0xf801, 0xf801, 0xf801, 0xf801, 0xf841, 0xf861, 0x6000, 0x3000, 0x3800, 0x2800, 0x2800, 0x2000, 0x2000, 0x2000, 0x2000, 0x2000, 0x2000, 0x2000, 0x2000, 0x2000, 0x2000, 0x2000, 0x2000, 0x2000, 0x2000, 0x2000, 0x2000, 0x2000, 0x2000, 0x2000, 0x2000, 0x2000, 0x1800, 0x1800, 0x1820, 0x1020, 0x1020, 0x0820, 0x0820, 0x0820, 0x0820, 0x0820, 0x0820, 0x0820, 0x0820, 0x0820, 0x0820, 0x0820, 0x0820, 0x0820, 0x0820, 0x0820, 0x0820, 0x0020, 0x0000, 0x1061, 0x2124, 0x2104, 0x18e3, 0x3186, 0x4a69,
		0x4228, 0x2104, 0x2104, 0x2944, 0x2104, 0x0000, 0x0000, 0x0820, 0x0820, 0x0820, 0x0820, 0x1020, 0x1820, 0x2800, 0x3800, 0x4000, 0xd841, 0xf861, 0xf800, 0xf801, 0xf801, 0xf801, 0xf801, 0xf841, 0xf861, 0x5800, 0x3000, 0x3000, 0x2800, 0x2000, 0x1820, 0x1820, 0x1820, 0x1820, 0x1820, 0x1820, 0x1820, 0x1800, 0x1800, 0x1820, 0x1800, 0x1800, 0x1800, 0x1800, 0x1800, 0x1800, 0x1820, 0x1820, 0x1820, 0x1800, 0x1800, 0x1020, 0x1020, 0x1020, 0x0820, 0x0820, 0x0820, 0x0820, 0x0820, 0x0820, 0x0820, 0x0820, 0x0820, 0x0820, 0x0820, 0x0820, 0x0820, 0x0820, 0x0820, 0x0820, 0x0820, 0x0820, 0x0020, 0x0000, 0x1061, 0x2124, 0x2104, 0x18e3, 0x31a6, 0x4a69,
		0x4228, 0x2104, 0x2104, 0x2924, 0x2104, 0x0000, 0x0000, 0x0820, 0x0820, 0x0820, 0x0820, 0x1020, 0x1820, 0x2800, 0x3800, 0x4000, 0xd841, 0xf861, 0xf800, 0xf801, 0xf801, 0xf801, 0xf801, 0xf841, 0xf861, 0x5800, 0x3000, 0x2800, 0x2000, 0x1820, 0x1020, 0x0820, 0x0820, 0x1020, 0x1020, 0x1020, 0x1020, 0x0820, 0x1020, 0x1020, 0x0820, 0x1020, 0x0820, 0x0820, 0x0820, 0x0820, 0x0820, 0x0820, 0x0820, 0x0820, 0x1020, 0x0820, 0x0820, 0x0820, 0x0820, 0x0820, 0x0820, 0x0820, 0x0820, 0x0820, 0x0820, 0x0820, 0x0820, 0x0820, 0x0820, 0x0820, 0x0820, 0x0820, 0x0820, 0x0820, 0x0820, 0x0820, 0x0020, 0x0000, 0x1061, 0x2124, 0x2104, 0x18e3, 0x3186, 0x4a69,
		0x4228, 0x2104, 0x2104, 0x2924, 0x2104, 0x0000, 0x0000, 0x0820, 0x0820, 0x0820, 0x0820, 0x1020, 0x1820, 0x2000, 0x3800, 0x4000, 0xd841, 0xf861, 0xf801, 0xf801, 0xf801, 0xf801, 0xf801, 0xf841, 0xf861, 0x6000, 0x3000, 0x2800, 0x1800, 0x1020, 0x0820, 0x0820, 0x0820, 0x0820, 0x0820, 0x0820, 0x0820, 0x0820, 0x0820, 0x0820, 0x0820, 0x0820, 0x0820, 0x0820, 0x0820, 0x0820, 0x0820, 0x0820, 0x0820, 0x0820, 0x0820, 0x0820, 0x0820, 0x0820, 0x0820, 0x0820, 0x0820, 0x0820, 0x0820, 0x0820, 0x0820, 0x0820, 0x0820, 0x0820, 0x0820, 0x0820, 0x0820, 0x0820, 0x0820, 0x0820, 0x0820, 0x0820, 0x0020, 0x0000, 0x0861, 0x2124, 0x2104, 0x18e3, 0x3186, 0x4a69,
		0x4228, 0x2104, 0x2104, 0x2124, 0x2104, 0x0000, 0x0000, 0x0820, 0x0820, 0x0820, 0x0820, 0x1020, 0x1820, 0x2800, 0x3800, 0x4000, 0xd841, 0xf861, 0xf801, 0xf801, 0xf801, 0xf801, 0xf800, 0xf841, 0xf861, 0x6000, 0x3000, 0x2800, 0x1800, 0x1020, 0x0820, 0x0820, 0x0820, 0x0820, 0x0820, 0x0820, 0x0820, 0x0820, 0x0820, 0x0820, 0x0820, 0x0820, 0x0820, 0x0820, 0x0820, 0x0820, 0x0820, 0x0820, 0x0820, 0x0820, 0x0820, 0x0820, 0x0820, 0x0820, 0x0820, 0x0820, 0x0820, 0x0820, 0x0820, 0x0820, 0x0820, 0x0820, 0x0820, 0x0820, 0x0820, 0x0820, 0x0820, 0x0820, 0x0820, 0x0820, 0x0820, 0x0820, 0x0020, 0x0000, 0x0861, 0x2124, 0x2104, 0x18e3, 0x31a6, 0x5289,
		0x4228, 0x2104, 0x2104, 0x2124, 0x2104, 0x0000, 0x0000, 0x0820, 0x0820, 0x0820, 0x0820, 0x1020, 0x1820, 0x2800, 0x3800, 0x4000, 0xd841, 0xf861, 0xf800, 0xf801, 0xf801, 0xf801, 0xf800, 0xf841, 0xf861, 0x6000, 0x3000, 0x2800, 0x1800, 0x1020, 0x0820, 0x0820, 0x0820, 0x0820, 0x0820, 0x0820, 0x0820, 0x0820, 0x0820, 0x0820, 0x0820, 0x0820, 0x0820, 0x0820, 0x0820, 0x0820, 0x0820, 0x0820, 0x0820, 0x0820, 0x0820, 0x0820, 0x0820, 0x0820, 0x0820, 0x0820, 0x0820, 0x0820, 0x0820, 0x0820, 0x0820, 0x0820, 0x0820, 0x0820, 0x0820, 0x0820, 0x0820, 0x0820, 0x0820, 0x0820, 0x0820, 0x0820, 0x0020, 0x0000, 0x1061, 0x2124, 0x2104, 0x18e3, 0x3186, 0x5269,
		0x4228, 0x2104, 0x2104, 0x2124, 0x2104, 0x0000, 0x0000, 0x0820, 0x0820, 0x0820, 0x0820, 0x1020, 0x1820, 0x2000, 0x3800, 0x4000, 0xd841, 0xf861, 0xf801, 0xf801, 0xf801, 0xf801, 0xf800, 0xf841, 0xf861, 0x6000, 0x3000, 0x2800, 0x1800, 0x1020, 0x0820, 0x0820, 0x0820, 0x0820, 0x0820, 0x0820, 0x0820, 0x0820, 0x0820, 0x0820, 0x0820, 0x0820, 0x0820, 0x0820, 0x0820, 0x0820, 0x0820, 0x0820, 0x0820, 0x0820, 0x0820, 0x0820, 0x0820, 0x0820, 0x0820, 0x0820, 0x0820, 0x0820, 0x0820, 0x0820, 0x0820, 0x0820, 0x0820, 0x0820, 0x0820, 0x0820, 0x0820, 0x0820, 0x0820, 0x0820, 0x0820, 0x0820, 0x0020, 0x0000, 0x1061, 0x2124, 0x2104, 0x18e3, 0x31a6, 0x4a69,
		0x4228, 0x2104, 0x2104, 0x2124, 0x2104, 0x0000, 0x0000, 0x0820, 0x0820, 0x0820, 0x0820, 0x1020, 0x1820, 0x2000, 0x3800, 0x4000, 0xd841, 0xf861, 0xf801, 0xf801, 0xf801, 0xf801, 0xf801, 0xf841, 0xf861, 0x6000, 0x3000, 0x2800, 0x1800, 0x1020, 0x0820, 0x0820, 0x0820, 0x0820, 0x0820, 0x0820, 0x0820, 0x0820, 0x0820, 0x0820, 0x0820, 0x0820, 0x0820, 0x0820, 0x0820, 0x0820, 0x0820, 0x0820, 0x0820, 0x0820, 0x0820, 0x0820, 0x0820, 0x0820, 0x0820, 0x0820, 0x0820, 0x0820, 0x0820, 0x0820, 0x0820, 0x0820, 0x0820, 0x0820, 0x0820, 0x0820, 0x0820, 0x0820, 0x0820, 0x0820, 0x0820, 0x0820, 0x0020, 0x0000, 0x1061, 0x2124, 0x2104, 0x18e3, 0x31a6, 0x4a69,
		0x4228, 0x2104, 0x2104, 0x2124, 0x2104, 0x0000, 0x0000, 0x0820, 0x0820, 0x0820, 0x0820, 0x1020, 0x1820, 0x2000, 0x3800, 0x4000, 0xd841, 0xf861, 0xf801, 0xf801, 0xf801, 0xf801, 0xf801, 0xf841, 0xf861, 0x6000, 0x3000, 0x2800, 0x1800, 0x1020, 0x0820, 0x0820, 0x0820, 0x0820, 0x0820, 0x0820, 0x0820, 0x0820, 0x0820, 0x0820, 0x0820, 0x0820, 0x0820, 0x0820, 0x0820, 0x0820, 0x0820, 0x0820, 0x0820, 0x0820, 0x0820, 0x0820, 0x0820, 0x0820, 0x0820, 0x0820, 0x0820, 0x0820, 0x0820, 0x0820, 0x0820, 0x0820, 0x0820, 0x0820, 0x0820, 0x0820, 0x0820, 0x0820, 0x0820, 0x0820, 0x0820, 0x0820, 0x0020, 0x0000, 0x1081, 0x2124, 0x2104, 0x18e3, 0x31a6, 0x4a69,
		0x4228, 0x2104, 0x2104, 0x2124, 0x2104, 0x0000, 0x0000, 0x0820, 0x0820, 0x0820, 0x0820, 0x1020, 0x1800, 0x2000, 0x3800, 0x4800, 0xd841, 0xf861, 0xf801, 0xf801, 0xf801, 0xf801, 0xf801, 0xf821, 0xf861, 0x6000, 0x3000, 0x2800, 0x1800, 0x1020, 0x0820, 0x0820, 0x0820, 0x0820, 0x0820, 0x0820, 0x0820, 0x0820, 0x0820, 0x0820, 0x0820, 0x0820, 0x0820, 0x0820, 0x0820, 0x0820, 0x0820, 0x0820, 0x0820, 0x0820, 0x0820, 0x0820, 0x0820, 0x0820, 0x0820, 0x0820, 0x0820, 0x0820, 0x0820, 0x0820, 0x0820, 0x0820, 0x0820, 0x0820, 0x0820, 0x0820, 0x0820, 0x0820, 0x0820, 0x0820, 0x0820, 0x0820, 0x0020, 0x0000, 0x1061, 0x2124, 0x2104, 0x18e3, 0x31a6, 0x4a69,
		0x4228, 0x2104, 0x2104, 0x2124, 0x2104, 0x0000, 0x0000, 0x0820, 0x0820, 0x0820, 0x0820, 0x1020, 0x1800, 0x2800, 0x3800, 0x4800, 0xe061, 0xf861, 0xf800, 0xf801, 0xf801, 0xf801, 0xf800, 0xf821, 0xf861, 0x6000, 0x3000, 0x2800, 0x1800, 0x1020, 0x0820, 0x0820, 0x0820, 0x0820, 0x0820, 0x0820, 0x0820, 0x0820, 0x0820, 0x0820, 0x0820, 0x0820, 0x0820, 0x0820, 0x0820, 0x0820, 0x0820, 0x0820, 0x0820, 0x0820, 0x0820, 0x0820, 0x0820, 0x0820, 0x0820, 0x0820, 0x0820, 0x0820, 0x0820, 0x0820, 0x0820, 0x0820, 0x0820, 0x0820, 0x0820, 0x0820, 0x0820, 0x0820, 0x0820, 0x0820, 0x0820, 0x0820, 0x0020, 0x0000, 0x1061, 0x2124, 0x2104, 0x18e3, 0x31a6, 0x4a49,
		0x4208, 0x2104, 0x2104, 0x2124, 0x2104, 0x0000, 0x0000, 0x0820, 0x0820, 0x0820, 0x0820, 0x1020, 0x1820, 0x2800, 0x3800, 0x4000, 0xd861, 0xf861, 0xf800, 0xf801, 0xf801, 0xf801, 0xf800, 0xf821, 0xf861, 0x6000, 0x3000, 0x2800, 0x1800, 0x1020, 0x0820, 0x0820, 0x0820, 0x0820, 0x0820, 0x0820, 0x0820, 0x0820, 0x0820, 0x0820, 0x0820, 0x0820, 0x0820, 0x0820, 0x0820, 0x0820, 0x0820, 0x0820, 0x0820, 0x0820, 0x0820, 0x0820, 0x0820, 0x0820, 0x0820, 0x0820, 0x0820, 0x0820, 0x0820, 0x0820, 0x0820, 0x0820, 0x0820, 0x0820, 0x0820, 0x0820, 0x0820, 0x0820, 0x0820, 0x0820, 0x0820, 0x0820, 0x0020, 0x0000, 0x1061, 0x2124, 0x2104, 0x18e3, 0x3186, 0x4a49,
		0x4208, 0x2104, 0x2104, 0x2124, 0x2104, 0x0000, 0x0000, 0x0820, 0x0820, 0x0820, 0x0820, 0x1020, 0x1800, 0x2800, 0x3800, 0x4000, 0xd841, 0xf861, 0xf800, 0xf801, 0xf801, 0xf801, 0xf800, 0xf821, 0xf861, 0x6000, 0x3000, 0x2800, 0x1800, 0x1020, 0x0820, 0x0820, 0x0820, 0x0820, 0x0820, 0x0820, 0x0820, 0x0820, 0x0820, 0x0820, 0x0820, 0x0820, 0x0820, 0x0820, 0x0820, 0x0820, 0x0820, 0x0820, 0x0820, 0x0820, 0x0820, 0x0820, 0x0820, 0x0820, 0x0820, 0x0820, 0x0820, 0x0820, 0x0820, 0x0820, 0x0820, 0x0820, 0x0820, 0x0820, 0x0820, 0x0820, 0x0820, 0x0820, 0x0820, 0x0820, 0x0820, 0x0820, 0x0020, 0x0000, 0x0861, 0x2124, 0x2104, 0x18e3, 0x3186, 0x4a69,
		0x4228, 0x2104, 0x2104, 0x2124, 0x2104, 0x0000, 0x0000, 0x0820, 0x0820, 0x0820, 0x0820, 0x1020, 0x1800, 0x2800, 0x3800, 0x4000, 0xd841, 0xf861, 0xf800, 0xf801, 0xf801, 0xf801, 0xf800, 0xf821, 0xf861, 0x6000, 0x3000, 0x2800, 0x1800, 0x1020, 0x0820, 0x0820, 0x0820, 0x0820, 0x0820, 0x0820, 0x0820, 0x0820, 0x0820, 0x0820, 0x0820, 0x0820, 0x0820, 0x0820, 0x0820, 0x0820, 0x0820, 0x0820, 0x0820, 0x0820, 0x0820, 0x0820, 0x0820, 0x0820, 0x0820, 0x0820, 0x0820, 0x0820, 0x0820, 0x0820, 0x0820, 0x0820, 0x0820, 0x0820, 0x0820, 0x0820, 0x0820, 0x0820, 0x0820, 0x0820, 0x0820, 0x0820, 0x0020, 0x0000, 0x1061, 0x2124, 0x2104, 0x18e3, 0x3186, 0x4a69,
		0x4228, 0x2104, 0x2104, 0x2124, 0x2104, 0x0000, 0x0000, 0x0820, 0x0820, 0x0820, 0x0820, 0x1020, 0x1800, 0x2800, 0x3800, 0x4000, 0xd841, 0xf841, 0xf800, 0xf801, 0xf801, 0xf801, 0xf801, 0xf821, 0xf861, 0x6000, 0x3000, 0x2800, 0x1800, 0x1020, 0x0820, 0x0820, 0x0820, 0x0820, 0x0820, 0x0820, 0x0820, 0x0820, 0x0820, 0x0820, 0x0820, 0x0820, 0x0820, 0x0820, 0x0820, 0x0820, 0x0820, 0x0820, 0x0820, 0x0820, 0x0820, 0x0820, 0x0820, 0x0820, 0x0820, 0x0820, 0x0820, 0x0820, 0x0820, 0x0820, 0x0820, 0x0820, 0x0820, 0x0820, 0x0820, 0x0820, 0x0820, 0x0820, 0x0820, 0x0820, 0x0820, 0x0820, 0x0020, 0x0000, 0x0861, 0x2124, 0x2104, 0x18e3, 0x31a6, 0x4a69,
		0x4228, 0x2104, 0x2104, 0x2124, 0x2104, 0x0000, 0x0000, 0x0820, 0x0820, 0x0820, 0x0820, 0x1020, 0x1800, 0x2800, 0x3800, 0x4000, 0xd841, 0xf861, 0xf800, 0xf800, 0xf801, 0xf801, 0xf801, 0xf821, 0xf861, 0x6000, 0x3000, 0x2800, 0x1800, 0x1020, 0x0820, 0x0820, 0x0820, 0x0820, 0x0820, 0x0820, 0x0820, 0x0820, 0x0820, 0x0820, 0x0820, 0x0820, 0x0820, 0x0820, 0x0820, 0x0820, 0x0820, 0x0820, 0x0820, 0x0820, 0x0820, 0x0820, 0x0820, 0x0820, 0x0820, 0x0820, 0x0820, 0x0820, 0x0820, 0x0820, 0x0820, 0x0820, 0x0820, 0x0820, 0x0820, 0x0820, 0x0820, 0x0820, 0x0820, 0x0820, 0x0820, 0x0820, 0x0020, 0x0000, 0x0861, 0x2124, 0x2104, 0x18e3, 0x3186, 0x4a69,
		0x4229, 0x2104, 0x2104, 0x2124, 0x2104, 0x0000, 0x0000, 0x0820, 0x0820, 0x0820, 0x0820, 0x1020, 0x1800, 0x2800, 0x3800, 0x4000, 0xd841, 0xf861, 0xf800, 0xf800, 0xf801, 0xf801, 0xf800, 0xf841, 0xf861, 0x6000, 0x3000, 0x2800, 0x1800, 0x1020, 0x0820, 0x0820, 0x0820, 0x0820, 0x0820, 0x0820, 0x0820, 0x0820, 0x0820, 0x0820, 0x0820, 0x0820, 0x0820, 0x0820, 0x0820, 0x0820, 0x0820, 0x0820, 0x0820, 0x0820, 0x0820, 0x0820, 0x0820, 0x0820, 0x0820, 0x0820, 0x0820, 0x0820, 0x0820, 0x0820, 0x0820, 0x0820, 0x0820, 0x0820, 0x0820, 0x0820, 0x0820, 0x0820, 0x0820, 0x0820, 0x0820, 0x0820, 0x0020, 0x0000, 0x0861, 0x2124, 0x2104, 0x18e3, 0x3186, 0x4a69,
		0x4228, 0x2104, 0x2104, 0x2124, 0x2104, 0x0000, 0x0000, 0x0820, 0x0820, 0x0820, 0x0820, 0x1020, 0x1800, 0x2800, 0x3800, 0x4000, 0xd841, 0xf861, 0xf800, 0xf800, 0xf801, 0xf801, 0xf800, 0xf841, 0xf861, 0x6000, 0x3000, 0x2800, 0x1800, 0x1020, 0x0820, 0x0820, 0x0820, 0x0820, 0x0820, 0x0820, 0x0820, 0x0820, 0x0820, 0x0820, 0x0820, 0x0820, 0x0820, 0x0820, 0x0820, 0x0820, 0x0820, 0x0820, 0x0820, 0x0820, 0x0820, 0x0820, 0x0820, 0x0820, 0x0820, 0x0820, 0x0820, 0x0820, 0x0820, 0x0820, 0x0820, 0x0820, 0x0820, 0x0820, 0x0820, 0x0820, 0x0820, 0x0820, 0x0820, 0x0820, 0x0820, 0x0820, 0x0020, 0x0000, 0x0861, 0x2124, 0x2104, 0x18e3, 0x3186, 0x4a69,
		0x4228, 0x2104, 0x2104, 0x2124, 0x2104, 0x0000, 0x0000, 0x0820, 0x0820, 0x0820, 0x0820, 0x1020, 0x1800, 0x2000, 0x3800, 0x4000, 0xd841, 0xf861, 0xf800, 0xf801, 0xf801, 0xf801, 0xf801, 0xf841, 0xf861, 0x6000, 0x3000, 0x2800, 0x1800, 0x1020, 0x0820, 0x0820, 0x0820, 0x0820, 0x0820, 0x0820, 0x0820, 0x0820, 0x0820, 0x0820, 0x0820, 0x0820, 0x0820, 0x0820, 0x0820, 0x0820, 0x0820, 0x0820, 0x0820, 0x0820, 0x0820, 0x0820, 0x0820, 0x0820, 0x0820, 0x0820, 0x0820, 0x0820, 0x0820, 0x0820, 0x0820, 0x0820, 0x0820, 0x0820, 0x0820, 0x0820, 0x0820, 0x0820, 0x0820, 0x0820, 0x0820, 0x0820, 0x0020, 0x0000, 0x0861, 0x2124, 0x2104, 0x18e3, 0x3186, 0x4a69,
		0x4228, 0x2104, 0x2104, 0x2124, 0x2104, 0x0000, 0x0000, 0x0820, 0x0820, 0x0820, 0x0820, 0x1020, 0x1800, 0x2000, 0x3800, 0x4000, 0xd841, 0xf861, 0xf800, 0xf801, 0xf801, 0xf801, 0xf801, 0xf841, 0xf862, 0x6000, 0x3000, 0x2800, 0x1800, 0x1020, 0x0820, 0x0820, 0x0820, 0x0820, 0x0820, 0x0820, 0x0820, 0x0820, 0x0820, 0x0820, 0x0820, 0x0820, 0x0820, 0x0820, 0x0820, 0x0820, 0x0820, 0x0820, 0x0820, 0x0820, 0x0820, 0x0820, 0x0820, 0x0820, 0x0820, 0x0820, 0x0820, 0x0820, 0x0820, 0x0820, 0x0820, 0x0820, 0x0820, 0x0820, 0x0820, 0x0820, 0x0820, 0x0820, 0x0820, 0x0820, 0x0820, 0x0820, 0x0020, 0x0000, 0x0861, 0x2124, 0x2104, 0x18e3, 0x3186, 0x4a49,
		0x4228, 0x2104, 0x2104, 0x2124, 0x2104, 0x0000, 0x0000, 0x0820, 0x0820, 0x0820, 0x0820, 0x1020, 0x1800, 0x2800, 0x3800, 0x4000, 0xd841, 0xf861, 0xf800, 0xf801, 0xf801, 0xf801, 0xf801, 0xf841, 0xf862, 0x6000, 0x3000, 0x2800, 0x1800, 0x1020, 0x0820, 0x0820, 0x0820, 0x0820, 0x0820, 0x0820, 0x0820, 0x0820, 0x0820, 0x0820, 0x0820, 0x0820, 0x0820, 0x0820, 0x0820, 0x0820, 0x0820, 0x0820, 0x0820, 0x0820, 0x0820, 0x0820, 0x0820, 0x0820, 0x0820, 0x0820, 0x0820, 0x0820, 0x0820, 0x0820, 0x0820, 0x0820, 0x0820, 0x0820, 0x0820, 0x0820, 0x0820, 0x0820, 0x0820, 0x0820, 0x0820, 0x0820, 0x0020, 0x0000, 0x0861, 0x2124, 0x2104, 0x18e3, 0x31a6, 0x4a49,
		0x4228, 0x2104, 0x2104, 0x2124, 0x2104, 0x0000, 0x0000, 0x0820, 0x0820, 0x0820, 0x0820, 0x1020, 0x1820, 0x2800, 0x3800, 0x4000, 0xd841, 0xf861, 0xf801, 0xf801, 0xf801, 0xf801, 0xf800, 0xf841, 0xf862, 0x6000, 0x3000, 0x2800, 0x1800, 0x1020, 0x0820, 0x0820, 0x0820, 0x0820, 0x0820, 0x0820, 0x0820, 0x0820, 0x0820, 0x0820, 0x0820, 0x0820, 0x0820, 0x0820, 0x0820, 0x0820, 0x0820, 0x0820, 0x0820, 0x0820, 0x0820, 0x0820, 0x0820, 0x0820, 0x0820, 0x0820, 0x0820, 0x0820, 0x0820, 0x0820, 0x0820, 0x0820, 0x0820, 0x0820, 0x0820, 0x0820, 0x0820, 0x0820, 0x0820, 0x0820, 0x0820, 0x0820, 0x0020, 0x0000, 0x1061, 0x2124, 0x2104, 0x18e3, 0x31a6, 0x4a49,
		0x4a49, 0x2104, 0x2104, 0x2124, 0x2104, 0x0000, 0x0000, 0x0820, 0x0820, 0x0820, 0x0820, 0x1020, 0x1820, 0x2800, 0x3800, 0x4000, 0xd841, 0xf861, 0xf800, 0xf800, 0xf801, 0xf801, 0xf800, 0xf841, 0xf862, 0x6000, 0x3000, 0x2800, 0x1800, 0x1020, 0x0820, 0x0820, 0x0820, 0x0820, 0x0820, 0x0820, 0x0820, 0x0820, 0x0820, 0x0820, 0x0820, 0x0820, 0x0820, 0x0820, 0x0820, 0x0820, 0x0820, 0x0820, 0x0820, 0x0820, 0x0820, 0x0820, 0x0820, 0x0820, 0x0820, 0x0820, 0x0820, 0x0820, 0x0820, 0x0820, 0x0820, 0x0820, 0x0820, 0x0820, 0x0820, 0x0820, 0x0820, 0x0820, 0x0820, 0x0820, 0x0820, 0x0820, 0x0020, 0x0000, 0x1061, 0x2124, 0x2104, 0x18e3, 0x3186, 0x4a69,
		0x4a49, 0x2104, 0x2104, 0x2124, 0x2104, 0x0000, 0x0000, 0x0820, 0x0820, 0x0820, 0x0820, 0x1020, 0x1820, 0x2800, 0x3800, 0x4000, 0xd841, 0xf861, 0xf801, 0xf801, 0xf801, 0xf801, 0xf800, 0xf841, 0xf862, 0x6000, 0x3000, 0x2800, 0x2000, 0x1020, 0x1020, 0x0820, 0x0820, 0x0820, 0x0820, 0x0820, 0x0820, 0x0820, 0x0820, 0x0820, 0x0820, 0x0820, 0x0820, 0x0820, 0x0820, 0x0820, 0x0820, 0x0820, 0x0820, 0x0820, 0x0820, 0x0820, 0x0820, 0x0820, 0x0820, 0x0820, 0x0820, 0x0820, 0x0820, 0x0820, 0x0820, 0x0820, 0x0820, 0x0820, 0x0820, 0x0820, 0x0820, 0x0820, 0x0820, 0x0820, 0x0820, 0x0820, 0x0020, 0x0000, 0x1061, 0x2124, 0x2104, 0x18e3, 0x3186, 0x4a69,
		0x4a49, 0x2104, 0x2104, 0x2124, 0x2104, 0x0000, 0x0000, 0x0820, 0x0820, 0x0820, 0x0820, 0x1020, 0x1820, 0x2800, 0x3800, 0x4000, 0xd841, 0xf862, 0xf801, 0xf801, 0xf801, 0xf801, 0xf800, 0xf841, 0xf862, 0x6000, 0x3800, 0x3000, 0x2000, 0x2000, 0x1820, 0x1020, 0x1020, 0x1020, 0x1820, 0x1020, 0x1020, 0x1020, 0x1000, 0x1020, 0x1020, 0x1020, 0x1000, 0x1020, 0x1000, 0x1800, 0x1800, 0x1800, 0x1800, 0x1800, 0x1800, 0x1020, 0x1020, 0x1020, 0x1020, 0x0820, 0x0820, 0x0820, 0x0820, 0x0820, 0x0820, 0x0820, 0x0820, 0x0820, 0x0820, 0x0820, 0x0820, 0x0820, 0x0820, 0x0820, 0x0820, 0x0820, 0x0020, 0x0000, 0x0861, 0x2124, 0x2104, 0x18e3, 0x3186, 0x4a69,
		0x4a49, 0x2104, 0x2104, 0x2124, 0x2104, 0x0000, 0x0000, 0x0820, 0x0820, 0x0820, 0x0820, 0x1020, 0x1800, 0x2800, 0x3800, 0x4000, 0xd841, 0xf861, 0xf801, 0xf801, 0xf801, 0xf801, 0xf800, 0xf841, 0xf882, 0x6000, 0x3000, 0x3800, 0x2800, 0x2800, 0x2000, 0x2000, 0x2000, 0x2000, 0x2000, 0x2000, 0x2000, 0x2000, 0x2000, 0x2000, 0x2000, 0x2000, 0x2000, 0x2000, 0x2000, 0x2000, 0x2000, 0x2000, 0x2000, 0x2000, 0x2000, 0x2000, 0x1800, 0x1800, 0x1000, 0x1020, 0x1020, 0x0820, 0x0820, 0x0820, 0x0820, 0x0820, 0x0820, 0x0820, 0x0820, 0x0820, 0x0820, 0x0820, 0x0820, 0x0820, 0x0820, 0x0820, 0x0020, 0x0000, 0x1061, 0x2124, 0x2104, 0x18e3, 0x3186, 0x4a69,
		0x4229, 0x2104, 0x2104, 0x2924, 0x2104, 0x0000, 0x0000, 0x0820, 0x0820, 0x0820, 0x0820, 0x1020, 0x1800, 0x2800, 0x3800, 0x4000, 0xd841, 0xf861, 0xf801, 0xf801, 0xf801, 0xf801, 0xf801, 0xf841, 0xf882, 0x6000, 0x3000, 0x3800, 0x3000, 0x3000, 0x2800, 0x2800, 0x2800, 0x2800, 0x2800, 0x2800, 0x2800, 0x2800, 0x2800, 0x2800, 0x2800, 0x2800, 0x2800, 0x2800, 0x2800, 0x2800, 0x2800, 0x2800, 0x2800, 0x2800, 0x2800, 0x2800, 0x2800, 0x2000, 0x1800, 0x1800, 0x1020, 0x1020, 0x0820, 0x0820, 0x0820, 0x0820, 0x0820, 0x0820, 0x0820, 0x0820, 0x0820, 0x0820, 0x0820, 0x0820, 0x0820, 0x0820, 0x0020, 0x0000, 0x1082, 0x2124, 0x2104, 0x18e3, 0x3186, 0x4a69,
		0x4a49, 0x2104, 0x2104, 0x2124, 0x2104, 0x0000, 0x0000, 0x0820, 0x0820, 0x0820, 0x0820, 0x0820, 0x1020, 0x2000, 0x3000, 0x3800, 0xd841, 0xf862, 0xf800, 0xf801, 0xf801, 0xf801, 0xf800, 0xf841, 0xf882, 0x6000, 0x3800, 0x3800, 0x3800, 0x3800, 0x3800, 0x3800, 0x3800, 0x3800, 0x3800, 0x3800, 0x3800, 0x3800, 0x3800, 0x3800, 0x3800, 0x3800, 0x3800, 0x3800, 0x3800, 0x3800, 0x3800, 0x3800, 0x3800, 0x3800, 0x3800, 0x3800, 0x3800, 0x3000, 0x2800, 0x2000, 0x1800, 0x1020, 0x1020, 0x0820, 0x0820, 0x0820, 0x0820, 0x0820, 0x0820, 0x0820, 0x0820, 0x0820, 0x0820, 0x0820, 0x0820, 0x0820, 0x0020, 0x0000, 0x1082, 0x2124, 0x2104, 0x18e3, 0x31a6, 0x4a69,
		0x4a49, 0x2104, 0x2104, 0x2124, 0x2104, 0x0000, 0x0000, 0x0820, 0x0820, 0x0820, 0x0820, 0x0820, 0x1020, 0x2000, 0x3000, 0x3800, 0xe041, 0xf862, 0xf800, 0xf800, 0xf801, 0xf801, 0xf800, 0xf841, 0xf882, 0x6000, 0x3000, 0x3000, 0x3800, 0x3800, 0x3800, 0x3800, 0x3800, 0x3800, 0x3800, 0x3800, 0x3800, 0x3800, 0x4000, 0x3800, 0x3800, 0x3800, 0x3800, 0x3800, 0x3800, 0x3800, 0x3800, 0x3800, 0x4000, 0x4000, 0x3800, 0x3800, 0x3000, 0x3000, 0x4000, 0x3000, 0x2000, 0x1800, 0x1020, 0x1020, 0x0820, 0x0820, 0x0820, 0x0820, 0x0820, 0x0820, 0x0820, 0x0820, 0x0820, 0x0820, 0x0820, 0x0820, 0x0020, 0x0000, 0x1061, 0x2924, 0x2104, 0x18e3, 0x31a6, 0x4a69,
		0x4249, 0x2104, 0x2104, 0x2924, 0x2104, 0x0000, 0x0000, 0x0820, 0x0820, 0x0820, 0x0820, 0x0820, 0x1020, 0x1800, 0x3000, 0x3800, 0xc861, 0xf041, 0xf821, 0xf801, 0xf800, 0xf800, 0xf841, 0xf041, 0x8020, 0x3000, 0x8020, 0xc841, 0xc041, 0xc021, 0xc041, 0xc041, 0xc021, 0xc021, 0xc041, 0xc041, 0xc021, 0xc021, 0xc021, 0xc021, 0xc021, 0xc021, 0xc021, 0xc021, 0xc041, 0xc021, 0xc021, 0xc021, 0xc021, 0xc041, 0xc021, 0xc021, 0xc041, 0xb841, 0x4000, 0x3000, 0x3000, 0x2000, 0x1800, 0x1020, 0x0820, 0x0820, 0x0820, 0x0820, 0x0820, 0x0820, 0x0820, 0x0820, 0x0820, 0x0820, 0x0820, 0x0820, 0x0020, 0x0000, 0x1082, 0x2944, 0x2124, 0x18e3, 0x31a6, 0x4a69,
		0x4a49, 0x2104, 0x2104, 0x2124, 0x2104, 0x0000, 0x0000, 0x0820, 0x0820, 0x0820, 0x0820, 0x0820, 0x1020, 0x1820, 0x3000, 0x4000, 0x3800, 0xa800, 0xf882, 0xf821, 0xf800, 0xf821, 0xf861, 0x9000, 0x3000, 0x6000, 0xd041, 0xf882, 0xf862, 0xf861, 0xf861, 0xf861, 0xf861, 0xf861, 0xf861, 0xf861, 0xf861, 0xf841, 0xf841, 0xf841, 0xf841, 0xf841, 0xf841, 0xf841, 0xf861, 0xf861, 0xf861, 0xf841, 0xf841, 0xf861, 0xf861, 0xf861, 0xf861, 0xf861, 0x7800, 0x4000, 0x3800, 0x2800, 0x2000, 0x1000, 0x1020, 0x0820, 0x0820, 0x0820, 0x0820, 0x0820, 0x0820, 0x0820, 0x0820, 0x0820, 0x0820, 0x0820, 0x0020, 0x0000, 0x1082, 0x2945, 0x2124, 0x20e3, 0x31a6, 0x5269,
		0x4a49, 0x2104, 0x2104, 0x2124, 0x2104, 0x0000, 0x0000, 0x0820, 0x0820, 0x0820, 0x0820, 0x0820, 0x0820, 0x1820, 0x2800, 0x3000, 0x3800, 0x6000, 0xf041, 0xf821, 0xf841, 0xf861, 0x8020, 0x3000, 0x4000, 0xd841, 0xf841, 0xf821, 0xf821, 0xf821, 0xf821, 0xf821, 0xf821, 0xf821, 0xf821, 0xf821, 0xf821, 0xf821, 0xf821, 0xf821, 0xf821, 0xf821, 0xf821, 0xf821, 0xf821, 0xf821, 0xf821, 0xf821, 0xf821, 0xf821, 0xf821, 0xf821, 0xf821, 0xf821, 0xf841, 0x7000, 0x3000, 0x4000, 0x2800, 0x1800, 0x1000, 0x1020, 0x0820, 0x0820, 0x0820, 0x0820, 0x0820, 0x0820, 0x0820, 0x0820, 0x0820, 0x0820, 0x0020, 0x0000, 0x1082, 0x2944, 0x2124, 0x18e3, 0x31a6, 0x5269,
		0x4228, 0x2104, 0x2104, 0x2124, 0x2104, 0x0000, 0x0000, 0x0820, 0x0820, 0x0820, 0x0820, 0x0820, 0x0820, 0x1020, 0x1800, 0x2800, 0x4000, 0x4000, 0x7000, 0xf041, 0xf861, 0x8800, 0x3800, 0x4000, 0xc821, 0xf861, 0xf841, 0xf800, 0xf800, 0xf800, 0xf800, 0xf800, 0xf800, 0xf800, 0xf800, 0xf800, 0xf000, 0xf800, 0xf800, 0xf000, 0xf000, 0xf800, 0xf800, 0xf800, 0xf800, 0xf800, 0xf800, 0xf800, 0xf800, 0xf000, 0xf800, 0xf800, 0xf800, 0xf800, 0xf862, 0xe041, 0x7000, 0x3800, 0x3000, 0x2800, 0x1800, 0x1020, 0x0820, 0x0820, 0x0820, 0x0820, 0x0820, 0x0820, 0x0820, 0x0820, 0x0820, 0x0840, 0x0020, 0x0000, 0x1082, 0x2945, 0x2124, 0x18e3, 0x31a6, 0x4a69,
		0x4208, 0x2104, 0x2104, 0x2124, 0x2104, 0x0000, 0x0000, 0x0820, 0x0820, 0x0820, 0x0820, 0x0820, 0x0820, 0x1020, 0x1820, 0x2000, 0x3000, 0x3800, 0x3000, 0x9020, 0xa020, 0x3800, 0x3800, 0xa020, 0xf861, 0xf821, 0xf800, 0xf800, 0xf800, 0xf800, 0xf801, 0xf800, 0xf801, 0xf801, 0xf801, 0xf801, 0xf800, 0xf800, 0xf800, 0xf800, 0xf800, 0xf801, 0xf801, 0xf801, 0xf801, 0xf801, 0xf801, 0xf801, 0xf801, 0xf801, 0xf800, 0xf801, 0xf801, 0xf800, 0xf821, 0xf841, 0xd041, 0x5800, 0x3000, 0x3000, 0x2000, 0x1800, 0x1020, 0x0820, 0x0820, 0x0820, 0x0820, 0x0820, 0x0820, 0x0820, 0x0820, 0x0840, 0x0020, 0x0000, 0x1082, 0x2945, 0x2124, 0x18e3, 0x31a6, 0x4a69,
		0x4208, 0x2104, 0x2104, 0x2924, 0x2104, 0x0000, 0x0000, 0x0820, 0x0820, 0x0820, 0x0820, 0x0820, 0x0820, 0x0820, 0x1020, 0x1820, 0x2000, 0x2800, 0x4000, 0x3800, 0x3000, 0x4000, 0x8820, 0xf861, 0xf841, 0xf800, 0xf800, 0xf801, 0xf800, 0xf800, 0xf800, 0xf800, 0xf801, 0xf801, 0xf801, 0xf801, 0xf800, 0xf800, 0xf800, 0xf800, 0xf800, 0xf800, 0xf801, 0xf801, 0xf801, 0xf801, 0xf801, 0xf801, 0xf800, 0xf800, 0xf800, 0xf800, 0xf800, 0xf801, 0xf800, 0xf821, 0xf882, 0xb021, 0x5000, 0x3800, 0x2800, 0x2000, 0x1820, 0x1020, 0x0820, 0x0820, 0x0820, 0x0820, 0x0820, 0x0820, 0x0820, 0x0820, 0x0020, 0x0000, 0x1082, 0x2945, 0x2124, 0x18e3, 0x31a6, 0x4a69,
		0x4228, 0x2104, 0x2104, 0x2945, 0x2104, 0x0000, 0x0000, 0x0820, 0x0820, 0x0820, 0x0820, 0x0820, 0x0820, 0x0820, 0x0820, 0x1020, 0x1800, 0x2000, 0x3800, 0x4000, 0x4000, 0x5800, 0xf861, 0xf841, 0xf800, 0xf801, 0xf801, 0xf801, 0xf800, 0xf800, 0xf800, 0xf800, 0xf801, 0xf801, 0xf801, 0xf801, 0xf800, 0xf800, 0xf800, 0xf800, 0xf800, 0xf800, 0xf801, 0xf801, 0xf801, 0xf801, 0xf801, 0xf801, 0xf801, 0xf801, 0xf800, 0xf800, 0xf800, 0xf801, 0xf801, 0xf821, 0xf882, 0xc041, 0x5800, 0x4000, 0x4000, 0x3000, 0x2000, 0x1020, 0x1020, 0x0820, 0x0820, 0x0820, 0x0820, 0x0820, 0x0820, 0x0820, 0x0020, 0x0000, 0x1082, 0x2944, 0x2124, 0x18e3, 0x31a6, 0x528a,
		0x4228, 0x2104, 0x2104, 0x2945, 0x2104, 0x0000, 0x0000, 0x0820, 0x0820, 0x0820, 0x0820, 0x0820, 0x0820, 0x0820, 0x0820, 0x0820, 0x1020, 0x1800, 0x2800, 0x3800, 0x4000, 0x5800, 0xd020, 0xf841, 0xf821, 0xf800, 0xf800, 0xf801, 0xf801, 0xf800, 0xf800, 0xf801, 0xf801, 0xf800, 0xf800, 0xf801, 0xf800, 0xf801, 0xf801, 0xf801, 0xf801, 0xf800, 0xf801, 0xf801, 0xf801, 0xf801, 0xf801, 0xf801, 0xf801, 0xf801, 0xf801, 0xf801, 0xf801, 0xf800, 0xf841, 0xf862, 0xd820, 0x6800, 0x3000, 0x3800, 0x4000, 0x3800, 0x2000, 0x1800, 0x1020, 0x0820, 0x0820, 0x0820, 0x0820, 0x0820, 0x0820, 0x0820, 0x0020, 0x0000, 0x1082, 0x2924, 0x2124, 0x18e3, 0x31a6, 0x528a,
		0x4228, 0x2104, 0x2104, 0x2944, 0x2104, 0x0000, 0x0000, 0x0820, 0x0820, 0x0820, 0x0820, 0x0820, 0x0820, 0x0820, 0x0820, 0x0820, 0x1020, 0x1020, 0x2000, 0x2800, 0x3800, 0x4000, 0x4800, 0xc821, 0xf862, 0xf841, 0xf800, 0xf801, 0xf801, 0xf800, 0xf800, 0xf800, 0xf800, 0xf801, 0xf801, 0xf801, 0xf801, 0xf801, 0xf801, 0xf801, 0xf801, 0xf801, 0xf801, 0xf801, 0xf801, 0xf801, 0xf801, 0xf801, 0xf801, 0xf801, 0xf801, 0xf801, 0xf801, 0xf821, 0xf861, 0xd041, 0x6000, 0x2800, 0x7000, 0xd061, 0x5000, 0x3800, 0x3000, 0x2000, 0x1800, 0x1020, 0x0820, 0x0820, 0x0820, 0x0820, 0x0820, 0x0820, 0x0020, 0x0000, 0x1082, 0x2944, 0x2124, 0x18e3, 0x31a6, 0x5269,
		0x4228, 0x2104, 0x2104, 0x2924, 0x2104, 0x0000, 0x0000, 0x0820, 0x0820, 0x0820, 0x0820, 0x0820, 0x0820, 0x0820, 0x0820, 0x0820, 0x0820, 0x1020, 0x1820, 0x2000, 0x2800, 0x4000, 0x3800, 0x8000, 0xc821, 0xf862, 0xf800, 0xf800, 0xf800, 0xf800, 0xf800, 0xf800, 0xf800, 0xf800, 0xf800, 0xf800, 0xf800, 0xf800, 0xf800, 0xf800, 0xf800, 0xf800, 0xf800, 0xf800, 0xf800, 0xf800, 0xf800, 0xf800, 0xf800, 0xf800, 0xf800, 0xf800, 0xf800, 0xf861, 0xe041, 0x7800, 0x3000, 0x6000, 0xc021, 0xf882, 0x8800, 0x4800, 0x3800, 0x2800, 0x2000, 0x1020, 0x0820, 0x0820, 0x0820, 0x0820, 0x0820, 0x0820, 0x0020, 0x0000, 0x1082, 0x2924, 0x2124, 0x18e3, 0x31a6, 0x5269,
		0x4228, 0x2104, 0x2104, 0x2924, 0x2104, 0x0000, 0x0000, 0x0820, 0x0820, 0x0820, 0x0820, 0x0820, 0x0820, 0x0820, 0x0820, 0x0820, 0x0820, 0x0820, 0x1020, 0x1820, 0x2000, 0x3000, 0x4000, 0x3800, 0x5800, 0xf041, 0xf821, 0xf841, 0xf841, 0xf841, 0xf841, 0xf841, 0xf841, 0xf841, 0xf841, 0xf841, 0xf841, 0xf841, 0xf841, 0xf841, 0xf841, 0xf841, 0xf841, 0xf841, 0xf841, 0xf841, 0xf841, 0xf841, 0xf841, 0xf841, 0xf841, 0xf841, 0xf841, 0xf041, 0x9020, 0x3800, 0x3800, 0xb820, 0xf841, 0xf841, 0xf020, 0x7800, 0x4000, 0x3800, 0x2800, 0x1800, 0x1020, 0x0820, 0x0820, 0x0820, 0x0820, 0x0820, 0x0020, 0x0000, 0x1061, 0x2124, 0x2124, 0x18e3, 0x31a6, 0x4a69,
		0x4228, 0x2104, 0x2104, 0x2924, 0x2104, 0x0000, 0x0000, 0x0820, 0x0820, 0x0820, 0x0820, 0x0820, 0x0820, 0x0820, 0x0820, 0x0820, 0x0820, 0x0820, 0x0820, 0x1020, 0x1820, 0x2000, 0x3000, 0x4000, 0x4000, 0x8000, 0xf861, 0xf862, 0xf861, 0xf861, 0xf861, 0xf861, 0xf841, 0xf841, 0xf841, 0xf861, 0xf861, 0xf861, 0xf841, 0xf841, 0xf861, 0xf861, 0xf861, 0xf861, 0xf841, 0xf841, 0xf861, 0xf861, 0xf861, 0xf861, 0xf862, 0xf862, 0xf862, 0x9820, 0x4000, 0x3000, 0xa800, 0xf861, 0xf841, 0xf800, 0xf841, 0xd821, 0x4800, 0x3000, 0x3000, 0x1800, 0x1020, 0x0820, 0x0820, 0x0820, 0x0820, 0x0820, 0x0020, 0x0000, 0x1061, 0x2124, 0x2124, 0x18e3, 0x31a6, 0x4a69,
		0x4208, 0x2104, 0x2104, 0x2924, 0x2104, 0x0000, 0x0000, 0x0820, 0x0820, 0x0820, 0x0820, 0x0820, 0x0820, 0x0820, 0x0820, 0x0820, 0x0820, 0x0820, 0x0820, 0x1020, 0x1020, 0x1820, 0x2800, 0x3000, 0x3800, 0x4800, 0x8020, 0x8820, 0x8820, 0x8820, 0x8820, 0x8820, 0x8820, 0x8820, 0x8820, 0x8820, 0x8020, 0x8820, 0x8820, 0x8820, 0x8820, 0x8820, 0x8820, 0x8820, 0x8820, 0x8820, 0x8820, 0x8820, 0x8820, 0x8820, 0x8820, 0x8820, 0x8020, 0x6000, 0x3000, 0x8000, 0xe841, 0xf841, 0xf821, 0xf800, 0xf821, 0xf841, 0xc021, 0x6800, 0x2800, 0x2000, 0x1820, 0x0820, 0x0820, 0x0820, 0x0820, 0x0820, 0x0020, 0x0000, 0x0861, 0x2124, 0x2104, 0x18e3, 0x31a6, 0x4a69,
		0x4228, 0x2104, 0x2104, 0x2124, 0x2104, 0x0000, 0x0000, 0x0820, 0x0820, 0x0820, 0x0820, 0x0820, 0x0820, 0x0820, 0x0820, 0x0820, 0x0820, 0x0820, 0x0820, 0x0820, 0x0820, 0x1020, 0x1820, 0x2000, 0x3000, 0x4000, 0x3000, 0x3000, 0x3800, 0x3800, 0x3800, 0x3800, 0x3800, 0x3800, 0x3800, 0x3800, 0x3800, 0x3800, 0x3800, 0x3800, 0x3800, 0x3800, 0x3800, 0x3800, 0x3800, 0x3800, 0x3800, 0x3800, 0x3800, 0x3800, 0x3800, 0x3000, 0x3000, 0x3800, 0x7000, 0xd841, 0xf861, 0xf821, 0xf000, 0xf001, 0xf800, 0xf821, 0xf882, 0x8820, 0x2800, 0x2800, 0x1820, 0x0820, 0x0820, 0x0820, 0x0820, 0x0820, 0x0020, 0x0000, 0x1081, 0x2124, 0x2104, 0x18e3, 0x31a6, 0x4a69,
		0x4228, 0x2104, 0x2104, 0x2124, 0x2104, 0x0000, 0x0000, 0x0820, 0x0820, 0x0820, 0x0820, 0x0820, 0x0820, 0x0820, 0x0820, 0x0820, 0x0820, 0x0820, 0x0820, 0x0820, 0x0820, 0x1020, 0x1020, 0x1820, 0x2000, 0x2800, 0x3000, 0x3800, 0x3800, 0x3800, 0x3800, 0x3800, 0x3800, 0x3800, 0x3800, 0x3800, 0x3800, 0x3800, 0x3800, 0x3800, 0x3800, 0x3800, 0x3800, 0x3800, 0x3800, 0x3800, 0x3800, 0x3800, 0x3800, 0x3800, 0x3800, 0x3800, 0x4000, 0x3800, 0xc041, 0xf882, 0xf821, 0xf800, 0xf001, 0xf001, 0xf800, 0xf841, 0xf862, 0x8820, 0x2800, 0x2800, 0x1800, 0x1020, 0x0820, 0x0820, 0x0820, 0x0820, 0x0020, 0x0000, 0x1061, 0x2124, 0x2124, 0x18e3, 0x3186, 0x4a69,
		0x4228, 0x2104, 0x2104, 0x2124, 0x2104, 0x0000, 0x0000, 0x0820, 0x0820, 0x0820, 0x0820, 0x0820, 0x0820, 0x0820, 0x0820, 0x0820, 0x0820, 0x0820, 0x0840, 0x0820, 0x0820, 0x0820, 0x1020, 0x1020, 0x1820, 0x2000, 0x2000, 0x2800, 0x2800, 0x2800, 0x2800, 0x2800, 0x2800, 0x2800, 0x2800, 0x2800, 0x2800, 0x2800, 0x2800, 0x2800, 0x2800, 0x2800, 0x2800, 0x2800, 0x2800, 0x2800, 0x2800, 0x2800, 0x2800, 0x2800, 0x3000, 0x3000, 0x4000, 0x3800, 0xc041, 0xf862, 0xf821, 0xf800, 0xf801, 0xf801, 0xf801, 0xf821, 0xf862, 0x8820, 0x3000, 0x3000, 0x1800, 0x1020, 0x0820, 0x0820, 0x0820, 0x0820, 0x0020, 0x0000, 0x1081, 0x2924, 0x2124, 0x18e3, 0x3186, 0x4a69,
		0x4229, 0x2104, 0x2104, 0x2124, 0x2104, 0x0000, 0x0000, 0x0820, 0x0820, 0x0820, 0x0820, 0x0820, 0x0820, 0x0820, 0x0820, 0x0820, 0x0820, 0x0820, 0x0820, 0x0820, 0x0820, 0x0820, 0x0820, 0x1020, 0x1020, 0x1020, 0x1820, 0x1800, 0x1800, 0x1800, 0x1800, 0x1800, 0x1800, 0x1800, 0x1800, 0x1800, 0x1820, 0x1820, 0x1800, 0x1800, 0x1800, 0x1800, 0x1800, 0x1800, 0x1800, 0x1800, 0x1800, 0x1800, 0x1800, 0x2000, 0x2000, 0x2800, 0x3800, 0x3800, 0xc041, 0xf862, 0xf800, 0xf800, 0xf801, 0xf800, 0xf801, 0xf821, 0xf861, 0x8820, 0x3000, 0x3000, 0x2000, 0x1020, 0x0820, 0x0820, 0x0820, 0x0820, 0x0020, 0x0000, 0x1082, 0x2924, 0x2124, 0x18e3, 0x31a6, 0x4a69,
		0x4229, 0x2104, 0x2104, 0x2124, 0x2104, 0x0000, 0x0000, 0x0820, 0x0820, 0x0820, 0x0820, 0x0820, 0x0820, 0x0820, 0x0820, 0x0820, 0x0820, 0x0820, 0x0820, 0x0820, 0x0820, 0x0820, 0x0820, 0x0820, 0x0820, 0x1020, 0x1020, 0x1020, 0x1020, 0x1020, 0x1020, 0x1020, 0x1020, 0x1020, 0x1020, 0x1020, 0x1020, 0x1020, 0x1020, 0x1020, 0x1020, 0x1020, 0x1020, 0x1020, 0x1020, 0x1020, 0x1020, 0x1020, 0x1020, 0x1820, 0x2000, 0x2800, 0x3000, 0x3800, 0xc041, 0xf861, 0xf801, 0xf800, 0xf801, 0xf801, 0xf800, 0xf821, 0xf861, 0x8820, 0x3000, 0x3000, 0x2000, 0x1020, 0x0820, 0x0820, 0x0820, 0x0820, 0x0020, 0x0000, 0x1082, 0x2924, 0x2124, 0x18e3, 0x3186, 0x4a69,
		0x4228, 0x2104, 0x2104, 0x2124, 0x2104, 0x0000, 0x0000, 0x0820, 0x0820, 0x0820, 0x0820, 0x0820, 0x0820, 0x0820, 0x0820, 0x0820, 0x0820, 0x0820, 0x0820, 0x0820, 0x0820, 0x0820, 0x0820, 0x0820, 0x0820, 0x0820, 0x0820, 0x0820, 0x0820, 0x0820, 0x0820, 0x0820, 0x0820, 0x0820, 0x0820, 0x0820, 0x0820, 0x0820, 0x0820, 0x0820, 0x0820, 0x0820, 0x0820, 0x0820, 0x0820, 0x0820, 0x0820, 0x0820, 0x0820, 0x1020, 0x1820, 0x2000, 0x3000, 0x3800, 0xc041, 0xf861, 0xf801, 0xf800, 0xf801, 0xf801, 0xf800, 0xf821, 0xf861, 0x8820, 0x3000, 0x3000, 0x2000, 0x1020, 0x0820, 0x0820, 0x0820, 0x0820, 0x0020, 0x0000, 0x1082, 0x2124, 0x2124, 0x18e3, 0x3186, 0x4a69,
		0x4228, 0x2104, 0x2104, 0x2124, 0x2104, 0x0000, 0x0000, 0x0820, 0x0820, 0x0820, 0x0820, 0x0820, 0x0820, 0x0820, 0x0820, 0x0820, 0x0820, 0x0820, 0x0820, 0x0820, 0x0820, 0x0820, 0x0840, 0x0820, 0x0820, 0x0820, 0x0820, 0x0820, 0x0820, 0x0820, 0x0820, 0x0820, 0x0820, 0x0820, 0x0820, 0x0820, 0x0820, 0x0820, 0x0820, 0x0820, 0x0820, 0x0820, 0x0820, 0x0820, 0x0820, 0x0820, 0x0820, 0x0820, 0x0820, 0x0820, 0x1820, 0x2000, 0x3000, 0x3000, 0xc041, 0xf862, 0xf821, 0xf800, 0xf801, 0xf801, 0xf801, 0xf821, 0xf861, 0x8820, 0x3000, 0x3000, 0x2000, 0x1020, 0x0820, 0x0820, 0x0820, 0x0820, 0x0020, 0x0000, 0x1082, 0x2924, 0x2124, 0x18e3, 0x3186, 0x4a69,
		0x4228, 0x2104, 0x2104, 0x2124, 0x2104, 0x0000, 0x0000, 0x0820, 0x0820, 0x0820, 0x0820, 0x0820, 0x0820, 0x0820, 0x0820, 0x0820, 0x0820, 0x0820, 0x0820, 0x0820, 0x0840, 0x0820, 0x0820, 0x0820, 0x0820, 0x0820, 0x0820, 0x0820, 0x0820, 0x0820, 0x0820, 0x0820, 0x0820, 0x0820, 0x0820, 0x0820, 0x0820, 0x0820, 0x0820, 0x0820, 0x0820, 0x0820, 0x0820, 0x0820, 0x0820, 0x0820, 0x0820, 0x0820, 0x0820, 0x0820, 0x1820, 0x2000, 0x3000, 0x3800, 0xc041, 0xf862, 0xf801, 0xf800, 0xf801, 0xf801, 0xf800, 0xf821, 0xf861, 0x8820, 0x3000, 0x3000, 0x2000, 0x1020, 0x0820, 0x0820, 0x0820, 0x0820, 0x0020, 0x0000, 0x1082, 0x2124, 0x2124, 0x18e3, 0x3186, 0x4a69,
		0x4228, 0x2104, 0x2104, 0x2124, 0x2104, 0x0000, 0x0000, 0x0820, 0x0820, 0x0820, 0x0820, 0x0820, 0x0820, 0x0820, 0x0820, 0x0820, 0x0820, 0x0820, 0x0820, 0x0820, 0x0820, 0x0820, 0x0840, 0x0840, 0x0840, 0x0840, 0x0820, 0x0820, 0x0820, 0x0820, 0x0820, 0x0820, 0x0820, 0x0820, 0x0820, 0x0820, 0x0820, 0x0820, 0x0820, 0x0820, 0x0820, 0x0820, 0x0820, 0x0820, 0x0820, 0x0820, 0x0820, 0x0820, 0x0820, 0x0820, 0x1820, 0x2000, 0x3000, 0x3800, 0xc041, 0xf861, 0xf800, 0xf800, 0xf801, 0xf801, 0xf800, 0xf821, 0xf861, 0x8820, 0x3000, 0x3000, 0x2000, 0x1020, 0x0820, 0x0820, 0x0820, 0x0820, 0x0020, 0x0000, 0x1082, 0x2124, 0x2124, 0x18e3, 0x3186, 0x4a49,
		0x4208, 0x2104, 0x2104, 0x2124, 0x2104, 0x0000, 0x0000, 0x0820, 0x0820, 0x0820, 0x0820, 0x0820, 0x0820, 0x0820, 0x0820, 0x0820, 0x0820, 0x0820, 0x0820, 0x0840, 0x0840, 0x0820, 0x0820, 0x0840, 0x0820, 0x0820, 0x0820, 0x0820, 0x0820, 0x0820, 0x0820, 0x0820, 0x0820, 0x0820, 0x0820, 0x0820, 0x0820, 0x0820, 0x0820, 0x0820, 0x0820, 0x0820, 0x0820, 0x0820, 0x0820, 0x0820, 0x0820, 0x0820, 0x0820, 0x0820, 0x1820, 0x2000, 0x3000, 0x3800, 0xc041, 0xf861, 0xf801, 0xf800, 0xf801, 0xf801, 0xf800, 0xf821, 0xf862, 0x8820, 0x3000, 0x3000, 0x2000, 0x1020, 0x0820, 0x0820, 0x0820, 0x0820, 0x0020, 0x0000, 0x1081, 0x2124, 0x2124, 0x18e3, 0x3186, 0x4a69,
		0x4208, 0x2104, 0x2104, 0x2124, 0x2104, 0x0000, 0x0000, 0x0820, 0x0820, 0x0820, 0x0820, 0x0820, 0x0820, 0x0820, 0x0820, 0x0820, 0x0820, 0x0820, 0x0820, 0x0840, 0x0820, 0x0820, 0x0820, 0x0820, 0x0820, 0x0820, 0x0820, 0x0820, 0x0820, 0x0820, 0x0820, 0x0820, 0x0820, 0x0820, 0x0820, 0x0820, 0x0820, 0x0820, 0x0820, 0x0820, 0x0820, 0x0820, 0x0820, 0x0820, 0x0820, 0x0820, 0x0820, 0x0820, 0x0820, 0x0820, 0x1820, 0x2000, 0x3000, 0x3000, 0xc041, 0xf861, 0xf821, 0xf800, 0xf801, 0xf801, 0xf800, 0xf821, 0xf861, 0x8820, 0x3000, 0x3000, 0x2000, 0x1020, 0x0820, 0x0820, 0x0820, 0x0820, 0x0020, 0x0000, 0x1082, 0x2924, 0x2124, 0x18e3, 0x3186, 0x4a69,
		0x4208, 0x2104, 0x2104, 0x2124, 0x2104, 0x0000, 0x0000, 0x0820, 0x0820, 0x0820, 0x0820, 0x0820, 0x0820, 0x0820, 0x0820, 0x0820, 0x0820, 0x0820, 0x0820, 0x0840, 0x0820, 0x0820, 0x0820, 0x0820, 0x0820, 0x0820, 0x0820, 0x0820, 0x0820, 0x0820, 0x0820, 0x0820, 0x0820, 0x0820, 0x0820, 0x0820, 0x0820, 0x0820, 0x0820, 0x0820, 0x0820, 0x0820, 0x0820, 0x0820, 0x0820, 0x0820, 0x0820, 0x0820, 0x0820, 0x0820, 0x1820, 0x2000, 0x3000, 0x3000, 0xb821, 0xf861, 0xf801, 0xf800, 0xf801, 0xf801, 0xf800, 0xf821, 0xf861, 0x8820, 0x3000, 0x3000, 0x2000, 0x1020, 0x0820, 0x0820, 0x0820, 0x0820, 0x0020, 0x0000, 0x1082, 0x2924, 0x2124, 0x18e3, 0x3186, 0x4a69,
		0x4208, 0x2104, 0x2104, 0x2124, 0x2104, 0x0000, 0x0000, 0x0820, 0x0820, 0x0820, 0x0820, 0x0820, 0x0820, 0x0820, 0x0820, 0x0820, 0x0820, 0x0820, 0x0820, 0x0820, 0x0820, 0x0820, 0x0820, 0x0820, 0x0820, 0x0820, 0x0820, 0x0820, 0x0820, 0x0820, 0x0820, 0x0820, 0x0820, 0x0820, 0x0820, 0x0820, 0x0820, 0x0820, 0x0820, 0x0820, 0x0820, 0x0820, 0x0820, 0x0820, 0x0820, 0x0820, 0x0820, 0x0820, 0x0820, 0x0820, 0x1820, 0x2000, 0x3000, 0x3000, 0xc041, 0xf862, 0xf801, 0xf800, 0xf801, 0xf801, 0xf800, 0xf821, 0xf861, 0x8820, 0x3000, 0x3000, 0x2000, 0x1020, 0x0820, 0x0820, 0x0820, 0x0820, 0x0020, 0x0000, 0x1081, 0x2124, 0x2124, 0x18e3, 0x3186, 0x4a69,
		0x4208, 0x2104, 0x2104, 0x2124, 0x2104, 0x0000, 0x0000, 0x0820, 0x0820, 0x0820, 0x0820, 0x0820, 0x0820, 0x0820, 0x0820, 0x0820, 0x0820, 0x0820, 0x0820, 0x0820, 0x0820, 0x0820, 0x0820, 0x0820, 0x0820, 0x0820, 0x0820, 0x0820, 0x0820, 0x0820, 0x0820, 0x0820, 0x0820, 0x0820, 0x0820, 0x0820, 0x0820, 0x0820, 0x0820, 0x0820, 0x0820, 0x0820, 0x0820, 0x0840, 0x0820, 0x0820, 0x0820, 0x0820, 0x0820, 0x0820, 0x1820, 0x2800, 0x3000, 0x3000, 0xc041, 0xf862, 0xf801, 0xf800, 0xf801, 0xf801, 0xf800, 0xf821, 0xf862, 0x8820, 0x3000, 0x3000, 0x2000, 0x1020, 0x0820, 0x0820, 0x0820, 0x0820, 0x0020, 0x0000, 0x1081, 0x2124, 0x2124, 0x18e3, 0x3186, 0x4a69,
		0x4228, 0x2104, 0x2104, 0x2124, 0x2104, 0x0000, 0x0000, 0x0820, 0x0820, 0x0820, 0x0820, 0x0820, 0x0820, 0x0820, 0x0820, 0x0820, 0x0820, 0x0820, 0x0840, 0x0820, 0x0820, 0x0820, 0x0820, 0x0820, 0x0820, 0x0820, 0x0820, 0x0820, 0x0820, 0x0820, 0x0820, 0x0820, 0x0820, 0x0820, 0x0820, 0x0820, 0x0820, 0x0820, 0x0820, 0x0820, 0x0820, 0x0820, 0x0820, 0x0820, 0x0820, 0x0820, 0x0820, 0x0820, 0x0820, 0x0820, 0x1820, 0x2000, 0x3000, 0x3800, 0xc021, 0xf861, 0xf801, 0xf800, 0xf801, 0xf801, 0xf800, 0xf821, 0xf862, 0x8820, 0x3000, 0x3000, 0x2000, 0x1020, 0x0820, 0x0820, 0x0820, 0x0820, 0x0020, 0x0000, 0x1082, 0x2124, 0x2124, 0x18e3, 0x31a6, 0x4a69,
		0x4228, 0x2104, 0x2104, 0x2124, 0x2104, 0x0000, 0x0000, 0x0820, 0x0820, 0x0820, 0x0820, 0x0820, 0x0820, 0x0820, 0x0820, 0x0820, 0x0820, 0x0820, 0x0820, 0x0820, 0x0820, 0x0820, 0x0820, 0x0820, 0x0820, 0x0820, 0x0820, 0x0820, 0x0820, 0x0820, 0x0820, 0x0820, 0x0820, 0x0820, 0x0820, 0x0820, 0x0820, 0x0820, 0x0820, 0x0820, 0x0820, 0x0820, 0x0820, 0x0820, 0x0820, 0x0820, 0x0820, 0x0820, 0x0820, 0x0820, 0x1820, 0x2000, 0x3000, 0x3800, 0xc041, 0xf861, 0xf800, 0xf800, 0xf801, 0xf801, 0xf800, 0xf841, 0xf861, 0x8820, 0x3000, 0x3000, 0x2000, 0x1020, 0x0820, 0x0820, 0x0820, 0x0820, 0x0020, 0x0000, 0x1082, 0x2945, 0x2124, 0x18e3, 0x31a6, 0x5269,
		0x4228, 0x2104, 0x2104, 0x2124, 0x2104, 0x0000, 0x0000, 0x0820, 0x0820, 0x0820, 0x0820, 0x0820, 0x0820, 0x0820, 0x0820, 0x0820, 0x0820, 0x0820, 0x0820, 0x0820, 0x0820, 0x0820, 0x0820, 0x0820, 0x0820, 0x0820, 0x0820, 0x0820, 0x0820, 0x0820, 0x0820, 0x0820, 0x0820, 0x0820, 0x0820, 0x0820, 0x0820, 0x0820, 0x0820, 0x0820, 0x0820, 0x0820, 0x0820, 0x0820, 0x0820, 0x0820, 0x0820, 0x0820, 0x0820, 0x0820, 0x1820, 0x2000, 0x3000, 0x3800, 0xc041, 0xf862, 0xf800, 0xf800, 0xf801, 0xf801, 0xf800, 0xf841, 0xf861, 0x8820, 0x3000, 0x3000, 0x2000, 0x1020, 0x0820, 0x0820, 0x0820, 0x0820, 0x0020, 0x0000, 0x1082, 0x2945, 0x2124, 0x18e3, 0x31a6, 0x5269,
		0x4228, 0x2104, 0x2104, 0x2124, 0x2104, 0x0000, 0x0000, 0x0820, 0x0820, 0x0820, 0x0820, 0x0820, 0x0820, 0x0820, 0x0820, 0x0820, 0x0820, 0x0820, 0x0820, 0x0820, 0x0820, 0x0820, 0x0820, 0x0820, 0x0820, 0x0820, 0x0820, 0x0820, 0x0820, 0x0820, 0x0820, 0x0820, 0x0820, 0x0820, 0x0820, 0x0820, 0x0820, 0x0820, 0x0820, 0x0820, 0x0820, 0x0820, 0x0820, 0x0820, 0x0820, 0x0820, 0x0820, 0x0820, 0x0820, 0x0820, 0x1820, 0x2000, 0x3000, 0x3800, 0xc041, 0xf862, 0xf801, 0xf800, 0xf801, 0xf801, 0xf800, 0xf821, 0xf862, 0x8820, 0x3000, 0x3000, 0x2000, 0x1020, 0x0820, 0x0820, 0x0820, 0x0820, 0x0020, 0x0000, 0x1082, 0x2924, 0x2124, 0x18e3, 0x31a6, 0x4a69,
		0x4228, 0x2104, 0x2104, 0x2124, 0x2104, 0x0000, 0x0000, 0x0820, 0x0820, 0x0820, 0x0820, 0x0820, 0x0820, 0x0820, 0x0820, 0x0820, 0x0820, 0x0820, 0x0820, 0x0820, 0x0820, 0x0820, 0x0820, 0x0820, 0x0820, 0x0820, 0x0820, 0x0820, 0x0820, 0x0820, 0x0820, 0x0820, 0x0820, 0x0820, 0x0820, 0x0820, 0x0820, 0x0820, 0x0820, 0x0820, 0x0820, 0x0820, 0x0820, 0x0820, 0x0820, 0x0820, 0x0820, 0x0820, 0x0820, 0x0820, 0x1820, 0x2000, 0x3000, 0x3800, 0xc041, 0xf862, 0xf801, 0xf800, 0xf801, 0xf801, 0xf800, 0xf821, 0xf861, 0x8820, 0x3000, 0x3000, 0x2000, 0x1020, 0x0820, 0x0820, 0x0820, 0x0820, 0x0020, 0x0000, 0x1082, 0x2924, 0x2124, 0x18e3, 0x31a6, 0x4a69,
		0x4228, 0x2104, 0x2104, 0x2124, 0x2104, 0x0000, 0x0000, 0x0820, 0x0820, 0x0820, 0x0820, 0x0820, 0x0820, 0x0820, 0x0820, 0x0820, 0x0820, 0x0820, 0x0820, 0x0820, 0x0820, 0x0820, 0x0820, 0x0820, 0x0820, 0x0820, 0x0820, 0x0820, 0x0820, 0x0820, 0x0820, 0x0820, 0x0820, 0x0820, 0x0820, 0x0820, 0x0820, 0x0820, 0x0820, 0x0820, 0x0820, 0x0820, 0x0820, 0x0820, 0x0820, 0x0820, 0x0820, 0x0820, 0x0820, 0x0820, 0x1820, 0x2000, 0x3000, 0x3800, 0xc041, 0xf862, 0xf821, 0xf801, 0xf801, 0xf801, 0xf800, 0xf821, 0xf861, 0x8820, 0x3000, 0x3000, 0x2000, 0x1020, 0x0820, 0x0820, 0x0820, 0x0820, 0x0020, 0x0000, 0x1082, 0x2924, 0x2124, 0x18e3, 0x3186, 0x4a69,
		0x4228, 0x2104, 0x2104, 0x2124, 0x2104, 0x0000, 0x0000, 0x0820, 0x0820, 0x0820, 0x0820, 0x0820, 0x0820, 0x0820, 0x0820, 0x0820, 0x0820, 0x0820, 0x0820, 0x0820, 0x0820, 0x0820, 0x0820, 0x0820, 0x0820, 0x0820, 0x0820, 0x0820, 0x0820, 0x0820, 0x0820, 0x0820, 0x0820, 0x0820, 0x0820, 0x0820, 0x0820, 0x0820, 0x0820, 0x0820, 0x0820, 0x0820, 0x0820, 0x0820, 0x0820, 0x0820, 0x0820, 0x0820, 0x0820, 0x0820, 0x1820, 0x2000, 0x3000, 0x3000, 0xc041, 0xf862, 0xf821, 0xf800, 0xf801, 0xf801, 0xf800, 0xf821, 0xf861, 0x8820, 0x3000, 0x3000, 0x2000, 0x1020, 0x0820, 0x0820, 0x0820, 0x0820, 0x0020, 0x0000, 0x1082, 0x2944, 0x2124, 0x18e3, 0x3186, 0x4a69,
		0x4229, 0x2104, 0x2104, 0x2124, 0x2104, 0x0000, 0x0000, 0x0820, 0x0820, 0x0820, 0x0820, 0x0820, 0x0820, 0x0820, 0x0820, 0x0820, 0x0820, 0x0820, 0x0820, 0x0820, 0x0820, 0x0820, 0x0820, 0x0820, 0x0820, 0x0820, 0x0820, 0x0820, 0x0820, 0x0820, 0x0820, 0x0820, 0x0820, 0x0840, 0x0820, 0x0820, 0x0820, 0x0820, 0x0820, 0x0820, 0x0820, 0x0820, 0x0820, 0x0820, 0x0820, 0x0820, 0x0820, 0x0820, 0x0820, 0x0820, 0x1820, 0x2000, 0x3000, 0x3800, 0xc041, 0xf861, 0xf801, 0xf800, 0xf801, 0xf801, 0xf801, 0xf821, 0xf861, 0x8820, 0x3000, 0x3000, 0x2000, 0x1020, 0x0820, 0x0820, 0x0820, 0x0820, 0x0020, 0x0000, 0x1082, 0x2924, 0x2124, 0x18e3, 0x3186, 0x4a49,
		0x4229, 0x2104, 0x2104, 0x2124, 0x2104, 0x0000, 0x0000, 0x0820, 0x0820, 0x0820, 0x0820, 0x0820, 0x0820, 0x0820, 0x0820, 0x0820, 0x0820, 0x0820, 0x0820, 0x0820, 0x0820, 0x0820, 0x0840, 0x0820, 0x0820, 0x0820, 0x0820, 0x0820, 0x0820, 0x0820, 0x0820, 0x0820, 0x0840, 0x0840, 0x0820, 0x0820, 0x0820, 0x0820, 0x0820, 0x0820, 0x0820, 0x0820, 0x0820, 0x0820, 0x0820, 0x0820, 0x0820, 0x0820, 0x0820, 0x0820, 0x1820, 0x2000, 0x3000, 0x3800, 0xc041, 0xf862, 0xf801, 0xf801, 0xf801, 0xf801, 0xf801, 0xf821, 0xf861, 0x8820, 0x3000, 0x3000, 0x2000, 0x1020, 0x0820, 0x0820, 0x0820, 0x0840, 0x0020, 0x0000, 0x1061, 0x2924, 0x2124, 0x18e3, 0x3186, 0x4a49,
		0x4228, 0x2104, 0x2104, 0x2124, 0x2104, 0x0000, 0x0000, 0x0820, 0x0820, 0x0820, 0x0820, 0x0820, 0x0820, 0x0820, 0x0820, 0x0820, 0x0820, 0x0820, 0x0820, 0x0820, 0x0820, 0x0820, 0x0820, 0x0820, 0x0820, 0x0820, 0x0820, 0x0820, 0x0820, 0x0820, 0x0820, 0x0820, 0x0820, 0x0820, 0x0820, 0x0820, 0x0820, 0x0820, 0x0820, 0x0820, 0x0820, 0x0820, 0x0820, 0x0820, 0x0820, 0x0820, 0x0820, 0x0820, 0x0820, 0x0820, 0x1820, 0x2000, 0x3000, 0x3800, 0xc041, 0xf862, 0xf801, 0xf800, 0xf801, 0xf801, 0xf800, 0xf821, 0xf861, 0x8820, 0x3000, 0x3000, 0x2000, 0x1020, 0x0820, 0x0820, 0x0820, 0x0840, 0x0020, 0x0000, 0x1061, 0x2124, 0x2124, 0x18e3, 0x31a6, 0x4a69,
		0x4208, 0x2104, 0x2104, 0x2124, 0x2104, 0x0000, 0x0000, 0x0820, 0x0820, 0x0820, 0x0820, 0x0820, 0x0820, 0x0820, 0x0820, 0x0820, 0x0820, 0x0820, 0x0820, 0x0820, 0x0820, 0x0820, 0x0820, 0x0820, 0x0820, 0x0820, 0x0820, 0x0820, 0x0820, 0x0820, 0x0820, 0x0820, 0x0820, 0x0820, 0x0820, 0x0820, 0x0820, 0x0820, 0x0820, 0x0820, 0x0820, 0x0820, 0x0820, 0x0820, 0x0820, 0x0820, 0x0820, 0x0820, 0x0820, 0x0820, 0x1820, 0x2000, 0x3000, 0x3800, 0xc041, 0xf862, 0xf801, 0xf800, 0xf801, 0xf801, 0xf800, 0xf821, 0xf861, 0x8820, 0x3000, 0x3000, 0x2000, 0x1020, 0x0820, 0x0820, 0x0820, 0x0820, 0x0020, 0x0000, 0x1082, 0x2924, 0x2124, 0x18e3, 0x3186, 0x4a69,
		0x4208, 0x2104, 0x2104, 0x2924, 0x2104, 0x0000, 0x0000, 0x0820, 0x0820, 0x0820, 0x0820, 0x0820, 0x0820, 0x0820, 0x0820, 0x0820, 0x0820, 0x0820, 0x0820, 0x0820, 0x0820, 0x0820, 0x0820, 0x0820, 0x0820, 0x0820, 0x0820, 0x0820, 0x0820, 0x0820, 0x0820, 0x0820, 0x0820, 0x0820, 0x0820, 0x0820, 0x0820, 0x0820, 0x0820, 0x0820, 0x0820, 0x0820, 0x0820, 0x0820, 0x0820, 0x0820, 0x0820, 0x0820, 0x0820, 0x0820, 0x1820, 0x2000, 0x3800, 0x3800, 0xc041, 0xf862, 0xf801, 0xf800, 0xf801, 0xf801, 0xf800, 0xf821, 0xf861, 0x8820, 0x3000, 0x3000, 0x2000, 0x1020, 0x0820, 0x0820, 0x0820, 0x0820, 0x0020, 0x0000, 0x1082, 0x2924, 0x2124, 0x18e3, 0x3186, 0x4a69,
		0x4208, 0x2104, 0x2104, 0x2124, 0x2104, 0x0000, 0x0000, 0x0820, 0x0820, 0x0820, 0x0820, 0x0820, 0x0820, 0x0820, 0x0820, 0x0820, 0x0820, 0x0820, 0x0820, 0x0820, 0x0820, 0x0820, 0x0820, 0x0820, 0x0820, 0x0820, 0x0820, 0x0820, 0x0820, 0x0820, 0x0820, 0x0820, 0x0820, 0x0820, 0x0820, 0x0820, 0x0820, 0x0820, 0x0820, 0x0820, 0x0820, 0x0820, 0x0820, 0x0820, 0x0820, 0x0820, 0x0820, 0x0820, 0x0820, 0x0820, 0x1820, 0x2800, 0x3000, 0x3800, 0xc041, 0xf862, 0xf821, 0xf800, 0xf801, 0xf801, 0xf800, 0xf841, 0xf862, 0x8820, 0x3000, 0x3000, 0x2000, 0x1020, 0x0820, 0x0820, 0x0820, 0x0820, 0x0020, 0x0000, 0x1082, 0x2124, 0x2124, 0x18e3, 0x3186, 0x4a69,
		0x4228, 0x2104, 0x2104, 0x2124, 0x2104, 0x0000, 0x0000, 0x0820, 0x0820, 0x0820, 0x0820, 0x0820, 0x0820, 0x0820, 0x0820, 0x0820, 0x0820, 0x0820, 0x0820, 0x0820, 0x0820, 0x0820, 0x0820, 0x0820, 0x0820, 0x0820, 0x0820, 0x0820, 0x0820, 0x0820, 0x0820, 0x0820, 0x0820, 0x0820, 0x0820, 0x0820, 0x0820, 0x0820, 0x0820, 0x0820, 0x0820, 0x0820, 0x0820, 0x0820, 0x0820, 0x0820, 0x0820, 0x0820, 0x0820, 0x0820, 0x1820, 0x2000, 0x3000, 0x3800, 0xc041, 0xf862, 0xf821, 0xf800, 0xf801, 0xf801, 0xf800, 0xf841, 0xf862, 0x8820, 0x3000, 0x3000, 0x2000, 0x1020, 0x0820, 0x0820, 0x0820, 0x0820, 0x0020, 0x0000, 0x1081, 0x2924, 0x2104, 0x18e3, 0x3186, 0x4a69,
		0x4228, 0x2104, 0x2104, 0x2124, 0x2104, 0x0000, 0x0000, 0x0820, 0x0820, 0x0820, 0x0840, 0x0820, 0x0820, 0x0820, 0x0820, 0x0820, 0x0820, 0x0820, 0x0820, 0x0820, 0x0820, 0x0820, 0x0820, 0x0820, 0x0820, 0x0820, 0x0820, 0x0820, 0x0820, 0x0820, 0x0820, 0x0820, 0x0820, 0x0820, 0x0820, 0x0820, 0x0820, 0x0820, 0x0820, 0x0820, 0x0820, 0x0820, 0x0820, 0x0820, 0x0820, 0x0820, 0x0820, 0x0820, 0x0820, 0x1020, 0x1800, 0x2800, 0x3000, 0x3800, 0xc041, 0xf862, 0xf821, 0xf800, 0xf801, 0xf801, 0xf800, 0xf841, 0xf862, 0x8820, 0x3000, 0x3000, 0x2000, 0x1000, 0x0820, 0x0820, 0x0820, 0x0820, 0x0020, 0x0000, 0x1061, 0x2124, 0x2124, 0x18e3, 0x31a6, 0x4a69,
		0x4228, 0x2104, 0x2104, 0x2924, 0x2104, 0x0000, 0x0000, 0x0820, 0x0820, 0x0820, 0x0820, 0x0820, 0x0820, 0x0820, 0x0820, 0x0820, 0x0820, 0x0820, 0x0820, 0x0820, 0x0820, 0x0820, 0x0820, 0x0820, 0x0820, 0x1020, 0x1020, 0x1020, 0x1020, 0x1020, 0x1020, 0x1020, 0x1020, 0x1020, 0x1820, 0x1020, 0x1020, 0x1020, 0x1000, 0x1020, 0x1020, 0x1820, 0x1020, 0x1020, 0x1020, 0x1020, 0x1020, 0x1020, 0x1000, 0x1800, 0x2000, 0x2800, 0x3800, 0x3800, 0xc041, 0xf862, 0xf821, 0xf800, 0xf801, 0xf801, 0xf800, 0xf841, 0xf862, 0x8820, 0x3000, 0x3000, 0x2000, 0x1020, 0x0820, 0x0820, 0x0820, 0x0820, 0x0020, 0x0000, 0x0861, 0x2124, 0x2124, 0x18e3, 0x31a6, 0x4a69,
		0x4228, 0x2104, 0x2104, 0x2944, 0x2104, 0x0000, 0x0000, 0x0820, 0x0820, 0x0820, 0x0820, 0x0820, 0x0820, 0x0820, 0x0820, 0x0820, 0x0820, 0x0820, 0x0820, 0x0820, 0x0820, 0x0820, 0x0820, 0x1020, 0x1020, 0x1020, 0x1820, 0x1800, 0x2000, 0x2000, 0x2000, 0x2000, 0x2000, 0x2000, 0x2000, 0x2000, 0x2000, 0x2000, 0x2000, 0x2000, 0x2000, 0x2000, 0x2000, 0x2000, 0x1800, 0x2000, 0x2000, 0x2000, 0x2000, 0x2000, 0x2800, 0x3000, 0x3800, 0x3800, 0xc041, 0xf862, 0xf821, 0xf800, 0xf801, 0xf801, 0xf800, 0xf841, 0xf862, 0x8820, 0x3000, 0x3000, 0x2000, 0x1020, 0x0820, 0x0820, 0x0820, 0x0820, 0x0020, 0x0000, 0x1061, 0x2124, 0x2124, 0x18e3, 0x31a6, 0x4a69,
		0x4228, 0x2104, 0x2104, 0x2924, 0x2104, 0x0000, 0x0000, 0x0820, 0x0820, 0x0820, 0x0820, 0x0820, 0x0820, 0x0820, 0x0820, 0x0820, 0x0820, 0x0820, 0x0820, 0x0820, 0x0820, 0x0820, 0x1020, 0x1020, 0x1800, 0x1800, 0x2000, 0x2800, 0x3000, 0x3000, 0x3000, 0x3000, 0x3000, 0x3000, 0x3000, 0x3000, 0x3000, 0x3000, 0x3000, 0x3000, 0x3000, 0x3000, 0x3000, 0x3000, 0x3000, 0x3000, 0x3000, 0x3000, 0x3000, 0x3000, 0x3000, 0x3800, 0x4000, 0x3800, 0xc041, 0xf862, 0xf821, 0xf800, 0xf801, 0xf801, 0xf800, 0xf841, 0xf862, 0x8820, 0x2800, 0x3000, 0x1800, 0x1020, 0x0820, 0x0820, 0x0820, 0x0820, 0x0020, 0x0000, 0x0861, 0x2124, 0x2124, 0x18e3, 0x31a6, 0x4a69,
		0x4228, 0x2104, 0x2104, 0x2124, 0x2104, 0x0000, 0x0000, 0x0820, 0x0820, 0x0820, 0x0820, 0x0820, 0x0820, 0x0820, 0x0820, 0x0820, 0x0820, 0x0820, 0x0820, 0x0820, 0x0820, 0x1020, 0x1020, 0x1800, 0x2000, 0x2800, 0x3000, 0x3800, 0x4000, 0x4000, 0x4000, 0x4000, 0x4000, 0x4000, 0x4000, 0x4000, 0x4000, 0x4000, 0x4000, 0x4000, 0x4000, 0x4000, 0x4000, 0x4000, 0x4000, 0x4000, 0x4000, 0x4000, 0x4000, 0x4000, 0x4000, 0x4000, 0x4000, 0x3800, 0xc841, 0xf862, 0xf820, 0xf800, 0xf801, 0xf801, 0xf800, 0xf821, 0xf862, 0x8820, 0x2800, 0x2800, 0x1800, 0x1020, 0x0820, 0x0820, 0x0820, 0x0820, 0x0020, 0x0000, 0x1081, 0x2124, 0x2124, 0x18e3, 0x31a6, 0x4a69,
		0x4228, 0x2104, 0x2104, 0x2124, 0x2104, 0x0000, 0x0000, 0x0820, 0x0820, 0x0820, 0x0820, 0x0820, 0x0820, 0x0820, 0x0820, 0x0820, 0x0820, 0x0820, 0x0820, 0x0820, 0x1020, 0x1020, 0x1800, 0x2000, 0x3000, 0x4800, 0x3800, 0x3800, 0x4000, 0x4000, 0x4000, 0x4000, 0x4000, 0x4000, 0x4000, 0x4000, 0x3800, 0x3800, 0x4000, 0x4000, 0x4000, 0x3800, 0x4000, 0x4000, 0x4000, 0x4000, 0x4000, 0x4000, 0x4000, 0x4000, 0x4000, 0x3800, 0x3000, 0x4000, 0x8020, 0xc041, 0xf861, 0xf821, 0xf800, 0xf801, 0xf800, 0xf821, 0xf882, 0x8820, 0x2800, 0x2800, 0x1800, 0x1020, 0x0820, 0x0820, 0x0820, 0x0820, 0x0020, 0x0000, 0x1082, 0x2924, 0x2124, 0x18e3, 0x31a6, 0x4a69,
		0x4228, 0x2104, 0x2104, 0x2124, 0x2104, 0x0000, 0x0000, 0x0820, 0x0820, 0x0820, 0x0820, 0x0820, 0x0820, 0x0820, 0x0820, 0x0820, 0x0820, 0x0820, 0x0820, 0x1020, 0x1020, 0x1800, 0x2000, 0x2800, 0x4000, 0x3800, 0xa020, 0xc841, 0xc041, 0xc041, 0xc041, 0xc041, 0xc041, 0xc041, 0xc841, 0xc041, 0xc041, 0xc041, 0xc041, 0xc041, 0xc041, 0xc041, 0xc021, 0xc021, 0xc041, 0xc041, 0xc041, 0xc041, 0xc041, 0xc041, 0xc041, 0xc041, 0xc041, 0x5000, 0x3000, 0x8800, 0xf861, 0xf861, 0xf821, 0xf800, 0xf841, 0xf841, 0x9820, 0x5000, 0x3000, 0x2000, 0x1020, 0x0820, 0x0820, 0x0820, 0x0820, 0x0820, 0x0020, 0x0000, 0x1082, 0x2924, 0x2124, 0x18e3, 0x31a6, 0x4a69,
		0x4228, 0x2104, 0x2104, 0x2924, 0x2104, 0x0000, 0x0000, 0x0820, 0x0820, 0x0820, 0x0820, 0x0820, 0x0820, 0x0820, 0x0820, 0x0820, 0x0820, 0x0820, 0x0820, 0x1020, 0x1820, 0x1800, 0x2800, 0x3800, 0x4800, 0x5000, 0xd841, 0xf862, 0xf862, 0xf861, 0xf862, 0xf862, 0xf861, 0xf861, 0xf861, 0xf862, 0xf862, 0xf862, 0xf862, 0xf862, 0xf861, 0xf861, 0xf861, 0xf841, 0xf861, 0xf861, 0xf861, 0xf862, 0xf862, 0xf862, 0xf862, 0xf862, 0xf861, 0x7000, 0x4800, 0x4000, 0xb020, 0xf862, 0xf841, 0xf800, 0xf861, 0xc821, 0x4000, 0x3000, 0x3000, 0x1800, 0x1020, 0x0820, 0x0820, 0x0820, 0x0820, 0x0840, 0x0020, 0x0000, 0x1081, 0x2924, 0x2124, 0x18e3, 0x3186, 0x4a69,
		0x4228, 0x2104, 0x2104, 0x2924, 0x2104, 0x0000, 0x0000, 0x0820, 0x0820, 0x0820, 0x0820, 0x0820, 0x0820, 0x0820, 0x0820, 0x0820, 0x0820, 0x0820, 0x1020, 0x1820, 0x2000, 0x2800, 0x3800, 0x4000, 0x4800, 0xd841, 0xf841, 0xf841, 0xf841, 0xf841, 0xf841, 0xf841, 0xf841, 0xf841, 0xf841, 0xf841, 0xf841, 0xf841, 0xf841, 0xf841, 0xf841, 0xf841, 0xf841, 0xf821, 0xf841, 0xf841, 0xf841, 0xf841, 0xf841, 0xf841, 0xf841, 0xf841, 0xf841, 0xf841, 0x7800, 0x3000, 0x4800, 0xb820, 0xf841, 0xf841, 0xe821, 0x7800, 0x3800, 0x3800, 0x2000, 0x1020, 0x1020, 0x0820, 0x0820, 0x0820, 0x0820, 0x0820, 0x0020, 0x0000, 0x1082, 0x2924, 0x2124, 0x18e3, 0x3186, 0x4a69,
		0x4228, 0x2104, 0x2104, 0x2945, 0x2104, 0x0000, 0x0000, 0x0820, 0x0820, 0x0820, 0x0820, 0x0820, 0x0820, 0x0820, 0x0820, 0x0820, 0x0820, 0x0820, 0x1020, 0x1820, 0x2000, 0x2800, 0x4000, 0x4800, 0xc800, 0xf861, 0xf841, 0xf800, 0xf800, 0xf800, 0xf800, 0xf800, 0xf800, 0xf800, 0xf800, 0xf800, 0xf800, 0xf800, 0xf800, 0xf800, 0xf800, 0xf800, 0xf800, 0xf800, 0xf800, 0xf800, 0xf800, 0xf800, 0xf800, 0xf800, 0xf800, 0xf800, 0xf820, 0xf862, 0xe021, 0x7000, 0x2800, 0x5800, 0xb821, 0xf862, 0x6800, 0x3800, 0x3800, 0x2800, 0x1800, 0x1020, 0x0820, 0x0820, 0x0820, 0x0820, 0x0820, 0x0820, 0x0020, 0x0000, 0x1082, 0x2944, 0x2124, 0x18e3, 0x3186, 0x4a69,
		0x4228, 0x2104, 0x2104, 0x2944, 0x2104, 0x0000, 0x0000, 0x0820, 0x0820, 0x0820, 0x0820, 0x0820, 0x0820, 0x0820, 0x0820, 0x0820, 0x0820, 0x0820, 0x1020, 0x2000, 0x3000, 0x3800, 0x4000, 0x9000, 0xf841, 0xf821, 0xf801, 0xf800, 0xf801, 0xf801, 0xf801, 0xf801, 0xf801, 0xf800, 0xf801, 0xf801, 0xf801, 0xf801, 0xf800, 0xf801, 0xf801, 0xf801, 0xf801, 0xf801, 0xf801, 0xf801, 0xf801, 0xf801, 0xf801, 0xf801, 0xf801, 0xf801, 0xf801, 0xf821, 0xf841, 0xb821, 0x6000, 0x3000, 0x7000, 0xb841, 0x5000, 0x3800, 0x3000, 0x2000, 0x1820, 0x0820, 0x0820, 0x0820, 0x0820, 0x0820, 0x0820, 0x0840, 0x0020, 0x0000, 0x1082, 0x2944, 0x2124, 0x18e3, 0x31a6, 0x4a69,
		0x4228, 0x2104, 0x2104, 0x2124, 0x2104, 0x0000, 0x0000, 0x0820, 0x0820, 0x0820, 0x0820, 0x0820, 0x0820, 0x0820, 0x0820, 0x0820, 0x0820, 0x1020, 0x1820, 0x2800, 0x3800, 0x4000, 0x6000, 0xf041, 0xf862, 0xf800, 0xf800, 0xf801, 0xf801, 0xf801, 0xf801, 0xf801, 0xf801, 0xf801, 0xf800, 0xf801, 0xf801, 0xf801, 0xf801, 0xf801, 0xf801, 0xf800, 0xf801, 0xf801, 0xf801, 0xf801, 0xf801, 0xf801, 0xf801, 0xf801, 0xf801, 0xf801, 0xf800, 0xf800, 0xf841, 0xf862, 0xa000, 0x4000, 0x3800, 0x3800, 0x4000, 0x3000, 0x2000, 0x1800, 0x1020, 0x0820, 0x0820, 0x0820, 0x0820, 0x0820, 0x0820, 0x0820, 0x0020, 0x0000, 0x1082, 0x2944, 0x2124, 0x18e3, 0x3186, 0x4a69,
		0x4228, 0x2104, 0x2104, 0x2924, 0x2104, 0x0000, 0x0000, 0x0820, 0x0820, 0x0820, 0x0820, 0x0820, 0x0820, 0x0820, 0x0820, 0x0820, 0x0820, 0x1020, 0x1800, 0x3000, 0x3800, 0x5000, 0xe841, 0xf841, 0xf821, 0xf801, 0xf801, 0xf801, 0xf800, 0xf801, 0xf801, 0xf801, 0xf801, 0xf801, 0xf801, 0xf801, 0xf801, 0xf801, 0xf801, 0xf801, 0xf801, 0xf801, 0xf801, 0xf801, 0xf801, 0xf801, 0xf801, 0xf801, 0xf801, 0xf801, 0xf801, 0xf801, 0xf801, 0xf801, 0xf821, 0xf821, 0xf041, 0x9820, 0x4000, 0x4000, 0x3000, 0x2800, 0x1800, 0x1020, 0x0820, 0x0820, 0x0820, 0x0820, 0x0840, 0x0820, 0x0820, 0x0820, 0x0020, 0x0000, 0x1061, 0x2124, 0x2124, 0x18e3, 0x3186, 0x4a69,
		0x4228, 0x2104, 0x2104, 0x2924, 0x2104, 0x0000, 0x0000, 0x0820, 0x0820, 0x0820, 0x0820, 0x0820, 0x0820, 0x0820, 0x0820, 0x0820, 0x0820, 0x1020, 0x1800, 0x3000, 0x3800, 0x5000, 0xf861, 0xf841, 0xf800, 0xf801, 0xf801, 0xf801, 0xf801, 0xf801, 0xf801, 0xf800, 0xf800, 0xf800, 0xf801, 0xf801, 0xf800, 0xf801, 0xf801, 0xf801, 0xf801, 0xf801, 0xf801, 0xf801, 0xf801, 0xf801, 0xf801, 0xf801, 0xf801, 0xf801, 0xf801, 0xf801, 0xf801, 0xf801, 0xf800, 0xf821, 0xf862, 0xa820, 0x3800, 0x4000, 0x2800, 0x2000, 0x1020, 0x1020, 0x0820, 0x0820, 0x0820, 0x0820, 0x0820, 0x0820, 0x0820, 0x0820, 0x0020, 0x0000, 0x1061, 0x2924, 0x2124, 0x18e3, 0x3186, 0x4a49,
		0x4228, 0x2104, 0x2104, 0x2924, 0x2104, 0x0000, 0x0000, 0x0820, 0x0820, 0x0820, 0x0820, 0x0820, 0x0820, 0x0820, 0x0820, 0x0820, 0x0820, 0x1020, 0x1820, 0x2800, 0x3800, 0x4800, 0x8020, 0xf041, 0xf841, 0xf801, 0xf800, 0xf801, 0xf801, 0xf801, 0xf801, 0xf801, 0xf801, 0xf801, 0xf801, 0xf801, 0xf801, 0xf801, 0xf801, 0xf801, 0xf801, 0xf801, 0xf801, 0xf801, 0xf801, 0xf801, 0xf801, 0xf801, 0xf801, 0xf801, 0xf801, 0xf801, 0xf801, 0xf801, 0xf821, 0xf821, 0xb020, 0x5000, 0x3000, 0x3800, 0x2000, 0x1800, 0x1020, 0x0820, 0x0820, 0x0820, 0x0820, 0x0820, 0x0820, 0x0840, 0x0820, 0x0820, 0x0020, 0x0000, 0x1082, 0x2945, 0x2124, 0x18e3, 0x3186, 0x4a49,
		0x4228, 0x2104, 0x2104, 0x2944, 0x2104, 0x0000, 0x0000, 0x0820, 0x0820, 0x0820, 0x0840, 0x0820, 0x0820, 0x0820, 0x0820, 0x0820, 0x0820, 0x0820, 0x1820, 0x2000, 0x3000, 0x4000, 0x3800, 0xa820, 0xf862, 0xf800, 0xf800, 0xf800, 0xf800, 0xf800, 0xf800, 0xf800, 0xf800, 0xf800, 0xf800, 0xf800, 0xf800, 0xf800, 0xf800, 0xf800, 0xf800, 0xf800, 0xf800, 0xf800, 0xf800, 0xf800, 0xf800, 0xf800, 0xf800, 0xf800, 0xf800, 0xf800, 0xf800, 0xf800, 0xf861, 0xe841, 0x6800, 0x3000, 0x3000, 0x2000, 0x1800, 0x1020, 0x0820, 0x0820, 0x0820, 0x0820, 0x0820, 0x0820, 0x0820, 0x0820, 0x0820, 0x0840, 0x0020, 0x0000, 0x1082, 0x2945, 0x2124, 0x18e3, 0x3186, 0x4a49,
		0x4228, 0x2104, 0x2104, 0x2944, 0x2104, 0x0000, 0x0000, 0x0820, 0x0820, 0x0820, 0x0820, 0x0820, 0x0820, 0x0820, 0x0820, 0x0820, 0x0820, 0x0820, 0x1020, 0x1800, 0x2800, 0x3800, 0x4000, 0x5800, 0xe820, 0xf821, 0xf821, 0xf821, 0xf821, 0xf821, 0xf821, 0xf821, 0xf821, 0xf821, 0xf821, 0xf821, 0xf821, 0xf821, 0xf821, 0xf821, 0xf821, 0xf821, 0xf821, 0xf821, 0xf821, 0xf821, 0xf821, 0xf821, 0xf821, 0xf821, 0xf821, 0xf821, 0xf821, 0xf821, 0xf841, 0xa800, 0x3800, 0x3800, 0x3000, 0x1800, 0x1820, 0x1020, 0x0820, 0x0820, 0x0820, 0x0820, 0x0820, 0x0820, 0x0820, 0x0820, 0x0820, 0x0840, 0x0020, 0x0000, 0x1082, 0x2945, 0x2124, 0x18e3, 0x3186, 0x4a49,
		0x4228, 0x2104, 0x2104, 0x2924, 0x2104, 0x0000, 0x0000, 0x0820, 0x0820, 0x0820, 0x0820, 0x0820, 0x0820, 0x0820, 0x0820, 0x0820, 0x0820, 0x0820, 0x0820, 0x1020, 0x2020, 0x2800, 0x3800, 0x4000, 0x6800, 0xe861, 0xf862, 0xf861, 0xf861, 0xf861, 0xf861, 0xf861, 0xf861, 0xf861, 0xf861, 0xf861, 0xf861, 0xf861, 0xf861, 0xf861, 0xf861, 0xf861, 0xf861, 0xf861, 0xf861, 0xf841, 0xf841, 0xf861, 0xf861, 0xf861, 0xf861, 0xf861, 0xf861, 0xf862, 0x9820, 0x4800, 0x3800, 0x3000, 0x2000, 0x1820, 0x1020, 0x0820, 0x0820, 0x0820, 0x0820, 0x0820, 0x0820, 0x0820, 0x0840, 0x0820, 0x0820, 0x0820, 0x0020, 0x0000, 0x1082, 0x2945, 0x2124, 0x18e3, 0x3186, 0x4a49,
		0x4a49, 0x2104, 0x2104, 0x2124, 0x2104, 0x0000, 0x0000, 0x0820, 0x0820, 0x0820, 0x0840, 0x0820, 0x0820, 0x0820, 0x0820, 0x0820, 0x0820, 0x0820, 0x0820, 0x1020, 0x1800, 0x2000, 0x3000, 0x4000, 0x3800, 0xb841, 0xd041, 0xc841, 0xc841, 0xc841, 0xc821, 0xc821, 0xc821, 0xc821, 0xc841, 0xc821, 0xc821, 0xc821, 0xc821, 0xc821, 0xc821, 0xc821, 0xc821, 0xc821, 0xc821, 0xc821, 0xc821, 0xc821, 0xc821, 0xc821, 0xc821, 0xc841, 0xd041, 0xd041, 0x6800, 0x3000, 0x3000, 0x2800, 0x1800, 0x1020, 0x0820, 0x0820, 0x0820, 0x0820, 0x0820, 0x0820, 0x0820, 0x0820, 0x0820, 0x0820, 0x0820, 0x0820, 0x0020, 0x0000, 0x1082, 0x2945, 0x2124, 0x18e3, 0x3186, 0x4a49,
		0x4a49, 0x2104, 0x2104, 0x2124, 0x2104, 0x0000, 0x0000, 0x0820, 0x0820, 0x0820, 0x0840, 0x0820, 0x0840, 0x0820, 0x0820, 0x0820, 0x0820, 0x0820, 0x0820, 0x0820, 0x1020, 0x1800, 0x2000, 0x3000, 0x4000, 0x4000, 0x3800, 0x3800, 0x4000, 0x3800, 0x3800, 0x3800, 0x3800, 0x4000, 0x4000, 0x4000, 0x4000, 0x3800, 0x3800, 0x3800, 0x4000, 0x3800, 0x3800, 0x3800, 0x3800, 0x3800, 0x3800, 0x3800, 0x4000, 0x4000, 0x4000, 0x3800, 0x3800, 0x4000, 0x4000, 0x3800, 0x2000, 0x1800, 0x1020, 0x1020, 0x0820, 0x0820, 0x0820, 0x0820, 0x0820, 0x0820, 0x0820, 0x0820, 0x0820, 0x0820, 0x0820, 0x0820, 0x0020, 0x0000, 0x1082, 0x2945, 0x2124, 0x18e3, 0x3186, 0x4a49,
		0x4a49, 0x2104, 0x2104, 0x2124, 0x2124, 0x0861, 0x0000, 0x0000, 0x0820, 0x0820, 0x0840, 0x0840, 0x0820, 0x0820, 0x0820, 0x0840, 0x0820, 0x0820, 0x0820, 0x0820, 0x0820, 0x1020, 0x1800, 0x2000, 0x3000, 0x3000, 0x3800, 0x3800, 0x3800, 0x3800, 0x3800, 0x3800, 0x3800, 0x3800, 0x3800, 0x3800, 0x3800, 0x3800, 0x3800, 0x3800, 0x3800, 0x3800, 0x3800, 0x3800, 0x3800, 0x3800, 0x3800, 0x3800, 0x3800, 0x3800, 0x3800, 0x3800, 0x3800, 0x3000, 0x3000, 0x2800, 0x2000, 0x1020, 0x1020, 0x0820, 0x0820, 0x0820, 0x0820, 0x0820, 0x0840, 0x0840, 0x0841, 0x0840, 0x0820, 0x0820, 0x0841, 0x0020, 0x0000, 0x0000, 0x18c3, 0x2924, 0x2124, 0x18e3, 0x3186, 0x4a49,
		0x4a49, 0x2104, 0x2104, 0x2104, 0x2124, 0x2104, 0x1082, 0x0000, 0x0820, 0x0820, 0x0820, 0x0840, 0x0820, 0x0840, 0x0820, 0x0820, 0x0820, 0x0820, 0x0841, 0x0820, 0x0820, 0x0820, 0x1020, 0x1000, 0x1800, 0x2000, 0x2800, 0x2800, 0x2800, 0x2800, 0x2800, 0x2800, 0x3000, 0x3000, 0x3000, 0x2800, 0x2800, 0x3000, 0x2800, 0x2800, 0x2800, 0x2800, 0x3000, 0x2800, 0x3000, 0x3000, 0x3000, 0x3000, 0x3000, 0x3000, 0x3000, 0x3000, 0x2800, 0x2800, 0x2000, 0x1800, 0x1020, 0x0820, 0x0820, 0x0820, 0x0820, 0x0820, 0x0820, 0x0840, 0x0841, 0x0841, 0x0840, 0x0820, 0x0840, 0x0820, 0x0820, 0x0000, 0x0020, 0x18e3, 0x2124, 0x2124, 0x2104, 0x18e3, 0x3186, 0x4a49,
		0x4228, 0x2104, 0x2104, 0x2104, 0x2104, 0x2944, 0x2104, 0x0841, 0x0000, 0x0020, 0x0840, 0x0820, 0x0820, 0x0820, 0x0820, 0x0820, 0x0840, 0x0840, 0x0820, 0x0820, 0x0820, 0x0820, 0x0820, 0x1020, 0x1820, 0x1800, 0x2000, 0x2000, 0x2000, 0x2000, 0x2000, 0x2000, 0x2000, 0x2000, 0x2000, 0x2000, 0x2000, 0x2000, 0x2000, 0x2000, 0x2000, 0x2000, 0x2000, 0x2000, 0x2000, 0x2000, 0x2000, 0x2000, 0x2000, 0x2000, 0x2000, 0x2000, 0x2000, 0x1800, 0x1800, 0x1020, 0x0820, 0x0820, 0x0820, 0x0820, 0x0820, 0x0820, 0x0820, 0x0820, 0x0840, 0x0841, 0x0840, 0x0820, 0x0840, 0x0820, 0x0000, 0x0000, 0x1082, 0x2945, 0x2124, 0x2104, 0x2104, 0x18e3, 0x3186, 0x4a49,
		0x4228, 0x2104, 0x2104, 0x2104, 0x2104, 0x2104, 0x2944, 0x2104, 0x0000, 0x0000, 0x0020, 0x0820, 0x0840, 0x0840, 0x0820, 0x0820, 0x0840, 0x0840, 0x0840, 0x0820, 0x0820, 0x0820, 0x0820, 0x0820, 0x1020, 0x1020, 0x1020, 0x1820, 0x1820, 0x1820, 0x1820, 0x1820, 0x1820, 0x1820, 0x1820, 0x1820, 0x1820, 0x1820, 0x1820, 0x1820, 0x1820, 0x1800, 0x1820, 0x1820, 0x1820, 0x1820, 0x1820, 0x1820, 0x1820, 0x1800, 0x1800, 0x1800, 0x1020, 0x1020, 0x1020, 0x0820, 0x0820, 0x0820, 0x0820, 0x0820, 0x0820, 0x0820, 0x0820, 0x0840, 0x0820, 0x0840, 0x0840, 0x0840, 0x0820, 0x0020, 0x0000, 0x1082, 0x2124, 0x2124, 0x2104, 0x2124, 0x2104, 0x18e3, 0x3186, 0x4a49,
		0x4a49, 0x2104, 0x2104, 0x2104, 0x2104, 0x2104, 0x2104, 0x2124, 0x18e3, 0x0000, 0x0000, 0x0820, 0x0840, 0x0820, 0x0820, 0x0820, 0x0820, 0x0820, 0x0820, 0x0820, 0x0820, 0x0820, 0x0820, 0x0820, 0x0820, 0x0820, 0x0820, 0x0820, 0x0820, 0x0820, 0x0820, 0x0820, 0x0820, 0x0820, 0x0820, 0x0820, 0x0820, 0x0820, 0x0820, 0x0820, 0x0820, 0x0820, 0x0820, 0x0820, 0x0820, 0x0820, 0x0820, 0x0820, 0x0820, 0x0820, 0x1020, 0x0820, 0x0820, 0x0820, 0x0820, 0x0820, 0x0820, 0x0840, 0x0820, 0x0820, 0x0820, 0x0820, 0x0820, 0x0840, 0x0820, 0x0820, 0x0820, 0x0840, 0x0000, 0x0000, 0x0861, 0x2924, 0x2124, 0x2104, 0x2124, 0x2104, 0x2104, 0x18e3, 0x3186, 0x4a49,
		0x3185, 0x39c7, 0x2945, 0x20e3, 0x2104, 0x2104, 0x2104, 0x2104, 0x2124, 0x10a2, 0x0000, 0x0020, 0x0820, 0x0820, 0x0820, 0x0820, 0x0820, 0x0820, 0x0820, 0x0820, 0x0820, 0x0840, 0x0820, 0x0820, 0x0820, 0x0820, 0x0820, 0x0820, 0x0820, 0x0820, 0x0820, 0x0820, 0x0820, 0x0820, 0x0820, 0x0820, 0x0820, 0x0820, 0x0820, 0x0820, 0x0820, 0x0820, 0x0820, 0x0820, 0x0820, 0x0820, 0x0820, 0x0820, 0x0820, 0x0820, 0x0820, 0x0820, 0x0820, 0x0820, 0x0820, 0x0820, 0x0820, 0x0820, 0x0820, 0x0820, 0x0820, 0x0820, 0x0820, 0x0820, 0x0820, 0x0820, 0x0820, 0x0020, 0x0000, 0x0840, 0x2124, 0x2124, 0x2104, 0x2104, 0x2124, 0x2104, 0x2104, 0x3186, 0x39e7, 0x39c6,
		0x426b, 0x4228, 0x3186, 0x2103, 0x2104, 0x2104, 0x2104, 0x2104, 0x2124, 0x2124, 0x0861, 0x0000, 0x0000, 0x0841, 0x0840, 0x0840, 0x0820, 0x0840, 0x0840, 0x0841, 0x0841, 0x0840, 0x0840, 0x0820, 0x0840, 0x0840, 0x0840, 0x0820, 0x0820, 0x0840, 0x0840, 0x0840, 0x0840, 0x0840, 0x0840, 0x0840, 0x0840, 0x0840, 0x0840, 0x0840, 0x0840, 0x0840, 0x0840, 0x0840, 0x0840, 0x0840, 0x0840, 0x0840, 0x0840, 0x0840, 0x0840, 0x0840, 0x0840, 0x0841, 0x0841, 0x0840, 0x0840, 0x0840, 0x0840, 0x0840, 0x0840, 0x0841, 0x0841, 0x0840, 0x0840, 0x0840, 0x0840, 0x0000, 0x0820, 0x18e3, 0x2124, 0x2104, 0x2104, 0x2104, 0x2124, 0x2104, 0x2924, 0x39e7, 0x4a8a, 0x4aed,
		0x5370, 0x39e7, 0x39e7, 0x31a6, 0x18e3, 0x2103, 0x2104, 0x2104, 0x2104, 0x2124, 0x18e3, 0x0020, 0x0000, 0x0020, 0x0020, 0x0020, 0x0020, 0x0020, 0x0020, 0x0020, 0x0020, 0x0020, 0x0020, 0x0020, 0x0020, 0x0020, 0x0020, 0x0020, 0x0020, 0x0020, 0x0020, 0x0020, 0x0020, 0x0020, 0x0020, 0x0020, 0x0020, 0x0020, 0x0020, 0x0020, 0x0020, 0x0020, 0x0020, 0x0020, 0x0020, 0x0020, 0x0020, 0x0020, 0x0020, 0x0020, 0x0020, 0x0020, 0x0020, 0x0020, 0x0020, 0x0020, 0x0020, 0x0020, 0x0020, 0x0020, 0x0020, 0x0020, 0x0020, 0x0020, 0x0020, 0x0020, 0x0020, 0x0000, 0x18c3, 0x2124, 0x2124, 0x2104, 0x2124, 0x2124, 0x2104, 0x2104, 0x3186, 0x39a6, 0x4249, 0x5370,
		0x534f, 0x42ac, 0x4228, 0x4228, 0x2945, 0x2104, 0x2104, 0x2104, 0x2104, 0x2124, 0x2124, 0x10a2, 0x0000, 0x0000, 0x0000, 0x0000, 0x0000, 0x0000, 0x0000, 0x0000, 0x0000, 0x0000, 0x0000, 0x0000, 0x0000, 0x0000, 0x0000, 0x0000, 0x0000, 0x0000, 0x0000, 0x0000, 0x0000, 0x0000, 0x0000, 0x0000, 0x0000, 0x0000, 0x0000, 0x0000, 0x0000, 0x0000, 0x0000, 0x0000, 0x0000, 0x0000, 0x0000, 0x0000, 0x0000, 0x0000, 0x0000, 0x0000, 0x0000, 0x0000, 0x0000, 0x0000, 0x0000, 0x0000, 0x0000, 0x0000, 0x0000, 0x0000, 0x0000, 0x0000, 0x0000, 0x0000, 0x0000, 0x0861, 0x2124, 0x2124, 0x2124, 0x2104, 0x2124, 0x2104, 0x2124, 0x39a6, 0x39a6, 0x424a, 0x4b0e, 0x4b2f,
		0x4b2f, 0x5370, 0x4aab, 0x39e7, 0x39c7, 0x2124, 0x2103, 0x2104, 0x2104, 0x2104, 0x2124, 0x2104, 0x1082, 0x0861, 0x0861, 0x0861, 0x0861, 0x0861, 0x0861, 0x0861, 0x0861, 0x0861, 0x0861, 0x0861, 0x0861, 0x0861, 0x1061, 0x1082, 0x1061, 0x0861, 0x0861, 0x0861, 0x0861, 0x0861, 0x0861, 0x0861, 0x0861, 0x0861, 0x0861, 0x0861, 0x0861, 0x0861, 0x0861, 0x0861, 0x0861, 0x0861, 0x0861, 0x0861, 0x0861, 0x0861, 0x0861, 0x0861, 0x0861, 0x0861, 0x0861, 0x0861, 0x0861, 0x1081, 0x1082, 0x0861, 0x0861, 0x0861, 0x0861, 0x0861, 0x0861, 0x0861, 0x0861, 0x18e3, 0x2124, 0x2124, 0x2124, 0x2124, 0x2104, 0x2104, 0x3165, 0x39e7, 0x4208, 0x4b0d, 0x5370, 0x4b2e,
		0x4b2e, 0x4b2f, 0x4b70, 0x2986, 0x39c6, 0x3186, 0x2124, 0x2104, 0x2104, 0x2104, 0x2124, 0x2124, 0x2124, 0x2124, 0x2124, 0x2924, 0x2945, 0x2924, 0x2924, 0x2924, 0x2924, 0x2944, 0x2944, 0x2944, 0x2944, 0x2924, 0x2924, 0x2945, 0x2945, 0x2924, 0x2944, 0x2924, 0x2124, 0x2924, 0x2944, 0x2924, 0x2945, 0x2944, 0x2924, 0x2945, 0x2924, 0x2144, 0x2124, 0x2124, 0x2124, 0x2944, 0x2944, 0x2124, 0x2124, 0x2944, 0x2945, 0x2945, 0x2945, 0x2945, 0x2945, 0x2945, 0x2944, 0x2945, 0x2945, 0x2924, 0x2945, 0x2944, 0x2945, 0x2945, 0x2945, 0x2124, 0x2924, 0x2124, 0x2124, 0x2124, 0x2124, 0x2104, 0x2104, 0x3186, 0x39c7, 0x3186, 0x4b2e, 0x536f, 0x4b2e, 0x4b2e,
		0x4b2e, 0x4b2e, 0x4b4f, 0x428b, 0x3165, 0x39c7, 0x2965, 0x18e3, 0x2104, 0x2104, 0x2124, 0x2124, 0x2124, 0x2124, 0x2124, 0x2124, 0x2124, 0x2124, 0x2124, 0x2124, 0x2924, 0x2924, 0x2924, 0x2944, 0x2944, 0x2124, 0x2124, 0x2124, 0x2124, 0x2124, 0x2124, 0x2124, 0x2124, 0x2124, 0x2124, 0x2924, 0x2945, 0x2944, 0x2924, 0x2124, 0x2124, 0x2124, 0x2124, 0x2124, 0x2124, 0x2924, 0x2124, 0x2124, 0x2124, 0x2124, 0x2924, 0x2944, 0x2924, 0x2945, 0x2945, 0x2124, 0x2124, 0x2124, 0x2124, 0x2124, 0x2124, 0x2924, 0x2124, 0x2124, 0x2124, 0x2124, 0x2124, 0x2124, 0x2124, 0x2124, 0x2124, 0x2104, 0x2104, 0x3165, 0x3a29, 0x4b2f, 0x534f, 0x4b2f, 0x4b2e, 0x4b2e,
		0x4b2e, 0x4b2f, 0x4b2f, 0x5370, 0x428b, 0x39c7, 0x39a6, 0x3165, 0x2104, 0x2104, 0x2104, 0x2104, 0x2104, 0x2104, 0x2104, 0x2104, 0x2104, 0x2104, 0x2104, 0x2104, 0x2124, 0x2124, 0x2124, 0x2124, 0x2124, 0x2124, 0x2124, 0x2104, 0x2104, 0x2124, 0x2124, 0x2124, 0x2104, 0x2104, 0x2104, 0x2104, 0x2124, 0x2124, 0x2124, 0x2124, 0x2124, 0x2124, 0x2104, 0x2104, 0x2124, 0x2124, 0x2124, 0x2104, 0x2104, 0x2104, 0x2124, 0x2124, 0x2124, 0x2124, 0x2124, 0x2104, 0x2124, 0x2124, 0x2104, 0x2104, 0x2104, 0x2124, 0x2124, 0x2104, 0x2124, 0x2124, 0x2104, 0x2104, 0x2104, 0x2104, 0x2104, 0x2945, 0x31a6, 0x39c7, 0x428b, 0x5390, 0x4b2f, 0x4b2f, 0x4b2f, 0x4b2e,
		0x4b2e, 0x4b2f, 0x4b2f, 0x534f, 0x5391, 0x4229, 0x39c7, 0x39c7, 0x2104, 0x2104, 0x2104, 0x2124, 0x2104, 0x2124, 0x2124, 0x2104, 0x2104, 0x2104, 0x2124, 0x2124, 0x2124, 0x2124, 0x2124, 0x2124, 0x2124, 0x2124, 0x2124, 0x2124, 0x2124, 0x2124, 0x2124, 0x2124, 0x2124, 0x2124, 0x2124, 0x2124, 0x2124, 0x2124, 0x2124, 0x2124, 0x2124, 0x2124, 0x2124, 0x2124, 0x2124, 0x2124, 0x2124, 0x2124, 0x2124, 0x2124, 0x2124, 0x2124, 0x2124, 0x2124, 0x2124, 0x2124, 0x2124, 0x2124, 0x2124, 0x2124, 0x2124, 0x2124, 0x2124, 0x2124, 0x2124, 0x2124, 0x2124, 0x2124, 0x2124, 0x2124, 0x2104, 0x3185, 0x39c6, 0x4acc, 0x53b1, 0x534f, 0x4b2f, 0x4b2f, 0x4b2f, 0x4b2f,
		0x4b2e, 0x4b2e, 0x532f, 0x4b2f, 0x534f, 0x5391, 0x428b, 0x2944, 0x2965, 0x3186, 0x3186, 0x3186, 0x3186, 0x3186, 0x3186, 0x3186, 0x3186, 0x3186, 0x3186, 0x3186, 0x3186, 0x3186, 0x3186, 0x3186, 0x3186, 0x31a6, 0x3186, 0x3186, 0x3186, 0x3186, 0x3186, 0x3186, 0x3186, 0x3186, 0x3186, 0x31a6, 0x3186, 0x3186, 0x3186, 0x3186, 0x31a6, 0x31a6, 0x31a6, 0x31a6, 0x31a6, 0x31a6, 0x31a6, 0x3186, 0x3186, 0x3186, 0x31a6, 0x3186, 0x3186, 0x3186, 0x3186, 0x31a6, 0x31a6, 0x31a6, 0x31a6, 0x31a6, 0x31a6, 0x3186, 0x3186, 0x3186, 0x3186, 0x3186, 0x3186, 0x3186, 0x3186, 0x3186, 0x3165, 0x2965, 0x2945, 0x428b, 0x5391, 0x532f, 0x4b2f, 0x4b2f, 0x4b2e, 0x4b2f
};
const uint16_t DISPLAY6[] = {
		0x532e, 0x532e, 0x532e, 0x532e, 0x534f, 0x52ed, 0x4aac, 0x4aac, 0x4228, 0x4228, 0x4228, 0x4a49, 0x4a49, 0x4a49, 0x4a69, 0x4a69, 0x4a69, 0x4a49, 0x4a49, 0x4a49, 0x4a49, 0x4a49, 0x4a49, 0x4a69, 0x4a69, 0x4a69, 0x4a69, 0x4a69, 0x4a69, 0x4a69, 0x4a49, 0x4a69, 0x4a69, 0x4a69, 0x4a69, 0x4a69, 0x4a69, 0x4a49, 0x4a49, 0x4a69, 0x4a69, 0x4a49, 0x4a49, 0x4a69, 0x4a69, 0x4a69, 0x4a49, 0x4a49, 0x4a49, 0x4a49, 0x4a69, 0x4a69, 0x4a49, 0x4a49, 0x4a69, 0x4a69, 0x4a69, 0x4a69, 0x4a49, 0x4a49, 0x4a69, 0x4a69, 0x4a69, 0x4a69, 0x4a69, 0x4a69, 0x4a69, 0x4a49, 0x4a49, 0x4228, 0x4228, 0x4a69, 0x4aac, 0x42ab, 0x532e, 0x534e, 0x532e, 0x532e, 0x532e, 0x532e,
		0x532e, 0x532e, 0x532e, 0x532e, 0x5b90, 0x31e8, 0x20e3, 0x39a6, 0x4a49, 0x4a49, 0x4a49, 0x4a69, 0x4a69, 0x4a69, 0x4a69, 0x4a69, 0x5269, 0x5269, 0x5269, 0x5269, 0x5269, 0x4a69, 0x4a69, 0x528a, 0x5269, 0x4a69, 0x4a69, 0x5289, 0x5269, 0x4a69, 0x4a69, 0x5269, 0x528a, 0x528a, 0x528a, 0x528a, 0x528a, 0x528a, 0x528a, 0x5269, 0x5269, 0x4a69, 0x4a69, 0x5269, 0x5269, 0x5269, 0x5269, 0x4a69, 0x4a69, 0x5269, 0x528a, 0x528a, 0x528a, 0x5269, 0x4a69, 0x5269, 0x5269, 0x5269, 0x4a69, 0x4a69, 0x4a69, 0x4a69, 0x4a69, 0x4a69, 0x4a69, 0x4a69, 0x4a69, 0x4a69, 0x4a69, 0x4a49, 0x4a69, 0x4208, 0x2924, 0x18e3, 0x4b0e, 0x536f, 0x532e, 0x532e, 0x532e, 0x532e,
		0x530e, 0x532e, 0x532e, 0x534e, 0x532e, 0x4228, 0x39e7, 0x4228, 0x3185, 0x2965, 0x2965, 0x2965, 0x2965, 0x3165, 0x3165, 0x2965, 0x3185, 0x3186, 0x3186, 0x3186, 0x3186, 0x3186, 0x3186, 0x3186, 0x3186, 0x2965, 0x2965, 0x3185, 0x3186, 0x3165, 0x3165, 0x3185, 0x3186, 0x3185, 0x3185, 0x3185, 0x3186, 0x3186, 0x3185, 0x3185, 0x2965, 0x2965, 0x3165, 0x3165, 0x3185, 0x3185, 0x3185, 0x3185, 0x2965, 0x3165, 0x3185, 0x3185, 0x3185, 0x3165, 0x3185, 0x3185, 0x2965, 0x2965, 0x2965, 0x2965, 0x3165, 0x2965, 0x2965, 0x2965, 0x2965, 0x2965, 0x3165, 0x3185, 0x2965, 0x2965, 0x2965, 0x3186, 0x4208, 0x39c7, 0x4a8b, 0x532e, 0x534f, 0x532e, 0x532e, 0x532e,
		0x4b0e, 0x530e, 0x534f, 0x532e, 0x2945, 0x4208, 0x4a69, 0x4208, 0x2104, 0x18e3, 0x18e3, 0x18e3, 0x18e3, 0x2103, 0x2103, 0x2103, 0x2104, 0x2104, 0x2104, 0x2104, 0x2104, 0x2104, 0x2104, 0x2104, 0x2104, 0x20e3, 0x2103, 0x2103, 0x2104, 0x2104, 0x2104, 0x2104, 0x2103, 0x18e3, 0x18e3, 0x18e3, 0x1903, 0x2104, 0x2104, 0x2103, 0x18e3, 0x18e3, 0x2104, 0x2104, 0x2104, 0x2103, 0x2103, 0x20e3, 0x20e3, 0x18e3, 0x18e3, 0x18e3, 0x18e3, 0x18e3, 0x18e3, 0x18e3, 0x18e3, 0x18e3, 0x18e3, 0x18e3, 0x1903, 0x18e3, 0x18e3, 0x18e3, 0x18e3, 0x18e3, 0x18e3, 0x18e3, 0x18e3, 0x18e3, 0x18e3, 0x2124, 0x4228, 0x4a49, 0x3185, 0x31c8, 0x5b90, 0x532e, 0x532e, 0x530e,
		0x532e, 0x532e, 0x534f, 0x52ed, 0x3186, 0x4a49, 0x39c7, 0x2104, 0x2104, 0x2104, 0x2104, 0x2104, 0x2104, 0x2104, 0x2104, 0x2104, 0x2104, 0x2104, 0x2104, 0x2104, 0x2104, 0x2104, 0x2104, 0x2104, 0x2104, 0x2104, 0x2104, 0x2104, 0x2104, 0x2104, 0x2104, 0x2104, 0x2104, 0x2104, 0x2104, 0x2104, 0x2104, 0x2104, 0x2104, 0x2104, 0x2104, 0x2104, 0x2104, 0x2104, 0x2104, 0x2104, 0x2104, 0x2104, 0x2104, 0x2104, 0x2104, 0x2104, 0x2104, 0x2104, 0x2104, 0x2104, 0x2104, 0x2104, 0x2104, 0x2104, 0x2104, 0x2104, 0x2104, 0x2104, 0x2104, 0x2104, 0x2104, 0x2104, 0x2104, 0x2104, 0x2104, 0x2104, 0x2124, 0x4208, 0x4208, 0x39c7, 0x534e, 0x534f, 0x532e, 0x532e,
		0x532e, 0x5b90, 0x424a, 0x39a6, 0x4a49, 0x4208, 0x2945, 0x18e3, 0x2104, 0x2104, 0x2104, 0x2124, 0x2124, 0x2124, 0x2124, 0x2124, 0x2124, 0x2104, 0x2104, 0x2124, 0x2124, 0x2124, 0x2124, 0x2124, 0x2124, 0x2124, 0x2124, 0x2124, 0x2124, 0x2124, 0x2124, 0x2124, 0x2124, 0x2124, 0x2124, 0x2124, 0x2124, 0x2124, 0x2124, 0x2104, 0x2124, 0x2124, 0x2124, 0x2124, 0x2124, 0x2124, 0x2124, 0x2124, 0x2124, 0x2124, 0x2124, 0x2124, 0x2124, 0x2124, 0x2124, 0x2104, 0x2104, 0x2104, 0x2124, 0x2124, 0x2124, 0x2104, 0x2104, 0x2104, 0x2104, 0x2104, 0x2104, 0x2124, 0x2104, 0x2104, 0x2104, 0x2104, 0x18e3, 0x2944, 0x4208, 0x4a48, 0x2965, 0x42cc, 0x536f, 0x532e,
		0x534f, 0x532e, 0x3a08, 0x39e7, 0x4a49, 0x2945, 0x18e3, 0x2104, 0x2104, 0x2104, 0x2104, 0x18e3, 0x18c3, 0x18c3, 0x18c3, 0x18c3, 0x18c3, 0x18c3, 0x18c3, 0x18c3, 0x18c3, 0x18c3, 0x18c3, 0x18c3, 0x18c3, 0x18c3, 0x18c3, 0x18c3, 0x18c3, 0x18c3, 0x18c3, 0x18c3, 0x18c3, 0x18c3, 0x18c3, 0x18c3, 0x18c3, 0x18c3, 0x18c3, 0x18c3, 0x18c3, 0x18c3, 0x18c3, 0x18c3, 0x18c3, 0x18c3, 0x18c3, 0x18c3, 0x18c3, 0x18c3, 0x18c3, 0x18c3, 0x18c3, 0x18c3, 0x18c3, 0x18c3, 0x18c3, 0x18c3, 0x18c3, 0x18c3, 0x18c3, 0x18c3, 0x18c3, 0x18c3, 0x18c3, 0x18c3, 0x18c3, 0x18c3, 0x18e3, 0x2104, 0x2104, 0x2104, 0x2104, 0x18e3, 0x2965, 0x4a49, 0x3186, 0x3a4a, 0x534f, 0x532e,
		0x5b8f, 0x39c7, 0x4208, 0x4228, 0x2965, 0x2104, 0x2104, 0x2104, 0x2104, 0x2124, 0x2104, 0x0000, 0x0000, 0x0000, 0x0000, 0x0000, 0x0000, 0x0000, 0x0000, 0x0000, 0x0000, 0x0000, 0x0000, 0x0000, 0x0000, 0x0000, 0x0000, 0x0000, 0x0000, 0x0000, 0x0000, 0x0000, 0x0000, 0x0000, 0x0000, 0x0000, 0x0000, 0x0000, 0x0000, 0x0000, 0x0000, 0x0000, 0x0000, 0x0000, 0x0000, 0x0000, 0x0000, 0x0000, 0x0000, 0x0000, 0x0000, 0x0000, 0x0000, 0x0000, 0x0000, 0x0000, 0x0000, 0x0000, 0x0000, 0x0000, 0x0000, 0x0000, 0x0000, 0x0000, 0x0000, 0x0000, 0x0000, 0x0000, 0x0841, 0x2104, 0x2104, 0x2104, 0x2104, 0x2104, 0x2104, 0x2965, 0x4228, 0x39c6, 0x426a, 0x536f,
		0x532e, 0x39e7, 0x4a49, 0x39e7, 0x18e3, 0x2104, 0x2104, 0x2104, 0x2104, 0x2124, 0x18e3, 0x0000, 0x0000, 0x0000, 0x0000, 0x0000, 0x0000, 0x0000, 0x0000, 0x0000, 0x0000, 0x0000, 0x0000, 0x0000, 0x0000, 0x0000, 0x0000, 0x0000, 0x0000, 0x0000, 0x0000, 0x0000, 0x0000, 0x0000, 0x0000, 0x0000, 0x0000, 0x0000, 0x0000, 0x0000, 0x0000, 0x0000, 0x0000, 0x0000, 0x0000, 0x0000, 0x0000, 0x0000, 0x0000, 0x0000, 0x0000, 0x0000, 0x0000, 0x0000, 0x0000, 0x0000, 0x0000, 0x0000, 0x0000, 0x0000, 0x0000, 0x0000, 0x0000, 0x0000, 0x0000, 0x0000, 0x0000, 0x0000, 0x0000, 0x18c3, 0x2124, 0x2104, 0x2104, 0x2104, 0x18e3, 0x20e3, 0x4208, 0x41e7, 0x4229, 0x536f,
		0x39e8, 0x4228, 0x39e7, 0x2124, 0x2103, 0x2104, 0x2104, 0x2104, 0x2124, 0x10a2, 0x0000, 0x0000, 0x0000, 0x0000, 0x0000, 0x0000, 0x0000, 0x0000, 0x0000, 0x0000, 0x0000, 0x0000, 0x0000, 0x0000, 0x0000, 0x0000, 0x0000, 0x0000, 0x0000, 0x0000, 0x0000, 0x0000, 0x0000, 0x0000, 0x0000, 0x0000, 0x0000, 0x0000, 0x0000, 0x0000, 0x0000, 0x0000, 0x0000, 0x0000, 0x0000, 0x0000, 0x0000, 0x0000, 0x0000, 0x0000, 0x0000, 0x0000, 0x0000, 0x0000, 0x0000, 0x0000, 0x0000, 0x0000, 0x0000, 0x0000, 0x0000, 0x0000, 0x0000, 0x0000, 0x0000, 0x0000, 0x0000, 0x0000, 0x0000, 0x0020, 0x18e3, 0x2104, 0x2104, 0x2104, 0x2104, 0x2104, 0x2945, 0x41e7, 0x4208, 0x3a08,
		0x3185, 0x4a49, 0x3186, 0x18e3, 0x2104, 0x2104, 0x2104, 0x2104, 0x2124, 0x0861, 0x0000, 0x0000, 0x0000, 0x0000, 0x0000, 0x0000, 0x0000, 0x0000, 0x0000, 0x0000, 0x0000, 0x0000, 0x0000, 0x0000, 0x0000, 0x0000, 0x0000, 0x0000, 0x0000, 0x0000, 0x0000, 0x0000, 0x0000, 0x0000, 0x0000, 0x0000, 0x0000, 0x0000, 0x0000, 0x0000, 0x0000, 0x0000, 0x0000, 0x0000, 0x0000, 0x0000, 0x0000, 0x0000, 0x0000, 0x0000, 0x0000, 0x0000, 0x0000, 0x0000, 0x0000, 0x0000, 0x0000, 0x0000, 0x0000, 0x0000, 0x0000, 0x0000, 0x0000, 0x0000, 0x0000, 0x0000, 0x0000, 0x0000, 0x0000, 0x0000, 0x10a2, 0x2124, 0x2104, 0x2104, 0x2104, 0x2104, 0x18e3, 0x39e7, 0x4228, 0x2944,
		0x39e7, 0x2965, 0x2104, 0x2104, 0x2104, 0x2104, 0x2104, 0x2104, 0x0841, 0x0000, 0x0000, 0x0000, 0x0000, 0x0000, 0x0000, 0x0000, 0x0000, 0x0000, 0x0000, 0x0000, 0x0000, 0x0000, 0x0000, 0x0000, 0x0000, 0x0000, 0x0800, 0x0800, 0x0800, 0x0800, 0x0800, 0x0800, 0x0800, 0x0800, 0x0800, 0x0800, 0x0800, 0x0800, 0x0800, 0x0800, 0x0800, 0x0800, 0x0800, 0x0800, 0x0800, 0x0800, 0x0800, 0x0800, 0x0800, 0x0800, 0x0800, 0x0800, 0x0800, 0x0800, 0x0800, 0x0000, 0x0000, 0x0000, 0x0000, 0x0000, 0x0000, 0x0000, 0x0000, 0x0000, 0x0000, 0x0000, 0x0000, 0x0000, 0x0000, 0x0000, 0x0000, 0x1082, 0x2124, 0x2104, 0x2104, 0x2104, 0x2104, 0x2124, 0x31a6, 0x4207,
		0x4208, 0x2124, 0x18e3, 0x2104, 0x2104, 0x2104, 0x2124, 0x2104, 0x0000, 0x0000, 0x0000, 0x0000, 0x0000, 0x0000, 0x0000, 0x0000, 0x0000, 0x0000, 0x0000, 0x0000, 0x0000, 0x0000, 0x0000, 0x0000, 0x0800, 0x0800, 0x1000, 0x1000, 0x1000, 0x1000, 0x1000, 0x1000, 0x1000, 0x1000, 0x1000, 0x1000, 0x1000, 0x1000, 0x1000, 0x1000, 0x1000, 0x1000, 0x1000, 0x1000, 0x1000, 0x1000, 0x1000, 0x1000, 0x1000, 0x1000, 0x1000, 0x1000, 0x1000, 0x1000, 0x0800, 0x0800, 0x0000, 0x0000, 0x0000, 0x0000, 0x0000, 0x0000, 0x0000, 0x0000, 0x0000, 0x0000, 0x0000, 0x0000, 0x0000, 0x0000, 0x0000, 0x0020, 0x2104, 0x2124, 0x2104, 0x2104, 0x2104, 0x18e3, 0x2965, 0x4a49,
		0x4208, 0x2945, 0x18e3, 0x2104, 0x2104, 0x2124, 0x18c3, 0x0020, 0x0000, 0x0000, 0x0000, 0x0000, 0x0000, 0x0000, 0x0000, 0x0000, 0x0000, 0x0000, 0x0000, 0x0000, 0x0000, 0x0000, 0x0800, 0x0800, 0x1000, 0x1000, 0x1800, 0x2000, 0x2000, 0x2000, 0x2000, 0x2000, 0x2000, 0x2000, 0x2000, 0x2000, 0x2000, 0x2000, 0x2000, 0x2000, 0x2000, 0x2000, 0x2000, 0x2000, 0x2000, 0x2000, 0x2000, 0x2000, 0x2000, 0x2000, 0x2000, 0x2000, 0x2000, 0x1800, 0x1800, 0x1000, 0x0800, 0x0000, 0x0000, 0x0000, 0x0000, 0x0000, 0x0000, 0x0000, 0x0000, 0x0000, 0x0000, 0x0000, 0x0000, 0x0000, 0x0000, 0x0000, 0x0020, 0x18e3, 0x2124, 0x2104, 0x2104, 0x18e3, 0x3186, 0x4a49,
		0x4208, 0x2945, 0x18e3, 0x2104, 0x2104, 0x2124, 0x0861, 0x0000, 0x0000, 0x0000, 0x0000, 0x0000, 0x0000, 0x0000, 0x0000, 0x0000, 0x0000, 0x0000, 0x0000, 0x0000, 0x0000, 0x0000, 0x0800, 0x1000, 0x2000, 0x2000, 0x2800, 0x3000, 0x3000, 0x3000, 0x3000, 0x3000, 0x3000, 0x3000, 0x3000, 0x3000, 0x3000, 0x3000, 0x3000, 0x3000, 0x3000, 0x3000, 0x3000, 0x3000, 0x3000, 0x3000, 0x3000, 0x3000, 0x3000, 0x3000, 0x3000, 0x3000, 0x3000, 0x2800, 0x2800, 0x2000, 0x1000, 0x0800, 0x0000, 0x0000, 0x0000, 0x0000, 0x0000, 0x0000, 0x0000, 0x0000, 0x0000, 0x0000, 0x0000, 0x0000, 0x0000, 0x0000, 0x0000, 0x1082, 0x2104, 0x2104, 0x2104, 0x18e3, 0x3186, 0x4a69,
		0x4208, 0x2945, 0x18e3, 0x2104, 0x2104, 0x0841, 0x0000, 0x0000, 0x0000, 0x0000, 0x0000, 0x0000, 0x0000, 0x0000, 0x0000, 0x0000, 0x0000, 0x0000, 0x0000, 0x0000, 0x0000, 0x0800, 0x1000, 0x2000, 0x3000, 0x6800, 0x6800, 0x6800, 0x6800, 0x6800, 0x6800, 0x6800, 0x6800, 0x6800, 0x6800, 0x6000, 0x6800, 0x6800, 0x6800, 0x6800, 0x6800, 0x6800, 0x6800, 0x6800, 0x6800, 0x6800, 0x6800, 0x6800, 0x6800, 0x6800, 0x6800, 0x6800, 0x6800, 0x6800, 0x4800, 0x2800, 0x1800, 0x0800, 0x0800, 0x0000, 0x0000, 0x0000, 0x0000, 0x0000, 0x0000, 0x0000, 0x0000, 0x0000, 0x0000, 0x0000, 0x0000, 0x0000, 0x0000, 0x0000, 0x0861, 0x2104, 0x2104, 0x18e3, 0x3186, 0x4a69,
		0x4228, 0x2945, 0x18e3, 0x2104, 0x2104, 0x0020, 0x0000, 0x0000, 0x0000, 0x0000, 0x0000, 0x0000, 0x0000, 0x0000, 0x0000, 0x0000, 0x0000, 0x0000, 0x0000, 0x0800, 0x0800, 0x1000, 0x2000, 0x2800, 0x2000, 0xc841, 0xf862, 0xf061, 0xf041, 0xf061, 0xf061, 0xf062, 0xf041, 0xf041, 0xf061, 0xf062, 0xf041, 0xf041, 0xf041, 0xf041, 0xf041, 0xf062, 0xf062, 0xf041, 0xf041, 0xf041, 0xf041, 0xf041, 0xf062, 0xf062, 0xf062, 0xf061, 0xf841, 0xf041, 0x4000, 0x2800, 0x2800, 0x1800, 0x0800, 0x0800, 0x0000, 0x0000, 0x0000, 0x0000, 0x0000, 0x0000, 0x0000, 0x0000, 0x0000, 0x0000, 0x0000, 0x0000, 0x0000, 0x0000, 0x0841, 0x2104, 0x2104, 0x18e3, 0x3186, 0x4a69,
		0x4228, 0x2945, 0x18e3, 0x2104, 0x2104, 0x0020, 0x0000, 0x0000, 0x0000, 0x0000, 0x0000, 0x0000, 0x0000, 0x0000, 0x0000, 0x0000, 0x0000, 0x0000, 0x0000, 0x0800, 0x0800, 0x1800, 0x3000, 0x4000, 0x5800, 0xd841, 0xf862, 0xf862, 0xf862, 0xf862, 0xf862, 0xf862, 0xf862, 0xf862, 0xf862, 0xf862, 0xf862, 0xf862, 0xf862, 0xf862, 0xf862, 0xf862, 0xf862, 0xf862, 0xf862, 0xf862, 0xf862, 0xf862, 0xf862, 0xf862, 0xf862, 0xf862, 0xf862, 0xf862, 0x7800, 0x5000, 0x3000, 0x2000, 0x1000, 0x0800, 0x0000, 0x0000, 0x0000, 0x0000, 0x0000, 0x0000, 0x0000, 0x0000, 0x0000, 0x0000, 0x0000, 0x0000, 0x0000, 0x0000, 0x0841, 0x2104, 0x2104, 0x18e3, 0x3186, 0x4a69,
		0x4228, 0x2945, 0x18e3, 0x2104, 0x2104, 0x0020, 0x0000, 0x0000, 0x0000, 0x0000, 0x0000, 0x0000, 0x0000, 0x0000, 0x0000, 0x0000, 0x0000, 0x0000, 0x0800, 0x0800, 0x1800, 0x3000, 0x2000, 0x6820, 0xf862, 0xf821, 0xf800, 0xf800, 0xf801, 0xf801, 0xf801, 0xf801, 0xf801, 0xf801, 0xf801, 0xf801, 0xf800, 0xf801, 0xf821, 0xf800, 0xf800, 0xf801, 0xf821, 0xf821, 0xf821, 0xf801, 0xf801, 0xf801, 0xf801, 0xf800, 0xf800, 0xf801, 0xf801, 0xf021, 0xf862, 0x9821, 0x2000, 0x3000, 0x2000, 0x1000, 0x0800, 0x0000, 0x0000, 0x0000, 0x0000, 0x0000, 0x0000, 0x0000, 0x0000, 0x0000, 0x0000, 0x0000, 0x0000, 0x0000, 0x0841, 0x2104, 0x2104, 0x18e3, 0x3185, 0x4a49,
		0x4228, 0x2945, 0x18e3, 0x2104, 0x2104, 0x0020, 0x0000, 0x0000, 0x0000, 0x0000, 0x0000, 0x0000, 0x0000, 0x0000, 0x0000, 0x0000, 0x0000, 0x0800, 0x0800, 0x1800, 0x2800, 0x3800, 0x5800, 0xc020, 0xf882, 0xf821, 0xf800, 0xf800, 0xf800, 0xf800, 0xf800, 0xf800, 0xf800, 0xf800, 0xf800, 0xf800, 0xf800, 0xf800, 0xf800, 0xf800, 0xf800, 0xf800, 0xf800, 0xf800, 0xf800, 0xf800, 0xf800, 0xf800, 0xf800, 0xf800, 0xf800, 0xf800, 0xf800, 0xf801, 0xf882, 0xe841, 0x7000, 0x3000, 0x2800, 0x1000, 0x0800, 0x0000, 0x0000, 0x0000, 0x0000, 0x0000, 0x0000, 0x0000, 0x0000, 0x0000, 0x0000, 0x0000, 0x0000, 0x0000, 0x0841, 0x2104, 0x2104, 0x18e3, 0x2965, 0x4a49,
		0x4228, 0x2945, 0x18e3, 0x2104, 0x2104, 0x0020, 0x0000, 0x0000, 0x0000, 0x0000, 0x0000, 0x0000, 0x0000, 0x0000, 0x0000, 0x0000, 0x0800, 0x0800, 0x1800, 0x2800, 0x3000, 0x4000, 0xe041, 0xf861, 0xf821, 0xf800, 0xf800, 0xf800, 0xf800, 0xf800, 0xf801, 0xf800, 0xf800, 0xf800, 0xf800, 0xf800, 0xf800, 0xf800, 0xf800, 0xf800, 0xf800, 0xf800, 0xf800, 0xf800, 0xf800, 0xf800, 0xf800, 0xf801, 0xf800, 0xf800, 0xf800, 0xf800, 0xf800, 0xf800, 0xf821, 0xf821, 0xf062, 0x6000, 0x2800, 0x2000, 0x1000, 0x0800, 0x0000, 0x0000, 0x0000, 0x0000, 0x0000, 0x0000, 0x0000, 0x0000, 0x0000, 0x0000, 0x0000, 0x0000, 0x0841, 0x2104, 0x2104, 0x18e3, 0x2965, 0x4a49,
		0x4228, 0x2945, 0x18e3, 0x2104, 0x2104, 0x0020, 0x0000, 0x0000, 0x0000, 0x0000, 0x0000, 0x0000, 0x0000, 0x0000, 0x0000, 0x0000, 0x0800, 0x1000, 0x2800, 0x2800, 0x3000, 0x4800, 0xe862, 0xf842, 0xf800, 0xf800, 0xf800, 0xf800, 0xf800, 0xf800, 0xf800, 0xf800, 0xf801, 0xf801, 0xf801, 0xf801, 0xf801, 0xf800, 0xf800, 0xf800, 0xf800, 0xf800, 0xf800, 0xf800, 0xf801, 0xf800, 0xf800, 0xf800, 0xf800, 0xf801, 0xf800, 0xf800, 0xf800, 0xf800, 0xf800, 0xf841, 0xf882, 0x7000, 0x2000, 0x2000, 0x1000, 0x0800, 0x0000, 0x0000, 0x0000, 0x0000, 0x0000, 0x0000, 0x0000, 0x0000, 0x0000, 0x0000, 0x0000, 0x0000, 0x0841, 0x2104, 0x2104, 0x18e3, 0x2965, 0x4a49,
		0x4228, 0x2945, 0x18e3, 0x2104, 0x2104, 0x0020, 0x0000, 0x0000, 0x0000, 0x0000, 0x0000, 0x0000, 0x0000, 0x0000, 0x0000, 0x0800, 0x1000, 0x2000, 0x4000, 0x4000, 0x4800, 0x4000, 0x7800, 0xf821, 0xf862, 0xf821, 0xf800, 0xf800, 0xf800, 0xf800, 0xf800, 0xf800, 0xf801, 0xf801, 0xf800, 0xf801, 0xf801, 0xf800, 0xf800, 0xf800, 0xf800, 0xf800, 0xf800, 0xf800, 0xf800, 0xf801, 0xf800, 0xf800, 0xf800, 0xf800, 0xf801, 0xf801, 0xf800, 0xf800, 0xf862, 0xf841, 0xb000, 0x4000, 0x2800, 0x1000, 0x0800, 0x0800, 0x0000, 0x0000, 0x0000, 0x0000, 0x0000, 0x0000, 0x0000, 0x0000, 0x0000, 0x0000, 0x0000, 0x0000, 0x0841, 0x2104, 0x2104, 0x18e3, 0x3165, 0x4a49,
		0x4228, 0x2945, 0x18e3, 0x2104, 0x2104, 0x0020, 0x0000, 0x0000, 0x0000, 0x0000, 0x0000, 0x0000, 0x0000, 0x0000, 0x0800, 0x0800, 0x1800, 0x2800, 0x3800, 0xc821, 0xb021, 0x2800, 0x4000, 0xa020, 0xf862, 0xf821, 0xf800, 0xf800, 0xf800, 0xf800, 0xf800, 0xf801, 0xf801, 0xf801, 0xf800, 0xf800, 0xf800, 0xf800, 0xf800, 0xf800, 0xf800, 0xf800, 0xf800, 0xf801, 0xf800, 0xf801, 0xf800, 0xf800, 0xf800, 0xf800, 0xf801, 0xf801, 0xf801, 0xf821, 0xf862, 0xd041, 0x4000, 0x3000, 0x2000, 0x1000, 0x0800, 0x0000, 0x0000, 0x0000, 0x0000, 0x0000, 0x0000, 0x0000, 0x0000, 0x0000, 0x0000, 0x0000, 0x0000, 0x0000, 0x0841, 0x2104, 0x2104, 0x18e3, 0x2965, 0x4a49,
		0x4208, 0x2945, 0x18e3, 0x2104, 0x2104, 0x0020, 0x0000, 0x0000, 0x0000, 0x0000, 0x0000, 0x0000, 0x0000, 0x0000, 0x0800, 0x1000, 0x3000, 0x3800, 0x5800, 0xf861, 0xf841, 0x8000, 0x3800, 0x4800, 0xa800, 0xf862, 0xf842, 0xf800, 0xf800, 0xf800, 0xf800, 0xf800, 0xf800, 0xf800, 0xf800, 0xf800, 0xf800, 0xf800, 0xf800, 0xf800, 0xf800, 0xf800, 0xf800, 0xf800, 0xf800, 0xf800, 0xf800, 0xf800, 0xf800, 0xf800, 0xf800, 0xf800, 0xf821, 0xf882, 0xc800, 0x6000, 0x4000, 0x2800, 0x1000, 0x0800, 0x0800, 0x0000, 0x0000, 0x0000, 0x0000, 0x0000, 0x0000, 0x0000, 0x0000, 0x0000, 0x0000, 0x0000, 0x0000, 0x0000, 0x0841, 0x2104, 0x2104, 0x18e3, 0x2965, 0x4a49,
		0x4228, 0x2945, 0x18e3, 0x2104, 0x2104, 0x0020, 0x0000, 0x0000, 0x0000, 0x0000, 0x0000, 0x0000, 0x0000, 0x0800, 0x1000, 0x1800, 0x2800, 0x6800, 0xd821, 0xf841, 0xf841, 0xf841, 0x7800, 0x3000, 0x4000, 0xd041, 0xf841, 0xf821, 0xf821, 0xf821, 0xf821, 0xf821, 0xf821, 0xf821, 0xf821, 0xf821, 0xf821, 0xf821, 0xf821, 0xf821, 0xf821, 0xf821, 0xf821, 0xf821, 0xf821, 0xf821, 0xf821, 0xf821, 0xf821, 0xf821, 0xf821, 0xf821, 0xf841, 0xf041, 0x5000, 0x3000, 0x3000, 0x1800, 0x1000, 0x0800, 0x0000, 0x0000, 0x0000, 0x0000, 0x0000, 0x0000, 0x0000, 0x0000, 0x0000, 0x0000, 0x0000, 0x0000, 0x0000, 0x0000, 0x0841, 0x2104, 0x2104, 0x18e3, 0x2965, 0x4a49,
		0x4228, 0x2945, 0x18e3, 0x2104, 0x2104, 0x0020, 0x0000, 0x0000, 0x0000, 0x0000, 0x0000, 0x0000, 0x0800, 0x0800, 0x1800, 0x3000, 0x2000, 0x9820, 0xf8a2, 0xf821, 0xf821, 0xf882, 0xd021, 0x6800, 0x4000, 0x7000, 0xc821, 0xf882, 0xf882, 0xf882, 0xf882, 0xf882, 0xf882, 0xf882, 0xf882, 0xf882, 0xf882, 0xf882, 0xf882, 0xf882, 0xf882, 0xf882, 0xf882, 0xf882, 0xf862, 0xf882, 0xf882, 0xf882, 0xf862, 0xf862, 0xf862, 0xf882, 0xe841, 0x7800, 0x4000, 0x3000, 0x1800, 0x1000, 0x0800, 0x0000, 0x0000, 0x0000, 0x0000, 0x0000, 0x0000, 0x0000, 0x0000, 0x0000, 0x0000, 0x0000, 0x0000, 0x0000, 0x0000, 0x0000, 0x0841, 0x2104, 0x2104, 0x18e3, 0x3186, 0x4a69,
		0x4228, 0x2945, 0x18e3, 0x2104, 0x2104, 0x0020, 0x0000, 0x0000, 0x0000, 0x0000, 0x0000, 0x0000, 0x0800, 0x0800, 0x1800, 0x3800, 0xa020, 0xe841, 0xf862, 0xf821, 0xf821, 0xf841, 0xf862, 0xc841, 0x3800, 0x3000, 0x8020, 0xe841, 0xd041, 0xd041, 0xd041, 0xd041, 0xd041, 0xd041, 0xd041, 0xd041, 0xd041, 0xd041, 0xd041, 0xd041, 0xd041, 0xd041, 0xd041, 0xd041, 0xd041, 0xd041, 0xd041, 0xd041, 0xd041, 0xd041, 0xd041, 0xe841, 0xa820, 0x2800, 0x3000, 0x2000, 0x1000, 0x0800, 0x0800, 0x0000, 0x0000, 0x0000, 0x0000, 0x0000, 0x0000, 0x0000, 0x0000, 0x0000, 0x0000, 0x0000, 0x0000, 0x0000, 0x0000, 0x0000, 0x0841, 0x2104, 0x2104, 0x18e3, 0x3186, 0x4a69,
		0x4228, 0x2945, 0x18e3, 0x2104, 0x2104, 0x0020, 0x0000, 0x0000, 0x0000, 0x0000, 0x0000, 0x0000, 0x0800, 0x1000, 0x1800, 0x4800, 0xf062, 0xf862, 0xf800, 0xf800, 0xf800, 0xf800, 0xf862, 0xf062, 0xa000, 0x5800, 0x4800, 0x5000, 0x4800, 0x4800, 0x4800, 0x4800, 0x4800, 0x4800, 0x4800, 0x4800, 0x4800, 0x4800, 0x4800, 0x4800, 0x4800, 0x4800, 0x4800, 0x4800, 0x4800, 0x4800, 0x4800, 0x4800, 0x4800, 0x4000, 0x4800, 0x5000, 0x4000, 0x3800, 0x2000, 0x1000, 0x0800, 0x0800, 0x0000, 0x0000, 0x0000, 0x0000, 0x0000, 0x0000, 0x0000, 0x0000, 0x0000, 0x0000, 0x0000, 0x0000, 0x0000, 0x0000, 0x0000, 0x0000, 0x0841, 0x2104, 0x2104, 0x18e3, 0x3186, 0x4a69,
		0x4228, 0x2945, 0x18e3, 0x2104, 0x2104, 0x0020, 0x0000, 0x0000, 0x0000, 0x0000, 0x0000, 0x0000, 0x0800, 0x1000, 0x2000, 0x4000, 0xe041, 0xf862, 0xf801, 0xf800, 0xf800, 0xf801, 0xf821, 0xf841, 0xf841, 0x7000, 0x3000, 0x2800, 0x3000, 0x2800, 0x2800, 0x2800, 0x2800, 0x2800, 0x2800, 0x2800, 0x2800, 0x2800, 0x2800, 0x2800, 0x2800, 0x2800, 0x2800, 0x2800, 0x2800, 0x2800, 0x2800, 0x2800, 0x2800, 0x2800, 0x2800, 0x2000, 0x2000, 0x2000, 0x1000, 0x0800, 0x0800, 0x0000, 0x0000, 0x0000, 0x0000, 0x0000, 0x0000, 0x0000, 0x0000, 0x0000, 0x0000, 0x0000, 0x0000, 0x0000, 0x0000, 0x0000, 0x0000, 0x0000, 0x0841, 0x2104, 0x2104, 0x18e3, 0x3186, 0x4a69,
		0x4228, 0x2945, 0x18e3, 0x2104, 0x2104, 0x0020, 0x0000, 0x0000, 0x0000, 0x0000, 0x0000, 0x0800, 0x0800, 0x1000, 0x2000, 0x4000, 0xe061, 0xf862, 0xf801, 0xf800, 0xf801, 0xf800, 0xf800, 0xf841, 0xf862, 0x7000, 0x2800, 0x3000, 0x2000, 0x2000, 0x1800, 0x1800, 0x1800, 0x1800, 0x1800, 0x1800, 0x1800, 0x1800, 0x1800, 0x1800, 0x1800, 0x1800, 0x1800, 0x1800, 0x1800, 0x1800, 0x1800, 0x1800, 0x1800, 0x1800, 0x1800, 0x1800, 0x1000, 0x1000, 0x0800, 0x0800, 0x0000, 0x0000, 0x0000, 0x0000, 0x0000, 0x0000, 0x0000, 0x0000, 0x0000, 0x0000, 0x0000, 0x0000, 0x0000, 0x0000, 0x0000, 0x0000, 0x0000, 0x0000, 0x0841, 0x2104, 0x2104, 0x18e3, 0x3186, 0x4a69,
		0x4228, 0x2945, 0x18e3, 0x2104, 0x2104, 0x0020, 0x0000, 0x0000, 0x0000, 0x0000, 0x0000, 0x0800, 0x0800, 0x1800, 0x2800, 0x4000, 0xe041, 0xf862, 0xf801, 0xf800, 0xf801, 0xf800, 0xf800, 0xf841, 0xf862, 0x7000, 0x2800, 0x2800, 0x1800, 0x1000, 0x1000, 0x1000, 0x1000, 0x1000, 0x1000, 0x1000, 0x1000, 0x1000, 0x1000, 0x1000, 0x1000, 0x1000, 0x1000, 0x1000, 0x1000, 0x1000, 0x1000, 0x1000, 0x1000, 0x1000, 0x1000, 0x0800, 0x0800, 0x0800, 0x0800, 0x0000, 0x0000, 0x0000, 0x0000, 0x0000, 0x0000, 0x0000, 0x0000, 0x0000, 0x0000, 0x0000, 0x0000, 0x0000, 0x0000, 0x0000, 0x0000, 0x0000, 0x0000, 0x0000, 0x0841, 0x2104, 0x2104, 0x18e3, 0x3186, 0x4a69,
		0x4228, 0x2945, 0x18e3, 0x2104, 0x2104, 0x0020, 0x0000, 0x0000, 0x0000, 0x0000, 0x0000, 0x0800, 0x0800, 0x1800, 0x2800, 0x4000, 0xe041, 0xf862, 0xf800, 0xf800, 0xf801, 0xf801, 0xf800, 0xf841, 0xf862, 0x7000, 0x2800, 0x2000, 0x1000, 0x0800, 0x0800, 0x0800, 0x0800, 0x0800, 0x0800, 0x0800, 0x0800, 0x0800, 0x0800, 0x0800, 0x0800, 0x0800, 0x0800, 0x0800, 0x0800, 0x0800, 0x0800, 0x0800, 0x0800, 0x0800, 0x0800, 0x0800, 0x0800, 0x0000, 0x0000, 0x0000, 0x0000, 0x0000, 0x0000, 0x0000, 0x0000, 0x0000, 0x0000, 0x0000, 0x0000, 0x0000, 0x0000, 0x0000, 0x0000, 0x0000, 0x0000, 0x0000, 0x0000, 0x0000, 0x0841, 0x2104, 0x2104, 0x18e3, 0x3185, 0x4a49,
		0x4228, 0x2945, 0x18e3, 0x2104, 0x2104, 0x0020, 0x0000, 0x0000, 0x0000, 0x0000, 0x0000, 0x0800, 0x0800, 0x1800, 0x2800, 0x4000, 0xe041, 0xf862, 0xf801, 0xf800, 0xf800, 0xf801, 0xf800, 0xf841, 0xf862, 0x7000, 0x2800, 0x2000, 0x1000, 0x0800, 0x0000, 0x0000, 0x0000, 0x0000, 0x0000, 0x0000, 0x0000, 0x0000, 0x0000, 0x0000, 0x0000, 0x0000, 0x0000, 0x0000, 0x0000, 0x0000, 0x0000, 0x0000, 0x0000, 0x0000, 0x0000, 0x0000, 0x0000, 0x0000, 0x0000, 0x0000, 0x0000, 0x0000, 0x0000, 0x0000, 0x0000, 0x0000, 0x0000, 0x0000, 0x0000, 0x0000, 0x0000, 0x0000, 0x0000, 0x0000, 0x0000, 0x0000, 0x0000, 0x0000, 0x0841, 0x2104, 0x2104, 0x18e3, 0x3185, 0x4a49,
		0x4228, 0x2945, 0x1903, 0x2104, 0x2104, 0x0020, 0x0000, 0x0000, 0x0000, 0x0000, 0x0000, 0x0800, 0x0800, 0x1800, 0x2800, 0x4000, 0xe041, 0xf862, 0xf801, 0xf800, 0xf800, 0xf800, 0xf800, 0xf841, 0xf862, 0x7000, 0x2800, 0x2000, 0x1000, 0x0800, 0x0000, 0x0000, 0x0000, 0x0000, 0x0000, 0x0000, 0x0000, 0x0000, 0x0000, 0x0000, 0x0000, 0x0000, 0x0000, 0x0000, 0x0000, 0x0000, 0x0000, 0x0000, 0x0000, 0x0000, 0x0000, 0x0000, 0x0000, 0x0000, 0x0000, 0x0000, 0x0000, 0x0000, 0x0000, 0x0000, 0x0000, 0x0000, 0x0000, 0x0000, 0x0000, 0x0000, 0x0000, 0x0000, 0x0000, 0x0000, 0x0000, 0x0000, 0x0000, 0x0000, 0x0841, 0x2104, 0x2104, 0x18e3, 0x3185, 0x4a69,
		0x4228, 0x2945, 0x18e3, 0x2104, 0x2104, 0x0020, 0x0000, 0x0000, 0x0000, 0x0000, 0x0000, 0x0800, 0x0800, 0x1800, 0x2800, 0x4000, 0xe041, 0xf862, 0xf800, 0xf800, 0xf800, 0xf800, 0xf800, 0xf841, 0xf862, 0x7000, 0x2800, 0x2000, 0x1000, 0x0800, 0x0000, 0x0000, 0x0000, 0x0000, 0x0000, 0x0000, 0x0000, 0x0000, 0x0000, 0x0000, 0x0000, 0x0000, 0x0000, 0x0000, 0x0000, 0x0000, 0x0000, 0x0000, 0x0000, 0x0000, 0x0000, 0x0000, 0x0000, 0x0000, 0x0000, 0x0000, 0x0000, 0x0000, 0x0000, 0x0000, 0x0000, 0x0000, 0x0000, 0x0000, 0x0000, 0x0000, 0x0000, 0x0000, 0x0000, 0x0000, 0x0000, 0x0000, 0x0000, 0x0000, 0x0841, 0x2104, 0x2104, 0x18e3, 0x3186, 0x4a69,
		0x4228, 0x2945, 0x20e3, 0x2104, 0x2104, 0x0020, 0x0000, 0x0000, 0x0000, 0x0000, 0x0000, 0x0800, 0x0800, 0x1800, 0x2000, 0x4000, 0xe041, 0xf862, 0xf800, 0xf800, 0xf800, 0xf800, 0xf800, 0xf841, 0xf862, 0x7000, 0x2800, 0x1800, 0x1000, 0x0800, 0x0000, 0x0000, 0x0000, 0x0000, 0x0000, 0x0000, 0x0000, 0x0000, 0x0000, 0x0000, 0x0000, 0x0000, 0x0000, 0x0000, 0x0000, 0x0000, 0x0000, 0x0000, 0x0000, 0x0000, 0x0000, 0x0000, 0x0000, 0x0000, 0x0000, 0x0000, 0x0000, 0x0000, 0x0000, 0x0000, 0x0000, 0x0000, 0x0000, 0x0000, 0x0000, 0x0000, 0x0000, 0x0000, 0x0000, 0x0000, 0x0000, 0x0000, 0x0000, 0x0000, 0x0841, 0x2104, 0x2104, 0x18e3, 0x3186, 0x4a69,
		0x4208, 0x2945, 0x1903, 0x2104, 0x2104, 0x0020, 0x0000, 0x0000, 0x0000, 0x0000, 0x0000, 0x0800, 0x0800, 0x1800, 0x2800, 0x4000, 0xe041, 0xf842, 0xf800, 0xf800, 0xf800, 0xf800, 0xf800, 0xf841, 0xf862, 0x7000, 0x2800, 0x2000, 0x1000, 0x0800, 0x0000, 0x0000, 0x0000, 0x0000, 0x0000, 0x0000, 0x0000, 0x0000, 0x0000, 0x0000, 0x0000, 0x0000, 0x0000, 0x0000, 0x0000, 0x0000, 0x0000, 0x0000, 0x0000, 0x0000, 0x0000, 0x0000, 0x0000, 0x0000, 0x0000, 0x0000, 0x0000, 0x0000, 0x0000, 0x0000, 0x0000, 0x0000, 0x0000, 0x0000, 0x0000, 0x0000, 0x0000, 0x0000, 0x0000, 0x0000, 0x0000, 0x0000, 0x0000, 0x0000, 0x0841, 0x2104, 0x2104, 0x18e3, 0x3186, 0x4a69,
		0x4208, 0x2945, 0x18e3, 0x2104, 0x2104, 0x0020, 0x0000, 0x0000, 0x0000, 0x0000, 0x0000, 0x0800, 0x0800, 0x1800, 0x2800, 0x4000, 0xe041, 0xf862, 0xf800, 0xf800, 0xf800, 0xf800, 0xf800, 0xf841, 0xf862, 0x7000, 0x2000, 0x2000, 0x1000, 0x0800, 0x0000, 0x0000, 0x0000, 0x0000, 0x0000, 0x0000, 0x0000, 0x0000, 0x0000, 0x0000, 0x0000, 0x0000, 0x0000, 0x0000, 0x0000, 0x0000, 0x0000, 0x0000, 0x0000, 0x0000, 0x0000, 0x0000, 0x0000, 0x0000, 0x0000, 0x0000, 0x0000, 0x0000, 0x0000, 0x0000, 0x0000, 0x0000, 0x0000, 0x0000, 0x0000, 0x0000, 0x0000, 0x0000, 0x0000, 0x0000, 0x0000, 0x0000, 0x0000, 0x0000, 0x0841, 0x2104, 0x2104, 0x18e3, 0x3186, 0x4a69,
		0x4208, 0x2944, 0x18e3, 0x2104, 0x2104, 0x0020, 0x0000, 0x0000, 0x0000, 0x0000, 0x0000, 0x0800, 0x0800, 0x1800, 0x2000, 0x4000, 0xe041, 0xf862, 0xf801, 0xf800, 0xf800, 0xf800, 0xf800, 0xf841, 0xf862, 0x7000, 0x2000, 0x2000, 0x1000, 0x0800, 0x0000, 0x0000, 0x0000, 0x0000, 0x0000, 0x0000, 0x0000, 0x0000, 0x0000, 0x0000, 0x0000, 0x0000, 0x0000, 0x0000, 0x0000, 0x0000, 0x0000, 0x0000, 0x0000, 0x0000, 0x0000, 0x0000, 0x0000, 0x0000, 0x0000, 0x0000, 0x0000, 0x0000, 0x0000, 0x0000, 0x0000, 0x0000, 0x0000, 0x0000, 0x0000, 0x0000, 0x0000, 0x0000, 0x0000, 0x0000, 0x0000, 0x0000, 0x0000, 0x0000, 0x0841, 0x2104, 0x2104, 0x18e3, 0x3186, 0x4a69,
		0x4228, 0x2945, 0x18e3, 0x2104, 0x2104, 0x0020, 0x0000, 0x0000, 0x0000, 0x0000, 0x0000, 0x0000, 0x0800, 0x1800, 0x2000, 0x4000, 0xe061, 0xf862, 0xf821, 0xf800, 0xf800, 0xf800, 0xf800, 0xf841, 0xf862, 0x7000, 0x2800, 0x2000, 0x1000, 0x0800, 0x0000, 0x0000, 0x0000, 0x0000, 0x0000, 0x0000, 0x0000, 0x0000, 0x0000, 0x0000, 0x0000, 0x0000, 0x0000, 0x0000, 0x0000, 0x0000, 0x0000, 0x0000, 0x0000, 0x0000, 0x0000, 0x0000, 0x0000, 0x0000, 0x0000, 0x0000, 0x0000, 0x0000, 0x0000, 0x0000, 0x0000, 0x0000, 0x0000, 0x0000, 0x0000, 0x0000, 0x0000, 0x0000, 0x0000, 0x0000, 0x0000, 0x0000, 0x0000, 0x0000, 0x0841, 0x2104, 0x2104, 0x18e3, 0x3186, 0x4a69,
		0x4208, 0x2945, 0x18e3, 0x2104, 0x2104, 0x0020, 0x0000, 0x0000, 0x0000, 0x0000, 0x0000, 0x0000, 0x0800, 0x1800, 0x2000, 0x4000, 0xe061, 0xf862, 0xf801, 0xf800, 0xf800, 0xf800, 0xf800, 0xf841, 0xf862, 0x7000, 0x2800, 0x2000, 0x1000, 0x0800, 0x0000, 0x0000, 0x0000, 0x0000, 0x0000, 0x0000, 0x0000, 0x0000, 0x0000, 0x0000, 0x0000, 0x0000, 0x0000, 0x0000, 0x0000, 0x0000, 0x0000, 0x0000, 0x0000, 0x0000, 0x0000, 0x0000, 0x0000, 0x0000, 0x0000, 0x0000, 0x0000, 0x0000, 0x0000, 0x0000, 0x0000, 0x0000, 0x0000, 0x0000, 0x0000, 0x0000, 0x0000, 0x0000, 0x0000, 0x0000, 0x0000, 0x0000, 0x0000, 0x0000, 0x0841, 0x2104, 0x2104, 0x18e3, 0x3186, 0x4a69,
		0x4208, 0x2945, 0x18e3, 0x2104, 0x2104, 0x0020, 0x0000, 0x0000, 0x0000, 0x0000, 0x0000, 0x0000, 0x0800, 0x1800, 0x2000, 0x4000, 0xe041, 0xf862, 0xf801, 0xf800, 0xf800, 0xf800, 0xf800, 0xf841, 0xf862, 0x7000, 0x2800, 0x2000, 0x1000, 0x0800, 0x0000, 0x0000, 0x0000, 0x0000, 0x0000, 0x0000, 0x0000, 0x0000, 0x0000, 0x0000, 0x0000, 0x0000, 0x0000, 0x0000, 0x0000, 0x0000, 0x0000, 0x0000, 0x0000, 0x0000, 0x0000, 0x0000, 0x0000, 0x0000, 0x0000, 0x0000, 0x0000, 0x0000, 0x0000, 0x0000, 0x0000, 0x0000, 0x0000, 0x0000, 0x0000, 0x0000, 0x0000, 0x0000, 0x0000, 0x0000, 0x0000, 0x0000, 0x0000, 0x0000, 0x0841, 0x2104, 0x2104, 0x18e3, 0x3186, 0x4a69,
		0x4208, 0x2945, 0x18e3, 0x2104, 0x2104, 0x0020, 0x0000, 0x0000, 0x0000, 0x0000, 0x0000, 0x0000, 0x0800, 0x1000, 0x2000, 0x4000, 0xe041, 0xf862, 0xf800, 0xf800, 0xf800, 0xf800, 0xf800, 0xf841, 0xf862, 0x7000, 0x2800, 0x2000, 0x1000, 0x0800, 0x0000, 0x0000, 0x0000, 0x0000, 0x0000, 0x0000, 0x0000, 0x0000, 0x0000, 0x0000, 0x0000, 0x0000, 0x0000, 0x0000, 0x0000, 0x0000, 0x0000, 0x0000, 0x0000, 0x0000, 0x0000, 0x0000, 0x0000, 0x0000, 0x0000, 0x0000, 0x0000, 0x0000, 0x0000, 0x0000, 0x0000, 0x0000, 0x0000, 0x0000, 0x0000, 0x0000, 0x0000, 0x0000, 0x0000, 0x0000, 0x0000, 0x0000, 0x0000, 0x0000, 0x0841, 0x2104, 0x2104, 0x18e3, 0x3185, 0x4a49,
		0x4208, 0x2945, 0x18e3, 0x2104, 0x2104, 0x0020, 0x0000, 0x0000, 0x0000, 0x0000, 0x0000, 0x0000, 0x0800, 0x1000, 0x2000, 0x4000, 0xe041, 0xf862, 0xf800, 0xf800, 0xf800, 0xf800, 0xf800, 0xf841, 0xf862, 0x7000, 0x2800, 0x2000, 0x1000, 0x0800, 0x0000, 0x0000, 0x0000, 0x0000, 0x0000, 0x0000, 0x0000, 0x0000, 0x0000, 0x0000, 0x0000, 0x0000, 0x0000, 0x0000, 0x0000, 0x0000, 0x0000, 0x0000, 0x0000, 0x0000, 0x0000, 0x0000, 0x0000, 0x0000, 0x0000, 0x0000, 0x0000, 0x0000, 0x0000, 0x0000, 0x0000, 0x0000, 0x0000, 0x0000, 0x0000, 0x0000, 0x0000, 0x0000, 0x0000, 0x0000, 0x0000, 0x0000, 0x0000, 0x0000, 0x0841, 0x2104, 0x2104, 0x18e3, 0x3185, 0x4a69,
		0x4228, 0x2945, 0x18e3, 0x2104, 0x2104, 0x0020, 0x0000, 0x0000, 0x0000, 0x0000, 0x0000, 0x0000, 0x0800, 0x1000, 0x2000, 0x4800, 0xe041, 0xf862, 0xf801, 0xf800, 0xf800, 0xf800, 0xf800, 0xf841, 0xf862, 0x7000, 0x2800, 0x2000, 0x1000, 0x0800, 0x0000, 0x0000, 0x0000, 0x0000, 0x0000, 0x0000, 0x0000, 0x0000, 0x0000, 0x0000, 0x0000, 0x0000, 0x0000, 0x0000, 0x0000, 0x0000, 0x0000, 0x0000, 0x0000, 0x0000, 0x0000, 0x0000, 0x0000, 0x0000, 0x0000, 0x0000, 0x0000, 0x0000, 0x0000, 0x0000, 0x0000, 0x0000, 0x0000, 0x0000, 0x0000, 0x0000, 0x0000, 0x0000, 0x0000, 0x0000, 0x0000, 0x0000, 0x0000, 0x0000, 0x0841, 0x2104, 0x2104, 0x18e3, 0x3186, 0x4a69,
		0x4228, 0x2945, 0x18e3, 0x2104, 0x2104, 0x0020, 0x0000, 0x0000, 0x0000, 0x0000, 0x0000, 0x0000, 0x0800, 0x1000, 0x2000, 0x4800, 0xe041, 0xf862, 0xf800, 0xf800, 0xf800, 0xf800, 0xf800, 0xf841, 0xf862, 0x7000, 0x2800, 0x2000, 0x1000, 0x0800, 0x0000, 0x0000, 0x0000, 0x0000, 0x0000, 0x0000, 0x0000, 0x0000, 0x0000, 0x0000, 0x0000, 0x0000, 0x0000, 0x0000, 0x0000, 0x0000, 0x0000, 0x0000, 0x0000, 0x0000, 0x0000, 0x0000, 0x0000, 0x0000, 0x0000, 0x0000, 0x0000, 0x0000, 0x0000, 0x0000, 0x0000, 0x0000, 0x0000, 0x0000, 0x0000, 0x0000, 0x0000, 0x0000, 0x0000, 0x0000, 0x0000, 0x0000, 0x0000, 0x0000, 0x0841, 0x2104, 0x2104, 0x18e3, 0x3186, 0x4a69,
		0x4228, 0x2945, 0x18e3, 0x2104, 0x2104, 0x0020, 0x0000, 0x0000, 0x0000, 0x0000, 0x0000, 0x0000, 0x0800, 0x1000, 0x2000, 0x4800, 0xe041, 0xf862, 0xf800, 0xf800, 0xf800, 0xf800, 0xf800, 0xf841, 0xf862, 0x7000, 0x2800, 0x1800, 0x1000, 0x0800, 0x0000, 0x0000, 0x0000, 0x0000, 0x0000, 0x0000, 0x0000, 0x0000, 0x0000, 0x0000, 0x0000, 0x0000, 0x0000, 0x0000, 0x0000, 0x0000, 0x0000, 0x0000, 0x0000, 0x0000, 0x0000, 0x0000, 0x0000, 0x0000, 0x0000, 0x0000, 0x0000, 0x0000, 0x0000, 0x0000, 0x0000, 0x0000, 0x0000, 0x0000, 0x0000, 0x0000, 0x0000, 0x0000, 0x0000, 0x0000, 0x0000, 0x0000, 0x0000, 0x0000, 0x0841, 0x2104, 0x2104, 0x18e3, 0x3186, 0x4a69,
		0x4228, 0x2945, 0x18e3, 0x2104, 0x2104, 0x0020, 0x0000, 0x0000, 0x0000, 0x0000, 0x0000, 0x0000, 0x0800, 0x1800, 0x2800, 0x4800, 0xe041, 0xf862, 0xf800, 0xf800, 0xf800, 0xf800, 0xf800, 0xf841, 0xf862, 0x7000, 0x2800, 0x1800, 0x1000, 0x0800, 0x0000, 0x0000, 0x0000, 0x0000, 0x0000, 0x0000, 0x0000, 0x0000, 0x0000, 0x0000, 0x0000, 0x0000, 0x0000, 0x0000, 0x0000, 0x0000, 0x0000, 0x0000, 0x0000, 0x0000, 0x0000, 0x0000, 0x0000, 0x0000, 0x0000, 0x0000, 0x0000, 0x0000, 0x0000, 0x0000, 0x0000, 0x0000, 0x0000, 0x0000, 0x0000, 0x0000, 0x0000, 0x0000, 0x0000, 0x0000, 0x0000, 0x0000, 0x0000, 0x0000, 0x0841, 0x2104, 0x2104, 0x18e3, 0x3186, 0x4a69,
		0x4228, 0x2945, 0x18e3, 0x2104, 0x2104, 0x0020, 0x0000, 0x0000, 0x0000, 0x0000, 0x0000, 0x0000, 0x0800, 0x1800, 0x2800, 0x4800, 0xe041, 0xf862, 0xf800, 0xf800, 0xf800, 0xf800, 0xf800, 0xf841, 0xf862, 0x7000, 0x2000, 0x2000, 0x1000, 0x0800, 0x0000, 0x0000, 0x0000, 0x0000, 0x0000, 0x0000, 0x0000, 0x0000, 0x0000, 0x0000, 0x0000, 0x0000, 0x0000, 0x0000, 0x0000, 0x0000, 0x0000, 0x0000, 0x0000, 0x0000, 0x0000, 0x0000, 0x0000, 0x0000, 0x0000, 0x0000, 0x0000, 0x0000, 0x0000, 0x0000, 0x0000, 0x0000, 0x0000, 0x0000, 0x0000, 0x0000, 0x0000, 0x0000, 0x0000, 0x0000, 0x0000, 0x0000, 0x0000, 0x0000, 0x0841, 0x2104, 0x2104, 0x18e3, 0x3186, 0x4a69,
		0x4228, 0x2945, 0x18e3, 0x2104, 0x2104, 0x0020, 0x0000, 0x0000, 0x0000, 0x0000, 0x0000, 0x0000, 0x0800, 0x1000, 0x2000, 0x4800, 0xe041, 0xf862, 0xf800, 0xf800, 0xf800, 0xf800, 0xf800, 0xf841, 0xf882, 0x7000, 0x2800, 0x1800, 0x1000, 0x0800, 0x0000, 0x0000, 0x0000, 0x0000, 0x0000, 0x0000, 0x0000, 0x0000, 0x0000, 0x0000, 0x0000, 0x0000, 0x0000, 0x0000, 0x0000, 0x0000, 0x0000, 0x0000, 0x0000, 0x0000, 0x0000, 0x0000, 0x0000, 0x0000, 0x0000, 0x0000, 0x0000, 0x0000, 0x0000, 0x0000, 0x0000, 0x0000, 0x0000, 0x0000, 0x0000, 0x0000, 0x0000, 0x0000, 0x0000, 0x0000, 0x0000, 0x0000, 0x0000, 0x0000, 0x0841, 0x2104, 0x2104, 0x18e3, 0x3185, 0x4a69,
		0x4228, 0x2945, 0x18e3, 0x2104, 0x2104, 0x0020, 0x0000, 0x0000, 0x0000, 0x0000, 0x0000, 0x0000, 0x0800, 0x1000, 0x2000, 0x4800, 0xe041, 0xf862, 0xf800, 0xf800, 0xf800, 0xf800, 0xf800, 0xf841, 0xf882, 0x7000, 0x2800, 0x1800, 0x1000, 0x0800, 0x0000, 0x0000, 0x0000, 0x0000, 0x0000, 0x0000, 0x0000, 0x0000, 0x0000, 0x0000, 0x0000, 0x0000, 0x0000, 0x0000, 0x0000, 0x0000, 0x0000, 0x0000, 0x0000, 0x0000, 0x0000, 0x0000, 0x0000, 0x0000, 0x0000, 0x0000, 0x0000, 0x0000, 0x0000, 0x0000, 0x0000, 0x0000, 0x0000, 0x0000, 0x0000, 0x0000, 0x0000, 0x0000, 0x0000, 0x0000, 0x0000, 0x0000, 0x0000, 0x0000, 0x0841, 0x2104, 0x2104, 0x18e3, 0x3186, 0x4a69,
		0x4228, 0x2945, 0x18e3, 0x2104, 0x2104, 0x0020, 0x0000, 0x0000, 0x0000, 0x0000, 0x0000, 0x0000, 0x0800, 0x1000, 0x2800, 0x4800, 0xe041, 0xf862, 0xf801, 0xf800, 0xf800, 0xf800, 0xf800, 0xf841, 0xf882, 0x7000, 0x2800, 0x1800, 0x0800, 0x0800, 0x0000, 0x0000, 0x0000, 0x0000, 0x0000, 0x0000, 0x0000, 0x0000, 0x0000, 0x0000, 0x0000, 0x0000, 0x0000, 0x0000, 0x0000, 0x0000, 0x0000, 0x0000, 0x0000, 0x0000, 0x0000, 0x0000, 0x0000, 0x0000, 0x0000, 0x0000, 0x0000, 0x0000, 0x0000, 0x0000, 0x0000, 0x0000, 0x0000, 0x0000, 0x0000, 0x0000, 0x0000, 0x0000, 0x0000, 0x0000, 0x0000, 0x0000, 0x0000, 0x0000, 0x0841, 0x2104, 0x2104, 0x18e3, 0x3186, 0x4a69,
		0x4228, 0x2945, 0x18e3, 0x2104, 0x2104, 0x0020, 0x0000, 0x0000, 0x0000, 0x0000, 0x0000, 0x0000, 0x0800, 0x1800, 0x2800, 0x4800, 0xe041, 0xf862, 0xf801, 0xf800, 0xf800, 0xf800, 0xf800, 0xf841, 0xf862, 0x7000, 0x2000, 0x1800, 0x0800, 0x0800, 0x0000, 0x0000, 0x0000, 0x0000, 0x0000, 0x0000, 0x0000, 0x0000, 0x0000, 0x0000, 0x0000, 0x0000, 0x0000, 0x0000, 0x0000, 0x0000, 0x0000, 0x0000, 0x0000, 0x0000, 0x0000, 0x0000, 0x0000, 0x0000, 0x0000, 0x0000, 0x0000, 0x0000, 0x0000, 0x0000, 0x0000, 0x0000, 0x0000, 0x0000, 0x0000, 0x0000, 0x0000, 0x0000, 0x0000, 0x0000, 0x0000, 0x0000, 0x0000, 0x0000, 0x0841, 0x2104, 0x2104, 0x18e3, 0x3185, 0x4a69,
		0x4228, 0x2945, 0x18e3, 0x2104, 0x2104, 0x0020, 0x0000, 0x0000, 0x0000, 0x0000, 0x0000, 0x0800, 0x0800, 0x1800, 0x2800, 0x4800, 0xe041, 0xf862, 0xf801, 0xf800, 0xf801, 0xf800, 0xf800, 0xf841, 0xf862, 0x7000, 0x2000, 0x1800, 0x1000, 0x0800, 0x0000, 0x0000, 0x0000, 0x0000, 0x0000, 0x0000, 0x0000, 0x0000, 0x0000, 0x0000, 0x0000, 0x0000, 0x0000, 0x0000, 0x0000, 0x0000, 0x0000, 0x0000, 0x0000, 0x0000, 0x0000, 0x0000, 0x0000, 0x0000, 0x0000, 0x0000, 0x0000, 0x0000, 0x0000, 0x0000, 0x0000, 0x0000, 0x0000, 0x0000, 0x0000, 0x0000, 0x0000, 0x0000, 0x0000, 0x0000, 0x0000, 0x0000, 0x0000, 0x0000, 0x0841, 0x2104, 0x2104, 0x18e3, 0x2965, 0x4a49,
		0x4228, 0x2945, 0x18e3, 0x2104, 0x2104, 0x0020, 0x0000, 0x0000, 0x0000, 0x0000, 0x0000, 0x0800, 0x0800, 0x1800, 0x2800, 0x4800, 0xe041, 0xf862, 0xf801, 0xf800, 0xf800, 0xf800, 0xf800, 0xf841, 0xf882, 0x7000, 0x2000, 0x1800, 0x1000, 0x0800, 0x0000, 0x0000, 0x0000, 0x0000, 0x0000, 0x0000, 0x0000, 0x0000, 0x0000, 0x0000, 0x0000, 0x0000, 0x0000, 0x0000, 0x0000, 0x0000, 0x0000, 0x0000, 0x0000, 0x0000, 0x0000, 0x0000, 0x0000, 0x0000, 0x0000, 0x0000, 0x0000, 0x0000, 0x0000, 0x0000, 0x0000, 0x0000, 0x0000, 0x0000, 0x0000, 0x0000, 0x0000, 0x0000, 0x0000, 0x0000, 0x0000, 0x0000, 0x0000, 0x0000, 0x0841, 0x2104, 0x2104, 0x18e3, 0x2965, 0x4a49,
		0x4228, 0x2945, 0x18e3, 0x2104, 0x2104, 0x0020, 0x0000, 0x0000, 0x0000, 0x0000, 0x0000, 0x0800, 0x0800, 0x1800, 0x2800, 0x4800, 0xe041, 0xf862, 0xf801, 0xf800, 0xf800, 0xf800, 0xf800, 0xf841, 0xf882, 0x7000, 0x2000, 0x2000, 0x1000, 0x0800, 0x0000, 0x0000, 0x0000, 0x0000, 0x0000, 0x0000, 0x0000, 0x0000, 0x0000, 0x0000, 0x0000, 0x0000, 0x0000, 0x0000, 0x0000, 0x0000, 0x0000, 0x0000, 0x0000, 0x0000, 0x0000, 0x0000, 0x0000, 0x0000, 0x0000, 0x0000, 0x0000, 0x0000, 0x0000, 0x0000, 0x0000, 0x0000, 0x0000, 0x0000, 0x0000, 0x0000, 0x0000, 0x0000, 0x0000, 0x0000, 0x0000, 0x0000, 0x0000, 0x0000, 0x0841, 0x2104, 0x2104, 0x18e3, 0x2965, 0x4a49,
		0x4a28, 0x2945, 0x18e3, 0x2104, 0x2104, 0x0020, 0x0000, 0x0000, 0x0000, 0x0000, 0x0000, 0x0800, 0x0800, 0x1800, 0x2800, 0x4800, 0xe861, 0xf862, 0xf800, 0xf800, 0xf800, 0xf800, 0xf800, 0xf841, 0xf882, 0x6800, 0x2000, 0x2000, 0x1000, 0x0800, 0x0800, 0x0800, 0x0800, 0x0800, 0x0800, 0x0800, 0x0800, 0x0800, 0x0800, 0x0800, 0x0800, 0x0800, 0x0800, 0x0800, 0x0800, 0x0800, 0x0800, 0x0800, 0x0800, 0x0800, 0x0800, 0x0800, 0x0800, 0x0800, 0x0000, 0x0000, 0x0000, 0x0000, 0x0000, 0x0000, 0x0000, 0x0000, 0x0000, 0x0000, 0x0000, 0x0000, 0x0000, 0x0000, 0x0000, 0x0000, 0x0000, 0x0000, 0x0000, 0x0000, 0x0841, 0x2104, 0x2104, 0x18e3, 0x3185, 0x4a49,
		0x4a28, 0x2945, 0x20e3, 0x2104, 0x2104, 0x0020, 0x0000, 0x0000, 0x0000, 0x0000, 0x0000, 0x0000, 0x0800, 0x1000, 0x2000, 0x4000, 0xe041, 0xf862, 0xf800, 0xf800, 0xf800, 0xf800, 0xf800, 0xf841, 0xf882, 0x7000, 0x2800, 0x2800, 0x1800, 0x1000, 0x1000, 0x1000, 0x1000, 0x1000, 0x1000, 0x1000, 0x1000, 0x1000, 0x1000, 0x1000, 0x1000, 0x1000, 0x1000, 0x1000, 0x1000, 0x1000, 0x1000, 0x1000, 0x1000, 0x1000, 0x1000, 0x1000, 0x1000, 0x0800, 0x0800, 0x0800, 0x0000, 0x0000, 0x0000, 0x0000, 0x0000, 0x0000, 0x0000, 0x0000, 0x0000, 0x0000, 0x0000, 0x0000, 0x0000, 0x0000, 0x0000, 0x0000, 0x0000, 0x0000, 0x0841, 0x2104, 0x2104, 0x18e3, 0x3186, 0x4a49,
		0x4a28, 0x2945, 0x18e3, 0x2104, 0x2104, 0x0020, 0x0000, 0x0000, 0x0000, 0x0000, 0x0000, 0x0000, 0x0800, 0x1000, 0x1800, 0x4000, 0xe842, 0xf862, 0xf800, 0xf800, 0xf800, 0xf800, 0xf800, 0xf841, 0xf882, 0x7000, 0x2800, 0x3000, 0x2000, 0x2000, 0x1800, 0x1800, 0x1800, 0x1800, 0x1800, 0x2000, 0x2000, 0x2000, 0x2000, 0x2000, 0x2000, 0x2000, 0x2000, 0x2000, 0x2000, 0x2000, 0x2000, 0x2000, 0x2000, 0x2000, 0x2000, 0x2000, 0x1800, 0x1000, 0x1000, 0x0800, 0x0800, 0x0000, 0x0000, 0x0000, 0x0000, 0x0000, 0x0000, 0x0000, 0x0000, 0x0000, 0x0000, 0x0000, 0x0000, 0x0000, 0x0000, 0x0000, 0x0000, 0x0000, 0x0841, 0x2104, 0x2104, 0x18e3, 0x3186, 0x4a69,
		0x4a28, 0x2945, 0x18e3, 0x2104, 0x2104, 0x0020, 0x0000, 0x0000, 0x0000, 0x0000, 0x0000, 0x0000, 0x0800, 0x0800, 0x1800, 0x3800, 0xc021, 0xf021, 0xf841, 0xf821, 0xf800, 0xf800, 0xf841, 0xf841, 0xd821, 0x6000, 0x3000, 0x2800, 0x3000, 0x2800, 0x2800, 0x2800, 0x2800, 0x2800, 0x2800, 0x2800, 0x2800, 0x2800, 0x2800, 0x3000, 0x3000, 0x2800, 0x2800, 0x2800, 0x3000, 0x2800, 0x2800, 0x3000, 0x3000, 0x3000, 0x3000, 0x2800, 0x2800, 0x2800, 0x2000, 0x1000, 0x0800, 0x0800, 0x0000, 0x0000, 0x0000, 0x0000, 0x0000, 0x0000, 0x0000, 0x0000, 0x0000, 0x0000, 0x0000, 0x0000, 0x0000, 0x0000, 0x0000, 0x0000, 0x0841, 0x2104, 0x2104, 0x18e3, 0x3185, 0x4a69,
		0x4228, 0x2945, 0x18e3, 0x2104, 0x2104, 0x0020, 0x0000, 0x0000, 0x0000, 0x0000, 0x0000, 0x0000, 0x0800, 0x0800, 0x1800, 0x4000, 0x3800, 0xa021, 0xf882, 0xf821, 0xf800, 0xf800, 0xf882, 0xe062, 0x4800, 0x4800, 0x5000, 0x6000, 0x6000, 0x6000, 0x6000, 0x6000, 0x6000, 0x6000, 0x6000, 0x5800, 0x5800, 0x5800, 0x5800, 0x6000, 0x5800, 0x5800, 0x5800, 0x6000, 0x6000, 0x6000, 0x6000, 0x6000, 0x6000, 0x6000, 0x6000, 0x6000, 0x6000, 0x5800, 0x2800, 0x2000, 0x1000, 0x0800, 0x0800, 0x0000, 0x0000, 0x0000, 0x0000, 0x0000, 0x0000, 0x0000, 0x0000, 0x0000, 0x0000, 0x0000, 0x0000, 0x0000, 0x0000, 0x0000, 0x0841, 0x2104, 0x2104, 0x18e3, 0x3186, 0x4a69,
		0x4228, 0x2945, 0x18e3, 0x2104, 0x2104, 0x0020, 0x0000, 0x0000, 0x0000, 0x0000, 0x0000, 0x0000, 0x0000, 0x0800, 0x1000, 0x2000, 0x2800, 0x8800, 0xf841, 0xf800, 0xf821, 0xf862, 0xf041, 0xa000, 0x6000, 0x5000, 0xa820, 0xf062, 0xe861, 0xe862, 0xe862, 0xe862, 0xe862, 0xe862, 0xe862, 0xe862, 0xe862, 0xe862, 0xe862, 0xe861, 0xe841, 0xe861, 0xe861, 0xe862, 0xe862, 0xe862, 0xe862, 0xe862, 0xe862, 0xe862, 0xe862, 0xe862, 0xf061, 0x7000, 0x3000, 0x3000, 0x2000, 0x1000, 0x0800, 0x0800, 0x0000, 0x0000, 0x0000, 0x0000, 0x0000, 0x0000, 0x0000, 0x0000, 0x0000, 0x0000, 0x0000, 0x0000, 0x0000, 0x0000, 0x0841, 0x2104, 0x2104, 0x18e3, 0x3186, 0x4a69,
		0x4208, 0x2945, 0x18e3, 0x2104, 0x2104, 0x0020, 0x0000, 0x0000, 0x0000, 0x0000, 0x0000, 0x0000, 0x0000, 0x0800, 0x0800, 0x1800, 0x3000, 0x6800, 0xb000, 0xf821, 0xf841, 0xf882, 0x9820, 0x5000, 0x7000, 0xa800, 0xf041, 0xf862, 0xf862, 0xf862, 0xf862, 0xf862, 0xf862, 0xf862, 0xf862, 0xf862, 0xf862, 0xf862, 0xf862, 0xf862, 0xf842, 0xf862, 0xf862, 0xf862, 0xf862, 0xf862, 0xf862, 0xf862, 0xf862, 0xf862, 0xf862, 0xf862, 0xf861, 0xd841, 0x5800, 0x4000, 0x3000, 0x1800, 0x1000, 0x0800, 0x0000, 0x0000, 0x0000, 0x0000, 0x0000, 0x0000, 0x0000, 0x0000, 0x0000, 0x0000, 0x0000, 0x0000, 0x0000, 0x0000, 0x0841, 0x2104, 0x2104, 0x18e3, 0x3186, 0x4a69,
		0x4208, 0x2945, 0x18e3, 0x2104, 0x2104, 0x0020, 0x0000, 0x0000, 0x0000, 0x0000, 0x0000, 0x0000, 0x0000, 0x0000, 0x0800, 0x1000, 0x2800, 0x3000, 0x5000, 0xf861, 0xf841, 0xc000, 0x7800, 0x7000, 0x8000, 0xe061, 0xf841, 0xf800, 0xf801, 0xf800, 0xf801, 0xf801, 0xf800, 0xf801, 0xf801, 0xf801, 0xf800, 0xf800, 0xf800, 0xf800, 0xf800, 0xf800, 0xf800, 0xf800, 0xf801, 0xf801, 0xf801, 0xf801, 0xf800, 0xf800, 0xf800, 0xf801, 0xf821, 0xf862, 0xb000, 0x5800, 0x4000, 0x2800, 0x1800, 0x1000, 0x0800, 0x0000, 0x0000, 0x0000, 0x0000, 0x0000, 0x0000, 0x0000, 0x0000, 0x0000, 0x0000, 0x0000, 0x0000, 0x0000, 0x0841, 0x2104, 0x2104, 0x18e3, 0x3186, 0x4a69,
		0x4208, 0x2945, 0x18e3, 0x2104, 0x2104, 0x0020, 0x0000, 0x0000, 0x0000, 0x0000, 0x0000, 0x0000, 0x0000, 0x0000, 0x0800, 0x1000, 0x2000, 0x2800, 0x5000, 0xe021, 0xd021, 0x4000, 0x6000, 0x9800, 0xf041, 0xf841, 0xf821, 0xf800, 0xf800, 0xf800, 0xf800, 0xf800, 0xf800, 0xf800, 0xf800, 0xf800, 0xf800, 0xf800, 0xf800, 0xf800, 0xf800, 0xf800, 0xf800, 0xf800, 0xf800, 0xf800, 0xf800, 0xf800, 0xf800, 0xf800, 0xf800, 0xf800, 0xf801, 0xf841, 0xf862, 0xb821, 0x3800, 0x3800, 0x2800, 0x1000, 0x0800, 0x0800, 0x0000, 0x0000, 0x0000, 0x0000, 0x0000, 0x0000, 0x0000, 0x0000, 0x0000, 0x0000, 0x0000, 0x0000, 0x0841, 0x2104, 0x2104, 0x18e3, 0x3186, 0x4a69,
		0x4208, 0x2945, 0x18e3, 0x2104, 0x2104, 0x0020, 0x0000, 0x0000, 0x0000, 0x0000, 0x0000, 0x0000, 0x0000, 0x0000, 0x0000, 0x0800, 0x1000, 0x2000, 0x4800, 0x5000, 0x5800, 0x6000, 0x8000, 0xd021, 0xf862, 0xf821, 0xf800, 0xf800, 0xf800, 0xf800, 0xf800, 0xf800, 0xf800, 0xf800, 0xf800, 0xf800, 0xf800, 0xf800, 0xf800, 0xf800, 0xf800, 0xf800, 0xf800, 0xf800, 0xf800, 0xf800, 0xf800, 0xf800, 0xf800, 0xf800, 0xf800, 0xf800, 0xf800, 0xf800, 0xf862, 0xf841, 0x9800, 0x4800, 0x3000, 0x2000, 0x1000, 0x0800, 0x0000, 0x0000, 0x0000, 0x0000, 0x0000, 0x0000, 0x0000, 0x0000, 0x0000, 0x0000, 0x0000, 0x0000, 0x0841, 0x2104, 0x2104, 0x18e3, 0x3186, 0x4a69,
		0x4228, 0x2945, 0x18e3, 0x2104, 0x2104, 0x0020, 0x0000, 0x0000, 0x0000, 0x0000, 0x0000, 0x0000, 0x0000, 0x0000, 0x0000, 0x0800, 0x1000, 0x1800, 0x3800, 0x3000, 0x4000, 0x6800, 0xf041, 0xf841, 0xf800, 0xf800, 0xf800, 0xf800, 0xf800, 0xf800, 0xf800, 0xf800, 0xf800, 0xf800, 0xf800, 0xf800, 0xf800, 0xf800, 0xf800, 0xf800, 0xf800, 0xf800, 0xf800, 0xf800, 0xf800, 0xf800, 0xf800, 0xf800, 0xf800, 0xf801, 0xf800, 0xf800, 0xf800, 0xf800, 0xf800, 0xf841, 0xf862, 0x7000, 0x3000, 0x3000, 0x1800, 0x1000, 0x0800, 0x0000, 0x0000, 0x0000, 0x0000, 0x0000, 0x0000, 0x0000, 0x0000, 0x0000, 0x0000, 0x0000, 0x0841, 0x2104, 0x2104, 0x18e3, 0x3186, 0x4a69,
		0x4228, 0x2945, 0x18e3, 0x2104, 0x2104, 0x0020, 0x0000, 0x0000, 0x0000, 0x0000, 0x0000, 0x0000, 0x0000, 0x0000, 0x0000, 0x0800, 0x1000, 0x1800, 0x3800, 0x3000, 0x3800, 0x6000, 0xb820, 0xf821, 0xf841, 0xf801, 0xf800, 0xf800, 0xf800, 0xf800, 0xf800, 0xf800, 0xf800, 0xf800, 0xf800, 0xf800, 0xf800, 0xf800, 0xf800, 0xf800, 0xf800, 0xf800, 0xf800, 0xf800, 0xf800, 0xf801, 0xf800, 0xf800, 0xf800, 0xf800, 0xf800, 0xf800, 0xf800, 0xf800, 0xf841, 0xf841, 0xd821, 0x6000, 0x3800, 0x2800, 0x3000, 0x2000, 0x1000, 0x0800, 0x0000, 0x0000, 0x0000, 0x0000, 0x0000, 0x0000, 0x0000, 0x0000, 0x0000, 0x0000, 0x0841, 0x2104, 0x2104, 0x18e3, 0x3186, 0x4a69,
		0x4228, 0x2945, 0x18e3, 0x2104, 0x2104, 0x0020, 0x0000, 0x0000, 0x0000, 0x0000, 0x0000, 0x0000, 0x0000, 0x0000, 0x0800, 0x0800, 0x1800, 0x2800, 0x4000, 0x8000, 0x7800, 0x4800, 0x5800, 0xc020, 0xf862, 0xf821, 0xf800, 0xf800, 0xf800, 0xf800, 0xf800, 0xf800, 0xf800, 0xf800, 0xf800, 0xf800, 0xf800, 0xf800, 0xf800, 0xf800, 0xf800, 0xf800, 0xf800, 0xf800, 0xf800, 0xf800, 0xf800, 0xf800, 0xf800, 0xf800, 0xf801, 0xf800, 0xf800, 0xf821, 0xf882, 0xe841, 0x6000, 0x3800, 0x6000, 0x8000, 0x4800, 0x2800, 0x1800, 0x0800, 0x0800, 0x0000, 0x0000, 0x0000, 0x0000, 0x0000, 0x0000, 0x0000, 0x0000, 0x0000, 0x0841, 0x2104, 0x2104, 0x18e3, 0x3185, 0x4a69,
		0x4228, 0x2945, 0x18e3, 0x2104, 0x2104, 0x0020, 0x0000, 0x0000, 0x0000, 0x0000, 0x0000, 0x0000, 0x0000, 0x0000, 0x0800, 0x1000, 0x2000, 0x2800, 0x3000, 0xe041, 0xe841, 0x5000, 0x5000, 0x8000, 0xd821, 0xf841, 0xf841, 0xf800, 0xf800, 0xf800, 0xf800, 0xf800, 0xf800, 0xf800, 0xf800, 0xf800, 0xf800, 0xf800, 0xf800, 0xf800, 0xf800, 0xf800, 0xf800, 0xf800, 0xf800, 0xf800, 0xf800, 0xf800, 0xf800, 0xf800, 0xf800, 0xf800, 0xf821, 0xf862, 0xe021, 0x9000, 0x5000, 0x3800, 0x9820, 0xf862, 0x5800, 0x2800, 0x2800, 0x1000, 0x0800, 0x0000, 0x0000, 0x0000, 0x0000, 0x0000, 0x0000, 0x0000, 0x0000, 0x0000, 0x0841, 0x2104, 0x2104, 0x18e3, 0x3165, 0x4a69,
		0x4208, 0x2945, 0x18e3, 0x2104, 0x2104, 0x0020, 0x0000, 0x0000, 0x0000, 0x0000, 0x0000, 0x0000, 0x0000, 0x0800, 0x0800, 0x1800, 0x2800, 0x4000, 0x5800, 0xe841, 0xf861, 0xd821, 0x6800, 0x4000, 0x6800, 0xe841, 0xf841, 0xf821, 0xf821, 0xf821, 0xf821, 0xf821, 0xf821, 0xf821, 0xf821, 0xf821, 0xf821, 0xf821, 0xf821, 0xf821, 0xf821, 0xf821, 0xf821, 0xf821, 0xf821, 0xf821, 0xf821, 0xf821, 0xf821, 0xf821, 0xf821, 0xf821, 0xf841, 0xf862, 0x8000, 0x4800, 0x4800, 0xb020, 0xf041, 0xf862, 0xa000, 0x5000, 0x3000, 0x2000, 0x1000, 0x0800, 0x0000, 0x0000, 0x0000, 0x0000, 0x0000, 0x0000, 0x0000, 0x0000, 0x0841, 0x2104, 0x2104, 0x18e3, 0x3165, 0x4a69,
		0x4208, 0x2945, 0x18e3, 0x2104, 0x2104, 0x0020, 0x0000, 0x0000, 0x0000, 0x0000, 0x0000, 0x0000, 0x0000, 0x0800, 0x1000, 0x1800, 0x3000, 0x5800, 0xb800, 0xf841, 0xf841, 0xf882, 0x9820, 0x5800, 0x6000, 0x9000, 0xe021, 0xf882, 0xf882, 0xf862, 0xf862, 0xf862, 0xf862, 0xf862, 0xf882, 0xf882, 0xf882, 0xf882, 0xf862, 0xf862, 0xf862, 0xf862, 0xf862, 0xf862, 0xf882, 0xf882, 0xf862, 0xf862, 0xf862, 0xf862, 0xf862, 0xf862, 0xf862, 0xb800, 0x6000, 0x4800, 0x5800, 0xe862, 0xf862, 0xf821, 0xf821, 0xa000, 0x3000, 0x2000, 0x1800, 0x0800, 0x0800, 0x0000, 0x0000, 0x0000, 0x0000, 0x0000, 0x0000, 0x0000, 0x0841, 0x2104, 0x2104, 0x18e3, 0x3165, 0x4a49,
		0x4208, 0x2945, 0x18e3, 0x2104, 0x2104, 0x0020, 0x0000, 0x0000, 0x0000, 0x0000, 0x0000, 0x0000, 0x0800, 0x0800, 0x1800, 0x2800, 0x1800, 0x8020, 0xf862, 0xf821, 0xf821, 0xf841, 0xf841, 0xb820, 0x3800, 0x4800, 0x9820, 0xd861, 0xd041, 0xd041, 0xd041, 0xd041, 0xd041, 0xd041, 0xd041, 0xd041, 0xd041, 0xd041, 0xd041, 0xd041, 0xd041, 0xd041, 0xd041, 0xd041, 0xd041, 0xd041, 0xd041, 0xd041, 0xd041, 0xd041, 0xd041, 0xd841, 0xc021, 0x5000, 0x4800, 0x6800, 0xd821, 0xf861, 0xf821, 0xf800, 0xf862, 0xe041, 0x3000, 0x3000, 0x2000, 0x1000, 0x0800, 0x0000, 0x0000, 0x0000, 0x0000, 0x0000, 0x0000, 0x0000, 0x0841, 0x2104, 0x2104, 0x18e3, 0x3165, 0x4a69,
		0x4228, 0x2945, 0x18e3, 0x2104, 0x2104, 0x0020, 0x0000, 0x0000, 0x0000, 0x0000, 0x0000, 0x0000, 0x0800, 0x0800, 0x2000, 0x4800, 0x8000, 0xd041, 0xf882, 0xf821, 0xf800, 0xf800, 0xf882, 0xe062, 0x7800, 0x6000, 0x5800, 0x4800, 0x5000, 0x5000, 0x5000, 0x5000, 0x5000, 0x4800, 0x4800, 0x4800, 0x4800, 0x5000, 0x5000, 0x5000, 0x5000, 0x5000, 0x5000, 0x5000, 0x5000, 0x4800, 0x5000, 0x5000, 0x5000, 0x5000, 0x4800, 0x5000, 0x4800, 0x5000, 0x4800, 0xb841, 0xf882, 0xf821, 0xf800, 0xf800, 0xf862, 0xf041, 0xa820, 0x5800, 0x2000, 0x1000, 0x0800, 0x0000, 0x0000, 0x0000, 0x0000, 0x0000, 0x0000, 0x0000, 0x0841, 0x2104, 0x2104, 0x18e3, 0x3165, 0x4a69,
		0x4228, 0x2945, 0x18e3, 0x2104, 0x2104, 0x0020, 0x0000, 0x0000, 0x0000, 0x0000, 0x0000, 0x0000, 0x0800, 0x1000, 0x2000, 0x4800, 0xf041, 0xf842, 0xf821, 0xf801, 0xf800, 0xf801, 0xf821, 0xf841, 0xf861, 0x7800, 0x3000, 0x3000, 0x3000, 0x3000, 0x2800, 0x2800, 0x2800, 0x2800, 0x2800, 0x2800, 0x2800, 0x2800, 0x2800, 0x2800, 0x2800, 0x2800, 0x2800, 0x2800, 0x2800, 0x2800, 0x2800, 0x2800, 0x2800, 0x2800, 0x3000, 0x2800, 0x3000, 0x5800, 0xd041, 0xf861, 0xf821, 0xf801, 0xf800, 0xf800, 0xf821, 0xf841, 0xf882, 0x6820, 0x2000, 0x1800, 0x0800, 0x0800, 0x0000, 0x0000, 0x0000, 0x0000, 0x0000, 0x0000, 0x0841, 0x2104, 0x2104, 0x18e3, 0x3186, 0x4a69,
		0x4228, 0x2945, 0x18e3, 0x2104, 0x2104, 0x0020, 0x0000, 0x0000, 0x0000, 0x0000, 0x0000, 0x0000, 0x0800, 0x1000, 0x2000, 0x4800, 0xe841, 0xf862, 0xf800, 0xf800, 0xf800, 0xf800, 0xf800, 0xf841, 0xf882, 0x7020, 0x2800, 0x3000, 0x2000, 0x2000, 0x1800, 0x1800, 0x1800, 0x1800, 0x1800, 0x1800, 0x1800, 0x1800, 0x1800, 0x1800, 0x1800, 0x1800, 0x1800, 0x1800, 0x1800, 0x1800, 0x1800, 0x1800, 0x1800, 0x2000, 0x2000, 0x2800, 0x3000, 0x5000, 0xf062, 0xf862, 0xf800, 0xf800, 0xf800, 0xf800, 0xf800, 0xf841, 0xf862, 0x6800, 0x2000, 0x1800, 0x0800, 0x0800, 0x0000, 0x0000, 0x0000, 0x0000, 0x0000, 0x0000, 0x0841, 0x2104, 0x2104, 0x18e3, 0x3186, 0x4a69,
		0x4228, 0x2945, 0x20e3, 0x2104, 0x2104, 0x0020, 0x0000, 0x0000, 0x0000, 0x0000, 0x0000, 0x0800, 0x0800, 0x1800, 0x2800, 0x4000, 0xe041, 0xf862, 0xf801, 0xf800, 0xf801, 0xf800, 0xf800, 0xf841, 0xf882, 0x7000, 0x2800, 0x2800, 0x1800, 0x1000, 0x1000, 0x1000, 0x1000, 0x1000, 0x1000, 0x1000, 0x1000, 0x1000, 0x1000, 0x1000, 0x1000, 0x1000, 0x1000, 0x1000, 0x1000, 0x1000, 0x1000, 0x1000, 0x1000, 0x1000, 0x1800, 0x2000, 0x3000, 0x4800, 0xe841, 0xf841, 0xf800, 0xf800, 0xf800, 0xf800, 0xf800, 0xf841, 0xf862, 0x6800, 0x2000, 0x1800, 0x1000, 0x0800, 0x0000, 0x0000, 0x0000, 0x0000, 0x0000, 0x0000, 0x0841, 0x2104, 0x2104, 0x18e3, 0x3185, 0x4a69,
		0x4228, 0x2945, 0x18e3, 0x2104, 0x2104, 0x0020, 0x0000, 0x0000, 0x0000, 0x0000, 0x0000, 0x0800, 0x0800, 0x1800, 0x2800, 0x4000, 0xe041, 0xf862, 0xf800, 0xf800, 0xf800, 0xf800, 0xf800, 0xf841, 0xf862, 0x7000, 0x2800, 0x2000, 0x1000, 0x1000, 0x0800, 0x0800, 0x0800, 0x0800, 0x0800, 0x0800, 0x0800, 0x0800, 0x0800, 0x0800, 0x0800, 0x0800, 0x0800, 0x0800, 0x0800, 0x0800, 0x0800, 0x0800, 0x0800, 0x0800, 0x1000, 0x2000, 0x3000, 0x4800, 0xe841, 0xf841, 0xf800, 0xf800, 0xf800, 0xf800, 0xf800, 0xf841, 0xf862, 0x6800, 0x2000, 0x1800, 0x1000, 0x0800, 0x0000, 0x0000, 0x0000, 0x0000, 0x0000, 0x0000, 0x0841, 0x2104, 0x2104, 0x18e3, 0x3165, 0x4a49,
		0x4228, 0x2945, 0x18e3, 0x2104, 0x2104, 0x0020, 0x0000, 0x0000, 0x0000, 0x0000, 0x0000, 0x0800, 0x0800, 0x1800, 0x2800, 0x4000, 0xe041, 0xf862, 0xf801, 0xf800, 0xf800, 0xf800, 0xf800, 0xf841, 0xf862, 0x7000, 0x2800, 0x1800, 0x1000, 0x0800, 0x0000, 0x0000, 0x0000, 0x0000, 0x0000, 0x0000, 0x0000, 0x0000, 0x0000, 0x0000, 0x0000, 0x0000, 0x0000, 0x0000, 0x0000, 0x0000, 0x0000, 0x0000, 0x0000, 0x0800, 0x1000, 0x1800, 0x3000, 0x4800, 0xe841, 0xf842, 0xf801, 0xf800, 0xf801, 0xf801, 0xf800, 0xf841, 0xf862, 0x6800, 0x2000, 0x1800, 0x1000, 0x0800, 0x0000, 0x0000, 0x0000, 0x0000, 0x0000, 0x0000, 0x0841, 0x2104, 0x2104, 0x18e3, 0x2965, 0x4a49,
		0x4228, 0x2945, 0x18e3, 0x2104, 0x2104, 0x0020, 0x0000, 0x0000, 0x0000, 0x0000, 0x0000, 0x0800, 0x0800, 0x1800, 0x2800, 0x4000, 0xe041, 0xf862, 0xf800, 0xf800, 0xf801, 0xf800, 0xf800, 0xf841, 0xf882, 0x7000, 0x2800, 0x1800, 0x1000, 0x0800, 0x0000, 0x0000, 0x0000, 0x0000, 0x0000, 0x0000, 0x0000, 0x0000, 0x0000, 0x0000, 0x0000, 0x0000, 0x0000, 0x0000, 0x0000, 0x0000, 0x0000, 0x0000, 0x0000, 0x0800, 0x0800, 0x1800, 0x2800, 0x4800, 0xe841, 0xf842, 0xf801, 0xf800, 0xf801, 0xf801, 0xf800, 0xf841, 0xf862, 0x6800, 0x2000, 0x2000, 0x1000, 0x0800, 0x0000, 0x0000, 0x0000, 0x0000, 0x0000, 0x0000, 0x0841, 0x2104, 0x2104, 0x18e3, 0x2965, 0x4a49,
		0x4228, 0x2945, 0x18e3, 0x2104, 0x2104, 0x0020, 0x0000, 0x0000, 0x0000, 0x0000, 0x0000, 0x0800, 0x0800, 0x1800, 0x2800, 0x4800, 0xe041, 0xf862, 0xf800, 0xf800, 0xf801, 0xf801, 0xf800, 0xf841, 0xf862, 0x7000, 0x2000, 0x1800, 0x1000, 0x0800, 0x0000, 0x0000, 0x0000, 0x0000, 0x0000, 0x0000, 0x0000, 0x0000, 0x0000, 0x0000, 0x0000, 0x0000, 0x0000, 0x0000, 0x0000, 0x0000, 0x0000, 0x0000, 0x0000, 0x0800, 0x0800, 0x1800, 0x2800, 0x5000, 0xe841, 0xf842, 0xf801, 0xf801, 0xf800, 0xf800, 0xf800, 0xf841, 0xf862, 0x6800, 0x2000, 0x1800, 0x1000, 0x0800, 0x0000, 0x0000, 0x0000, 0x0000, 0x0000, 0x0000, 0x0841, 0x2104, 0x2104, 0x18e3, 0x2965, 0x4a49,
		0x4228, 0x2945, 0x18e3, 0x2104, 0x2104, 0x0020, 0x0000, 0x0000, 0x0000, 0x0000, 0x0000, 0x0800, 0x0800, 0x1800, 0x2800, 0x4800, 0xe041, 0xf842, 0xf800, 0xf800, 0xf800, 0xf800, 0xf800, 0xf841, 0xf862, 0x7000, 0x2000, 0x1800, 0x1000, 0x0800, 0x0000, 0x0000, 0x0000, 0x0000, 0x0000, 0x0000, 0x0000, 0x0000, 0x0000, 0x0000, 0x0000, 0x0000, 0x0000, 0x0000, 0x0000, 0x0000, 0x0000, 0x0000, 0x0000, 0x0800, 0x0800, 0x1800, 0x2800, 0x5000, 0xe841, 0xf842, 0xf801, 0xf801, 0xf800, 0xf800, 0xf800, 0xf841, 0xf862, 0x6800, 0x2000, 0x1800, 0x1000, 0x0800, 0x0000, 0x0000, 0x0000, 0x0000, 0x0000, 0x0000, 0x0841, 0x2104, 0x2104, 0x18e3, 0x2965, 0x4a49,
		0x4228, 0x2945, 0x18e3, 0x2104, 0x2104, 0x0020, 0x0000, 0x0000, 0x0000, 0x0000, 0x0000, 0x0800, 0x0800, 0x1800, 0x2800, 0x4800, 0xe041, 0xf842, 0xf801, 0xf800, 0xf800, 0xf800, 0xf800, 0xf841, 0xf862, 0x7000, 0x2000, 0x1800, 0x1000, 0x0800, 0x0000, 0x0000, 0x0000, 0x0000, 0x0000, 0x0000, 0x0000, 0x0000, 0x0000, 0x0000, 0x0000, 0x0000, 0x0000, 0x0000, 0x0000, 0x0000, 0x0000, 0x0000, 0x0000, 0x0800, 0x0800, 0x1800, 0x3000, 0x5000, 0xe841, 0xf862, 0xf801, 0xf800, 0xf801, 0xf800, 0xf800, 0xf841, 0xf862, 0x6800, 0x2000, 0x1800, 0x1000, 0x0800, 0x0000, 0x0000, 0x0000, 0x0000, 0x0000, 0x0000, 0x0841, 0x2104, 0x2104, 0x18e3, 0x2965, 0x4a49,
		0x4228, 0x2945, 0x18e3, 0x2104, 0x2104, 0x0020, 0x0000, 0x0000, 0x0000, 0x0000, 0x0000, 0x0000, 0x0800, 0x1800, 0x2800, 0x4000, 0xe041, 0xf862, 0xf801, 0xf800, 0xf800, 0xf800, 0xf800, 0xf841, 0xf862, 0x7000, 0x2000, 0x2000, 0x1000, 0x0800, 0x0000, 0x0000, 0x0000, 0x0000, 0x0000, 0x0000, 0x0000, 0x0000, 0x0000, 0x0000, 0x0000, 0x0000, 0x0000, 0x0000, 0x0000, 0x0000, 0x0000, 0x0000, 0x0000, 0x0800, 0x0800, 0x1800, 0x3000, 0x5000, 0xe861, 0xf862, 0xf801, 0xf800, 0xf801, 0xf800, 0xf800, 0xf841, 0xf862, 0x6800, 0x2000, 0x2000, 0x1000, 0x0800, 0x0000, 0x0000, 0x0000, 0x0000, 0x0000, 0x0000, 0x0841, 0x2104, 0x2104, 0x18e3, 0x3165, 0x4a49,
		0x4228, 0x2945, 0x18e3, 0x2104, 0x2104, 0x0020, 0x0000, 0x0000, 0x0000, 0x0000, 0x0000, 0x0000, 0x0800, 0x1800, 0x2800, 0x4800, 0xe041, 0xf862, 0xf801, 0xf800, 0xf800, 0xf800, 0xf800, 0xf841, 0xf862, 0x7000, 0x2000, 0x2000, 0x1000, 0x0800, 0x0000, 0x0000, 0x0000, 0x0000, 0x0000, 0x0000, 0x0000, 0x0000, 0x0000, 0x0000, 0x0000, 0x0000, 0x0000, 0x0000, 0x0000, 0x0000, 0x0000, 0x0000, 0x0000, 0x0800, 0x0800, 0x1800, 0x3000, 0x5000, 0xe862, 0xf862, 0xf801, 0xf800, 0xf800, 0xf800, 0xf800, 0xf841, 0xf862, 0x6800, 0x2000, 0x1800, 0x1000, 0x0800, 0x0000, 0x0000, 0x0000, 0x0000, 0x0000, 0x0000, 0x0841, 0x2104, 0x2104, 0x18e3, 0x2965, 0x4a49,
		0x4228, 0x2945, 0x18e3, 0x2104, 0x2104, 0x0020, 0x0000, 0x0000, 0x0000, 0x0000, 0x0000, 0x0000, 0x0800, 0x1800, 0x2800, 0x4800, 0xe041, 0xf862, 0xf801, 0xf800, 0xf800, 0xf800, 0xf800, 0xf841, 0xf862, 0x6800, 0x2000, 0x2000, 0x1000, 0x0800, 0x0000, 0x0000, 0x0000, 0x0000, 0x0000, 0x0000, 0x0000, 0x0000, 0x0000, 0x0000, 0x0000, 0x0000, 0x0000, 0x0000, 0x0000, 0x0000, 0x0000, 0x0000, 0x0000, 0x0800, 0x0800, 0x1800, 0x3000, 0x5000, 0xe862, 0xf862, 0xf800, 0xf800, 0xf800, 0xf800, 0xf800, 0xf841, 0xf862, 0x6800, 0x2000, 0x1800, 0x1000, 0x0800, 0x0000, 0x0000, 0x0000, 0x0000, 0x0000, 0x0000, 0x0841, 0x2104, 0x2104, 0x18e3, 0x2965, 0x4a49,
		0x4228, 0x2945, 0x18e3, 0x2104, 0x2104, 0x0020, 0x0000, 0x0000, 0x0000, 0x0000, 0x0000, 0x0800, 0x0800, 0x1800, 0x2800, 0x4800, 0xe041, 0xf862, 0xf801, 0xf800, 0xf801, 0xf800, 0xf800, 0xf841, 0xf862, 0x7000, 0x2000, 0x2000, 0x1000, 0x0800, 0x0000, 0x0000, 0x0000, 0x0000, 0x0000, 0x0000, 0x0000, 0x0000, 0x0000, 0x0000, 0x0000, 0x0000, 0x0000, 0x0000, 0x0000, 0x0000, 0x0000, 0x0000, 0x0000, 0x0800, 0x0800, 0x1800, 0x3000, 0x5000, 0xe841, 0xf862, 0xf801, 0xf800, 0xf800, 0xf801, 0xf800, 0xf841, 0xf862, 0x6800, 0x2000, 0x1800, 0x1000, 0x0800, 0x0000, 0x0000, 0x0000, 0x0000, 0x0000, 0x0000, 0x0841, 0x2104, 0x2104, 0x18e3, 0x3185, 0x4a49,
		0x4228, 0x2945, 0x18e3, 0x2104, 0x2104, 0x0020, 0x0000, 0x0000, 0x0000, 0x0000, 0x0000, 0x0800, 0x0800, 0x1800, 0x2800, 0x4800, 0xe041, 0xf862, 0xf801, 0xf800, 0xf800, 0xf800, 0xf800, 0xf841, 0xf862, 0x7000, 0x2800, 0x2000, 0x1000, 0x0800, 0x0000, 0x0000, 0x0000, 0x0000, 0x0000, 0x0000, 0x0000, 0x0000, 0x0000, 0x0000, 0x0000, 0x0000, 0x0000, 0x0000, 0x0000, 0x0000, 0x0000, 0x0000, 0x0000, 0x0800, 0x0800, 0x1800, 0x3000, 0x5000, 0xe841, 0xf842, 0xf801, 0xf800, 0xf801, 0xf801, 0xf800, 0xf841, 0xf862, 0x6800, 0x2000, 0x1800, 0x1000, 0x0800, 0x0000, 0x0000, 0x0000, 0x0000, 0x0000, 0x0000, 0x0841, 0x2104, 0x2104, 0x20e3, 0x3186, 0x4a49,
		0x4228, 0x2945, 0x18e3, 0x2104, 0x2104, 0x0020, 0x0000, 0x0000, 0x0000, 0x0000, 0x0000, 0x0000, 0x0800, 0x1800, 0x2800, 0x4000, 0xe041, 0xf862, 0xf801, 0xf800, 0xf800, 0xf800, 0xf800, 0xf841, 0xf862, 0x7000, 0x2800, 0x1800, 0x1000, 0x0800, 0x0000, 0x0000, 0x0000, 0x0000, 0x0000, 0x0000, 0x0000, 0x0000, 0x0000, 0x0000, 0x0000, 0x0000, 0x0000, 0x0000, 0x0000, 0x0000, 0x0000, 0x0000, 0x0000, 0x0800, 0x0800, 0x1800, 0x3000, 0x5000, 0xe841, 0xf841, 0xf800, 0xf800, 0xf800, 0xf800, 0xf800, 0xf841, 0xf862, 0x6800, 0x2000, 0x1800, 0x1000, 0x0800, 0x0000, 0x0000, 0x0000, 0x0000, 0x0000, 0x0000, 0x0841, 0x2104, 0x2104, 0x20e3, 0x3186, 0x4a49,
		0x4228, 0x2945, 0x18e3, 0x2104, 0x2104, 0x0020, 0x0000, 0x0000, 0x0000, 0x0000, 0x0000, 0x0000, 0x0800, 0x1800, 0x2800, 0x4800, 0xe041, 0xf842, 0xf800, 0xf800, 0xf801, 0xf800, 0xf800, 0xf841, 0xf862, 0x7000, 0x2800, 0x1800, 0x1000, 0x0800, 0x0000, 0x0000, 0x0000, 0x0000, 0x0000, 0x0000, 0x0000, 0x0000, 0x0000, 0x0000, 0x0000, 0x0000, 0x0000, 0x0000, 0x0000, 0x0000, 0x0000, 0x0000, 0x0000, 0x0800, 0x0800, 0x1800, 0x3000, 0x5000, 0xe841, 0xf841, 0xf801, 0xf800, 0xf800, 0xf800, 0xf800, 0xf841, 0xf862, 0x6800, 0x2000, 0x2000, 0x1000, 0x0800, 0x0000, 0x0000, 0x0000, 0x0000, 0x0000, 0x0000, 0x0841, 0x2104, 0x2104, 0x18e3, 0x3186, 0x4a49,
		0x4228, 0x2945, 0x18e3, 0x2104, 0x2104, 0x0020, 0x0000, 0x0000, 0x0000, 0x0000, 0x0000, 0x0000, 0x0800, 0x1800, 0x2800, 0x4000, 0xe041, 0xf842, 0xf800, 0xf800, 0xf800, 0xf800, 0xf800, 0xf841, 0xf862, 0x7000, 0x2800, 0x1800, 0x1000, 0x0800, 0x0000, 0x0000, 0x0000, 0x0000, 0x0000, 0x0000, 0x0000, 0x0000, 0x0000, 0x0000, 0x0000, 0x0000, 0x0000, 0x0000, 0x0000, 0x0000, 0x0000, 0x0000, 0x0000, 0x0800, 0x0800, 0x1800, 0x3000, 0x5000, 0xe861, 0xf842, 0xf801, 0xf801, 0xf801, 0xf801, 0xf800, 0xf821, 0xf862, 0x6800, 0x2000, 0x1800, 0x1000, 0x0800, 0x0000, 0x0000, 0x0000, 0x0000, 0x0000, 0x0000, 0x0841, 0x2104, 0x2104, 0x18e3, 0x3186, 0x4a69,
		0x4228, 0x2945, 0x18e3, 0x2104, 0x2104, 0x0020, 0x0000, 0x0000, 0x0000, 0x0000, 0x0000, 0x0000, 0x0800, 0x1800, 0x2800, 0x4800, 0xe041, 0xf862, 0xf801, 0xf800, 0xf800, 0xf800, 0xf800, 0xf841, 0xf862, 0x7000, 0x2000, 0x1800, 0x1000, 0x0800, 0x0000, 0x0000, 0x0000, 0x0000, 0x0000, 0x0000, 0x0000, 0x0000, 0x0000, 0x0000, 0x0000, 0x0000, 0x0000, 0x0000, 0x0000, 0x0000, 0x0000, 0x0000, 0x0000, 0x0800, 0x0800, 0x1800, 0x3000, 0x5000, 0xe862, 0xf862, 0xf801, 0xf800, 0xf801, 0xf801, 0xf800, 0xf821, 0xf862, 0x6800, 0x2000, 0x2000, 0x1000, 0x0800, 0x0000, 0x0000, 0x0000, 0x0000, 0x0000, 0x0000, 0x0841, 0x2104, 0x2104, 0x18e3, 0x3186, 0x4a69,
		0x4228, 0x2945, 0x18e3, 0x2104, 0x2104, 0x0020, 0x0000, 0x0000, 0x0000, 0x0000, 0x0000, 0x0000, 0x0800, 0x1800, 0x2800, 0x4800, 0xe841, 0xf862, 0xf801, 0xf800, 0xf801, 0xf800, 0xf800, 0xf841, 0xf862, 0x7000, 0x2000, 0x1800, 0x1000, 0x0800, 0x0000, 0x0000, 0x0000, 0x0000, 0x0000, 0x0000, 0x0000, 0x0000, 0x0000, 0x0000, 0x0000, 0x0000, 0x0000, 0x0000, 0x0000, 0x0000, 0x0000, 0x0000, 0x0000, 0x0800, 0x0800, 0x1800, 0x3000, 0x5000, 0xe842, 0xf862, 0xf801, 0xf800, 0xf800, 0xf800, 0xf800, 0xf821, 0xf862, 0x6800, 0x2000, 0x1800, 0x1000, 0x0800, 0x0000, 0x0000, 0x0000, 0x0000, 0x0000, 0x0000, 0x0841, 0x2104, 0x2104, 0x18e3, 0x3186, 0x4a69,
		0x4228, 0x2945, 0x18e3, 0x2104, 0x2104, 0x0020, 0x0000, 0x0000, 0x0000, 0x0000, 0x0000, 0x0000, 0x0800, 0x1800, 0x2800, 0x4800, 0xe841, 0xf862, 0xf800, 0xf800, 0xf800, 0xf800, 0xf800, 0xf841, 0xf862, 0x7000, 0x2000, 0x1800, 0x1000, 0x0800, 0x0000, 0x0000, 0x0000, 0x0000, 0x0000, 0x0000, 0x0000, 0x0000, 0x0000, 0x0000, 0x0000, 0x0000, 0x0000, 0x0000, 0x0000, 0x0000, 0x0000, 0x0000, 0x0000, 0x0800, 0x0800, 0x1800, 0x2800, 0x5000, 0xe841, 0xf842, 0xf800, 0xf800, 0xf800, 0xf800, 0xf800, 0xf841, 0xf862, 0x6800, 0x2000, 0x1800, 0x1000, 0x0800, 0x0000, 0x0000, 0x0000, 0x0000, 0x0000, 0x0000, 0x0841, 0x2104, 0x2104, 0x20e3, 0x3186, 0x4a69,
		0x4a28, 0x2945, 0x18e3, 0x2104, 0x2104, 0x0020, 0x0000, 0x0000, 0x0000, 0x0000, 0x0000, 0x0000, 0x0800, 0x1800, 0x2800, 0x4800, 0xe041, 0xf862, 0xf800, 0xf800, 0xf800, 0xf800, 0xf800, 0xf841, 0xf862, 0x7000, 0x2000, 0x1800, 0x1000, 0x0800, 0x0000, 0x0000, 0x0000, 0x0000, 0x0000, 0x0000, 0x0000, 0x0000, 0x0000, 0x0000, 0x0000, 0x0000, 0x0000, 0x0000, 0x0000, 0x0000, 0x0000, 0x0000, 0x0000, 0x0800, 0x0800, 0x1800, 0x3000, 0x5000, 0xe841, 0xf842, 0xf801, 0xf800, 0xf800, 0xf800, 0xf801, 0xf841, 0xf862, 0x7000, 0x2000, 0x2000, 0x1000, 0x0800, 0x0000, 0x0000, 0x0000, 0x0000, 0x0000, 0x0000, 0x0841, 0x2104, 0x2104, 0x18e3, 0x3186, 0x4a69,
		0x4a28, 0x2945, 0x18e3, 0x2104, 0x2104, 0x0020, 0x0000, 0x0000, 0x0000, 0x0000, 0x0000, 0x0000, 0x0800, 0x1800, 0x2800, 0x4800, 0xe041, 0xf842, 0xf800, 0xf800, 0xf800, 0xf800, 0xf800, 0xf841, 0xf862, 0x7000, 0x2000, 0x1800, 0x1000, 0x0800, 0x0000, 0x0000, 0x0000, 0x0000, 0x0000, 0x0000, 0x0000, 0x0000, 0x0000, 0x0000, 0x0000, 0x0000, 0x0000, 0x0000, 0x0000, 0x0000, 0x0000, 0x0000, 0x0000, 0x0800, 0x0800, 0x1800, 0x3000, 0x5000, 0xe862, 0xf862, 0xf801, 0xf800, 0xf800, 0xf800, 0xf800, 0xf841, 0xf862, 0x7000, 0x2000, 0x2000, 0x1000, 0x0800, 0x0000, 0x0000, 0x0000, 0x0000, 0x0000, 0x0000, 0x0841, 0x2104, 0x2104, 0x18e3, 0x3165, 0x4a69,
		0x4a28, 0x2945, 0x18e3, 0x2104, 0x2104, 0x0020, 0x0000, 0x0000, 0x0000, 0x0000, 0x0000, 0x0800, 0x0800, 0x1800, 0x2800, 0x4800, 0xe041, 0xf862, 0xf800, 0xf800, 0xf800, 0xf800, 0xf800, 0xf841, 0xf862, 0x7000, 0x2000, 0x1800, 0x1000, 0x0800, 0x0000, 0x0000, 0x0000, 0x0000, 0x0000, 0x0000, 0x0000, 0x0000, 0x0000, 0x0000, 0x0000, 0x0000, 0x0000, 0x0000, 0x0000, 0x0000, 0x0000, 0x0000, 0x0000, 0x0800, 0x0800, 0x1800, 0x3000, 0x5000, 0xe841, 0xf862, 0xf800, 0xf800, 0xf800, 0xf800, 0xf800, 0xf841, 0xf862, 0x7000, 0x2000, 0x1800, 0x1000, 0x0800, 0x0000, 0x0000, 0x0000, 0x0000, 0x0000, 0x0000, 0x0841, 0x2104, 0x2104, 0x18e3, 0x2965, 0x4a69,
		0x4a28, 0x2945, 0x18e3, 0x2104, 0x2104, 0x0020, 0x0000, 0x0000, 0x0000, 0x0000, 0x0000, 0x0800, 0x0800, 0x1800, 0x2800, 0x4800, 0xe041, 0xf862, 0xf800, 0xf800, 0xf800, 0xf800, 0xf800, 0xf841, 0xf862, 0x7000, 0x2000, 0x1800, 0x1000, 0x0800, 0x0000, 0x0000, 0x0000, 0x0000, 0x0000, 0x0000, 0x0000, 0x0000, 0x0000, 0x0000, 0x0000, 0x0000, 0x0000, 0x0000, 0x0000, 0x0000, 0x0000, 0x0000, 0x0000, 0x0800, 0x0800, 0x1800, 0x3000, 0x5000, 0xe841, 0xf842, 0xf800, 0xf800, 0xf800, 0xf800, 0xf800, 0xf841, 0xf862, 0x7000, 0x2000, 0x1800, 0x1000, 0x0800, 0x0000, 0x0000, 0x0000, 0x0000, 0x0000, 0x0000, 0x0841, 0x2104, 0x2104, 0x18e3, 0x3186, 0x4a69,
		0x4a28, 0x2945, 0x18e3, 0x2104, 0x2104, 0x0020, 0x0000, 0x0000, 0x0000, 0x0000, 0x0000, 0x0800, 0x0800, 0x1800, 0x2800, 0x4800, 0xe041, 0xf862, 0xf800, 0xf800, 0xf800, 0xf800, 0xf800, 0xf841, 0xf862, 0x7000, 0x2000, 0x1800, 0x1000, 0x0800, 0x0000, 0x0000, 0x0000, 0x0000, 0x0000, 0x0000, 0x0000, 0x0000, 0x0000, 0x0000, 0x0000, 0x0000, 0x0000, 0x0000, 0x0000, 0x0000, 0x0000, 0x0000, 0x0000, 0x0800, 0x0800, 0x1800, 0x2800, 0x5000, 0xe862, 0xf862, 0xf801, 0xf800, 0xf800, 0xf800, 0xf800, 0xf841, 0xf862, 0x7000, 0x2000, 0x1800, 0x1000, 0x0800, 0x0000, 0x0000, 0x0000, 0x0000, 0x0000, 0x0000, 0x0841, 0x2104, 0x2104, 0x18e3, 0x3186, 0x4a69,
		0x4a28, 0x2945, 0x18e3, 0x2104, 0x2104, 0x0020, 0x0000, 0x0000, 0x0000, 0x0000, 0x0000, 0x0800, 0x0800, 0x1800, 0x2800, 0x4800, 0xe041, 0xf862, 0xf800, 0xf800, 0xf800, 0xf800, 0xf800, 0xf841, 0xf862, 0x7000, 0x2000, 0x1800, 0x0800, 0x0800, 0x0000, 0x0000, 0x0000, 0x0000, 0x0000, 0x0000, 0x0000, 0x0000, 0x0000, 0x0000, 0x0000, 0x0000, 0x0000, 0x0000, 0x0000, 0x0000, 0x0000, 0x0000, 0x0000, 0x0800, 0x0800, 0x1800, 0x2800, 0x5000, 0xe841, 0xf862, 0xf801, 0xf800, 0xf801, 0xf800, 0xf800, 0xf841, 0xf862, 0x7000, 0x2000, 0x2000, 0x1000, 0x0800, 0x0000, 0x0000, 0x0000, 0x0000, 0x0000, 0x0000, 0x0841, 0x2104, 0x2104, 0x18e3, 0x3186, 0x4a69,
		0x4a28, 0x2945, 0x18e3, 0x2104, 0x2104, 0x0020, 0x0000, 0x0000, 0x0000, 0x0000, 0x0000, 0x0800, 0x0800, 0x1800, 0x2800, 0x4800, 0xe041, 0xf862, 0xf800, 0xf800, 0xf800, 0xf801, 0xf800, 0xf841, 0xf882, 0x7000, 0x2000, 0x1800, 0x1000, 0x0800, 0x0000, 0x0000, 0x0000, 0x0000, 0x0000, 0x0000, 0x0000, 0x0000, 0x0000, 0x0000, 0x0000, 0x0000, 0x0000, 0x0000, 0x0000, 0x0000, 0x0000, 0x0000, 0x0000, 0x0800, 0x0800, 0x1800, 0x2800, 0x5000, 0xe841, 0xf842, 0xf801, 0xf801, 0xf801, 0xf801, 0xf800, 0xf841, 0xf862, 0x7000, 0x2000, 0x2000, 0x1000, 0x0800, 0x0000, 0x0000, 0x0000, 0x0000, 0x0000, 0x0000, 0x0841, 0x2104, 0x2104, 0x18e3, 0x3186, 0x4a69,
		0x4a49, 0x2945, 0x18e3, 0x2104, 0x2104, 0x0020, 0x0000, 0x0000, 0x0000, 0x0000, 0x0000, 0x0800, 0x0800, 0x1800, 0x2800, 0x4800, 0xe041, 0xf862, 0xf801, 0xf800, 0xf801, 0xf801, 0xf800, 0xf841, 0xf882, 0x7000, 0x2000, 0x1800, 0x1000, 0x0800, 0x0800, 0x0000, 0x0800, 0x0800, 0x0800, 0x0800, 0x0800, 0x0800, 0x0800, 0x0800, 0x0800, 0x0800, 0x0800, 0x0800, 0x0800, 0x0800, 0x0800, 0x0000, 0x0000, 0x0800, 0x0800, 0x1800, 0x2800, 0x5000, 0xf041, 0xf842, 0xf801, 0xf801, 0xf801, 0xf800, 0xf800, 0xf841, 0xf862, 0x7000, 0x2000, 0x1800, 0x1000, 0x0800, 0x0000, 0x0000, 0x0000, 0x0000, 0x0000, 0x0000, 0x0841, 0x2104, 0x2104, 0x18e3, 0x3186, 0x4a69,
		0x4a28, 0x2945, 0x18e3, 0x2104, 0x2104, 0x0020, 0x0000, 0x0000, 0x0000, 0x0000, 0x0000, 0x0800, 0x0800, 0x1800, 0x2800, 0x4800, 0xe041, 0xf862, 0xf800, 0xf800, 0xf800, 0xf800, 0xf800, 0xf841, 0xf882, 0x7000, 0x2000, 0x2000, 0x1000, 0x1000, 0x0800, 0x0800, 0x0800, 0x0800, 0x0800, 0x0800, 0x0800, 0x0800, 0x0800, 0x0800, 0x0800, 0x0800, 0x0800, 0x0800, 0x0800, 0x0800, 0x0800, 0x0800, 0x0800, 0x1000, 0x1000, 0x2000, 0x3000, 0x5000, 0xf041, 0xf842, 0xf801, 0xf800, 0xf801, 0xf801, 0xf800, 0xf841, 0xf862, 0x6800, 0x2000, 0x1800, 0x1000, 0x0800, 0x0000, 0x0000, 0x0000, 0x0000, 0x0000, 0x0000, 0x0841, 0x2104, 0x2104, 0x2103, 0x3186, 0x4a69,
		0x4228, 0x2945, 0x2104, 0x2104, 0x2104, 0x0020, 0x0000, 0x0000, 0x0000, 0x0000, 0x0000, 0x0000, 0x0800, 0x1000, 0x2800, 0x4800, 0xe041, 0xf862, 0xf801, 0xf800, 0xf800, 0xf801, 0xf800, 0xf841, 0xf862, 0x7000, 0x2800, 0x2800, 0x1800, 0x1800, 0x1800, 0x1000, 0x1800, 0x1800, 0x1800, 0x1800, 0x1800, 0x1800, 0x1800, 0x1800, 0x1800, 0x1000, 0x1800, 0x1800, 0x1800, 0x1800, 0x1800, 0x1800, 0x1800, 0x1800, 0x1800, 0x2000, 0x3800, 0x5000, 0xe862, 0xf842, 0xf801, 0xf800, 0xf801, 0xf801, 0xf800, 0xf841, 0xf862, 0x6800, 0x1800, 0x1800, 0x0800, 0x0800, 0x0000, 0x0000, 0x0000, 0x0000, 0x0000, 0x0000, 0x0841, 0x2104, 0x2104, 0x2103, 0x3186, 0x4a49,
		0x4228, 0x2945, 0x20e4, 0x2104, 0x2104, 0x0020, 0x0000, 0x0000, 0x0000, 0x0000, 0x0000, 0x0000, 0x0800, 0x1000, 0x2000, 0x4800, 0xe041, 0xf862, 0xf800, 0xf800, 0xf800, 0xf801, 0xf800, 0xf841, 0xf882, 0x7800, 0x3000, 0x3000, 0x2800, 0x2800, 0x2800, 0x2800, 0x2800, 0x2800, 0x2800, 0x2800, 0x2800, 0x2800, 0x2800, 0x2800, 0x2800, 0x2800, 0x2800, 0x2800, 0x2800, 0x2800, 0x2800, 0x2800, 0x2800, 0x2800, 0x2800, 0x3000, 0x3800, 0x6800, 0xf862, 0xf862, 0xf800, 0xf800, 0xf801, 0xf800, 0xf800, 0xf841, 0xf862, 0x6800, 0x1800, 0x1800, 0x0800, 0x0800, 0x0000, 0x0000, 0x0000, 0x0000, 0x0000, 0x0000, 0x0841, 0x2104, 0x2104, 0x18e3, 0x3186, 0x4a49,
		0x4228, 0x2945, 0x18e3, 0x2104, 0x2104, 0x0020, 0x0000, 0x0000, 0x0000, 0x0000, 0x0000, 0x0000, 0x0800, 0x1000, 0x2000, 0x4800, 0xf041, 0xf842, 0xf800, 0xf800, 0xf800, 0xf801, 0xf821, 0xf841, 0xe062, 0x7800, 0x3800, 0x3000, 0x3800, 0x3000, 0x3000, 0x3000, 0x3000, 0x3000, 0x3000, 0x3000, 0x3000, 0x3000, 0x3000, 0x3000, 0x3800, 0x3000, 0x3000, 0x3000, 0x3000, 0x3000, 0x3000, 0x3000, 0x3000, 0x3000, 0x3800, 0x3000, 0x3800, 0x6800, 0xd041, 0xf841, 0xf821, 0xf801, 0xf800, 0xf800, 0xf800, 0xf841, 0xf882, 0x7020, 0x1800, 0x1000, 0x0800, 0x0000, 0x0000, 0x0000, 0x0000, 0x0000, 0x0000, 0x0000, 0x0841, 0x2104, 0x2104, 0x18e3, 0x3165, 0x4a49,
		0x4228, 0x2945, 0x18e3, 0x2104, 0x2104, 0x0020, 0x0000, 0x0000, 0x0000, 0x0000, 0x0000, 0x0000, 0x0800, 0x0800, 0x1800, 0x4000, 0xb021, 0xe021, 0xf841, 0xf821, 0xf800, 0xf800, 0xf882, 0xf062, 0x6800, 0x3800, 0x6000, 0xa820, 0x9820, 0x9000, 0x9000, 0x9020, 0x9000, 0x9000, 0x9000, 0x9020, 0x8820, 0x8820, 0x8820, 0x9020, 0x9020, 0x9020, 0x9000, 0x9000, 0x9020, 0x9020, 0x9020, 0x9020, 0x9020, 0x9020, 0x9020, 0xa020, 0x8000, 0x3000, 0x3800, 0xc021, 0xf882, 0xf821, 0xf800, 0xf800, 0xf841, 0xf041, 0xc841, 0x5800, 0x1800, 0x1000, 0x0800, 0x0000, 0x0000, 0x0000, 0x0000, 0x0000, 0x0000, 0x0000, 0x0841, 0x2104, 0x2104, 0x18e3, 0x3185, 0x4a49,
		0x4a28, 0x2945, 0x2103, 0x2104, 0x2104, 0x0020, 0x0000, 0x0000, 0x0000, 0x0000, 0x0000, 0x0000, 0x0000, 0x0800, 0x1800, 0x3800, 0x2000, 0xa020, 0xf882, 0xf821, 0xf800, 0xf841, 0xe862, 0xb021, 0x5000, 0x4000, 0x9820, 0xf862, 0xf862, 0xf862, 0xf862, 0xf862, 0xf862, 0xf862, 0xf862, 0xf862, 0xf862, 0xf862, 0xf862, 0xf862, 0xf862, 0xf862, 0xf862, 0xf862, 0xf862, 0xf862, 0xf862, 0xf862, 0xf862, 0xf862, 0xf862, 0xf862, 0xd041, 0x5800, 0x4800, 0x8820, 0xf062, 0xf861, 0xf821, 0xf800, 0xf882, 0xe041, 0x3000, 0x2800, 0x2000, 0x0800, 0x0800, 0x0000, 0x0000, 0x0000, 0x0000, 0x0000, 0x0000, 0x0000, 0x0841, 0x2104, 0x2104, 0x18e3, 0x3165, 0x4a49,
		0x4228, 0x2945, 0x20e3, 0x2104, 0x2104, 0x0020, 0x0000, 0x0000, 0x0000, 0x0000, 0x0000, 0x0000, 0x0000, 0x0800, 0x1000, 0x2000, 0x3000, 0x7800, 0xe021, 0xf821, 0xf841, 0xf882, 0xa020, 0x4000, 0x5000, 0xb020, 0xf041, 0xf841, 0xf841, 0xf841, 0xf841, 0xf841, 0xf841, 0xf841, 0xf841, 0xf841, 0xf841, 0xf841, 0xf841, 0xf841, 0xf841, 0xf841, 0xf841, 0xf841, 0xf841, 0xf841, 0xf841, 0xf841, 0xf841, 0xf841, 0xf841, 0xf841, 0xf841, 0xe820, 0x5000, 0x4800, 0x7000, 0xf862, 0xf862, 0xf821, 0xf841, 0xa000, 0x3000, 0x2000, 0x1000, 0x0800, 0x0800, 0x0000, 0x0000, 0x0000, 0x0000, 0x0000, 0x0000, 0x0000, 0x0841, 0x2104, 0x2104, 0x18e3, 0x2965, 0x4a49,
		0x4228, 0x2945, 0x18e3, 0x2104, 0x2104, 0x0020, 0x0000, 0x0000, 0x0000, 0x0000, 0x0000, 0x0000, 0x0000, 0x0000, 0x0800, 0x1800, 0x3000, 0x4800, 0x8800, 0xf842, 0xf861, 0xe021, 0x7000, 0x5000, 0x6000, 0xe062, 0xf862, 0xf800, 0xf800, 0xf800, 0xf800, 0xf800, 0xf800, 0xf800, 0xf800, 0xf800, 0xf800, 0xf800, 0xf800, 0xf800, 0xf800, 0xf800, 0xf800, 0xf800, 0xf800, 0xf800, 0xf800, 0xf800, 0xf800, 0xf800, 0xf800, 0xf800, 0xf841, 0xf082, 0x7000, 0x5000, 0x5000, 0xc021, 0xf841, 0xf862, 0xa800, 0x6000, 0x3000, 0x1800, 0x1000, 0x0800, 0x0000, 0x0000, 0x0000, 0x0000, 0x0000, 0x0000, 0x0000, 0x0000, 0x0841, 0x2104, 0x2104, 0x18e3, 0x3165, 0x4a49,
		0x4a28, 0x2945, 0x18e3, 0x2104, 0x2104, 0x0020, 0x0000, 0x0000, 0x0000, 0x0000, 0x0000, 0x0000, 0x0000, 0x0000, 0x0800, 0x1000, 0x2800, 0x3800, 0x3800, 0xf862, 0xf841, 0x6000, 0x4000, 0x6800, 0xc020, 0xf841, 0xf841, 0xf800, 0xf800, 0xf800, 0xf801, 0xf800, 0xf800, 0xf800, 0xf800, 0xf800, 0xf800, 0xf800, 0xf800, 0xf800, 0xf800, 0xf800, 0xf800, 0xf800, 0xf800, 0xf800, 0xf800, 0xf800, 0xf800, 0xf800, 0xf800, 0xf800, 0xf821, 0xf841, 0xf821, 0x9000, 0x4000, 0x4000, 0xb821, 0xf882, 0x5800, 0x2000, 0x2800, 0x1000, 0x0800, 0x0000, 0x0000, 0x0000, 0x0000, 0x0000, 0x0000, 0x0000, 0x0000, 0x0000, 0x0841, 0x2104, 0x2104, 0x18e3, 0x3185, 0x4a49,
		0x4a28, 0x2945, 0x18e3, 0x2104, 0x2104, 0x0020, 0x0000, 0x0000, 0x0000, 0x0000, 0x0000, 0x0000, 0x0000, 0x0000, 0x0800, 0x0800, 0x1800, 0x2800, 0x4000, 0xa820, 0xa020, 0x3000, 0x5000, 0xa820, 0xf882, 0xf821, 0xf800, 0xf800, 0xf800, 0xf800, 0xf801, 0xf801, 0xf801, 0xf800, 0xf800, 0xf800, 0xf800, 0xf800, 0xf800, 0xf800, 0xf801, 0xf800, 0xf800, 0xf800, 0xf800, 0xf800, 0xf800, 0xf801, 0xf801, 0xf800, 0xf800, 0xf800, 0xf800, 0xf800, 0xf882, 0xd841, 0x5800, 0x3800, 0x7000, 0xb021, 0x5000, 0x2800, 0x1000, 0x0800, 0x0800, 0x0000, 0x0000, 0x0000, 0x0000, 0x0000, 0x0000, 0x0000, 0x0000, 0x0000, 0x0841, 0x2104, 0x2104, 0x18e3, 0x3186, 0x4a69,
		0x4a28, 0x2945, 0x18e3, 0x2104, 0x2104, 0x0020, 0x0000, 0x0000, 0x0000, 0x0000, 0x0000, 0x0000, 0x0000, 0x0000, 0x0000, 0x0800, 0x1000, 0x1800, 0x3800, 0x2800, 0x3800, 0x4000, 0xb800, 0xf841, 0xf862, 0xf821, 0xf800, 0xf800, 0xf800, 0xf800, 0xf801, 0xf801, 0xf801, 0xf800, 0xf800, 0xf800, 0xf800, 0xf800, 0xf800, 0xf801, 0xf801, 0xf800, 0xf800, 0xf801, 0xf801, 0xf800, 0xf801, 0xf801, 0xf800, 0xf800, 0xf800, 0xf800, 0xf800, 0xf801, 0xf841, 0xf841, 0xd800, 0x5800, 0x3800, 0x2800, 0x3800, 0x2000, 0x1000, 0x0800, 0x0000, 0x0000, 0x0000, 0x0000, 0x0000, 0x0000, 0x0000, 0x0000, 0x0000, 0x0000, 0x0841, 0x2104, 0x2104, 0x18e3, 0x3186, 0x4a69,
		0x4228, 0x2945, 0x2104, 0x2104, 0x2104, 0x0020, 0x0000, 0x0000, 0x0000, 0x0000, 0x0000, 0x0000, 0x0000, 0x0000, 0x0000, 0x0000, 0x0800, 0x1000, 0x1800, 0x2800, 0x3000, 0x4800, 0xf862, 0xf842, 0xf800, 0xf800, 0xf800, 0xf800, 0xf800, 0xf800, 0xf801, 0xf801, 0xf801, 0xf800, 0xf800, 0xf801, 0xf801, 0xf800, 0xf800, 0xf800, 0xf801, 0xf800, 0xf800, 0xf800, 0xf801, 0xf801, 0xf801, 0xf801, 0xf800, 0xf800, 0xf800, 0xf800, 0xf801, 0xf801, 0xf800, 0xf841, 0xf882, 0x7800, 0x2800, 0x3000, 0x2000, 0x1000, 0x0800, 0x0000, 0x0000, 0x0000, 0x0000, 0x0000, 0x0000, 0x0000, 0x0000, 0x0000, 0x0000, 0x0000, 0x0841, 0x2104, 0x2104, 0x18e3, 0x3186, 0x4a69,
		0x4228, 0x2945, 0x2104, 0x2104, 0x2104, 0x0020, 0x0000, 0x0000, 0x0000, 0x0000, 0x0000, 0x0000, 0x0000, 0x0000, 0x0000, 0x0000, 0x0800, 0x0800, 0x1000, 0x2800, 0x3000, 0x3800, 0xc041, 0xf021, 0xf821, 0xf801, 0xf800, 0xf800, 0xf800, 0xf800, 0xf800, 0xf800, 0xf800, 0xf800, 0xf800, 0xf801, 0xf801, 0xf801, 0xf800, 0xf800, 0xf800, 0xf800, 0xf800, 0xf800, 0xf800, 0xf801, 0xf801, 0xf801, 0xf800, 0xf800, 0xf800, 0xf800, 0xf801, 0xf801, 0xf821, 0xf841, 0xe041, 0x5800, 0x2800, 0x2800, 0x1000, 0x0800, 0x0800, 0x0000, 0x0000, 0x0000, 0x0000, 0x0000, 0x0000, 0x0000, 0x0000, 0x0000, 0x0000, 0x0000, 0x0841, 0x2104, 0x2104, 0x18e3, 0x3186, 0x4a69,
		0x4228, 0x2945, 0x2104, 0x2104, 0x2104, 0x0020, 0x0000, 0x0000, 0x0000, 0x0000, 0x0000, 0x0000, 0x0000, 0x0000, 0x0000, 0x0000, 0x0000, 0x0800, 0x0800, 0x1800, 0x2800, 0x3800, 0x3000, 0xb020, 0xf882, 0xf821, 0xf800, 0xf800, 0xf800, 0xf800, 0xf800, 0xf800, 0xf800, 0xf800, 0xf800, 0xf800, 0xf800, 0xf800, 0xf800, 0xf800, 0xf800, 0xf800, 0xf800, 0xf800, 0xf800, 0xf800, 0xf800, 0xf800, 0xf800, 0xf800, 0xf800, 0xf800, 0xf800, 0xf800, 0xf882, 0xe841, 0x5000, 0x3800, 0x2800, 0x1800, 0x0800, 0x0800, 0x0000, 0x0000, 0x0000, 0x0000, 0x0000, 0x0000, 0x0000, 0x0000, 0x0000, 0x0000, 0x0000, 0x0000, 0x0841, 0x2104, 0x2104, 0x18e3, 0x3186, 0x4a69,
		0x4228, 0x2945, 0x2103, 0x2104, 0x2104, 0x0020, 0x0000, 0x0000, 0x0000, 0x0000, 0x0000, 0x0000, 0x0000, 0x0000, 0x0000, 0x0000, 0x0000, 0x0000, 0x0800, 0x1000, 0x1800, 0x3000, 0x2000, 0x7820, 0xf841, 0xf821, 0xf821, 0xf821, 0xf821, 0xf821, 0xf821, 0xf821, 0xf821, 0xf821, 0xf821, 0xf821, 0xf821, 0xf821, 0xf821, 0xf821, 0xf821, 0xf821, 0xf821, 0xf821, 0xf821, 0xf821, 0xf821, 0xf821, 0xf821, 0xf821, 0xf821, 0xf821, 0xf821, 0xf821, 0xf841, 0xa020, 0x3000, 0x2800, 0x1800, 0x1000, 0x0800, 0x0000, 0x0000, 0x0000, 0x0000, 0x0000, 0x0000, 0x0000, 0x0000, 0x0000, 0x0000, 0x0000, 0x0000, 0x0000, 0x0841, 0x2104, 0x2104, 0x18e3, 0x3186, 0x4a69,
		0x4228, 0x2945, 0x18e3, 0x2104, 0x2104, 0x0020, 0x0000, 0x0000, 0x0000, 0x0000, 0x0000, 0x0000, 0x0000, 0x0000, 0x0000, 0x0000, 0x0000, 0x0000, 0x0000, 0x0800, 0x1000, 0x1800, 0x3000, 0x4000, 0x8000, 0xe861, 0xf862, 0xf862, 0xf862, 0xf882, 0xf882, 0xf862, 0xf862, 0xf862, 0xf862, 0xf862, 0xf862, 0xf862, 0xf862, 0xf862, 0xf862, 0xf862, 0xf862, 0xf862, 0xf862, 0xf862, 0xf862, 0xf862, 0xf862, 0xf862, 0xf862, 0xf862, 0xf862, 0xf862, 0xa000, 0x4800, 0x3000, 0x2000, 0x1000, 0x0800, 0x0000, 0x0000, 0x0000, 0x0000, 0x0000, 0x0000, 0x0000, 0x0000, 0x0000, 0x0000, 0x0000, 0x0000, 0x0000, 0x0000, 0x0841, 0x2104, 0x2104, 0x18e3, 0x3186, 0x4a69,
		0x4228, 0x2945, 0x18e3, 0x2104, 0x2104, 0x0020, 0x0000, 0x0000, 0x0000, 0x0000, 0x0000, 0x0000, 0x0000, 0x0000, 0x0000, 0x0000, 0x0000, 0x0000, 0x0000, 0x0800, 0x0800, 0x1000, 0x2000, 0x3000, 0x2800, 0xb841, 0xe061, 0xd841, 0xe061, 0xe061, 0xe041, 0xe041, 0xe041, 0xe041, 0xe041, 0xe041, 0xd841, 0xd841, 0xe041, 0xe041, 0xe041, 0xe041, 0xe041, 0xd841, 0xe041, 0xd841, 0xd841, 0xd841, 0xe041, 0xe041, 0xe041, 0xd841, 0xe841, 0xe041, 0x4800, 0x2800, 0x2000, 0x1000, 0x0800, 0x0800, 0x0000, 0x0000, 0x0000, 0x0000, 0x0000, 0x0000, 0x0000, 0x0000, 0x0000, 0x0000, 0x0000, 0x0000, 0x0000, 0x0000, 0x0841, 0x2104, 0x2104, 0x18e3, 0x3186, 0x4a69,
		0x4228, 0x2945, 0x18e3, 0x2104, 0x2104, 0x0020, 0x0000, 0x0000, 0x0000, 0x0000, 0x0000, 0x0000, 0x0000, 0x0000, 0x0000, 0x0000, 0x0000, 0x0000, 0x0000, 0x0000, 0x0800, 0x0800, 0x1000, 0x2000, 0x3800, 0x5000, 0x5000, 0x4800, 0x4800, 0x4800, 0x4800, 0x5000, 0x5000, 0x5000, 0x5000, 0x5000, 0x4800, 0x4800, 0x5000, 0x5000, 0x5000, 0x5000, 0x4800, 0x4800, 0x4800, 0x5000, 0x4800, 0x5000, 0x5000, 0x5000, 0x5000, 0x4800, 0x5000, 0x5000, 0x3000, 0x2000, 0x1000, 0x0800, 0x0800, 0x0000, 0x0000, 0x0000, 0x0000, 0x0000, 0x0000, 0x0000, 0x0000, 0x0000, 0x0000, 0x0000, 0x0000, 0x0000, 0x0000, 0x0000, 0x0840, 0x2104, 0x2104, 0x18e3, 0x3186, 0x4a69,
		0x4228, 0x2945, 0x18e3, 0x2104, 0x2104, 0x0861, 0x0000, 0x0000, 0x0000, 0x0000, 0x0000, 0x0000, 0x0000, 0x0000, 0x0000, 0x0000, 0x0000, 0x0000, 0x0000, 0x0000, 0x0000, 0x0800, 0x1000, 0x1800, 0x2000, 0x2000, 0x2000, 0x2800, 0x2800, 0x2800, 0x2800, 0x2800, 0x2800, 0x2800, 0x2800, 0x2800, 0x2800, 0x2800, 0x2800, 0x2800, 0x2800, 0x2800, 0x2800, 0x2800, 0x2800, 0x2800, 0x2800, 0x2800, 0x2800, 0x2800, 0x2800, 0x2800, 0x2000, 0x1800, 0x1800, 0x1800, 0x0800, 0x0800, 0x0000, 0x0000, 0x0000, 0x0000, 0x0000, 0x0000, 0x0000, 0x0000, 0x0000, 0x0000, 0x0000, 0x0000, 0x0000, 0x0000, 0x0000, 0x0020, 0x1082, 0x2124, 0x2104, 0x18e3, 0x3186, 0x4a69,
		0x4228, 0x2945, 0x18e3, 0x2104, 0x2104, 0x2124, 0x0861, 0x0000, 0x0000, 0x0000, 0x0000, 0x0000, 0x0000, 0x0000, 0x0000, 0x0000, 0x0000, 0x0000, 0x0000, 0x0000, 0x0000, 0x0000, 0x0800, 0x0800, 0x1000, 0x1000, 0x1800, 0x1800, 0x1800, 0x1800, 0x1800, 0x1800, 0x1800, 0x1800, 0x1800, 0x1800, 0x1800, 0x1800, 0x1800, 0x1800, 0x1800, 0x1800, 0x1800, 0x1800, 0x1800, 0x1800, 0x2000, 0x1800, 0x1800, 0x2000, 0x2000, 0x1800, 0x1800, 0x1000, 0x1000, 0x0800, 0x0800, 0x0000, 0x0000, 0x0000, 0x0000, 0x0000, 0x0000, 0x0000, 0x0000, 0x0000, 0x0000, 0x0000, 0x0000, 0x0000, 0x0000, 0x0000, 0x0000, 0x10a2, 0x2924, 0x2104, 0x2104, 0x18e3, 0x3186, 0x4a69,
		0x4228, 0x2945, 0x18e3, 0x2104, 0x2104, 0x2104, 0x18e3, 0x0861, 0x0000, 0x0000, 0x0000, 0x0000, 0x0000, 0x0000, 0x0000, 0x0000, 0x0000, 0x0000, 0x0000, 0x0000, 0x0000, 0x0000, 0x0000, 0x0800, 0x0800, 0x0800, 0x1000, 0x1000, 0x1000, 0x1000, 0x1000, 0x1000, 0x1000, 0x1000, 0x1000, 0x1000, 0x1000, 0x1000, 0x1000, 0x1000, 0x1000, 0x1000, 0x1000, 0x1000, 0x1000, 0x1000, 0x1000, 0x1000, 0x1000, 0x1000, 0x1000, 0x1000, 0x1000, 0x0800, 0x0800, 0x0800, 0x0000, 0x0000, 0x0000, 0x0000, 0x0000, 0x0000, 0x0000, 0x0000, 0x0000, 0x0000, 0x0000, 0x0000, 0x0000, 0x0000, 0x0000, 0x0020, 0x1082, 0x18e3, 0x2124, 0x2104, 0x2104, 0x18e3, 0x3165, 0x4a49,
		0x4228, 0x2945, 0x18e3, 0x2104, 0x2104, 0x2104, 0x2124, 0x20e3, 0x0000, 0x0000, 0x0000, 0x0000, 0x0000, 0x0000, 0x0000, 0x0000, 0x0000, 0x0000, 0x0000, 0x0000, 0x0000, 0x0000, 0x0000, 0x0000, 0x0000, 0x0800, 0x0800, 0x0800, 0x0800, 0x0800, 0x0800, 0x0800, 0x0800, 0x0800, 0x0800, 0x0800, 0x0800, 0x0800, 0x0800, 0x0800, 0x0800, 0x0800, 0x0800, 0x0800, 0x0800, 0x0800, 0x0800, 0x0800, 0x0800, 0x0800, 0x0800, 0x0800, 0x0800, 0x0800, 0x0000, 0x0000, 0x0000, 0x0000, 0x0000, 0x0000, 0x0000, 0x0000, 0x0000, 0x0000, 0x0000, 0x0000, 0x0000, 0x0000, 0x0000, 0x0000, 0x0000, 0x0820, 0x2124, 0x2104, 0x2104, 0x2104, 0x2104, 0x18e3, 0x3186, 0x4a69,
		0x4208, 0x2945, 0x2104, 0x2104, 0x2104, 0x2104, 0x2104, 0x2104, 0x18c2, 0x0020, 0x0000, 0x0000, 0x0000, 0x0000, 0x0000, 0x0000, 0x0000, 0x0000, 0x0000, 0x0000, 0x0000, 0x0000, 0x0000, 0x0000, 0x0000, 0x0000, 0x0000, 0x0000, 0x0000, 0x0000, 0x0000, 0x0000, 0x0000, 0x0000, 0x0000, 0x0000, 0x0000, 0x0000, 0x0000, 0x0000, 0x0000, 0x0000, 0x0000, 0x0000, 0x0000, 0x0000, 0x0000, 0x0000, 0x0000, 0x0000, 0x0000, 0x0000, 0x0000, 0x0000, 0x0000, 0x0000, 0x0000, 0x0000, 0x0000, 0x0000, 0x0000, 0x0000, 0x0000, 0x0000, 0x0000, 0x0000, 0x0000, 0x0000, 0x0000, 0x0000, 0x0841, 0x18c3, 0x2104, 0x2104, 0x2104, 0x2104, 0x2104, 0x18e3, 0x2965, 0x4a49,
		0x3165, 0x39c7, 0x2945, 0x18e3, 0x2104, 0x2104, 0x2104, 0x2104, 0x2124, 0x0861, 0x0000, 0x0000, 0x0000, 0x0000, 0x0000, 0x0000, 0x0000, 0x0000, 0x0000, 0x0000, 0x0000, 0x0000, 0x0000, 0x0000, 0x0000, 0x0000, 0x0000, 0x0000, 0x0000, 0x0000, 0x0000, 0x0000, 0x0000, 0x0000, 0x0000, 0x0000, 0x0000, 0x0000, 0x0000, 0x0000, 0x0000, 0x0000, 0x0000, 0x0000, 0x0000, 0x0000, 0x0000, 0x0000, 0x0000, 0x0000, 0x0000, 0x0000, 0x0000, 0x0000, 0x0000, 0x0000, 0x0000, 0x0000, 0x0000, 0x0000, 0x0000, 0x0000, 0x0000, 0x0000, 0x0000, 0x0000, 0x0000, 0x0000, 0x0000, 0x0000, 0x18a2, 0x2124, 0x2104, 0x2104, 0x2104, 0x2104, 0x2103, 0x3185, 0x39e7, 0x39c7,
		0x3a08, 0x39c7, 0x3186, 0x2104, 0x2104, 0x2104, 0x2104, 0x2104, 0x2104, 0x18e3, 0x0861, 0x0000, 0x0000, 0x0000, 0x0000, 0x0000, 0x0000, 0x0000, 0x0000, 0x0000, 0x0000, 0x0000, 0x0000, 0x0000, 0x0000, 0x0000, 0x0000, 0x0000, 0x0000, 0x0000, 0x0000, 0x0000, 0x0000, 0x0000, 0x0000, 0x0000, 0x0000, 0x0000, 0x0000, 0x0000, 0x0000, 0x0000, 0x0000, 0x0000, 0x0000, 0x0000, 0x0000, 0x0000, 0x0000, 0x0000, 0x0000, 0x0000, 0x0000, 0x0000, 0x0000, 0x0000, 0x0000, 0x0000, 0x0000, 0x0000, 0x0000, 0x0000, 0x0000, 0x0000, 0x0000, 0x0000, 0x0000, 0x0000, 0x0020, 0x1082, 0x18e3, 0x2104, 0x2104, 0x2104, 0x2104, 0x2104, 0x2124, 0x31a6, 0x4249, 0x4acc,
		0x534f, 0x3165, 0x39c7, 0x3186, 0x18e3, 0x2104, 0x2104, 0x2104, 0x2104, 0x2124, 0x18e3, 0x0000, 0x0000, 0x0000, 0x0000, 0x0000, 0x0000, 0x0000, 0x0000, 0x0000, 0x0000, 0x0000, 0x0000, 0x0000, 0x0000, 0x0000, 0x0000, 0x0000, 0x0000, 0x0000, 0x0000, 0x0000, 0x0000, 0x0000, 0x0000, 0x0000, 0x0000, 0x0000, 0x0000, 0x0000, 0x0000, 0x0000, 0x0000, 0x0000, 0x0000, 0x0000, 0x0000, 0x0000, 0x0000, 0x0000, 0x0000, 0x0000, 0x0000, 0x0000, 0x0000, 0x0000, 0x0000, 0x0000, 0x0000, 0x0000, 0x0000, 0x0000, 0x0000, 0x0000, 0x0000, 0x0000, 0x0000, 0x0000, 0x0020, 0x2124, 0x2104, 0x2104, 0x2104, 0x2104, 0x2104, 0x2104, 0x31a6, 0x3185, 0x39e8, 0x5b90,
		0x534f, 0x428b, 0x3a08, 0x39c6, 0x2124, 0x2104, 0x2104, 0x2104, 0x2104, 0x2104, 0x2104, 0x18c3, 0x0020, 0x0000, 0x0000, 0x0000, 0x0000, 0x0000, 0x0000, 0x0000, 0x0000, 0x0000, 0x0000, 0x0000, 0x0000, 0x0000, 0x0000, 0x0000, 0x0000, 0x0000, 0x0000, 0x0000, 0x0000, 0x0000, 0x0000, 0x0000, 0x0000, 0x0000, 0x0000, 0x0000, 0x0000, 0x0000, 0x0000, 0x0000, 0x0000, 0x0000, 0x0000, 0x0000, 0x0000, 0x0000, 0x0000, 0x0000, 0x0000, 0x0000, 0x0000, 0x0000, 0x0000, 0x0000, 0x0000, 0x0000, 0x0000, 0x0000, 0x0000, 0x0000, 0x0000, 0x0000, 0x0000, 0x0841, 0x18c3, 0x2104, 0x2104, 0x2104, 0x2104, 0x2104, 0x2124, 0x3185, 0x31a6, 0x4249, 0x42ac, 0x534f,
		0x530e, 0x5370, 0x426a, 0x31a6, 0x31a6, 0x2104, 0x2104, 0x2104, 0x2104, 0x2104, 0x2124, 0x2124, 0x0861, 0x0000, 0x0000, 0x0000, 0x0020, 0x0020, 0x0020, 0x0020, 0x0020, 0x0020, 0x0020, 0x0020, 0x0020, 0x0000, 0x0020, 0x0020, 0x0020, 0x0020, 0x0020, 0x0020, 0x0000, 0x0000, 0x0020, 0x0020, 0x0020, 0x0020, 0x0020, 0x0020, 0x0000, 0x0000, 0x0020, 0x0020, 0x0020, 0x0020, 0x0020, 0x0020, 0x0020, 0x0020, 0x0000, 0x0000, 0x0000, 0x0020, 0x0020, 0x0020, 0x0000, 0x0020, 0x0020, 0x0020, 0x0020, 0x0020, 0x0020, 0x0000, 0x0000, 0x0020, 0x0000, 0x1082, 0x2124, 0x2104, 0x2104, 0x2104, 0x2104, 0x2104, 0x2944, 0x39c7, 0x39a6, 0x4acc, 0x536f, 0x530e,
		0x4b0e, 0x532e, 0x532e, 0x2986, 0x39a6, 0x3186, 0x2124, 0x2104, 0x2104, 0x2104, 0x2104, 0x2104, 0x2104, 0x18e3, 0x18e3, 0x18e3, 0x18e3, 0x20e3, 0x2103, 0x2103, 0x2103, 0x2103, 0x18e3, 0x18e3, 0x18e3, 0x18e3, 0x18e3, 0x18e3, 0x18e3, 0x18e3, 0x18e3, 0x18e3, 0x18e3, 0x20e3, 0x2103, 0x2103, 0x2103, 0x18e3, 0x18e3, 0x18e3, 0x18e3, 0x18e3, 0x18e3, 0x18e3, 0x18e3, 0x18e3, 0x18e3, 0x18e3, 0x18e3, 0x20e3, 0x18e3, 0x18e3, 0x18e3, 0x18e3, 0x18e3, 0x18e3, 0x18e3, 0x18e3, 0x2103, 0x20e3, 0x20e3, 0x20e3, 0x20e3, 0x18e3, 0x18e3, 0x18e3, 0x18e3, 0x2104, 0x2104, 0x2104, 0x2104, 0x2104, 0x2104, 0x2945, 0x3186, 0x3185, 0x4aed, 0x534e, 0x532e, 0x530e,
		0x4b0e, 0x4b0e, 0x534f, 0x42ab, 0x3165, 0x39c7, 0x2965, 0x18e3, 0x2104, 0x2104, 0x2104, 0x2104, 0x2124, 0x2124, 0x2104, 0x2104, 0x2104, 0x2124, 0x2124, 0x2124, 0x2124, 0x2124, 0x2124, 0x2124, 0x2124, 0x2124, 0x2124, 0x2104, 0x2104, 0x2124, 0x2124, 0x2124, 0x2124, 0x2124, 0x2124, 0x2104, 0x2124, 0x2104, 0x2104, 0x2104, 0x2104, 0x2104, 0x2104, 0x2104, 0x2104, 0x2104, 0x2124, 0x2124, 0x2124, 0x2124, 0x2124, 0x2104, 0x2104, 0x2104, 0x2104, 0x2104, 0x2104, 0x2104, 0x2124, 0x2104, 0x2104, 0x2124, 0x2124, 0x2104, 0x2104, 0x2104, 0x2104, 0x2104, 0x2104, 0x2104, 0x2104, 0x2104, 0x20e3, 0x2945, 0x39c7, 0x4aed, 0x534e, 0x532e, 0x532e, 0x530e,
		0x4b0e, 0x4b0e, 0x532e, 0x536f, 0x3a49, 0x39c7, 0x31a6, 0x2945, 0x2104, 0x2104, 0x2104, 0x2104, 0x2104, 0x2104, 0x2104, 0x2104, 0x2104, 0x2104, 0x2104, 0x2104, 0x2104, 0x2104, 0x2104, 0x2104, 0x2104, 0x2104, 0x2104, 0x2104, 0x2104, 0x2104, 0x2104, 0x2104, 0x2104, 0x2104, 0x2104, 0x2104, 0x2104, 0x2104, 0x2104, 0x2104, 0x2104, 0x2104, 0x2104, 0x2104, 0x2104, 0x2104, 0x2104, 0x2104, 0x2104, 0x2104, 0x2104, 0x2104, 0x2104, 0x2104, 0x2104, 0x2104, 0x2104, 0x2104, 0x2104, 0x2104, 0x2104, 0x2104, 0x2104, 0x2104, 0x2104, 0x2104, 0x2104, 0x2104, 0x2104, 0x2104, 0x2104, 0x2104, 0x2945, 0x2965, 0x424a, 0x5b90, 0x532e, 0x532e, 0x530e, 0x530e,
		0x4b0e, 0x530e, 0x532e, 0x534f, 0x5b90, 0x3a08, 0x39c7, 0x39e7, 0x2124, 0x2104, 0x2104, 0x2104, 0x2104, 0x2104, 0x2104, 0x2104, 0x2104, 0x2104, 0x2104, 0x2104, 0x2104, 0x2104, 0x2104, 0x2104, 0x2104, 0x2104, 0x2104, 0x2104, 0x2104, 0x2124, 0x2104, 0x2104, 0x2104, 0x2104, 0x2104, 0x2104, 0x2104, 0x2104, 0x2104, 0x2104, 0x2104, 0x2104, 0x2104, 0x2104, 0x2104, 0x2104, 0x2104, 0x2104, 0x2104, 0x2104, 0x2124, 0x2104, 0x2104, 0x2104, 0x2104, 0x2104, 0x2104, 0x2104, 0x2104, 0x2104, 0x2104, 0x2104, 0x2104, 0x2104, 0x2104, 0x2104, 0x2104, 0x2104, 0x2104, 0x2104, 0x2103, 0x2945, 0x39c7, 0x4acc, 0x5370, 0x532e, 0x532e, 0x532e, 0x4b0e, 0x4b0e,
		0x530e, 0x532e, 0x532e, 0x532e, 0x534f, 0x5b90, 0x426a, 0x3165, 0x3186, 0x3186, 0x3186, 0x3186, 0x3186, 0x3186, 0x3186, 0x3186, 0x3186, 0x3186, 0x3186, 0x3186, 0x3186, 0x3186, 0x3186, 0x3186, 0x3186, 0x3186, 0x3186, 0x3186, 0x3186, 0x3186, 0x3186, 0x3186, 0x3186, 0x3186, 0x3186, 0x3186, 0x3186, 0x3186, 0x3186, 0x3186, 0x3186, 0x3186, 0x3186, 0x3186, 0x3186, 0x3186, 0x3186, 0x3186, 0x3186, 0x3186, 0x3186, 0x3186, 0x3186, 0x3186, 0x3186, 0x3186, 0x3186, 0x3186, 0x3186, 0x3186, 0x3186, 0x3186, 0x3186, 0x3186, 0x3186, 0x3186, 0x3186, 0x3186, 0x3186, 0x3186, 0x3185, 0x3186, 0x3186, 0x4aec, 0x536f, 0x532e, 0x532e, 0x530e, 0x530e, 0x530e
};
const uint16_t DISPLAY7[] = {
		0x4b0e, 0x4b0e, 0x4b0d, 0x4b0e, 0x4b2e, 0x428b, 0x3a29, 0x3a09, 0x39c7, 0x31a6, 0x31a6, 0x39a6, 0x31a6, 0x31a6, 0x31a6, 0x39c7, 0x31a6, 0x31a6, 0x31a6, 0x31a6, 0x31a6, 0x31a6, 0x31a6, 0x39a6, 0x39c6, 0x39a6, 0x39c6, 0x39c6, 0x31a6, 0x31a6, 0x31a6, 0x31a6, 0x31a6, 0x31a6, 0x31a6, 0x39a6, 0x39a6, 0x31a6, 0x31a6, 0x31a6, 0x31a6, 0x31a6, 0x31a6, 0x31a6, 0x31a6, 0x31a6, 0x31a6, 0x31a6, 0x31a6, 0x39c6, 0x39c6, 0x31a6, 0x31a6, 0x39a6, 0x39c7, 0x39c7, 0x39c7, 0x39c7, 0x39a6, 0x39c6, 0x39c6, 0x31a6, 0x31a6, 0x31a6, 0x31a6, 0x39a6, 0x31a6, 0x31a6, 0x31a6, 0x31a6, 0x39a6, 0x39e7, 0x3208, 0x3a09, 0x4b0d, 0x4b2e, 0x4b0e, 0x4b0e, 0x4b0e, 0x4b0d,
		0x4b0e, 0x4b0e, 0x4b0e, 0x532e, 0x534f, 0x31c7, 0x2104, 0x3185, 0x39c7, 0x31a6, 0x31a6, 0x31a6, 0x31a6, 0x31a6, 0x39c6, 0x39c7, 0x39c7, 0x39c7, 0x39a6, 0x31a6, 0x39a6, 0x39a6, 0x39c6, 0x39c7, 0x39c6, 0x39c6, 0x39c7, 0x39c7, 0x39a6, 0x31a6, 0x31a6, 0x31a6, 0x39a6, 0x39c6, 0x39a6, 0x39c7, 0x39c7, 0x39c7, 0x39c7, 0x39c7, 0x31a6, 0x39a6, 0x31a6, 0x31a6, 0x39a6, 0x39a6, 0x31a6, 0x31a6, 0x39c6, 0x39a6, 0x39c7, 0x39c7, 0x39c6, 0x39c6, 0x39c7, 0x39c7, 0x39c7, 0x39c7, 0x39a6, 0x39a6, 0x31a6, 0x31a6, 0x31a6, 0x31a6, 0x31a6, 0x39c6, 0x39c6, 0x31a6, 0x31a6, 0x31a6, 0x39c7, 0x31a6, 0x2944, 0x2924, 0x4acc, 0x534f, 0x4b0e, 0x4b0e, 0x4b0e, 0x4b0e,
		0x4b0e, 0x4b0e, 0x4b2e, 0x4b0e, 0x428b, 0x39e8, 0x39a6, 0x31a6, 0x2945, 0x2124, 0x2924, 0x2944, 0x2944, 0x2945, 0x2945, 0x2945, 0x2945, 0x2945, 0x2945, 0x2945, 0x2945, 0x2945, 0x2945, 0x2945, 0x2945, 0x2945, 0x2945, 0x2945, 0x2945, 0x2945, 0x2945, 0x2945, 0x2945, 0x2945, 0x2945, 0x2945, 0x2945, 0x2945, 0x2945, 0x2945, 0x2945, 0x2945, 0x2945, 0x2945, 0x2945, 0x2945, 0x2945, 0x2945, 0x2945, 0x2945, 0x2945, 0x2945, 0x2945, 0x2945, 0x2945, 0x2945, 0x2945, 0x2945, 0x2945, 0x2945, 0x2945, 0x2945, 0x2945, 0x2945, 0x2945, 0x2945, 0x2945, 0x2945, 0x2945, 0x2945, 0x2924, 0x3165, 0x31a6, 0x3186, 0x3a29, 0x42cc, 0x4b2e, 0x4b0e, 0x4b0e, 0x4b0e,
		0x4b0e, 0x4b0e, 0x5370, 0x4acc, 0x2945, 0x41e7, 0x41e7, 0x3186, 0x18e3, 0x18e3, 0x18e3, 0x18e3, 0x18e3, 0x18e3, 0x20e3, 0x18e3, 0x18e3, 0x18e3, 0x18e3, 0x18e3, 0x18e3, 0x18e3, 0x20e3, 0x2103, 0x20e3, 0x20e3, 0x20e3, 0x20e3, 0x18e3, 0x18e3, 0x18e3, 0x18e3, 0x18e3, 0x18e3, 0x18e3, 0x18e3, 0x18e3, 0x18e3, 0x18e3, 0x18e3, 0x18e3, 0x18e3, 0x20e3, 0x18e3, 0x18e3, 0x18e3, 0x18e3, 0x18e3, 0x20e3, 0x20e3, 0x18e3, 0x18e3, 0x18e3, 0x20e3, 0x2103, 0x20e3, 0x18e3, 0x18e3, 0x18e3, 0x20e3, 0x20e3, 0x20e3, 0x18e3, 0x20e3, 0x2103, 0x20e3, 0x20e3, 0x20e3, 0x18e3, 0x18e3, 0x18e3, 0x2124, 0x3186, 0x39c7, 0x2965, 0x31a7, 0x534f, 0x4b2e, 0x4b0e, 0x4b0e,
		0x4b0e, 0x4b2e, 0x4b0e, 0x426a, 0x3165, 0x39e7, 0x3185, 0x2103, 0x18e3, 0x18e3, 0x18e3, 0x18e3, 0x20e3, 0x20e3, 0x2104, 0x2104, 0x20e3, 0x20e3, 0x20e3, 0x20e3, 0x2103, 0x2103, 0x2103, 0x2104, 0x2104, 0x20e3, 0x2103, 0x2104, 0x20e3, 0x20e3, 0x20e3, 0x20e3, 0x20e3, 0x2103, 0x2103, 0x2104, 0x2104, 0x2103, 0x2103, 0x2103, 0x2103, 0x2103, 0x2104, 0x2103, 0x2103, 0x2103, 0x2103, 0x20e3, 0x2103, 0x2103, 0x2104, 0x20e3, 0x20e3, 0x2103, 0x2104, 0x2104, 0x2104, 0x20e3, 0x20e3, 0x2104, 0x2104, 0x2103, 0x20e3, 0x2103, 0x2104, 0x2104, 0x2103, 0x2104, 0x2103, 0x2103, 0x18e3, 0x18e3, 0x2124, 0x39c6, 0x3186, 0x3186, 0x42ac, 0x4b0e, 0x4b2e, 0x4b0e,
		0x532e, 0x534f, 0x3a08, 0x39c6, 0x41e7, 0x3186, 0x2104, 0x18e3, 0x20e3, 0x20e3, 0x18e3, 0x2103, 0x2104, 0x2103, 0x2104, 0x2104, 0x2103, 0x2103, 0x20e3, 0x2103, 0x2104, 0x2104, 0x2104, 0x2104, 0x2104, 0x2104, 0x2104, 0x2104, 0x2104, 0x2104, 0x2104, 0x2104, 0x2104, 0x2104, 0x2104, 0x2104, 0x2104, 0x2104, 0x2104, 0x2104, 0x2104, 0x2104, 0x2104, 0x2104, 0x2104, 0x2104, 0x2104, 0x2104, 0x2104, 0x2104, 0x2104, 0x2104, 0x2104, 0x2104, 0x2104, 0x2104, 0x2104, 0x2104, 0x2104, 0x2104, 0x2104, 0x2104, 0x2104, 0x2104, 0x2104, 0x2104, 0x2104, 0x2104, 0x2104, 0x2103, 0x20e3, 0x18e3, 0x18e3, 0x2924, 0x39c6, 0x39c7, 0x3165, 0x42ac, 0x534f, 0x4b0e,
		0x4b2e, 0x428b, 0x31a7, 0x39c6, 0x39c7, 0x2124, 0x18e3, 0x20e3, 0x2103, 0x2104, 0x18e3, 0x10a2, 0x10a2, 0x10a2, 0x18a2, 0x10a2, 0x10a2, 0x10a2, 0x10a2, 0x18c2, 0x18a2, 0x18c2, 0x18c2, 0x18a2, 0x10a2, 0x18a2, 0x18a2, 0x10a2, 0x10a2, 0x18c2, 0x18a2, 0x18c2, 0x18c2, 0x18c2, 0x18a2, 0x10a2, 0x10a2, 0x10a2, 0x10a2, 0x10a2, 0x10a2, 0x18a2, 0x18c2, 0x18c3, 0x18a2, 0x18a2, 0x10a2, 0x10a2, 0x10a2, 0x10a2, 0x10a2, 0x18a2, 0x18c2, 0x18c2, 0x18c3, 0x18a2, 0x10a2, 0x18a2, 0x18a2, 0x18c2, 0x18c2, 0x18c2, 0x18c2, 0x18c2, 0x18c2, 0x18c2, 0x18c2, 0x18c2, 0x18e3, 0x2104, 0x2103, 0x18e3, 0x18e3, 0x18e3, 0x2965, 0x39c7, 0x3185, 0x3a08, 0x4aed, 0x4b2e,
		0x532e, 0x39c7, 0x39e7, 0x39e7, 0x2945, 0x20e3, 0x20e3, 0x2103, 0x2104, 0x2104, 0x10a2, 0x0020, 0x0020, 0x0020, 0x0020, 0x0020, 0x0020, 0x0020, 0x0020, 0x0020, 0x0020, 0x0020, 0x0020, 0x0020, 0x0020, 0x0020, 0x0020, 0x0020, 0x0020, 0x0020, 0x0020, 0x0020, 0x0020, 0x0020, 0x0020, 0x0020, 0x0020, 0x0020, 0x0020, 0x0020, 0x0020, 0x0020, 0x0020, 0x0020, 0x0020, 0x0020, 0x0020, 0x0020, 0x0020, 0x0020, 0x0020, 0x0020, 0x0020, 0x0020, 0x0020, 0x0020, 0x0020, 0x0020, 0x0020, 0x0020, 0x0020, 0x0020, 0x0020, 0x0020, 0x0020, 0x0020, 0x0020, 0x0020, 0x1081, 0x18e3, 0x2104, 0x2103, 0x20e3, 0x20e3, 0x2104, 0x2965, 0x39e7, 0x3186, 0x3a4a, 0x4b2f,
		0x42cc, 0x39c7, 0x41e7, 0x31a6, 0x20e3, 0x20e3, 0x2104, 0x2104, 0x2104, 0x18c3, 0x0841, 0x0000, 0x0000, 0x0000, 0x0000, 0x0000, 0x0000, 0x0000, 0x0000, 0x0000, 0x0000, 0x0000, 0x0000, 0x0000, 0x0000, 0x0000, 0x0000, 0x0000, 0x0000, 0x0000, 0x0000, 0x0000, 0x0000, 0x0000, 0x0000, 0x0000, 0x0000, 0x0000, 0x0000, 0x0000, 0x0000, 0x0000, 0x0000, 0x0000, 0x0000, 0x0000, 0x0000, 0x0000, 0x0000, 0x0000, 0x0000, 0x0000, 0x0000, 0x0000, 0x0000, 0x0000, 0x0000, 0x0000, 0x0000, 0x0000, 0x0000, 0x0000, 0x0000, 0x0000, 0x0000, 0x0000, 0x0000, 0x0000, 0x0020, 0x10a2, 0x2104, 0x2104, 0x20e3, 0x20e3, 0x18e3, 0x2104, 0x39c7, 0x3186, 0x39e8, 0x4aed,
		0x31a7, 0x39e7, 0x31a6, 0x2124, 0x20e3, 0x2104, 0x2104, 0x2124, 0x2104, 0x0861, 0x0000, 0x0020, 0x0020, 0x0020, 0x0020, 0x0020, 0x0020, 0x0020, 0x0020, 0x0020, 0x0020, 0x0020, 0x0020, 0x0000, 0x0800, 0x0800, 0x0800, 0x0800, 0x0800, 0x0800, 0x0800, 0x0800, 0x0800, 0x0800, 0x0800, 0x0800, 0x0800, 0x0800, 0x0800, 0x0800, 0x0800, 0x0800, 0x0800, 0x0800, 0x0800, 0x0800, 0x0800, 0x0800, 0x0800, 0x0800, 0x0800, 0x0800, 0x0800, 0x0800, 0x0800, 0x0800, 0x0000, 0x0020, 0x0020, 0x0020, 0x0020, 0x0020, 0x0020, 0x0020, 0x0020, 0x0020, 0x0020, 0x0020, 0x0000, 0x0020, 0x18c3, 0x2104, 0x2104, 0x2103, 0x18e3, 0x2103, 0x2945, 0x39a6, 0x39c7, 0x31a7,
		0x2965, 0x39c7, 0x2945, 0x18e3, 0x2104, 0x2104, 0x2104, 0x2104, 0x10a2, 0x0000, 0x0000, 0x0820, 0x0820, 0x0820, 0x0820, 0x0820, 0x0820, 0x0820, 0x0820, 0x0020, 0x0820, 0x0820, 0x0820, 0x0820, 0x0820, 0x0820, 0x1020, 0x1020, 0x1020, 0x1020, 0x1000, 0x1020, 0x1020, 0x1020, 0x1020, 0x1020, 0x1020, 0x1020, 0x1020, 0x1000, 0x1000, 0x1020, 0x1020, 0x1020, 0x1020, 0x1020, 0x1020, 0x1020, 0x1020, 0x1020, 0x1020, 0x1020, 0x1020, 0x1020, 0x0820, 0x0820, 0x0820, 0x0820, 0x0820, 0x0820, 0x0820, 0x0820, 0x0820, 0x0820, 0x0820, 0x0820, 0x0820, 0x0820, 0x0000, 0x0000, 0x0861, 0x18e3, 0x2104, 0x2104, 0x2104, 0x20e3, 0x2103, 0x3186, 0x39c6, 0x2944,
		0x3186, 0x2965, 0x2104, 0x2103, 0x2104, 0x2104, 0x2124, 0x18e3, 0x0020, 0x0000, 0x0020, 0x0820, 0x0820, 0x0820, 0x0820, 0x0820, 0x0820, 0x0820, 0x0820, 0x0820, 0x0820, 0x0820, 0x0820, 0x0820, 0x1020, 0x1000, 0x1800, 0x1800, 0x1800, 0x1800, 0x1800, 0x1800, 0x1800, 0x1800, 0x1800, 0x1800, 0x1800, 0x1800, 0x1800, 0x1800, 0x1800, 0x1800, 0x1800, 0x1800, 0x1800, 0x1800, 0x1800, 0x1800, 0x1800, 0x1800, 0x1800, 0x1800, 0x1800, 0x1800, 0x1000, 0x1020, 0x0820, 0x0820, 0x0820, 0x0820, 0x0820, 0x0820, 0x0820, 0x0820, 0x0820, 0x0820, 0x0820, 0x0820, 0x0020, 0x0000, 0x0020, 0x1082, 0x2104, 0x2104, 0x2104, 0x20e3, 0x20e3, 0x2924, 0x3186, 0x31a6,
		0x39a6, 0x2104, 0x18e3, 0x2104, 0x2104, 0x2124, 0x2104, 0x0861, 0x0000, 0x0000, 0x0840, 0x0820, 0x0820, 0x0820, 0x0820, 0x0820, 0x0820, 0x0820, 0x0820, 0x0820, 0x0820, 0x0820, 0x0820, 0x1020, 0x1800, 0x1800, 0x2000, 0x2000, 0x2000, 0x2000, 0x2000, 0x2000, 0x2000, 0x2000, 0x2800, 0x2000, 0x2800, 0x2000, 0x2000, 0x2000, 0x2800, 0x2800, 0x2000, 0x2000, 0x2000, 0x2000, 0x2800, 0x2800, 0x2800, 0x2800, 0x2800, 0x2000, 0x2000, 0x2000, 0x1800, 0x1000, 0x1020, 0x0820, 0x0820, 0x0820, 0x0820, 0x0020, 0x0020, 0x0020, 0x0820, 0x0820, 0x0820, 0x0820, 0x0820, 0x0020, 0x0000, 0x0020, 0x18c3, 0x2124, 0x2104, 0x20e3, 0x20e3, 0x18e3, 0x2965, 0x41e7,
		0x39c7, 0x2104, 0x18e3, 0x2104, 0x2124, 0x2104, 0x1082, 0x0000, 0x0000, 0x0020, 0x0820, 0x0820, 0x0820, 0x0820, 0x0820, 0x0820, 0x0820, 0x0820, 0x0820, 0x0820, 0x0820, 0x0820, 0x1020, 0x1800, 0x2000, 0x2800, 0x3000, 0x3000, 0x3000, 0x3000, 0x3000, 0x3000, 0x3000, 0x3000, 0x3000, 0x3000, 0x3000, 0x3000, 0x3800, 0x3800, 0x3800, 0x3800, 0x3000, 0x3000, 0x3000, 0x3000, 0x3800, 0x3000, 0x3000, 0x3000, 0x3000, 0x3000, 0x3000, 0x2800, 0x2800, 0x1800, 0x1800, 0x1000, 0x0820, 0x0820, 0x0820, 0x0820, 0x0820, 0x0820, 0x0820, 0x0820, 0x0820, 0x0820, 0x0820, 0x0020, 0x0000, 0x0000, 0x0861, 0x18e3, 0x2124, 0x2104, 0x2103, 0x18e3, 0x2965, 0x4207,
		0x39c7, 0x2104, 0x20e3, 0x2104, 0x2124, 0x18c2, 0x0020, 0x0000, 0x0820, 0x0820, 0x0820, 0x0820, 0x0820, 0x0820, 0x0820, 0x0820, 0x0820, 0x0820, 0x0820, 0x0820, 0x0820, 0x1000, 0x1800, 0x2800, 0x3000, 0x3800, 0x3800, 0x3800, 0x4000, 0x3800, 0x4000, 0x3800, 0x3800, 0x3800, 0x3800, 0x3800, 0x3800, 0x3800, 0x3800, 0x4000, 0x4000, 0x4000, 0x4000, 0x3800, 0x3800, 0x4000, 0x4000, 0x3800, 0x3800, 0x3800, 0x3800, 0x3800, 0x3800, 0x3000, 0x4000, 0x3000, 0x2000, 0x1000, 0x1020, 0x0820, 0x0820, 0x0820, 0x0820, 0x0820, 0x0820, 0x0820, 0x0820, 0x0820, 0x0820, 0x0020, 0x0820, 0x0000, 0x0000, 0x1082, 0x2104, 0x2104, 0x2104, 0x18e3, 0x2965, 0x4207,
		0x39c7, 0x2104, 0x2103, 0x2124, 0x18e3, 0x0841, 0x0000, 0x0000, 0x0820, 0x0820, 0x0820, 0x0820, 0x0820, 0x0820, 0x0820, 0x0820, 0x0820, 0x0820, 0x0820, 0x0820, 0x1020, 0x1800, 0x2000, 0x3000, 0x4800, 0x8000, 0x8800, 0x8800, 0x8800, 0x8800, 0x8800, 0x8800, 0x8800, 0x8800, 0x8800, 0x8000, 0x8800, 0x8800, 0x8800, 0x8800, 0x9000, 0x9000, 0x8800, 0x8800, 0x8800, 0x8800, 0x8800, 0x8800, 0x8800, 0x8800, 0x8800, 0x8800, 0x8800, 0x8000, 0x5000, 0x3000, 0x2800, 0x1800, 0x1000, 0x1020, 0x0820, 0x0820, 0x0820, 0x0820, 0x0820, 0x0820, 0x0820, 0x0820, 0x0820, 0x0820, 0x0820, 0x0020, 0x0000, 0x0000, 0x10a2, 0x2104, 0x2104, 0x18e3, 0x2965, 0x4208,
		0x39c7, 0x2104, 0x2104, 0x2124, 0x18c3, 0x0000, 0x0000, 0x0820, 0x0820, 0x0820, 0x0820, 0x0820, 0x0820, 0x0820, 0x0820, 0x0820, 0x0020, 0x0820, 0x0820, 0x1020, 0x1800, 0x2000, 0x3800, 0x3000, 0x4000, 0xd841, 0xf862, 0xf041, 0xf041, 0xf041, 0xf041, 0xf041, 0xf041, 0xf041, 0xf061, 0xf061, 0xf061, 0xf061, 0xf041, 0xf041, 0xf041, 0xf061, 0xf041, 0xf061, 0xf061, 0xf861, 0xf061, 0xf041, 0xf041, 0xf061, 0xf861, 0xf061, 0xf862, 0xf861, 0x7000, 0x3000, 0x3800, 0x2800, 0x2000, 0x1800, 0x1000, 0x0820, 0x0820, 0x0820, 0x0820, 0x0820, 0x0820, 0x0820, 0x0820, 0x0820, 0x0820, 0x0820, 0x0020, 0x0000, 0x0861, 0x2124, 0x2104, 0x18c3, 0x3165, 0x4228,
		0x39c7, 0x2104, 0x2104, 0x2945, 0x18c3, 0x0000, 0x0000, 0x0820, 0x0820, 0x0820, 0x0820, 0x0820, 0x0820, 0x0820, 0x0820, 0x0820, 0x0820, 0x0820, 0x0820, 0x1020, 0x1800, 0x2800, 0x3800, 0x5800, 0x9800, 0xf061, 0xf882, 0xf862, 0xf862, 0xf882, 0xf862, 0xf862, 0xf862, 0xf862, 0xf882, 0xf882, 0xf882, 0xf882, 0xf882, 0xf862, 0xf862, 0xf882, 0xf862, 0xf882, 0xf882, 0xf882, 0xf882, 0xf882, 0xf882, 0xf862, 0xf862, 0xf862, 0xf882, 0xf862, 0xc000, 0x7000, 0x3800, 0x3000, 0x2000, 0x1800, 0x1000, 0x1020, 0x0820, 0x0820, 0x0820, 0x0820, 0x0820, 0x0820, 0x0820, 0x0820, 0x0820, 0x0820, 0x0020, 0x0000, 0x0861, 0x2124, 0x2124, 0x18e3, 0x3186, 0x4228,
		0x39c7, 0x2104, 0x2104, 0x2945, 0x18c3, 0x0000, 0x0000, 0x0820, 0x0820, 0x0820, 0x0820, 0x0820, 0x0820, 0x0820, 0x0820, 0x0820, 0x0820, 0x0820, 0x1020, 0x1800, 0x2800, 0x4000, 0x2800, 0xa020, 0xf862, 0xf841, 0xf820, 0xf821, 0xf821, 0xf821, 0xf821, 0xf821, 0xf821, 0xf821, 0xf821, 0xf821, 0xf821, 0xf821, 0xf821, 0xf821, 0xf821, 0xf821, 0xf821, 0xf821, 0xf821, 0xf821, 0xf821, 0xf821, 0xf821, 0xf821, 0xf821, 0xf821, 0xf821, 0xf821, 0xf882, 0xd041, 0x4800, 0x3800, 0x3000, 0x2000, 0x2000, 0x1000, 0x0820, 0x0820, 0x0820, 0x0820, 0x0820, 0x0820, 0x0820, 0x0820, 0x0820, 0x0820, 0x0020, 0x0000, 0x0861, 0x2124, 0x2124, 0x18e3, 0x2965, 0x4208,
		0x39e7, 0x2104, 0x2104, 0x2945, 0x18c3, 0x0000, 0x0000, 0x0820, 0x0820, 0x0820, 0x0820, 0x0820, 0x0820, 0x0820, 0x0820, 0x0820, 0x0820, 0x0820, 0x1020, 0x2000, 0x3000, 0x4800, 0x7800, 0xd041, 0xf8a2, 0xf821, 0xf800, 0xf801, 0xf801, 0xf801, 0xf801, 0xf801, 0xf801, 0xf801, 0xf801, 0xf801, 0xf800, 0xf801, 0xf801, 0xf801, 0xf801, 0xf801, 0xf801, 0xf801, 0xf801, 0xf801, 0xf801, 0xf801, 0xf801, 0xf801, 0xf801, 0xf001, 0xf800, 0xf821, 0xf882, 0xe841, 0xb000, 0x5000, 0x3000, 0x3000, 0x2000, 0x1800, 0x1020, 0x0820, 0x0820, 0x0820, 0x0820, 0x0820, 0x0820, 0x0820, 0x0820, 0x0820, 0x0020, 0x0000, 0x0861, 0x2124, 0x2124, 0x18e3, 0x2965, 0x4208,
		0x39e7, 0x2124, 0x2104, 0x2944, 0x18c3, 0x0000, 0x0000, 0x0820, 0x0820, 0x0820, 0x0820, 0x0820, 0x0820, 0x0820, 0x0820, 0x0820, 0x0820, 0x0820, 0x1020, 0x2000, 0x2800, 0x5800, 0xe041, 0xf861, 0xf821, 0xf801, 0xf801, 0xf801, 0xf801, 0xf801, 0xf801, 0xf801, 0xf801, 0xf821, 0xf801, 0xf801, 0xf801, 0xf801, 0xf801, 0xf801, 0xf801, 0xf801, 0xf801, 0xf801, 0xf801, 0xf801, 0xf801, 0xf801, 0xf801, 0xf821, 0xf801, 0xf801, 0xf801, 0xf801, 0xf821, 0xf841, 0xf862, 0x8000, 0x3000, 0x4800, 0x3000, 0x2000, 0x1800, 0x1020, 0x0820, 0x0820, 0x0820, 0x0820, 0x0820, 0x0820, 0x0820, 0x0820, 0x0020, 0x0000, 0x0861, 0x2124, 0x2124, 0x18e3, 0x2965, 0x4208,
		0x39e7, 0x2104, 0x2104, 0x2944, 0x18c3, 0x0000, 0x0000, 0x0820, 0x0820, 0x0820, 0x0820, 0x0820, 0x0820, 0x0820, 0x0820, 0x0820, 0x0820, 0x0820, 0x1020, 0x2800, 0x2000, 0x6800, 0xf882, 0xf862, 0xf801, 0xf801, 0xf801, 0xf801, 0xf801, 0xf001, 0xf001, 0xf001, 0xf821, 0xf801, 0xf801, 0xf801, 0xf801, 0xf801, 0xf801, 0xf801, 0xf801, 0xf001, 0xf801, 0xf801, 0xf801, 0xf801, 0xf801, 0xf801, 0xf801, 0xf801, 0xf801, 0xf801, 0xf801, 0xf821, 0xf821, 0xf841, 0xf882, 0x9800, 0x3000, 0x3000, 0x3800, 0x3000, 0x2000, 0x1800, 0x1020, 0x0820, 0x0820, 0x0020, 0x0820, 0x0820, 0x0820, 0x0820, 0x0020, 0x0000, 0x0861, 0x2124, 0x2124, 0x18e3, 0x2965, 0x4208,
		0x39e7, 0x2104, 0x2104, 0x2944, 0x18c3, 0x0000, 0x0000, 0x0820, 0x0820, 0x0820, 0x0820, 0x0820, 0x0820, 0x0820, 0x0820, 0x0820, 0x0820, 0x0820, 0x1000, 0x2000, 0x3000, 0x5800, 0xb820, 0xe841, 0xf882, 0xf821, 0xf800, 0xf801, 0xf801, 0xf801, 0xf001, 0xf801, 0xf801, 0xf801, 0xf801, 0xf801, 0xf801, 0xf801, 0xf001, 0xf801, 0xf801, 0xf801, 0xf801, 0xf801, 0xf801, 0xf801, 0xf801, 0xf801, 0xf801, 0xf801, 0xf801, 0xf801, 0xf801, 0xf801, 0xf882, 0xf861, 0xd820, 0x6000, 0x5000, 0x6000, 0x5000, 0x3800, 0x2800, 0x1800, 0x1000, 0x0820, 0x0820, 0x0820, 0x0820, 0x0820, 0x0820, 0x0820, 0x0020, 0x0000, 0x0861, 0x2104, 0x2124, 0x18e3, 0x2965, 0x4208,
		0x39e7, 0x2104, 0x2104, 0x2924, 0x18c3, 0x0000, 0x0000, 0x0820, 0x0820, 0x0820, 0x0820, 0x0820, 0x0820, 0x0820, 0x0820, 0x0820, 0x0820, 0x0820, 0x1020, 0x1800, 0x3000, 0x3800, 0x3800, 0xb020, 0xf882, 0xf841, 0xf821, 0xf801, 0xf801, 0xf801, 0xf801, 0xf801, 0xf801, 0xf801, 0xf801, 0xf801, 0xf801, 0xf801, 0xf801, 0xf801, 0xf801, 0xf801, 0xf801, 0xf801, 0xf801, 0xf801, 0xf801, 0xf801, 0xf001, 0xf801, 0xf801, 0xf801, 0xf821, 0xf841, 0xf862, 0xd041, 0x7000, 0x3000, 0x8800, 0xe841, 0x7000, 0x2800, 0x3000, 0x2000, 0x1800, 0x1020, 0x0820, 0x0820, 0x0820, 0x0820, 0x0820, 0x0820, 0x0000, 0x0000, 0x0861, 0x2104, 0x2104, 0x18e3, 0x2965, 0x4208,
		0x39e7, 0x2104, 0x2104, 0x2924, 0x18c3, 0x0000, 0x0000, 0x0820, 0x0820, 0x0820, 0x0820, 0x0820, 0x0820, 0x0820, 0x0820, 0x0820, 0x0820, 0x0820, 0x1020, 0x1800, 0x2800, 0x3000, 0x3800, 0x7800, 0xc820, 0xf862, 0xf862, 0xf800, 0xf800, 0xf801, 0xf800, 0xf801, 0xf801, 0xf801, 0xf801, 0xf801, 0xf801, 0xf801, 0xf800, 0xf800, 0xf801, 0xf801, 0xf801, 0xf801, 0xf801, 0xf801, 0xf801, 0xf800, 0xf000, 0xf000, 0xf800, 0xf800, 0xf841, 0xf882, 0xd821, 0x7000, 0x3800, 0x8000, 0xe041, 0xf8a2, 0xb000, 0x4800, 0x4000, 0x3000, 0x1800, 0x1000, 0x0820, 0x0820, 0x0820, 0x0820, 0x0820, 0x0820, 0x0020, 0x0000, 0x0861, 0x2104, 0x2104, 0x18e3, 0x2965, 0x4208,
		0x39e7, 0x2104, 0x2104, 0x2924, 0x18c3, 0x0000, 0x0000, 0x0820, 0x0020, 0x0820, 0x0820, 0x0820, 0x0820, 0x0820, 0x0820, 0x0820, 0x0820, 0x0820, 0x0820, 0x1020, 0x1800, 0x3000, 0x4800, 0x3800, 0x5800, 0xe861, 0xf882, 0xf841, 0xf841, 0xf841, 0xf841, 0xf841, 0xf841, 0xf841, 0xf841, 0xf841, 0xf841, 0xf841, 0xf841, 0xf841, 0xf841, 0xf841, 0xf841, 0xf841, 0xf841, 0xf841, 0xf841, 0xf841, 0xf841, 0xf841, 0xf841, 0xf841, 0xf841, 0xf861, 0x8800, 0x2800, 0x5800, 0xd841, 0xf861, 0xf841, 0xf021, 0x9800, 0x3000, 0x2800, 0x2800, 0x1800, 0x1020, 0x0820, 0x0820, 0x0820, 0x0020, 0x0820, 0x0000, 0x0000, 0x0861, 0x2104, 0x2104, 0x18e3, 0x3165, 0x4228,
		0x39e7, 0x2104, 0x2104, 0x2944, 0x18c3, 0x0000, 0x0000, 0x0820, 0x0020, 0x0820, 0x0820, 0x0820, 0x0820, 0x0820, 0x0820, 0x0820, 0x0820, 0x0820, 0x0820, 0x0820, 0x1800, 0x2000, 0x3000, 0x3000, 0x4800, 0x9820, 0xe041, 0xf8a2, 0xf8a2, 0xf882, 0xf882, 0xf882, 0xf882, 0xf882, 0xf882, 0xf882, 0xf882, 0xf882, 0xf882, 0xf882, 0xf882, 0xf882, 0xf882, 0xf882, 0xf882, 0xf882, 0xf882, 0xf882, 0xf882, 0xf882, 0xf882, 0xf882, 0xe861, 0xa000, 0x5000, 0x5000, 0xc020, 0xf8a2, 0xf862, 0xf800, 0xf882, 0xd841, 0x6000, 0x4000, 0x2800, 0x1800, 0x1000, 0x0820, 0x0820, 0x0020, 0x0020, 0x0820, 0x0000, 0x0000, 0x0861, 0x2124, 0x2124, 0x18e3, 0x3165, 0x4228,
		0x39e7, 0x2124, 0x2104, 0x2944, 0x18c3, 0x0000, 0x0000, 0x0820, 0x0820, 0x0820, 0x0820, 0x0820, 0x0820, 0x0820, 0x0820, 0x0820, 0x0820, 0x0820, 0x0820, 0x0820, 0x1020, 0x1800, 0x2800, 0x3800, 0x4000, 0x3800, 0x9000, 0xf061, 0xe861, 0xe041, 0xe041, 0xe041, 0xe041, 0xe041, 0xe041, 0xe041, 0xe041, 0xe041, 0xe041, 0xe041, 0xe041, 0xe041, 0xe041, 0xe041, 0xe041, 0xe041, 0xe041, 0xd841, 0xd841, 0xd841, 0xe041, 0xe841, 0xb821, 0x4000, 0x3800, 0x9800, 0xf862, 0xf862, 0xf821, 0xf801, 0xf841, 0xf041, 0xe020, 0x7000, 0x2800, 0x2000, 0x1000, 0x0820, 0x0820, 0x0020, 0x0020, 0x0820, 0x0020, 0x0000, 0x0861, 0x2124, 0x2124, 0x18e3, 0x3185, 0x4228,
		0x39e7, 0x2124, 0x2104, 0x2924, 0x18c3, 0x0000, 0x0000, 0x0820, 0x0820, 0x0820, 0x0820, 0x0820, 0x0820, 0x0820, 0x0820, 0x0820, 0x0820, 0x0820, 0x0820, 0x0820, 0x1020, 0x1020, 0x2000, 0x2800, 0x3000, 0x3800, 0x5000, 0x6000, 0x6000, 0x6000, 0x6000, 0x6000, 0x6000, 0x6000, 0x6000, 0x6000, 0x6000, 0x6000, 0x6000, 0x6000, 0x6000, 0x6000, 0x6000, 0x6000, 0x6000, 0x6000, 0x6000, 0x6000, 0x5800, 0x5800, 0x6000, 0x6000, 0x5800, 0x4800, 0x7800, 0xe041, 0xf882, 0xf821, 0xf800, 0xf801, 0xf801, 0xf841, 0xf882, 0x8800, 0x2800, 0x2800, 0x1800, 0x1020, 0x0820, 0x0820, 0x0020, 0x0820, 0x0020, 0x0000, 0x0861, 0x2104, 0x2124, 0x18e3, 0x3186, 0x4228,
		0x39e7, 0x2124, 0x2104, 0x2124, 0x18c2, 0x0000, 0x0000, 0x0820, 0x0820, 0x0820, 0x0820, 0x0820, 0x0820, 0x0820, 0x0820, 0x0820, 0x0820, 0x0820, 0x0820, 0x0820, 0x0820, 0x1020, 0x1000, 0x1800, 0x2000, 0x3000, 0x3000, 0x2800, 0x3800, 0x3000, 0x3800, 0x3800, 0x3800, 0x3800, 0x3800, 0x3800, 0x3800, 0x3800, 0x3800, 0x3800, 0x3800, 0x3800, 0x3800, 0x3800, 0x3800, 0x3800, 0x3800, 0x3800, 0x3800, 0x3800, 0x3800, 0x3000, 0x3800, 0x6000, 0xc821, 0xf861, 0xf841, 0xf801, 0xf801, 0xf801, 0xf800, 0xf841, 0xf882, 0x8000, 0x2800, 0x2800, 0x1800, 0x1000, 0x0820, 0x0820, 0x0020, 0x0820, 0x0020, 0x0000, 0x0861, 0x2124, 0x2124, 0x18e3, 0x3185, 0x4228,
		0x39e7, 0x2124, 0x2104, 0x2124, 0x18c2, 0x0000, 0x0000, 0x0820, 0x0820, 0x0020, 0x0820, 0x0820, 0x0820, 0x0820, 0x0820, 0x0820, 0x0820, 0x0820, 0x0820, 0x0820, 0x0820, 0x0820, 0x1020, 0x1800, 0x2000, 0x2800, 0x2800, 0x3000, 0x3000, 0x3000, 0x3000, 0x3000, 0x3000, 0x3000, 0x3000, 0x3000, 0x3000, 0x3000, 0x3000, 0x3000, 0x3000, 0x3000, 0x3000, 0x3000, 0x3000, 0x3000, 0x3000, 0x3000, 0x3000, 0x3000, 0x3800, 0x3800, 0x4000, 0x6800, 0xf061, 0xf882, 0xf800, 0xf801, 0xf001, 0xf801, 0xf801, 0xf862, 0xf862, 0x8000, 0x3000, 0x2800, 0x1800, 0x1020, 0x0820, 0x0820, 0x0020, 0x0020, 0x0020, 0x0000, 0x0861, 0x2104, 0x2124, 0x18e3, 0x3165, 0x4208,
		0x39e7, 0x2124, 0x2104, 0x2944, 0x18c3, 0x0000, 0x0000, 0x0820, 0x0820, 0x0820, 0x0820, 0x0820, 0x0820, 0x0820, 0x0820, 0x0820, 0x0820, 0x0820, 0x0820, 0x0820, 0x0820, 0x0820, 0x0820, 0x1020, 0x1020, 0x1820, 0x2000, 0x2000, 0x2000, 0x2000, 0x2000, 0x2000, 0x2000, 0x2000, 0x2000, 0x2000, 0x2000, 0x2000, 0x2000, 0x2000, 0x2000, 0x2000, 0x2000, 0x2000, 0x2000, 0x2000, 0x2000, 0x2000, 0x2000, 0x2800, 0x2800, 0x3800, 0x3800, 0x6000, 0xe841, 0xf882, 0xf801, 0xf800, 0xf801, 0xf801, 0xf801, 0xf841, 0xf861, 0x8000, 0x3000, 0x3000, 0x1800, 0x1020, 0x0820, 0x0820, 0x0020, 0x0820, 0x0020, 0x0000, 0x0861, 0x2104, 0x2104, 0x18e3, 0x3185, 0x4208,
		0x39e7, 0x2124, 0x2104, 0x2944, 0x18c3, 0x0000, 0x0000, 0x0820, 0x0820, 0x0820, 0x0820, 0x0820, 0x0820, 0x0820, 0x0820, 0x0820, 0x0820, 0x0820, 0x0820, 0x0820, 0x0820, 0x0820, 0x0820, 0x0820, 0x1020, 0x1020, 0x1820, 0x1820, 0x1800, 0x1800, 0x1800, 0x1800, 0x1800, 0x1800, 0x1800, 0x1800, 0x1800, 0x1800, 0x1820, 0x1820, 0x1820, 0x1800, 0x1800, 0x1800, 0x1800, 0x1800, 0x1800, 0x1820, 0x1800, 0x2000, 0x2000, 0x3000, 0x3800, 0x5800, 0xe861, 0xf882, 0xf801, 0xf801, 0xf801, 0xf801, 0xf800, 0xf841, 0xf862, 0x7800, 0x2800, 0x3000, 0x1800, 0x1000, 0x0820, 0x0820, 0x0820, 0x0820, 0x0020, 0x0000, 0x0861, 0x2104, 0x2104, 0x18e3, 0x3186, 0x4228,
		0x39e7, 0x2124, 0x2104, 0x2924, 0x18c3, 0x0000, 0x0000, 0x0820, 0x0820, 0x0820, 0x0820, 0x0820, 0x0820, 0x0820, 0x0820, 0x0820, 0x0820, 0x0820, 0x0820, 0x0820, 0x0820, 0x0820, 0x0820, 0x0820, 0x0820, 0x1020, 0x1020, 0x1020, 0x1020, 0x1020, 0x1020, 0x1020, 0x1020, 0x1020, 0x1020, 0x1020, 0x1020, 0x1020, 0x1020, 0x1020, 0x1020, 0x1020, 0x1020, 0x1020, 0x1020, 0x1020, 0x1020, 0x1020, 0x1020, 0x1800, 0x2000, 0x2800, 0x3800, 0x5800, 0xe841, 0xf882, 0xf821, 0xf801, 0xf801, 0xf801, 0xf800, 0xf841, 0xf862, 0x8000, 0x3000, 0x3000, 0x1800, 0x1000, 0x0820, 0x0820, 0x0020, 0x0820, 0x0020, 0x0000, 0x0861, 0x2104, 0x2104, 0x18e3, 0x3165, 0x4228,
		0x39e7, 0x2124, 0x2104, 0x2924, 0x18c3, 0x0000, 0x0000, 0x0820, 0x0820, 0x0020, 0x0820, 0x0820, 0x0820, 0x0820, 0x0820, 0x0820, 0x0820, 0x0820, 0x0820, 0x0820, 0x0820, 0x0820, 0x0820, 0x0820, 0x0820, 0x0820, 0x0820, 0x0820, 0x0820, 0x0820, 0x0820, 0x0820, 0x0820, 0x0820, 0x0820, 0x0820, 0x0820, 0x0820, 0x0820, 0x0820, 0x0820, 0x0820, 0x0820, 0x0820, 0x0820, 0x0820, 0x0820, 0x0820, 0x0820, 0x1020, 0x1800, 0x2800, 0x3800, 0x6000, 0xe841, 0xf862, 0xf801, 0xf801, 0xf801, 0xf801, 0xf801, 0xf841, 0xf862, 0x8000, 0x2800, 0x3000, 0x1800, 0x1000, 0x0820, 0x0820, 0x0020, 0x0820, 0x0020, 0x0000, 0x0861, 0x2104, 0x2104, 0x18e3, 0x2965, 0x4228,
		0x39e7, 0x2124, 0x2104, 0x2124, 0x18c3, 0x0000, 0x0000, 0x0820, 0x0820, 0x0820, 0x0820, 0x0820, 0x0820, 0x0820, 0x0820, 0x0820, 0x0820, 0x0820, 0x0820, 0x0820, 0x0820, 0x0820, 0x0820, 0x0820, 0x0820, 0x0820, 0x0820, 0x0820, 0x0820, 0x0820, 0x0820, 0x0820, 0x0820, 0x0820, 0x0820, 0x0820, 0x0820, 0x0820, 0x0820, 0x0820, 0x0820, 0x0820, 0x0820, 0x0820, 0x0820, 0x0820, 0x0820, 0x0820, 0x0820, 0x1020, 0x1800, 0x2800, 0x3800, 0x6000, 0xe841, 0xf862, 0xf801, 0xf801, 0xf801, 0xf801, 0xf801, 0xf841, 0xf862, 0x8000, 0x3000, 0x2800, 0x1800, 0x1000, 0x0820, 0x0820, 0x0020, 0x0820, 0x0020, 0x0000, 0x0861, 0x2104, 0x2104, 0x18e3, 0x3165, 0x4228,
		0x39e7, 0x2124, 0x2104, 0x2924, 0x18c3, 0x0000, 0x0000, 0x0820, 0x0820, 0x0820, 0x0820, 0x0820, 0x0820, 0x0820, 0x0820, 0x0820, 0x0820, 0x0820, 0x0820, 0x0820, 0x0820, 0x0820, 0x0820, 0x0820, 0x0820, 0x0820, 0x0820, 0x0820, 0x0820, 0x0820, 0x0820, 0x0820, 0x0820, 0x0820, 0x0820, 0x0820, 0x0820, 0x0820, 0x0820, 0x0820, 0x0820, 0x0820, 0x0820, 0x0820, 0x0820, 0x0820, 0x0820, 0x0820, 0x0820, 0x1020, 0x1800, 0x2800, 0x3800, 0x6000, 0xe841, 0xf862, 0xf821, 0xf801, 0xf801, 0xf801, 0xf801, 0xf841, 0xf862, 0x8000, 0x3000, 0x2800, 0x1800, 0x1000, 0x0820, 0x0820, 0x0020, 0x0020, 0x0000, 0x0000, 0x0861, 0x2124, 0x2104, 0x18e3, 0x3185, 0x4a28,
		0x39e7, 0x2124, 0x2104, 0x2924, 0x18c2, 0x0000, 0x0000, 0x0820, 0x0820, 0x0820, 0x0820, 0x0820, 0x0820, 0x0820, 0x0820, 0x0820, 0x0820, 0x0820, 0x0820, 0x0820, 0x0820, 0x0820, 0x0820, 0x0820, 0x0820, 0x0820, 0x0820, 0x0820, 0x0820, 0x0820, 0x0820, 0x0820, 0x0020, 0x0820, 0x0820, 0x0820, 0x0020, 0x0020, 0x0820, 0x0820, 0x0020, 0x0020, 0x0020, 0x0020, 0x0020, 0x0020, 0x0020, 0x0820, 0x0820, 0x1020, 0x1800, 0x2800, 0x3800, 0x6000, 0xe841, 0xf862, 0xf821, 0xf801, 0xf801, 0xf801, 0xf801, 0xf862, 0xf862, 0x8000, 0x3000, 0x2800, 0x1800, 0x1020, 0x0820, 0x0820, 0x0020, 0x0820, 0x0000, 0x0000, 0x0861, 0x2124, 0x2104, 0x18e3, 0x3186, 0x4a28,
		0x39e7, 0x2104, 0x2104, 0x2124, 0x18c3, 0x0000, 0x0000, 0x0820, 0x0820, 0x0820, 0x0820, 0x0820, 0x0820, 0x0820, 0x0820, 0x0820, 0x0820, 0x0820, 0x0820, 0x0820, 0x0820, 0x0820, 0x0820, 0x0820, 0x0820, 0x0820, 0x0820, 0x0820, 0x0820, 0x0820, 0x0820, 0x0820, 0x0820, 0x0820, 0x0820, 0x0820, 0x0020, 0x0820, 0x0820, 0x0020, 0x0020, 0x0020, 0x0020, 0x0020, 0x0020, 0x0020, 0x0020, 0x0820, 0x0820, 0x1020, 0x1800, 0x2800, 0x3800, 0x6000, 0xe841, 0xf882, 0xf821, 0xf801, 0xf801, 0xf801, 0xf801, 0xf862, 0xf862, 0x8000, 0x2800, 0x2800, 0x1800, 0x1020, 0x0820, 0x0820, 0x0020, 0x0820, 0x0000, 0x0000, 0x0861, 0x2104, 0x2104, 0x18e3, 0x3186, 0x4a28,
		0x39e7, 0x2104, 0x2104, 0x2124, 0x18c3, 0x0000, 0x0000, 0x0820, 0x0820, 0x0820, 0x0820, 0x0820, 0x0820, 0x0820, 0x0820, 0x0820, 0x0820, 0x0820, 0x0820, 0x0820, 0x0820, 0x0820, 0x0820, 0x0820, 0x0820, 0x0820, 0x0820, 0x0820, 0x0820, 0x0820, 0x0820, 0x0820, 0x0820, 0x0820, 0x0820, 0x0820, 0x0820, 0x0020, 0x0820, 0x0020, 0x0020, 0x0020, 0x0820, 0x0820, 0x0820, 0x0020, 0x0820, 0x0820, 0x0820, 0x1020, 0x1800, 0x2800, 0x3800, 0x6000, 0xe841, 0xf882, 0xf821, 0xf801, 0xf801, 0xf801, 0xf801, 0xf841, 0xf862, 0x7800, 0x3000, 0x2800, 0x1800, 0x1020, 0x0820, 0x0820, 0x0020, 0x0020, 0x0000, 0x0000, 0x0861, 0x2104, 0x2104, 0x18e3, 0x3186, 0x4228,
		0x39e7, 0x2104, 0x2104, 0x2124, 0x18c3, 0x0000, 0x0000, 0x0820, 0x0820, 0x0820, 0x0820, 0x0820, 0x0820, 0x0820, 0x0820, 0x0820, 0x0820, 0x0820, 0x0820, 0x0820, 0x0820, 0x0820, 0x0820, 0x0820, 0x0820, 0x0820, 0x0820, 0x0820, 0x0820, 0x0820, 0x0820, 0x0820, 0x0820, 0x0020, 0x0820, 0x0820, 0x0820, 0x0820, 0x0020, 0x0020, 0x0020, 0x0820, 0x0020, 0x0820, 0x0820, 0x0020, 0x0020, 0x0820, 0x0820, 0x1020, 0x1800, 0x2800, 0x3800, 0x6000, 0xe841, 0xf882, 0xf801, 0xf801, 0xf801, 0xf801, 0xf801, 0xf862, 0xf862, 0x8000, 0x3000, 0x2800, 0x1800, 0x1000, 0x0820, 0x0820, 0x0020, 0x0820, 0x0000, 0x0000, 0x0861, 0x2104, 0x2104, 0x18e3, 0x3186, 0x4228,
		0x39c7, 0x2104, 0x2104, 0x2124, 0x18c3, 0x0000, 0x0000, 0x0820, 0x0820, 0x0820, 0x0820, 0x0820, 0x0820, 0x0820, 0x0820, 0x0820, 0x0820, 0x0820, 0x0820, 0x0820, 0x0820, 0x0820, 0x0820, 0x0820, 0x0820, 0x0820, 0x0820, 0x0820, 0x0820, 0x0820, 0x0820, 0x0820, 0x0820, 0x0820, 0x0020, 0x0820, 0x0820, 0x0820, 0x0020, 0x0020, 0x0020, 0x0820, 0x0820, 0x0020, 0x0020, 0x0020, 0x0020, 0x0820, 0x0820, 0x1020, 0x1800, 0x2800, 0x3800, 0x6000, 0xe861, 0xf882, 0xf801, 0xf801, 0xf801, 0xf801, 0xf801, 0xf861, 0xf862, 0x8000, 0x3000, 0x3000, 0x1800, 0x1000, 0x0820, 0x0820, 0x0020, 0x0820, 0x0020, 0x0000, 0x0861, 0x2104, 0x2124, 0x18e3, 0x3185, 0x4208,
		0x39c7, 0x2104, 0x2104, 0x2124, 0x18c3, 0x0000, 0x0000, 0x0820, 0x0820, 0x0820, 0x0820, 0x0820, 0x0820, 0x0820, 0x0820, 0x0820, 0x0820, 0x0820, 0x0820, 0x0820, 0x0820, 0x0820, 0x0820, 0x0820, 0x0820, 0x0820, 0x0820, 0x0820, 0x0820, 0x0820, 0x0820, 0x0820, 0x0820, 0x0820, 0x0020, 0x0020, 0x0020, 0x0820, 0x0820, 0x0820, 0x0820, 0x0820, 0x0820, 0x0820, 0x0820, 0x0020, 0x0020, 0x0820, 0x0820, 0x1020, 0x1800, 0x2800, 0x3800, 0x6000, 0xe841, 0xf882, 0xf821, 0xf801, 0xf801, 0xf801, 0xf800, 0xf841, 0xf862, 0x8000, 0x3000, 0x2800, 0x1800, 0x1020, 0x0820, 0x0820, 0x0020, 0x0820, 0x0000, 0x0000, 0x0861, 0x2124, 0x2104, 0x18e3, 0x3185, 0x4208,
		0x39c7, 0x2104, 0x2104, 0x2124, 0x18c3, 0x0000, 0x0000, 0x0820, 0x0820, 0x0820, 0x0820, 0x0820, 0x0820, 0x0820, 0x0820, 0x0820, 0x0820, 0x0820, 0x0820, 0x0820, 0x0820, 0x0820, 0x0820, 0x0820, 0x0820, 0x0820, 0x0820, 0x0820, 0x0820, 0x0820, 0x0820, 0x0820, 0x0820, 0x0820, 0x0020, 0x0020, 0x0820, 0x0820, 0x0820, 0x0020, 0x0820, 0x0820, 0x0820, 0x0820, 0x0820, 0x0820, 0x0020, 0x0820, 0x0820, 0x1020, 0x1800, 0x2800, 0x3800, 0x6000, 0xe841, 0xf882, 0xf821, 0xf801, 0xf801, 0xf801, 0xf801, 0xf841, 0xf862, 0x7800, 0x3000, 0x3000, 0x1800, 0x1020, 0x0820, 0x0820, 0x0820, 0x0820, 0x0000, 0x0000, 0x0861, 0x2104, 0x2104, 0x18e3, 0x3165, 0x4208,
		0x39e7, 0x2104, 0x2104, 0x2124, 0x18c3, 0x0000, 0x0000, 0x0820, 0x0820, 0x0820, 0x0820, 0x0820, 0x0820, 0x0820, 0x0820, 0x0820, 0x0820, 0x0820, 0x0820, 0x0820, 0x0820, 0x0820, 0x0820, 0x0820, 0x0820, 0x0820, 0x0820, 0x0820, 0x0820, 0x0820, 0x0820, 0x0820, 0x0820, 0x0820, 0x0820, 0x0820, 0x0820, 0x0820, 0x0820, 0x0820, 0x0820, 0x0820, 0x0820, 0x0820, 0x0020, 0x0820, 0x0820, 0x0820, 0x0820, 0x1020, 0x1800, 0x2800, 0x3800, 0x6000, 0xe841, 0xf862, 0xf801, 0xf801, 0xf801, 0xf821, 0xf800, 0xf841, 0xf841, 0x8000, 0x3000, 0x2800, 0x1800, 0x1020, 0x0820, 0x0820, 0x0820, 0x0820, 0x0000, 0x0000, 0x0861, 0x2104, 0x2104, 0x18e3, 0x3165, 0x4228,
		0x39c7, 0x2124, 0x2104, 0x2124, 0x18c3, 0x0000, 0x0000, 0x0820, 0x0820, 0x0820, 0x0820, 0x0820, 0x0820, 0x0820, 0x0820, 0x0820, 0x0820, 0x0820, 0x0820, 0x0820, 0x0820, 0x0820, 0x0820, 0x0820, 0x0820, 0x0820, 0x0820, 0x0820, 0x0820, 0x0820, 0x0820, 0x0020, 0x0020, 0x0020, 0x0820, 0x0820, 0x0020, 0x0820, 0x0820, 0x0820, 0x0820, 0x0820, 0x0020, 0x0020, 0x0820, 0x0020, 0x0020, 0x0820, 0x0820, 0x1020, 0x1800, 0x2800, 0x3800, 0x6000, 0xe841, 0xf862, 0xf801, 0xf801, 0xf801, 0xf801, 0xf800, 0xf841, 0xf862, 0x8000, 0x3000, 0x2800, 0x1800, 0x1020, 0x0820, 0x0820, 0x0020, 0x0820, 0x0000, 0x0000, 0x0861, 0x2104, 0x2104, 0x18e3, 0x3165, 0x4228,
		0x39e7, 0x2124, 0x2104, 0x2124, 0x18c3, 0x0000, 0x0000, 0x0820, 0x0820, 0x0820, 0x0820, 0x0820, 0x0820, 0x0820, 0x0820, 0x0820, 0x0820, 0x0820, 0x0820, 0x0820, 0x0820, 0x0820, 0x0820, 0x0820, 0x0820, 0x0820, 0x0820, 0x0820, 0x0820, 0x0820, 0x0020, 0x0820, 0x0020, 0x0020, 0x0820, 0x0020, 0x0820, 0x0820, 0x0820, 0x0820, 0x0820, 0x0820, 0x0820, 0x0820, 0x0020, 0x0820, 0x0820, 0x0820, 0x0820, 0x1020, 0x1800, 0x2800, 0x4000, 0x6000, 0xe841, 0xf862, 0xf801, 0xf801, 0xf801, 0xf801, 0xf801, 0xf862, 0xf862, 0x8000, 0x3000, 0x2800, 0x1800, 0x1020, 0x0820, 0x0820, 0x0020, 0x0820, 0x0020, 0x0000, 0x0861, 0x2104, 0x2104, 0x18e3, 0x3165, 0x4228,
		0x39e7, 0x2124, 0x2104, 0x2124, 0x18c3, 0x0000, 0x0000, 0x0820, 0x0820, 0x0820, 0x0820, 0x0820, 0x0820, 0x0820, 0x0820, 0x0820, 0x0820, 0x0820, 0x0820, 0x0820, 0x0820, 0x0820, 0x0820, 0x0820, 0x0820, 0x0820, 0x0820, 0x0820, 0x0820, 0x0020, 0x0020, 0x0020, 0x0820, 0x0020, 0x0020, 0x0820, 0x0820, 0x0820, 0x0820, 0x0020, 0x0020, 0x0820, 0x0820, 0x0820, 0x0020, 0x0820, 0x0020, 0x0820, 0x0820, 0x1020, 0x1800, 0x3000, 0x4000, 0x6000, 0xe841, 0xf862, 0xf801, 0xf801, 0xf801, 0xf801, 0xf801, 0xf862, 0xf862, 0x8000, 0x3000, 0x3000, 0x1800, 0x1020, 0x0820, 0x0820, 0x0020, 0x0820, 0x0020, 0x0000, 0x0861, 0x2104, 0x2104, 0x18e3, 0x3185, 0x4a48,
		0x39e7, 0x2124, 0x2104, 0x2924, 0x18c3, 0x0000, 0x0000, 0x0820, 0x0820, 0x0820, 0x0820, 0x0820, 0x0820, 0x0820, 0x0820, 0x0820, 0x0820, 0x0820, 0x0820, 0x0820, 0x0820, 0x0820, 0x0820, 0x0820, 0x0820, 0x0820, 0x0820, 0x0820, 0x0820, 0x0820, 0x0020, 0x0820, 0x0820, 0x0020, 0x0020, 0x0820, 0x0020, 0x0020, 0x0820, 0x0820, 0x0820, 0x0820, 0x0820, 0x0820, 0x0820, 0x0020, 0x0020, 0x0820, 0x0820, 0x1020, 0x1800, 0x3000, 0x4000, 0x6000, 0xe841, 0xf862, 0xf801, 0xf801, 0xf801, 0xf801, 0xf801, 0xf862, 0xf862, 0x8000, 0x3000, 0x3000, 0x1800, 0x1000, 0x0820, 0x0820, 0x0020, 0x0820, 0x0020, 0x0000, 0x0861, 0x2104, 0x2104, 0x18e3, 0x3185, 0x4a49,
		0x39e7, 0x2124, 0x2104, 0x2924, 0x18c3, 0x0000, 0x0000, 0x0820, 0x0820, 0x0820, 0x0820, 0x0820, 0x0820, 0x0820, 0x0820, 0x0820, 0x0820, 0x0820, 0x0020, 0x0820, 0x0820, 0x0820, 0x0820, 0x0820, 0x0820, 0x0820, 0x0820, 0x0820, 0x0820, 0x0820, 0x0820, 0x0820, 0x0820, 0x0820, 0x0820, 0x0020, 0x0020, 0x0020, 0x0820, 0x0820, 0x0820, 0x0820, 0x0820, 0x0820, 0x0820, 0x0820, 0x0020, 0x0820, 0x0820, 0x1020, 0x1800, 0x3000, 0x4000, 0x6800, 0xe861, 0xf882, 0xf801, 0xf801, 0xf801, 0xf801, 0xf800, 0xf861, 0xf862, 0x8000, 0x3000, 0x2800, 0x1800, 0x1000, 0x0820, 0x0820, 0x0020, 0x0820, 0x0020, 0x0000, 0x0861, 0x2104, 0x2104, 0x18e3, 0x3186, 0x4a48,
		0x39e7, 0x2124, 0x2104, 0x2924, 0x18c3, 0x0000, 0x0000, 0x0820, 0x0820, 0x0820, 0x0820, 0x0820, 0x0020, 0x0820, 0x0820, 0x0820, 0x0820, 0x0820, 0x0820, 0x0820, 0x0820, 0x0820, 0x0820, 0x0820, 0x0820, 0x0820, 0x0820, 0x0820, 0x0820, 0x0820, 0x0820, 0x0820, 0x0820, 0x0820, 0x0020, 0x0020, 0x0820, 0x0820, 0x0820, 0x0820, 0x0820, 0x0820, 0x0820, 0x0820, 0x0820, 0x0820, 0x0020, 0x0820, 0x0820, 0x1020, 0x1800, 0x3000, 0x4000, 0x6800, 0xe861, 0xf862, 0xf801, 0xf801, 0xf801, 0xf801, 0xf800, 0xf861, 0xf862, 0x8000, 0x2800, 0x3000, 0x1800, 0x1000, 0x0820, 0x0820, 0x0020, 0x0820, 0x0020, 0x0000, 0x0861, 0x2104, 0x2104, 0x18e3, 0x3165, 0x4228,
		0x39e7, 0x2104, 0x2104, 0x2924, 0x18c3, 0x0000, 0x0000, 0x0820, 0x0820, 0x0820, 0x0820, 0x0820, 0x0820, 0x0820, 0x0820, 0x0820, 0x0820, 0x0820, 0x0820, 0x0820, 0x0820, 0x0820, 0x0020, 0x0020, 0x0820, 0x0820, 0x0820, 0x0820, 0x0820, 0x0820, 0x0820, 0x0020, 0x0820, 0x0020, 0x0020, 0x0820, 0x0820, 0x0820, 0x0820, 0x0820, 0x0820, 0x0820, 0x0820, 0x0820, 0x0020, 0x0820, 0x0020, 0x0820, 0x0820, 0x1020, 0x1800, 0x3000, 0x4000, 0x6800, 0xe861, 0xf862, 0xf801, 0xf801, 0xf821, 0xf801, 0xf800, 0xf861, 0xf862, 0x8000, 0x3000, 0x3000, 0x1800, 0x1000, 0x0820, 0x0820, 0x0020, 0x0020, 0x0000, 0x0000, 0x0861, 0x2104, 0x2104, 0x18e3, 0x3165, 0x4228,
		0x39e7, 0x2104, 0x2104, 0x2924, 0x18c3, 0x0000, 0x0000, 0x0820, 0x0820, 0x0820, 0x0820, 0x0820, 0x0820, 0x0820, 0x0820, 0x0820, 0x0820, 0x0820, 0x0820, 0x0820, 0x0820, 0x0820, 0x0820, 0x0020, 0x0820, 0x0820, 0x0820, 0x0820, 0x0820, 0x0820, 0x0820, 0x0820, 0x0820, 0x0820, 0x0820, 0x0820, 0x0820, 0x0820, 0x0820, 0x0820, 0x0820, 0x0820, 0x0820, 0x0820, 0x0820, 0x0020, 0x0820, 0x0820, 0x0820, 0x1020, 0x1800, 0x3000, 0x4000, 0x6800, 0xe861, 0xf862, 0xf801, 0xf801, 0xf801, 0xf801, 0xf801, 0xf862, 0xf862, 0x8000, 0x3000, 0x3000, 0x1800, 0x1020, 0x0820, 0x0820, 0x0020, 0x0820, 0x0020, 0x0000, 0x0861, 0x2104, 0x2104, 0x18e3, 0x3165, 0x4228,
		0x41e7, 0x2104, 0x2104, 0x2124, 0x18c3, 0x0000, 0x0000, 0x0820, 0x0820, 0x0820, 0x0020, 0x0820, 0x0820, 0x0820, 0x0820, 0x0820, 0x0820, 0x0820, 0x0820, 0x0820, 0x0820, 0x0820, 0x0820, 0x0820, 0x0820, 0x0820, 0x0820, 0x0820, 0x0820, 0x0820, 0x0820, 0x0820, 0x0820, 0x0820, 0x0820, 0x0820, 0x0820, 0x0820, 0x0820, 0x0820, 0x0820, 0x0020, 0x0820, 0x0820, 0x0820, 0x0020, 0x0020, 0x0820, 0x0820, 0x1020, 0x1800, 0x3000, 0x4000, 0x6000, 0xe841, 0xf862, 0xf801, 0xf801, 0xf801, 0xf801, 0xf801, 0xf862, 0xf862, 0x8000, 0x3000, 0x3000, 0x2000, 0x1000, 0x0820, 0x0820, 0x0020, 0x0820, 0x0020, 0x0000, 0x0861, 0x2104, 0x2104, 0x18e3, 0x3165, 0x4228,
		0x41e7, 0x2104, 0x2103, 0x2124, 0x18c3, 0x0000, 0x0000, 0x0820, 0x0820, 0x0820, 0x0820, 0x0820, 0x0820, 0x0820, 0x0820, 0x0820, 0x0820, 0x0820, 0x0820, 0x0820, 0x0820, 0x0820, 0x0820, 0x0820, 0x0820, 0x0820, 0x0820, 0x0820, 0x0820, 0x0820, 0x0820, 0x0820, 0x0820, 0x0820, 0x0820, 0x0820, 0x0820, 0x0820, 0x0820, 0x0820, 0x0020, 0x0020, 0x0020, 0x0820, 0x0820, 0x0020, 0x0020, 0x0820, 0x0820, 0x1020, 0x1800, 0x3000, 0x3800, 0x6000, 0xe841, 0xf862, 0xf801, 0xf801, 0xf801, 0xf801, 0xf801, 0xf862, 0xf862, 0x8000, 0x3000, 0x3000, 0x2000, 0x1000, 0x0820, 0x0820, 0x0020, 0x0820, 0x0020, 0x0000, 0x0861, 0x2104, 0x2104, 0x18e3, 0x2965, 0x4228,
		0x39e7, 0x2104, 0x2104, 0x2945, 0x18c3, 0x0000, 0x0000, 0x0820, 0x0820, 0x0820, 0x0820, 0x0820, 0x0820, 0x0820, 0x0820, 0x0820, 0x0820, 0x0820, 0x0820, 0x0820, 0x0820, 0x0820, 0x0020, 0x0020, 0x0820, 0x0820, 0x0820, 0x0820, 0x0820, 0x0820, 0x0820, 0x0820, 0x0820, 0x0820, 0x0820, 0x0820, 0x0020, 0x0820, 0x0020, 0x0820, 0x0020, 0x0020, 0x0020, 0x0820, 0x0820, 0x0820, 0x0820, 0x0820, 0x0820, 0x1020, 0x1800, 0x3000, 0x3800, 0x6000, 0xe841, 0xf862, 0xf801, 0xf801, 0xf801, 0xf801, 0xf801, 0xf861, 0xf862, 0x8000, 0x3000, 0x3000, 0x2000, 0x1000, 0x0820, 0x0820, 0x0020, 0x0820, 0x0020, 0x0000, 0x0861, 0x2104, 0x2104, 0x18e3, 0x2965, 0x4228,
		0x41e7, 0x2104, 0x2104, 0x2944, 0x18c3, 0x0000, 0x0000, 0x0820, 0x0820, 0x0820, 0x0820, 0x0820, 0x0820, 0x0820, 0x0820, 0x0820, 0x0820, 0x0820, 0x0820, 0x0820, 0x0820, 0x0820, 0x0020, 0x0820, 0x0020, 0x0020, 0x0820, 0x0820, 0x0820, 0x0820, 0x0820, 0x0820, 0x0820, 0x0820, 0x0020, 0x0820, 0x0820, 0x0020, 0x0020, 0x0020, 0x0020, 0x0020, 0x0820, 0x0820, 0x0820, 0x0020, 0x0020, 0x0820, 0x0820, 0x1020, 0x1800, 0x3000, 0x3800, 0x6800, 0xe841, 0xf862, 0xf801, 0xf801, 0xf821, 0xf801, 0xf801, 0xf861, 0xf862, 0x8000, 0x3000, 0x2800, 0x1800, 0x1000, 0x0820, 0x0820, 0x0020, 0x0820, 0x0020, 0x0000, 0x0861, 0x2104, 0x2104, 0x18e3, 0x2965, 0x4228,
		0x39e7, 0x2104, 0x2104, 0x2924, 0x18c3, 0x0000, 0x0000, 0x0820, 0x0820, 0x0820, 0x0820, 0x0820, 0x0820, 0x0820, 0x0820, 0x0820, 0x0820, 0x0820, 0x0820, 0x0820, 0x0820, 0x0820, 0x0820, 0x0820, 0x0820, 0x0820, 0x0820, 0x0820, 0x0820, 0x0820, 0x0820, 0x0820, 0x0820, 0x0820, 0x0820, 0x0020, 0x0820, 0x0820, 0x0820, 0x0820, 0x0020, 0x0820, 0x0820, 0x0820, 0x0820, 0x0020, 0x0020, 0x0820, 0x0820, 0x1020, 0x1800, 0x3000, 0x3800, 0x6000, 0xe841, 0xf862, 0xf821, 0xf801, 0xf821, 0xf821, 0xf800, 0xf861, 0xf862, 0x8000, 0x3000, 0x2800, 0x1800, 0x1020, 0x0820, 0x0820, 0x0020, 0x0820, 0x0020, 0x0000, 0x0861, 0x2104, 0x2104, 0x18c3, 0x3165, 0x4228,
		0x39e7, 0x2124, 0x2104, 0x2924, 0x18c3, 0x0000, 0x0000, 0x0820, 0x0820, 0x0820, 0x0820, 0x0820, 0x0820, 0x0820, 0x0820, 0x0820, 0x0820, 0x0820, 0x0820, 0x0820, 0x0820, 0x0820, 0x0820, 0x0820, 0x0820, 0x0820, 0x0820, 0x0820, 0x0820, 0x0820, 0x0820, 0x0820, 0x0820, 0x0820, 0x0820, 0x0820, 0x0820, 0x0820, 0x0820, 0x0820, 0x0820, 0x0820, 0x0820, 0x0820, 0x0820, 0x0820, 0x0020, 0x0820, 0x0820, 0x1020, 0x1800, 0x2800, 0x3800, 0x5800, 0xe861, 0xf882, 0xf801, 0xf801, 0xf821, 0xf821, 0xf800, 0xf861, 0xf862, 0x8000, 0x2800, 0x2800, 0x1800, 0x1020, 0x0820, 0x0820, 0x0020, 0x0820, 0x0020, 0x0000, 0x0861, 0x2104, 0x2104, 0x18e3, 0x3186, 0x4228,
		0x39e7, 0x2124, 0x2104, 0x2944, 0x18c3, 0x0000, 0x0000, 0x0820, 0x0820, 0x0820, 0x0820, 0x0820, 0x0820, 0x0820, 0x0820, 0x0820, 0x0820, 0x0820, 0x0820, 0x0820, 0x0820, 0x0820, 0x0820, 0x0820, 0x0820, 0x0820, 0x0820, 0x0820, 0x0820, 0x0820, 0x0820, 0x0820, 0x0820, 0x0820, 0x0820, 0x0820, 0x0820, 0x0820, 0x0820, 0x0820, 0x0820, 0x0820, 0x0820, 0x0820, 0x0820, 0x0820, 0x0020, 0x0820, 0x0820, 0x0820, 0x1000, 0x2800, 0x3000, 0x6000, 0xf862, 0xf882, 0xf800, 0xf801, 0xf821, 0xf821, 0xf800, 0xf841, 0xf882, 0x9000, 0x2800, 0x2800, 0x1800, 0x1020, 0x0820, 0x0820, 0x0020, 0x0820, 0x0020, 0x0000, 0x0861, 0x2104, 0x2104, 0x18e3, 0x3186, 0x4228,
		0x39e7, 0x2124, 0x2104, 0x2945, 0x18c3, 0x0000, 0x0000, 0x0820, 0x0820, 0x0820, 0x0820, 0x0820, 0x0820, 0x0820, 0x0820, 0x0820, 0x0820, 0x0820, 0x0820, 0x0820, 0x0820, 0x0020, 0x0820, 0x0820, 0x0820, 0x0820, 0x0820, 0x0820, 0x0820, 0x0820, 0x0820, 0x0820, 0x0820, 0x0820, 0x0820, 0x0820, 0x0820, 0x0820, 0x0820, 0x0820, 0x0820, 0x0820, 0x0820, 0x0820, 0x0820, 0x0020, 0x0020, 0x0820, 0x0820, 0x0820, 0x1020, 0x2000, 0x3000, 0x5000, 0xc040, 0xf061, 0xf841, 0xf821, 0xf800, 0xf821, 0xf841, 0xe841, 0xd020, 0x7000, 0x2800, 0x2000, 0x1000, 0x0820, 0x0820, 0x0820, 0x0020, 0x0820, 0x0020, 0x0000, 0x0861, 0x2104, 0x2104, 0x18e3, 0x3185, 0x4228,
		0x4208, 0x2124, 0x2104, 0x2945, 0x18c3, 0x0000, 0x0000, 0x0820, 0x0820, 0x0020, 0x0820, 0x0820, 0x0820, 0x0820, 0x0820, 0x0820, 0x0820, 0x0820, 0x0820, 0x0820, 0x0820, 0x0820, 0x0820, 0x0820, 0x0820, 0x0820, 0x0820, 0x0820, 0x0820, 0x0820, 0x0820, 0x0820, 0x0820, 0x0820, 0x0820, 0x0820, 0x0820, 0x0820, 0x0820, 0x0820, 0x0820, 0x0820, 0x0820, 0x0820, 0x0020, 0x0820, 0x0820, 0x0820, 0x0820, 0x0820, 0x1020, 0x1800, 0x3000, 0x4800, 0x4800, 0xb020, 0xf8a2, 0xf841, 0xf800, 0xf800, 0xf882, 0xd841, 0x5000, 0x4000, 0x3000, 0x1800, 0x1000, 0x0820, 0x0820, 0x0820, 0x0020, 0x0820, 0x0020, 0x0000, 0x0861, 0x2104, 0x2124, 0x18e3, 0x3165, 0x4228,
		0x4208, 0x2104, 0x2104, 0x2924, 0x18c3, 0x0000, 0x0000, 0x0820, 0x0820, 0x0820, 0x0820, 0x0820, 0x0820, 0x0820, 0x0820, 0x0820, 0x0820, 0x0820, 0x0820, 0x0820, 0x0820, 0x0820, 0x0820, 0x0820, 0x0820, 0x0820, 0x0820, 0x0820, 0x0820, 0x0820, 0x0820, 0x0820, 0x0820, 0x0820, 0x0820, 0x0820, 0x0820, 0x0820, 0x0820, 0x0820, 0x0820, 0x0820, 0x0820, 0x0820, 0x0820, 0x0820, 0x0820, 0x0820, 0x0820, 0x0820, 0x1020, 0x1000, 0x2800, 0x3800, 0x3800, 0x7800, 0xd841, 0xf861, 0xf841, 0xf821, 0xf841, 0xa820, 0x3800, 0x3000, 0x2800, 0x1800, 0x1020, 0x0820, 0x0820, 0x0820, 0x0820, 0x0820, 0x0020, 0x0000, 0x0861, 0x2104, 0x2124, 0x18e3, 0x3185, 0x4228,
		0x39e7, 0x2104, 0x2104, 0x2924, 0x18c3, 0x0000, 0x0000, 0x0820, 0x0820, 0x0820, 0x0820, 0x0820, 0x0820, 0x0820, 0x0820, 0x0820, 0x0820, 0x0820, 0x0820, 0x0820, 0x0820, 0x0820, 0x0820, 0x0820, 0x0820, 0x0820, 0x0820, 0x0820, 0x0820, 0x0820, 0x0820, 0x0820, 0x0820, 0x0820, 0x0820, 0x0820, 0x0820, 0x0820, 0x0820, 0x0820, 0x0820, 0x0820, 0x0820, 0x0820, 0x0820, 0x0820, 0x0820, 0x0820, 0x0820, 0x0820, 0x0820, 0x1020, 0x1800, 0x2800, 0x4000, 0x4800, 0x7800, 0xf061, 0xf882, 0xf841, 0xb800, 0x6000, 0x4800, 0x3000, 0x2000, 0x1000, 0x0820, 0x0820, 0x0820, 0x0020, 0x0820, 0x0820, 0x0020, 0x0000, 0x0861, 0x2124, 0x2124, 0x18e3, 0x3186, 0x4228,
		0x39c7, 0x2124, 0x2104, 0x2944, 0x18e3, 0x0000, 0x0000, 0x0820, 0x0820, 0x0820, 0x0820, 0x0820, 0x0820, 0x0820, 0x0820, 0x0820, 0x0820, 0x0820, 0x0820, 0x0820, 0x0820, 0x0820, 0x0820, 0x0820, 0x0820, 0x0820, 0x0820, 0x0820, 0x0820, 0x0820, 0x0820, 0x0820, 0x0820, 0x0820, 0x0820, 0x0820, 0x0820, 0x0820, 0x0820, 0x0820, 0x0820, 0x0820, 0x0820, 0x0820, 0x0820, 0x0820, 0x0820, 0x0820, 0x0820, 0x0820, 0x0820, 0x1020, 0x1820, 0x2000, 0x3000, 0x3800, 0x4800, 0xa020, 0xe841, 0xf882, 0x8800, 0x3000, 0x3800, 0x2800, 0x1800, 0x1020, 0x0820, 0x0820, 0x0820, 0x0820, 0x0820, 0x0820, 0x0020, 0x0000, 0x0861, 0x2124, 0x2124, 0x18e3, 0x3186, 0x4228,
		0x39c7, 0x2104, 0x2104, 0x2944, 0x18c3, 0x0000, 0x0000, 0x0820, 0x0820, 0x0820, 0x0820, 0x0820, 0x0820, 0x0820, 0x0820, 0x0820, 0x0820, 0x0820, 0x0820, 0x0820, 0x0820, 0x0820, 0x0820, 0x0820, 0x0820, 0x0820, 0x0820, 0x0820, 0x0820, 0x0820, 0x0820, 0x0820, 0x0820, 0x0820, 0x0820, 0x0820, 0x0820, 0x0820, 0x0820, 0x0820, 0x0820, 0x0820, 0x0820, 0x0820, 0x0820, 0x0820, 0x0820, 0x0820, 0x0820, 0x0820, 0x0820, 0x0820, 0x1020, 0x1800, 0x2800, 0x3800, 0x5000, 0x4000, 0x9800, 0xe841, 0x7800, 0x2800, 0x3000, 0x2000, 0x1000, 0x0820, 0x0820, 0x0820, 0x0820, 0x0820, 0x0820, 0x0820, 0x0020, 0x0000, 0x0861, 0x2104, 0x2104, 0x18e3, 0x3186, 0x4a28,
		0x39e7, 0x2104, 0x2104, 0x2945, 0x18c3, 0x0000, 0x0000, 0x0820, 0x0820, 0x0820, 0x0820, 0x0820, 0x0820, 0x0820, 0x0820, 0x0820, 0x0820, 0x0820, 0x0820, 0x0820, 0x0820, 0x0820, 0x0820, 0x0820, 0x0820, 0x0820, 0x0820, 0x0820, 0x0820, 0x0820, 0x0820, 0x0820, 0x0820, 0x0820, 0x0820, 0x0820, 0x0820, 0x0820, 0x0820, 0x0820, 0x0820, 0x0820, 0x0820, 0x0820, 0x0820, 0x0820, 0x0820, 0x0820, 0x0820, 0x0820, 0x0820, 0x0820, 0x0820, 0x1020, 0x2000, 0x2800, 0x4000, 0x4000, 0x5800, 0x6800, 0x5800, 0x3800, 0x2800, 0x1800, 0x1020, 0x0820, 0x0820, 0x0820, 0x0820, 0x0820, 0x0820, 0x0820, 0x0020, 0x0000, 0x0861, 0x2104, 0x2104, 0x18e3, 0x3186, 0x4a49,
		0x39e7, 0x2104, 0x2104, 0x2945, 0x18c3, 0x0000, 0x0000, 0x0820, 0x0820, 0x0820, 0x0820, 0x0820, 0x0820, 0x0820, 0x0820, 0x0820, 0x0820, 0x0820, 0x0820, 0x0820, 0x0820, 0x0820, 0x0820, 0x0820, 0x0820, 0x0820, 0x0820, 0x0820, 0x0820, 0x0820, 0x0820, 0x0820, 0x0820, 0x0820, 0x0820, 0x0820, 0x0820, 0x0820, 0x0820, 0x0820, 0x0820, 0x0820, 0x0820, 0x0820, 0x0820, 0x0820, 0x0820, 0x0820, 0x0820, 0x0820, 0x0820, 0x0820, 0x0820, 0x1020, 0x1800, 0x2000, 0x3800, 0x4800, 0x4800, 0x4000, 0x4000, 0x3800, 0x2000, 0x1800, 0x0820, 0x0820, 0x0820, 0x0820, 0x0820, 0x0820, 0x0820, 0x0820, 0x0020, 0x0000, 0x0861, 0x2104, 0x2104, 0x18e3, 0x3186, 0x4a49,
		0x39e7, 0x2124, 0x2104, 0x2945, 0x18c3, 0x0000, 0x0000, 0x0820, 0x0820, 0x0820, 0x0820, 0x0820, 0x0820, 0x0820, 0x0820, 0x0820, 0x0820, 0x0820, 0x0820, 0x0820, 0x0820, 0x0820, 0x0820, 0x0820, 0x0820, 0x0820, 0x0820, 0x0820, 0x0820, 0x0820, 0x0820, 0x0820, 0x0820, 0x0820, 0x0820, 0x0820, 0x0820, 0x0820, 0x0820, 0x0820, 0x0820, 0x0820, 0x0820, 0x0820, 0x0820, 0x0820, 0x0820, 0x0820, 0x0820, 0x0020, 0x0820, 0x0820, 0x0820, 0x1020, 0x1800, 0x2000, 0x3000, 0x4800, 0x4000, 0x3800, 0x4000, 0x3800, 0x2000, 0x1800, 0x0820, 0x0820, 0x0820, 0x0020, 0x0820, 0x0820, 0x0820, 0x0820, 0x0020, 0x0000, 0x0861, 0x2124, 0x2104, 0x18e3, 0x3186, 0x4a28,
		0x39e7, 0x2124, 0x2104, 0x2944, 0x18c3, 0x0000, 0x0000, 0x0820, 0x0820, 0x0820, 0x0820, 0x0820, 0x0820, 0x0820, 0x0820, 0x0820, 0x0820, 0x0820, 0x0820, 0x0820, 0x0820, 0x0820, 0x0820, 0x0820, 0x0820, 0x0820, 0x0820, 0x0820, 0x0820, 0x0820, 0x0820, 0x0820, 0x0820, 0x0820, 0x0820, 0x0820, 0x0820, 0x0820, 0x0820, 0x0820, 0x0820, 0x0820, 0x0820, 0x0820, 0x0820, 0x0820, 0x0820, 0x0820, 0x0820, 0x0820, 0x0820, 0x0820, 0x1020, 0x1000, 0x2000, 0x3000, 0x4000, 0x3800, 0x6800, 0x8800, 0x5800, 0x3000, 0x2800, 0x1800, 0x1020, 0x0820, 0x0820, 0x0820, 0x0820, 0x0820, 0x0820, 0x0820, 0x0000, 0x0000, 0x0861, 0x2104, 0x2104, 0x18e3, 0x3186, 0x4a48,
		0x39e7, 0x2124, 0x2104, 0x2944, 0x18c3, 0x0000, 0x0000, 0x0820, 0x0820, 0x0820, 0x0820, 0x0820, 0x0820, 0x0820, 0x0820, 0x0820, 0x0820, 0x0820, 0x0820, 0x0820, 0x0820, 0x0820, 0x0820, 0x0820, 0x0820, 0x0820, 0x0820, 0x0820, 0x0820, 0x0820, 0x0820, 0x0820, 0x0820, 0x0820, 0x0820, 0x0820, 0x0820, 0x0820, 0x0820, 0x0820, 0x0820, 0x0820, 0x0820, 0x0820, 0x0820, 0x0820, 0x0820, 0x0820, 0x0820, 0x0820, 0x0820, 0x0820, 0x1020, 0x1800, 0x2000, 0x3800, 0x5000, 0x5000, 0xa820, 0xf861, 0x7800, 0x2800, 0x3000, 0x2000, 0x1800, 0x0820, 0x0820, 0x0820, 0x0820, 0x0020, 0x0020, 0x0820, 0x0020, 0x0000, 0x0861, 0x2104, 0x2124, 0x18e3, 0x3185, 0x4a28,
		0x39e7, 0x2104, 0x2104, 0x2945, 0x18c3, 0x0000, 0x0000, 0x0820, 0x0820, 0x0820, 0x0820, 0x0820, 0x0820, 0x0820, 0x0820, 0x0820, 0x0820, 0x0820, 0x0820, 0x0820, 0x0820, 0x0820, 0x0820, 0x0820, 0x0820, 0x0820, 0x0820, 0x0820, 0x0820, 0x0820, 0x0820, 0x0820, 0x0820, 0x0820, 0x0820, 0x0820, 0x0820, 0x0820, 0x0820, 0x0820, 0x0820, 0x0820, 0x0820, 0x0820, 0x0820, 0x0820, 0x0820, 0x0820, 0x0820, 0x0820, 0x0820, 0x1020, 0x1000, 0x2000, 0x3800, 0x3000, 0x4800, 0xc820, 0xf082, 0xf8a2, 0xa000, 0x4800, 0x3800, 0x2800, 0x1800, 0x1020, 0x0820, 0x0820, 0x0820, 0x0020, 0x0020, 0x0820, 0x0020, 0x0000, 0x0861, 0x2104, 0x2104, 0x18e3, 0x3185, 0x4228,
		0x39e7, 0x2104, 0x2104, 0x2945, 0x18c3, 0x0000, 0x0000, 0x0820, 0x0820, 0x0820, 0x0820, 0x0820, 0x0820, 0x0820, 0x0820, 0x0820, 0x0820, 0x0820, 0x0820, 0x0820, 0x0820, 0x0820, 0x0820, 0x0820, 0x0820, 0x0820, 0x0820, 0x0820, 0x0820, 0x0820, 0x0820, 0x0820, 0x0820, 0x0820, 0x0820, 0x0820, 0x0820, 0x0820, 0x0820, 0x0820, 0x0820, 0x0820, 0x0820, 0x0820, 0x0820, 0x0820, 0x0820, 0x0820, 0x0820, 0x0820, 0x1020, 0x1020, 0x1800, 0x2800, 0x4000, 0x4800, 0x8000, 0xf862, 0xf8a2, 0xf861, 0xe000, 0x8800, 0x3800, 0x3000, 0x2000, 0x1800, 0x1020, 0x0820, 0x0820, 0x0020, 0x0020, 0x0820, 0x0020, 0x0000, 0x0861, 0x2104, 0x2104, 0x18e3, 0x3186, 0x4228,
		0x39e7, 0x2124, 0x2104, 0x2924, 0x18c3, 0x0000, 0x0000, 0x0820, 0x0820, 0x0820, 0x0820, 0x0820, 0x0820, 0x0820, 0x0820, 0x0820, 0x0820, 0x0820, 0x0820, 0x0820, 0x0820, 0x0820, 0x0820, 0x0820, 0x0820, 0x0820, 0x0820, 0x0820, 0x0820, 0x0820, 0x0820, 0x0820, 0x0820, 0x0820, 0x0820, 0x0820, 0x0820, 0x0820, 0x0820, 0x0820, 0x0820, 0x0820, 0x0820, 0x0820, 0x0820, 0x0820, 0x0820, 0x0820, 0x0820, 0x0820, 0x1020, 0x1800, 0x2800, 0x3800, 0x3000, 0x9000, 0xe841, 0xf861, 0xf821, 0xf821, 0xf862, 0xd021, 0x4000, 0x3800, 0x3000, 0x1800, 0x1020, 0x0820, 0x0820, 0x0820, 0x0020, 0x0820, 0x0020, 0x0000, 0x0861, 0x2104, 0x2104, 0x18e3, 0x3186, 0x4228,
		0x39e7, 0x2124, 0x2104, 0x2124, 0x18c3, 0x0000, 0x0000, 0x0820, 0x0820, 0x0820, 0x0820, 0x0820, 0x0820, 0x0820, 0x0820, 0x0820, 0x0820, 0x0820, 0x0820, 0x0820, 0x0820, 0x0820, 0x0820, 0x0820, 0x0820, 0x0820, 0x0820, 0x0820, 0x0820, 0x0820, 0x0820, 0x0820, 0x0820, 0x0820, 0x0820, 0x0820, 0x0820, 0x0820, 0x0820, 0x0820, 0x0820, 0x0820, 0x0820, 0x0820, 0x0820, 0x0820, 0x0820, 0x0820, 0x0820, 0x0820, 0x1020, 0x1800, 0x3000, 0x4800, 0x8800, 0xd821, 0xf882, 0xf821, 0xf800, 0xf821, 0xf882, 0xe841, 0xb800, 0x5800, 0x2800, 0x2000, 0x1000, 0x0820, 0x0820, 0x0820, 0x0020, 0x0820, 0x0020, 0x0000, 0x0861, 0x2104, 0x2124, 0x18e3, 0x3185, 0x4228,
		0x39e7, 0x2124, 0x2104, 0x2924, 0x18c3, 0x0000, 0x0000, 0x0820, 0x0820, 0x0820, 0x0820, 0x0820, 0x0820, 0x0820, 0x0820, 0x0820, 0x0820, 0x0820, 0x0820, 0x0820, 0x0820, 0x0820, 0x0820, 0x0820, 0x0820, 0x0820, 0x0820, 0x0820, 0x0820, 0x0820, 0x0820, 0x0820, 0x0820, 0x0820, 0x0820, 0x0820, 0x0820, 0x0820, 0x0820, 0x0820, 0x0820, 0x0820, 0x0820, 0x0820, 0x0820, 0x0820, 0x0820, 0x0820, 0x0820, 0x1020, 0x1020, 0x2800, 0x3000, 0x5800, 0xe841, 0xf862, 0xf821, 0xf801, 0xf801, 0xf821, 0xf821, 0xf862, 0xf862, 0x8000, 0x2800, 0x2800, 0x1800, 0x0820, 0x0820, 0x0820, 0x0020, 0x0820, 0x0020, 0x0000, 0x0861, 0x2104, 0x2104, 0x18e3, 0x3186, 0x4228,
		0x41e7, 0x2124, 0x2104, 0x2124, 0x18c3, 0x0000, 0x0000, 0x0820, 0x0020, 0x0820, 0x0820, 0x0820, 0x0820, 0x0820, 0x0820, 0x0820, 0x0820, 0x0820, 0x0820, 0x0820, 0x0820, 0x0820, 0x0820, 0x0820, 0x0820, 0x0820, 0x0820, 0x0820, 0x0820, 0x0820, 0x0820, 0x0820, 0x0820, 0x0820, 0x0820, 0x0820, 0x0820, 0x0820, 0x0820, 0x0820, 0x0820, 0x0820, 0x0820, 0x0820, 0x0820, 0x0820, 0x0820, 0x0820, 0x0820, 0x1020, 0x1800, 0x2800, 0x3000, 0x6000, 0xf062, 0xf882, 0xf800, 0xf801, 0xf801, 0xf801, 0xf800, 0xf862, 0xf882, 0x8000, 0x2800, 0x2800, 0x1800, 0x1020, 0x0820, 0x0820, 0x0020, 0x0820, 0x0020, 0x0000, 0x0861, 0x2104, 0x2104, 0x18e3, 0x3186, 0x4228,
		0x41e7, 0x2104, 0x2104, 0x2944, 0x18c3, 0x0000, 0x0000, 0x0820, 0x0820, 0x0820, 0x0820, 0x0820, 0x0820, 0x0820, 0x0820, 0x0820, 0x0820, 0x0820, 0x0820, 0x0820, 0x0820, 0x0820, 0x0820, 0x0820, 0x0820, 0x0820, 0x0820, 0x0820, 0x0820, 0x0820, 0x0820, 0x0820, 0x0820, 0x0820, 0x0820, 0x0820, 0x0820, 0x0820, 0x0820, 0x0820, 0x0820, 0x0820, 0x0820, 0x0820, 0x0820, 0x0820, 0x0020, 0x0820, 0x0820, 0x1020, 0x1800, 0x2800, 0x3800, 0x6000, 0xe861, 0xf862, 0xf801, 0xf801, 0xf801, 0xf801, 0xf800, 0xf841, 0xf862, 0x8000, 0x2800, 0x3000, 0x1800, 0x1020, 0x0820, 0x0820, 0x0020, 0x0820, 0x0020, 0x0000, 0x0861, 0x2104, 0x2104, 0x18e3, 0x3186, 0x4228,
		0x39e7, 0x2104, 0x2104, 0x2924, 0x18c3, 0x0000, 0x0000, 0x0820, 0x0820, 0x0020, 0x0020, 0x0820, 0x0820, 0x0820, 0x0820, 0x0820, 0x0820, 0x0820, 0x0820, 0x0820, 0x0820, 0x0820, 0x0820, 0x0820, 0x0820, 0x0820, 0x0020, 0x0820, 0x0820, 0x0820, 0x0820, 0x0820, 0x0020, 0x0820, 0x0820, 0x0820, 0x0820, 0x0820, 0x0820, 0x0820, 0x0820, 0x0820, 0x0820, 0x0820, 0x0820, 0x0820, 0x0020, 0x0820, 0x0820, 0x1020, 0x1800, 0x2800, 0x3800, 0x6000, 0xe841, 0xf862, 0xf801, 0xf801, 0xf801, 0xf801, 0xf800, 0xf841, 0xf862, 0x8000, 0x3000, 0x3000, 0x1800, 0x1000, 0x0820, 0x0820, 0x0820, 0x0820, 0x0000, 0x0000, 0x0861, 0x2104, 0x2104, 0x18e3, 0x3185, 0x4228,
		0x39e7, 0x2104, 0x2104, 0x2124, 0x18c3, 0x0000, 0x0000, 0x0820, 0x0820, 0x0820, 0x0820, 0x0820, 0x0820, 0x0820, 0x0820, 0x0820, 0x0820, 0x0820, 0x0820, 0x0820, 0x0820, 0x0820, 0x0820, 0x0820, 0x0820, 0x0820, 0x0820, 0x0020, 0x0820, 0x0820, 0x0820, 0x0020, 0x0820, 0x0820, 0x0820, 0x0820, 0x0820, 0x0820, 0x0820, 0x0820, 0x0820, 0x0820, 0x0820, 0x0820, 0x0820, 0x0820, 0x0820, 0x0820, 0x0820, 0x1020, 0x1800, 0x3000, 0x3800, 0x6000, 0xe841, 0xf862, 0xf801, 0xf801, 0xf801, 0xf801, 0xf801, 0xf841, 0xf841, 0x8000, 0x3000, 0x3000, 0x1800, 0x1000, 0x0820, 0x0820, 0x0020, 0x0820, 0x0000, 0x0000, 0x0861, 0x2104, 0x2104, 0x18e3, 0x3185, 0x4228,
		0x39e7, 0x2104, 0x2104, 0x2124, 0x18c3, 0x0000, 0x0000, 0x0820, 0x0820, 0x0820, 0x0020, 0x0820, 0x0820, 0x0820, 0x0020, 0x0020, 0x0820, 0x0820, 0x0820, 0x0820, 0x0820, 0x0820, 0x0820, 0x0820, 0x0820, 0x0820, 0x0820, 0x0820, 0x0820, 0x0820, 0x0820, 0x0820, 0x0820, 0x0820, 0x0820, 0x0820, 0x0820, 0x0820, 0x0820, 0x0820, 0x0820, 0x0820, 0x0820, 0x0820, 0x0820, 0x0820, 0x0820, 0x0820, 0x0820, 0x1020, 0x1800, 0x3000, 0x3800, 0x6000, 0xe841, 0xf862, 0xf801, 0xf801, 0xf801, 0xf801, 0xf801, 0xf841, 0xf861, 0x8000, 0x3000, 0x3000, 0x1800, 0x1020, 0x0820, 0x0820, 0x0820, 0x0820, 0x0020, 0x0000, 0x0861, 0x2104, 0x2104, 0x18e3, 0x3185, 0x4228,
		0x39e7, 0x2124, 0x2104, 0x2124, 0x18c3, 0x0000, 0x0000, 0x0820, 0x0020, 0x0820, 0x0820, 0x0820, 0x0820, 0x0820, 0x0820, 0x0820, 0x0820, 0x0820, 0x0020, 0x0820, 0x0820, 0x0820, 0x0820, 0x0820, 0x0020, 0x0820, 0x0820, 0x0820, 0x0820, 0x0820, 0x0820, 0x0020, 0x0820, 0x0820, 0x0820, 0x0820, 0x0820, 0x0820, 0x0820, 0x0820, 0x0820, 0x0820, 0x0820, 0x0820, 0x0820, 0x0820, 0x0820, 0x0820, 0x0820, 0x1020, 0x1800, 0x3000, 0x3800, 0x6000, 0xe841, 0xf862, 0xf801, 0xf801, 0xf801, 0xf801, 0xf800, 0xf841, 0xf862, 0x8000, 0x3000, 0x3000, 0x1800, 0x1020, 0x0820, 0x0820, 0x0820, 0x0820, 0x0020, 0x0000, 0x0861, 0x2104, 0x2104, 0x18e3, 0x3186, 0x4228,
		0x39e7, 0x2124, 0x2104, 0x2124, 0x18c3, 0x0000, 0x0000, 0x0820, 0x0820, 0x0820, 0x0820, 0x0020, 0x0820, 0x0820, 0x0020, 0x0020, 0x0820, 0x0820, 0x0820, 0x0820, 0x0820, 0x0820, 0x0820, 0x0820, 0x0820, 0x0820, 0x0820, 0x0820, 0x0820, 0x0820, 0x0820, 0x0820, 0x0820, 0x0820, 0x0820, 0x0820, 0x0820, 0x0820, 0x0820, 0x0820, 0x0820, 0x0820, 0x0820, 0x0820, 0x0820, 0x0820, 0x0820, 0x0820, 0x0820, 0x1020, 0x1800, 0x3000, 0x3800, 0x6000, 0xe841, 0xf862, 0xf801, 0xf801, 0xf801, 0xf801, 0xf800, 0xf841, 0xf862, 0x8000, 0x2800, 0x3000, 0x1800, 0x1000, 0x0820, 0x0820, 0x0020, 0x0820, 0x0020, 0x0000, 0x0861, 0x2104, 0x2104, 0x18e3, 0x3186, 0x4a48,
		0x39e7, 0x2104, 0x2104, 0x2124, 0x18c3, 0x0000, 0x0000, 0x0820, 0x0820, 0x0820, 0x0820, 0x0820, 0x0820, 0x0820, 0x0820, 0x0820, 0x0820, 0x0820, 0x0820, 0x0820, 0x0820, 0x0820, 0x0820, 0x0820, 0x0820, 0x0820, 0x0820, 0x0820, 0x0820, 0x0820, 0x0820, 0x0820, 0x0820, 0x0820, 0x0820, 0x0820, 0x0820, 0x0820, 0x0820, 0x0820, 0x0820, 0x0820, 0x0820, 0x0820, 0x0820, 0x0820, 0x0820, 0x0820, 0x0820, 0x1020, 0x1800, 0x3000, 0x3800, 0x6000, 0xe841, 0xf862, 0xf801, 0xf801, 0xf821, 0xf801, 0xf801, 0xf841, 0xf862, 0x8000, 0x2800, 0x3000, 0x1800, 0x1000, 0x0820, 0x0820, 0x0820, 0x0820, 0x0020, 0x0000, 0x0861, 0x2124, 0x2104, 0x18e3, 0x3186, 0x4a28,
		0x39e7, 0x2124, 0x2104, 0x2124, 0x18c3, 0x0000, 0x0000, 0x0820, 0x0820, 0x0820, 0x0820, 0x0820, 0x0820, 0x0820, 0x0820, 0x0820, 0x0820, 0x0820, 0x0820, 0x0820, 0x0820, 0x0820, 0x0820, 0x0820, 0x0820, 0x0820, 0x0820, 0x0820, 0x0820, 0x0820, 0x0820, 0x0820, 0x0820, 0x0820, 0x0820, 0x0820, 0x0820, 0x0820, 0x0820, 0x0820, 0x0820, 0x0820, 0x0820, 0x0820, 0x0820, 0x0820, 0x0820, 0x0820, 0x0820, 0x1020, 0x1800, 0x3000, 0x4000, 0x6000, 0xe841, 0xf862, 0xf801, 0xf801, 0xf801, 0xf801, 0xf801, 0xf841, 0xf862, 0x8000, 0x3000, 0x3000, 0x1800, 0x1000, 0x0820, 0x0820, 0x0020, 0x0820, 0x0020, 0x0000, 0x0861, 0x2124, 0x2104, 0x18e3, 0x3186, 0x4228,
		0x39e7, 0x2124, 0x2104, 0x2124, 0x18c3, 0x0000, 0x0000, 0x0820, 0x0820, 0x0820, 0x0820, 0x0820, 0x0820, 0x0820, 0x0820, 0x0820, 0x0820, 0x0820, 0x0820, 0x0820, 0x0820, 0x0820, 0x0820, 0x0820, 0x0820, 0x0820, 0x0820, 0x0820, 0x0820, 0x0020, 0x0820, 0x0820, 0x0820, 0x0820, 0x0820, 0x0820, 0x0820, 0x0820, 0x0820, 0x0820, 0x0820, 0x0820, 0x0820, 0x0820, 0x0820, 0x0820, 0x0820, 0x0820, 0x0820, 0x1020, 0x1800, 0x3000, 0x3800, 0x6000, 0xe841, 0xf862, 0xf801, 0xf801, 0xf801, 0xf801, 0xf801, 0xf841, 0xf862, 0x8000, 0x3000, 0x2800, 0x1800, 0x1000, 0x0820, 0x0820, 0x0820, 0x0820, 0x0020, 0x0000, 0x0861, 0x2104, 0x2104, 0x18e3, 0x3185, 0x4228,
		0x39e7, 0x2104, 0x2104, 0x2124, 0x18c3, 0x0000, 0x0000, 0x0820, 0x0820, 0x0820, 0x0820, 0x0820, 0x0820, 0x0820, 0x0820, 0x0820, 0x0820, 0x0820, 0x0820, 0x0820, 0x0820, 0x0820, 0x0820, 0x0820, 0x0820, 0x0820, 0x0820, 0x0820, 0x0820, 0x0820, 0x0820, 0x0820, 0x0820, 0x0820, 0x0820, 0x0820, 0x0820, 0x0820, 0x0820, 0x0820, 0x0820, 0x0820, 0x0820, 0x0820, 0x0820, 0x0820, 0x0820, 0x0820, 0x0820, 0x1020, 0x1800, 0x3000, 0x3800, 0x6800, 0xe841, 0xf882, 0xf801, 0xf801, 0xf801, 0xf801, 0xf801, 0xf841, 0xf862, 0x8000, 0x2800, 0x2800, 0x1800, 0x1000, 0x0820, 0x0820, 0x0020, 0x0820, 0x0020, 0x0000, 0x0861, 0x2104, 0x2104, 0x18e3, 0x3185, 0x4228,
		0x39e7, 0x2104, 0x2104, 0x2124, 0x18c3, 0x0000, 0x0000, 0x0820, 0x0820, 0x0020, 0x0820, 0x0820, 0x0020, 0x0820, 0x0820, 0x0820, 0x0820, 0x0820, 0x0820, 0x0820, 0x0820, 0x0820, 0x0820, 0x0820, 0x0020, 0x0820, 0x0820, 0x0820, 0x0820, 0x0820, 0x0820, 0x0820, 0x0820, 0x0820, 0x0820, 0x0820, 0x0820, 0x0820, 0x0820, 0x0820, 0x0820, 0x0820, 0x0820, 0x0820, 0x0820, 0x0820, 0x0820, 0x0820, 0x0820, 0x1020, 0x1800, 0x3000, 0x3800, 0x6000, 0xe841, 0xf882, 0xf801, 0xf801, 0xf801, 0xf801, 0xf800, 0xf841, 0xf862, 0x8000, 0x2800, 0x2800, 0x1800, 0x1000, 0x0820, 0x0820, 0x0020, 0x0820, 0x0020, 0x0000, 0x0861, 0x2104, 0x2124, 0x18e3, 0x3186, 0x4228,
		0x39e7, 0x2104, 0x2104, 0x2924, 0x18c3, 0x0000, 0x0000, 0x0820, 0x0820, 0x0820, 0x0820, 0x0820, 0x0820, 0x0820, 0x0820, 0x0820, 0x0820, 0x0820, 0x0820, 0x0820, 0x0820, 0x0820, 0x0820, 0x0020, 0x0820, 0x0820, 0x0820, 0x0820, 0x0820, 0x0820, 0x0020, 0x0820, 0x0820, 0x0820, 0x0820, 0x0820, 0x0820, 0x0820, 0x0820, 0x0820, 0x0820, 0x0820, 0x0820, 0x0820, 0x0820, 0x0820, 0x0820, 0x0820, 0x0820, 0x1020, 0x1800, 0x3000, 0x4000, 0x6000, 0xe841, 0xf862, 0xf801, 0xf801, 0xf801, 0xf801, 0xf801, 0xf841, 0xf862, 0x8000, 0x2800, 0x2800, 0x1800, 0x1000, 0x0820, 0x0820, 0x0020, 0x0820, 0x0020, 0x0000, 0x0861, 0x2124, 0x2124, 0x20e3, 0x3186, 0x4228,
		0x39e7, 0x2104, 0x2104, 0x2924, 0x18c3, 0x0000, 0x0000, 0x0820, 0x0820, 0x0820, 0x0820, 0x0820, 0x0020, 0x0820, 0x0820, 0x0820, 0x0820, 0x0820, 0x0820, 0x0820, 0x0820, 0x0820, 0x0820, 0x0820, 0x0820, 0x0020, 0x0820, 0x0820, 0x0820, 0x0820, 0x0820, 0x0820, 0x0820, 0x0820, 0x0820, 0x0820, 0x0820, 0x0820, 0x0820, 0x0820, 0x0820, 0x0820, 0x0820, 0x0820, 0x0820, 0x0820, 0x0820, 0x0820, 0x0820, 0x1020, 0x1800, 0x3000, 0x3800, 0x6000, 0xe841, 0xf862, 0xf801, 0xf801, 0xf801, 0xf801, 0xf801, 0xf841, 0xf861, 0x7800, 0x3000, 0x3000, 0x1800, 0x1020, 0x0820, 0x0820, 0x0020, 0x0820, 0x0020, 0x0000, 0x0861, 0x2104, 0x2124, 0x20e3, 0x3186, 0x4228,
		0x39e7, 0x2124, 0x2104, 0x2944, 0x18c3, 0x0000, 0x0000, 0x0820, 0x0820, 0x0820, 0x0820, 0x0820, 0x0820, 0x0820, 0x0820, 0x0820, 0x0820, 0x0820, 0x0820, 0x0820, 0x0820, 0x0820, 0x0820, 0x0820, 0x0820, 0x0820, 0x0820, 0x0820, 0x0820, 0x0820, 0x0820, 0x0820, 0x0820, 0x0820, 0x0820, 0x0820, 0x0820, 0x0820, 0x0820, 0x0820, 0x0820, 0x0820, 0x0820, 0x0820, 0x0820, 0x0820, 0x0820, 0x0820, 0x0820, 0x1020, 0x1800, 0x3000, 0x4000, 0x6000, 0xe841, 0xf862, 0xf821, 0xf801, 0xf801, 0xf801, 0xf801, 0xf841, 0xf861, 0x7800, 0x2800, 0x3000, 0x1800, 0x1020, 0x0820, 0x0820, 0x0820, 0x0820, 0x0020, 0x0000, 0x0861, 0x2104, 0x2124, 0x18e3, 0x3186, 0x4228,
		0x39e7, 0x2124, 0x2104, 0x2944, 0x18c3, 0x0000, 0x0000, 0x0820, 0x0820, 0x0820, 0x0820, 0x0820, 0x0820, 0x0820, 0x0820, 0x0820, 0x0820, 0x0820, 0x0820, 0x0820, 0x0820, 0x0820, 0x0820, 0x0820, 0x0820, 0x0820, 0x0820, 0x0820, 0x0820, 0x0820, 0x0820, 0x0820, 0x0820, 0x0820, 0x0820, 0x0820, 0x0820, 0x0820, 0x0820, 0x0820, 0x0820, 0x0820, 0x0820, 0x0820, 0x0820, 0x0820, 0x0820, 0x0820, 0x0820, 0x1020, 0x1800, 0x3000, 0x4000, 0x6000, 0xe841, 0xf862, 0xf821, 0xf801, 0xf801, 0xf801, 0xf801, 0xf841, 0xf862, 0x8000, 0x2800, 0x3000, 0x1800, 0x1020, 0x0820, 0x0820, 0x0820, 0x0820, 0x0020, 0x0000, 0x0861, 0x2104, 0x2124, 0x18e3, 0x3186, 0x4228,
		0x39e7, 0x2124, 0x2104, 0x2924, 0x18c3, 0x0000, 0x0000, 0x0820, 0x0820, 0x0820, 0x0820, 0x0820, 0x0820, 0x0820, 0x0820, 0x0820, 0x0820, 0x0020, 0x0820, 0x0820, 0x0820, 0x0820, 0x0820, 0x0820, 0x0820, 0x0820, 0x0820, 0x0820, 0x0820, 0x0820, 0x0820, 0x0820, 0x0820, 0x0820, 0x0820, 0x0820, 0x0820, 0x0820, 0x0820, 0x0820, 0x0820, 0x0820, 0x0820, 0x0820, 0x0820, 0x0820, 0x0820, 0x0820, 0x0820, 0x1020, 0x1800, 0x3000, 0x3800, 0x6000, 0xe841, 0xf862, 0xf821, 0xf801, 0xf801, 0xf801, 0xf800, 0xf841, 0xf862, 0x8000, 0x2800, 0x2800, 0x1800, 0x1000, 0x0820, 0x0820, 0x0820, 0x0820, 0x0020, 0x0000, 0x0861, 0x2124, 0x2124, 0x18e3, 0x3185, 0x4a28,
		0x4207, 0x2124, 0x2104, 0x2945, 0x18c3, 0x0000, 0x0000, 0x0820, 0x0020, 0x0820, 0x0820, 0x0820, 0x0820, 0x0820, 0x0820, 0x0820, 0x0820, 0x0820, 0x0820, 0x0820, 0x0820, 0x0820, 0x0820, 0x0820, 0x0820, 0x0820, 0x0020, 0x0820, 0x0820, 0x0820, 0x0820, 0x0820, 0x0820, 0x0820, 0x0820, 0x0820, 0x0820, 0x0820, 0x0820, 0x0820, 0x0820, 0x0820, 0x0820, 0x0820, 0x0820, 0x0820, 0x0820, 0x0820, 0x0820, 0x1020, 0x1800, 0x3000, 0x3800, 0x6000, 0xe841, 0xf862, 0xf821, 0xf801, 0xf801, 0xf801, 0xf801, 0xf841, 0xf862, 0x8000, 0x2800, 0x2800, 0x1800, 0x1020, 0x0820, 0x0820, 0x0020, 0x0820, 0x0020, 0x0000, 0x0861, 0x2124, 0x2124, 0x18e3, 0x3186, 0x4a49,
		0x4208, 0x2124, 0x2104, 0x2945, 0x18c3, 0x0000, 0x0000, 0x0820, 0x0820, 0x0820, 0x0820, 0x0820, 0x0820, 0x0820, 0x0820, 0x0820, 0x0820, 0x0820, 0x0820, 0x0820, 0x0820, 0x0820, 0x0820, 0x0820, 0x0020, 0x0020, 0x0820, 0x0820, 0x0820, 0x0820, 0x0820, 0x0820, 0x0820, 0x0820, 0x0820, 0x0820, 0x0820, 0x0820, 0x0820, 0x0820, 0x0820, 0x0820, 0x0820, 0x0820, 0x0820, 0x0820, 0x0820, 0x0820, 0x0820, 0x1020, 0x1800, 0x3000, 0x3800, 0x6000, 0xe841, 0xf862, 0xf801, 0xf801, 0xf801, 0xf801, 0xf801, 0xf841, 0xf862, 0x8000, 0x2800, 0x2800, 0x1800, 0x1020, 0x0820, 0x0820, 0x0020, 0x0820, 0x0020, 0x0000, 0x0861, 0x2124, 0x2124, 0x18e3, 0x3186, 0x4a48,
		0x4207, 0x2124, 0x2104, 0x2945, 0x18c3, 0x0000, 0x0000, 0x0820, 0x0820, 0x0820, 0x0820, 0x0820, 0x0820, 0x0820, 0x0820, 0x0820, 0x0820, 0x0820, 0x0820, 0x0820, 0x0820, 0x0820, 0x0820, 0x0820, 0x0820, 0x0820, 0x0820, 0x0820, 0x0820, 0x0820, 0x0820, 0x0820, 0x0820, 0x0820, 0x0820, 0x0820, 0x0820, 0x0820, 0x0820, 0x0820, 0x0820, 0x0820, 0x0820, 0x0820, 0x0820, 0x0820, 0x0820, 0x0820, 0x0820, 0x1020, 0x1800, 0x3000, 0x3800, 0x6800, 0xe841, 0xf862, 0xf801, 0xf801, 0xf801, 0xf801, 0xf801, 0xf861, 0xf862, 0x8000, 0x2800, 0x2800, 0x1800, 0x1020, 0x0820, 0x0820, 0x0020, 0x0820, 0x0000, 0x0000, 0x0861, 0x2124, 0x2124, 0x18e3, 0x3186, 0x4a28,
		0x39e7, 0x2124, 0x2104, 0x2944, 0x18c3, 0x0000, 0x0000, 0x0820, 0x0820, 0x0820, 0x0820, 0x0820, 0x0820, 0x0820, 0x0820, 0x0820, 0x0820, 0x0020, 0x0820, 0x0820, 0x0820, 0x0820, 0x0820, 0x0820, 0x0820, 0x0820, 0x0820, 0x0820, 0x0820, 0x0820, 0x0820, 0x0820, 0x0820, 0x0820, 0x0820, 0x0820, 0x0820, 0x0820, 0x0820, 0x0820, 0x0820, 0x0820, 0x0820, 0x0820, 0x0820, 0x0820, 0x0820, 0x0820, 0x0820, 0x1020, 0x1800, 0x3000, 0x3800, 0x6800, 0xe841, 0xf862, 0xf801, 0xf801, 0xf801, 0xf801, 0xf801, 0xf862, 0xf862, 0x8000, 0x2800, 0x2800, 0x1800, 0x1020, 0x0820, 0x0820, 0x0820, 0x0820, 0x0020, 0x0000, 0x0861, 0x2104, 0x2104, 0x18e3, 0x3186, 0x4228,
		0x39e7, 0x2124, 0x2104, 0x2924, 0x18c3, 0x0000, 0x0000, 0x0820, 0x0820, 0x0820, 0x0820, 0x0820, 0x0820, 0x0820, 0x0820, 0x0820, 0x0820, 0x0820, 0x0820, 0x0820, 0x0820, 0x0820, 0x0820, 0x0820, 0x0820, 0x0820, 0x0820, 0x0820, 0x0820, 0x0820, 0x0820, 0x0820, 0x0820, 0x0820, 0x0820, 0x0820, 0x0820, 0x0820, 0x0820, 0x0820, 0x0820, 0x0820, 0x0820, 0x0820, 0x0820, 0x0820, 0x0820, 0x0820, 0x0820, 0x1020, 0x1800, 0x3000, 0x4000, 0x6000, 0xe841, 0xf862, 0xf801, 0xf801, 0xf801, 0xf801, 0xf801, 0xf841, 0xf841, 0x8000, 0x2800, 0x2800, 0x1800, 0x1000, 0x0820, 0x0820, 0x0820, 0x0820, 0x0020, 0x0000, 0x0861, 0x2104, 0x2104, 0x18e3, 0x3186, 0x4228,
		0x39e7, 0x2124, 0x2104, 0x2924, 0x18c3, 0x0000, 0x0000, 0x0820, 0x0820, 0x0820, 0x0820, 0x0820, 0x0820, 0x0820, 0x0820, 0x0820, 0x0820, 0x0820, 0x0820, 0x0820, 0x0820, 0x0820, 0x0820, 0x0820, 0x0820, 0x0820, 0x0820, 0x0820, 0x0820, 0x0820, 0x0820, 0x0820, 0x0820, 0x0820, 0x0820, 0x0820, 0x0820, 0x0820, 0x0820, 0x0820, 0x0820, 0x0820, 0x0820, 0x0820, 0x0820, 0x0820, 0x0820, 0x0820, 0x0820, 0x1020, 0x1800, 0x3000, 0x4000, 0x6800, 0xe841, 0xf862, 0xf801, 0xf801, 0xf801, 0xf801, 0xf801, 0xf841, 0xf862, 0x8000, 0x2800, 0x2800, 0x1800, 0x1000, 0x0820, 0x0820, 0x0820, 0x0820, 0x0000, 0x0000, 0x0861, 0x2104, 0x2104, 0x18e3, 0x3186, 0x4a48,
		0x39e7, 0x2124, 0x2104, 0x2944, 0x18c3, 0x0000, 0x0000, 0x0820, 0x0820, 0x0820, 0x0820, 0x0820, 0x0820, 0x0820, 0x0820, 0x0820, 0x0820, 0x0820, 0x0820, 0x0820, 0x0820, 0x0820, 0x0820, 0x0820, 0x0820, 0x0820, 0x0820, 0x0820, 0x0820, 0x0820, 0x0820, 0x0820, 0x0820, 0x0820, 0x0820, 0x0820, 0x0820, 0x0820, 0x0820, 0x0820, 0x0820, 0x0820, 0x0820, 0x0820, 0x0820, 0x0820, 0x0820, 0x0820, 0x0820, 0x1020, 0x1800, 0x3000, 0x3800, 0x6800, 0xe841, 0xf862, 0xf801, 0xf801, 0xf801, 0xf801, 0xf801, 0xf841, 0xf862, 0x8000, 0x2800, 0x2800, 0x1800, 0x1000, 0x0820, 0x0820, 0x0820, 0x0820, 0x0020, 0x0000, 0x0841, 0x2104, 0x2104, 0x18e3, 0x3186, 0x4a49,
		0x39e7, 0x2124, 0x2104, 0x2944, 0x18c3, 0x0000, 0x0000, 0x0820, 0x0820, 0x0820, 0x0820, 0x0820, 0x0820, 0x0820, 0x0820, 0x0820, 0x0820, 0x0820, 0x0020, 0x0820, 0x0820, 0x0820, 0x0820, 0x0820, 0x0820, 0x0820, 0x0820, 0x0820, 0x0820, 0x0820, 0x0820, 0x0820, 0x0820, 0x0820, 0x0820, 0x0820, 0x0820, 0x0820, 0x0820, 0x0820, 0x0820, 0x0820, 0x0820, 0x0820, 0x0820, 0x0820, 0x0820, 0x0820, 0x0820, 0x1020, 0x1800, 0x3000, 0x3800, 0x6000, 0xe841, 0xf862, 0xf801, 0xf801, 0xf801, 0xf801, 0xf801, 0xf841, 0xf862, 0x8000, 0x2800, 0x3000, 0x1800, 0x1000, 0x0820, 0x0820, 0x0820, 0x0820, 0x0020, 0x0000, 0x0861, 0x2104, 0x2124, 0x18e3, 0x3186, 0x4a48,
		0x39e7, 0x2124, 0x2104, 0x2944, 0x18c3, 0x0000, 0x0000, 0x0820, 0x0820, 0x0020, 0x0820, 0x0820, 0x0820, 0x0820, 0x0820, 0x0820, 0x0820, 0x0820, 0x0820, 0x0820, 0x0820, 0x0820, 0x0820, 0x0820, 0x0820, 0x0820, 0x0820, 0x0820, 0x0820, 0x0820, 0x0820, 0x0820, 0x0820, 0x0820, 0x0820, 0x0820, 0x0820, 0x0820, 0x0820, 0x0820, 0x0820, 0x0820, 0x0820, 0x0820, 0x0820, 0x0820, 0x0820, 0x0820, 0x0820, 0x1020, 0x1800, 0x3000, 0x3800, 0x6000, 0xe841, 0xf862, 0xf801, 0xf801, 0xf801, 0xf801, 0xf801, 0xf841, 0xf862, 0x8000, 0x3000, 0x3000, 0x2000, 0x1000, 0x0820, 0x0820, 0x0820, 0x0820, 0x0020, 0x0000, 0x0861, 0x2104, 0x2124, 0x18e3, 0x3186, 0x4a28,
		0x39e7, 0x2124, 0x2104, 0x2924, 0x18c3, 0x0000, 0x0000, 0x0820, 0x0820, 0x0820, 0x0820, 0x0820, 0x0820, 0x0820, 0x0820, 0x0820, 0x0820, 0x0820, 0x0820, 0x0820, 0x0820, 0x0820, 0x0820, 0x0820, 0x0820, 0x0820, 0x0820, 0x0820, 0x0820, 0x0820, 0x0820, 0x0820, 0x0820, 0x0820, 0x0820, 0x0820, 0x0820, 0x0820, 0x0820, 0x0820, 0x0820, 0x0820, 0x0820, 0x0820, 0x0820, 0x0820, 0x0820, 0x0820, 0x0820, 0x1020, 0x1800, 0x3000, 0x3800, 0x6000, 0xe841, 0xf862, 0xf801, 0xf801, 0xf801, 0xf801, 0xf801, 0xf841, 0xf862, 0x8000, 0x3000, 0x3000, 0x2000, 0x1000, 0x0820, 0x0820, 0x0820, 0x0820, 0x0020, 0x0000, 0x0841, 0x2104, 0x2124, 0x18e3, 0x3186, 0x4a28,
		0x39e7, 0x2124, 0x2104, 0x2924, 0x18c3, 0x0000, 0x0000, 0x0820, 0x0820, 0x0820, 0x0820, 0x0820, 0x0820, 0x0820, 0x0820, 0x0820, 0x0820, 0x0820, 0x0820, 0x0820, 0x0820, 0x0820, 0x0820, 0x0820, 0x0820, 0x0820, 0x0820, 0x0820, 0x0820, 0x0820, 0x0820, 0x0820, 0x0820, 0x0820, 0x0820, 0x0820, 0x0820, 0x0820, 0x0820, 0x0820, 0x0820, 0x0820, 0x0820, 0x0820, 0x0820, 0x0820, 0x0820, 0x0820, 0x0820, 0x1020, 0x1800, 0x2800, 0x3800, 0x6000, 0xe841, 0xf862, 0xf801, 0xf801, 0xf821, 0xf801, 0xf801, 0xf841, 0xf862, 0x8000, 0x3000, 0x2800, 0x1800, 0x1020, 0x0820, 0x0820, 0x0820, 0x0820, 0x0020, 0x0000, 0x0861, 0x2104, 0x2124, 0x18e3, 0x3186, 0x4228,
		0x39e7, 0x2124, 0x2104, 0x2945, 0x18c3, 0x0000, 0x0000, 0x0820, 0x0820, 0x0820, 0x0820, 0x0820, 0x0820, 0x0820, 0x0820, 0x0820, 0x0820, 0x0820, 0x0820, 0x0820, 0x0820, 0x0820, 0x0820, 0x0820, 0x0820, 0x0820, 0x0820, 0x0820, 0x0820, 0x0820, 0x0820, 0x0820, 0x0820, 0x0820, 0x0820, 0x0820, 0x0820, 0x0820, 0x0820, 0x0820, 0x0820, 0x0820, 0x0820, 0x0820, 0x0820, 0x0820, 0x0820, 0x0820, 0x0820, 0x1020, 0x1800, 0x2800, 0x3800, 0x6000, 0xf041, 0xf862, 0xf800, 0xf801, 0xf801, 0xf801, 0xf800, 0xf841, 0xf862, 0x8000, 0x2800, 0x2800, 0x1800, 0x1020, 0x0820, 0x0820, 0x0820, 0x0820, 0x0020, 0x0000, 0x0861, 0x2104, 0x2124, 0x18e3, 0x3186, 0x4228,
		0x39e7, 0x2124, 0x2104, 0x2945, 0x18c3, 0x0000, 0x0000, 0x0820, 0x0820, 0x0820, 0x0820, 0x0820, 0x0820, 0x0820, 0x0820, 0x0820, 0x0820, 0x0820, 0x0820, 0x0820, 0x0820, 0x0820, 0x0820, 0x0820, 0x0820, 0x0820, 0x0820, 0x0820, 0x0820, 0x0820, 0x0820, 0x0820, 0x0820, 0x0820, 0x0820, 0x0820, 0x0820, 0x0820, 0x0820, 0x0820, 0x0820, 0x0820, 0x0820, 0x0820, 0x0820, 0x0820, 0x0020, 0x0820, 0x0820, 0x1020, 0x1800, 0x2800, 0x3000, 0x6800, 0xf862, 0xf862, 0xf800, 0xf801, 0xf801, 0xf801, 0xf800, 0xf841, 0xf862, 0x8000, 0x2000, 0x2800, 0x1800, 0x1020, 0x0820, 0x0820, 0x0820, 0x0820, 0x0020, 0x0000, 0x0861, 0x2104, 0x2104, 0x18e3, 0x3186, 0x4228,
		0x39e7, 0x2124, 0x2104, 0x2944, 0x18c3, 0x0000, 0x0000, 0x0820, 0x0020, 0x0820, 0x0820, 0x0820, 0x0820, 0x0820, 0x0820, 0x0820, 0x0820, 0x0820, 0x0820, 0x0820, 0x0820, 0x0820, 0x0820, 0x0820, 0x0820, 0x0820, 0x0820, 0x0820, 0x0820, 0x0820, 0x0820, 0x0820, 0x0820, 0x0820, 0x0820, 0x0820, 0x0820, 0x0820, 0x0820, 0x0820, 0x0820, 0x0820, 0x0820, 0x0820, 0x0820, 0x0820, 0x0820, 0x0820, 0x0820, 0x1020, 0x1800, 0x2800, 0x3000, 0x5800, 0xd041, 0xf041, 0xf841, 0xf821, 0xf801, 0xf801, 0xf800, 0xf841, 0xf862, 0x8800, 0x2000, 0x2000, 0x1000, 0x0820, 0x0820, 0x0820, 0x0020, 0x0820, 0x0020, 0x0000, 0x0861, 0x2104, 0x2104, 0x18e3, 0x3165, 0x4228,
		0x39e7, 0x2124, 0x2104, 0x2944, 0x18c3, 0x0000, 0x0000, 0x0820, 0x0020, 0x0820, 0x0820, 0x0820, 0x0820, 0x0820, 0x0820, 0x0820, 0x0820, 0x0820, 0x0820, 0x0820, 0x0820, 0x0820, 0x0820, 0x0820, 0x0820, 0x0820, 0x0820, 0x0820, 0x0820, 0x0820, 0x0820, 0x0820, 0x0820, 0x0820, 0x0820, 0x0820, 0x0840, 0x0840, 0x0820, 0x0820, 0x0820, 0x0820, 0x0820, 0x0820, 0x0820, 0x0820, 0x0820, 0x0820, 0x0820, 0x0820, 0x1020, 0x2000, 0x3000, 0x4800, 0x6800, 0xc820, 0xf882, 0xf841, 0xf800, 0xf801, 0xf841, 0xf041, 0xc820, 0x6800, 0x2000, 0x2000, 0x1000, 0x0820, 0x0820, 0x0820, 0x0820, 0x0820, 0x0020, 0x0000, 0x0861, 0x2104, 0x2124, 0x18e3, 0x3186, 0x4228,
		0x39e7, 0x2124, 0x2104, 0x2945, 0x18c3, 0x0000, 0x0000, 0x0820, 0x0820, 0x0820, 0x0820, 0x0820, 0x0820, 0x0820, 0x0820, 0x0820, 0x0020, 0x0820, 0x0820, 0x0820, 0x0820, 0x0820, 0x0820, 0x0820, 0x0820, 0x0820, 0x0820, 0x0820, 0x0820, 0x0820, 0x0820, 0x0820, 0x0820, 0x0820, 0x0820, 0x0820, 0x0820, 0x0820, 0x0820, 0x0820, 0x0820, 0x0820, 0x0820, 0x0820, 0x0820, 0x0820, 0x0820, 0x0820, 0x0820, 0x0820, 0x1020, 0x1800, 0x3000, 0x3800, 0x2800, 0x9020, 0xf861, 0xf861, 0xf821, 0xf800, 0xf882, 0xc821, 0x4800, 0x3800, 0x2800, 0x1800, 0x1020, 0x0820, 0x0820, 0x0820, 0x0820, 0x0820, 0x0020, 0x0000, 0x0861, 0x2104, 0x2124, 0x18e3, 0x3186, 0x4228,
		0x39e7, 0x2124, 0x2104, 0x2945, 0x18c3, 0x0000, 0x0000, 0x0820, 0x0820, 0x0820, 0x0820, 0x0820, 0x0820, 0x0820, 0x0820, 0x0820, 0x0820, 0x0820, 0x0820, 0x0820, 0x0820, 0x0820, 0x0820, 0x0820, 0x0820, 0x0820, 0x0820, 0x0820, 0x0820, 0x0820, 0x0820, 0x0820, 0x0820, 0x0820, 0x0820, 0x0820, 0x0820, 0x0820, 0x0820, 0x0820, 0x0820, 0x0820, 0x0820, 0x0820, 0x0820, 0x0820, 0x0820, 0x0820, 0x0820, 0x0820, 0x1020, 0x1800, 0x2000, 0x3000, 0x4000, 0x5000, 0x9000, 0xf862, 0xf862, 0xf821, 0xe821, 0x9800, 0x3800, 0x2800, 0x2000, 0x1000, 0x1020, 0x0820, 0x0820, 0x0820, 0x0820, 0x0820, 0x0020, 0x0000, 0x0861, 0x2104, 0x2124, 0x18e3, 0x3165, 0x4228,
		0x39e7, 0x2124, 0x2104, 0x2945, 0x18c3, 0x0000, 0x0000, 0x0820, 0x0820, 0x0820, 0x0020, 0x0820, 0x0820, 0x0820, 0x0820, 0x0820, 0x0820, 0x0820, 0x0820, 0x0820, 0x0820, 0x0820, 0x0820, 0x0820, 0x0820, 0x0820, 0x0820, 0x0820, 0x0820, 0x0820, 0x0820, 0x0820, 0x0820, 0x0820, 0x0820, 0x0820, 0x0820, 0x0820, 0x0820, 0x0820, 0x0820, 0x0820, 0x0820, 0x0820, 0x0820, 0x0820, 0x0820, 0x0820, 0x0820, 0x0820, 0x0820, 0x1020, 0x1800, 0x2800, 0x4000, 0x3000, 0x4800, 0xd041, 0xf862, 0xf862, 0xa000, 0x4800, 0x3800, 0x2800, 0x1800, 0x1020, 0x0820, 0x0820, 0x0820, 0x0820, 0x0820, 0x0820, 0x0020, 0x0000, 0x0861, 0x2124, 0x2124, 0x18e3, 0x2965, 0x4228,
		0x39e7, 0x2124, 0x2104, 0x2944, 0x18c3, 0x0000, 0x0000, 0x0820, 0x0820, 0x0820, 0x0020, 0x0820, 0x0820, 0x0820, 0x0820, 0x0820, 0x0820, 0x0020, 0x0820, 0x0820, 0x0820, 0x0820, 0x0820, 0x0820, 0x0820, 0x0820, 0x0820, 0x0820, 0x0820, 0x0820, 0x0820, 0x0820, 0x0820, 0x0820, 0x0820, 0x0820, 0x0820, 0x0820, 0x0820, 0x0820, 0x0820, 0x0820, 0x0820, 0x0820, 0x0820, 0x0820, 0x0820, 0x0820, 0x0820, 0x0820, 0x0820, 0x0820, 0x1000, 0x2000, 0x2800, 0x3800, 0x4800, 0x6000, 0xc841, 0xf882, 0x8000, 0x2800, 0x3000, 0x2000, 0x1820, 0x0820, 0x0820, 0x0820, 0x0820, 0x0820, 0x0820, 0x0820, 0x0020, 0x0000, 0x0861, 0x2104, 0x2104, 0x18e3, 0x3165, 0x4228,
		0x39e7, 0x2124, 0x2104, 0x2944, 0x18c3, 0x0000, 0x0000, 0x0820, 0x0820, 0x0820, 0x0820, 0x0820, 0x0820, 0x0820, 0x0820, 0x0820, 0x0820, 0x0820, 0x0820, 0x0820, 0x0820, 0x0820, 0x0820, 0x0820, 0x0820, 0x0820, 0x0820, 0x0820, 0x0820, 0x0820, 0x0820, 0x0820, 0x0820, 0x0820, 0x0820, 0x0820, 0x0820, 0x0820, 0x0820, 0x0820, 0x0820, 0x0820, 0x0820, 0x0820, 0x0820, 0x0820, 0x0820, 0x0820, 0x0820, 0x0820, 0x0820, 0x0820, 0x1020, 0x1800, 0x2000, 0x3000, 0x4000, 0x3000, 0x8800, 0xd041, 0x7000, 0x2800, 0x2000, 0x1800, 0x1020, 0x0820, 0x0820, 0x0820, 0x0820, 0x0820, 0x0020, 0x0820, 0x0020, 0x0000, 0x0861, 0x2104, 0x2104, 0x18e3, 0x2965, 0x4228,
		0x39e7, 0x2104, 0x2104, 0x2944, 0x18c3, 0x0000, 0x0000, 0x0820, 0x0820, 0x0820, 0x0820, 0x0820, 0x0820, 0x0820, 0x0820, 0x0820, 0x0820, 0x0020, 0x0820, 0x0820, 0x0020, 0x0020, 0x0820, 0x0820, 0x0820, 0x0820, 0x0820, 0x0820, 0x0820, 0x0820, 0x0820, 0x0820, 0x0820, 0x0820, 0x0820, 0x0820, 0x0820, 0x0820, 0x0820, 0x0820, 0x0820, 0x0820, 0x0820, 0x0820, 0x0820, 0x0820, 0x0820, 0x0820, 0x0820, 0x0820, 0x0820, 0x0820, 0x0820, 0x1000, 0x1800, 0x2000, 0x3000, 0x4000, 0x4800, 0x4000, 0x4800, 0x3000, 0x1800, 0x1000, 0x0820, 0x0820, 0x0820, 0x0820, 0x0820, 0x0820, 0x0820, 0x0820, 0x0020, 0x0000, 0x0861, 0x2104, 0x2104, 0x18e3, 0x3165, 0x4228,
		0x39e7, 0x2124, 0x2104, 0x2944, 0x18c3, 0x0000, 0x0000, 0x0820, 0x0820, 0x0820, 0x0020, 0x0820, 0x0820, 0x0820, 0x0820, 0x0820, 0x0820, 0x0820, 0x0820, 0x0820, 0x0820, 0x0820, 0x0820, 0x0820, 0x0820, 0x0820, 0x0820, 0x0820, 0x0820, 0x0820, 0x0820, 0x0820, 0x0820, 0x0820, 0x0820, 0x0820, 0x0820, 0x0820, 0x0820, 0x0820, 0x0820, 0x0820, 0x0820, 0x0820, 0x0820, 0x0820, 0x0820, 0x0820, 0x0820, 0x0820, 0x0820, 0x0820, 0x0820, 0x0820, 0x1000, 0x1800, 0x2800, 0x3000, 0x3000, 0x2800, 0x2800, 0x2000, 0x1800, 0x1020, 0x0820, 0x0820, 0x0820, 0x0820, 0x0820, 0x0820, 0x0820, 0x0820, 0x0020, 0x0000, 0x0861, 0x2104, 0x2104, 0x18e3, 0x3186, 0x4228,
		0x39e7, 0x2124, 0x2104, 0x2924, 0x18c3, 0x0000, 0x0000, 0x0820, 0x0820, 0x0820, 0x0820, 0x0820, 0x0820, 0x0820, 0x0820, 0x0820, 0x0020, 0x0020, 0x0820, 0x0820, 0x0820, 0x0820, 0x0820, 0x0820, 0x0020, 0x0820, 0x0820, 0x0820, 0x0820, 0x0820, 0x0820, 0x0820, 0x0820, 0x0820, 0x0820, 0x0820, 0x0820, 0x0820, 0x0820, 0x0820, 0x0820, 0x0820, 0x0820, 0x0820, 0x0820, 0x0820, 0x0820, 0x0820, 0x0820, 0x0820, 0x0820, 0x0820, 0x0820, 0x0820, 0x1000, 0x1800, 0x2000, 0x2000, 0x2800, 0x3000, 0x2000, 0x1800, 0x1020, 0x0820, 0x0820, 0x0820, 0x0820, 0x0820, 0x0820, 0x0820, 0x0820, 0x0820, 0x0020, 0x0000, 0x0861, 0x2104, 0x2124, 0x18e3, 0x3185, 0x4228,
		0x39c7, 0x2104, 0x2104, 0x2924, 0x18c3, 0x0000, 0x0000, 0x0820, 0x0820, 0x0820, 0x0820, 0x0820, 0x0820, 0x0820, 0x0820, 0x0820, 0x0820, 0x0820, 0x0820, 0x0820, 0x0820, 0x0820, 0x0820, 0x0820, 0x0820, 0x0820, 0x0820, 0x0820, 0x0820, 0x0820, 0x0820, 0x0820, 0x0820, 0x0820, 0x0820, 0x0820, 0x0820, 0x0820, 0x0820, 0x0820, 0x0820, 0x0820, 0x0820, 0x0820, 0x0820, 0x0820, 0x0820, 0x0820, 0x0820, 0x0820, 0x0820, 0x0820, 0x0820, 0x0820, 0x0820, 0x0820, 0x1020, 0x1800, 0x1800, 0x1800, 0x1800, 0x1020, 0x0820, 0x0820, 0x0820, 0x0820, 0x0820, 0x0820, 0x0820, 0x0820, 0x0020, 0x0820, 0x0020, 0x0000, 0x0861, 0x2124, 0x2124, 0x18e3, 0x3186, 0x4a28,
		0x39c7, 0x2104, 0x2104, 0x2124, 0x18c3, 0x0000, 0x0000, 0x0820, 0x0820, 0x0820, 0x0820, 0x0820, 0x0820, 0x0820, 0x0820, 0x0820, 0x0820, 0x0820, 0x0820, 0x0820, 0x0820, 0x0820, 0x0820, 0x0820, 0x0820, 0x0820, 0x0820, 0x0820, 0x0820, 0x0820, 0x0820, 0x0820, 0x0820, 0x0820, 0x0820, 0x0820, 0x0820, 0x0820, 0x0820, 0x0820, 0x0820, 0x0840, 0x0840, 0x0820, 0x0820, 0x0820, 0x0820, 0x0820, 0x0820, 0x0820, 0x0820, 0x0020, 0x0820, 0x0820, 0x0820, 0x0820, 0x1020, 0x1020, 0x1800, 0x1800, 0x1020, 0x1020, 0x0820, 0x0820, 0x0820, 0x0820, 0x0820, 0x0820, 0x0820, 0x0820, 0x0020, 0x0820, 0x0020, 0x0000, 0x0861, 0x2124, 0x2124, 0x18e3, 0x3185, 0x4a48,
		0x39e7, 0x2104, 0x2104, 0x2124, 0x18c3, 0x0000, 0x0000, 0x0820, 0x0820, 0x0820, 0x0820, 0x0820, 0x0820, 0x0820, 0x0820, 0x0820, 0x0820, 0x0820, 0x0820, 0x0820, 0x0820, 0x0820, 0x0820, 0x0820, 0x0820, 0x0820, 0x0820, 0x0820, 0x0820, 0x0820, 0x0820, 0x0820, 0x0820, 0x0820, 0x0820, 0x0820, 0x0820, 0x0820, 0x0820, 0x0820, 0x0820, 0x0820, 0x0840, 0x0820, 0x0820, 0x0820, 0x0820, 0x0820, 0x0820, 0x0820, 0x0820, 0x0020, 0x0820, 0x0820, 0x0820, 0x0820, 0x0820, 0x0820, 0x1020, 0x1020, 0x0820, 0x0820, 0x0820, 0x0820, 0x0820, 0x0820, 0x0820, 0x0820, 0x0820, 0x0820, 0x0020, 0x0820, 0x0020, 0x0000, 0x0861, 0x2104, 0x2104, 0x18e3, 0x3186, 0x4a28,
		0x39e7, 0x2104, 0x2104, 0x2924, 0x18c3, 0x0000, 0x0000, 0x0820, 0x0020, 0x0820, 0x0820, 0x0820, 0x0820, 0x0820, 0x0820, 0x0820, 0x0820, 0x0820, 0x0820, 0x0820, 0x0820, 0x0820, 0x0820, 0x0820, 0x0820, 0x0820, 0x0820, 0x0820, 0x0820, 0x0820, 0x0820, 0x0820, 0x0820, 0x0820, 0x0820, 0x0820, 0x0820, 0x0820, 0x0820, 0x0820, 0x0820, 0x0820, 0x0820, 0x0820, 0x0820, 0x0820, 0x0840, 0x0820, 0x0820, 0x0820, 0x0820, 0x0020, 0x0020, 0x0820, 0x0820, 0x0820, 0x0820, 0x0820, 0x0820, 0x0820, 0x0820, 0x0820, 0x0820, 0x0820, 0x0820, 0x0820, 0x0820, 0x0820, 0x0820, 0x0820, 0x0820, 0x0820, 0x0020, 0x0000, 0x0861, 0x2104, 0x2104, 0x18e3, 0x3165, 0x4228,
		0x39e7, 0x2104, 0x2104, 0x2924, 0x18c3, 0x0000, 0x0000, 0x0820, 0x0820, 0x0820, 0x0820, 0x0820, 0x0820, 0x0820, 0x0820, 0x0820, 0x0820, 0x0820, 0x0820, 0x0820, 0x0820, 0x0820, 0x0820, 0x0820, 0x0820, 0x0820, 0x0820, 0x0820, 0x0820, 0x0820, 0x0820, 0x0820, 0x0820, 0x0820, 0x0820, 0x0820, 0x0820, 0x0820, 0x0820, 0x0820, 0x0820, 0x0820, 0x0820, 0x0820, 0x0820, 0x0820, 0x0820, 0x0820, 0x0820, 0x0820, 0x0820, 0x0820, 0x0020, 0x0820, 0x0820, 0x0820, 0x0820, 0x0820, 0x0820, 0x0820, 0x0820, 0x0820, 0x0820, 0x0820, 0x0820, 0x0820, 0x0820, 0x0820, 0x0820, 0x0020, 0x0020, 0x0820, 0x0020, 0x0000, 0x0861, 0x2124, 0x2104, 0x18e3, 0x2965, 0x4228,
		0x39e7, 0x2124, 0x2104, 0x2124, 0x18e3, 0x0841, 0x0000, 0x0000, 0x0820, 0x0820, 0x0820, 0x0820, 0x0820, 0x0820, 0x0820, 0x0820, 0x0820, 0x0820, 0x0820, 0x0820, 0x0820, 0x0820, 0x0820, 0x0820, 0x0820, 0x0820, 0x0820, 0x0820, 0x0820, 0x0820, 0x0820, 0x0820, 0x0820, 0x0820, 0x0820, 0x0820, 0x0820, 0x0820, 0x0820, 0x0820, 0x0820, 0x0820, 0x0820, 0x0820, 0x0820, 0x0820, 0x0820, 0x0820, 0x0820, 0x0820, 0x0820, 0x0820, 0x0820, 0x0820, 0x0820, 0x0820, 0x0820, 0x0820, 0x0820, 0x0820, 0x0820, 0x0820, 0x0820, 0x0820, 0x0820, 0x0820, 0x0820, 0x0820, 0x0820, 0x0820, 0x0820, 0x0020, 0x0000, 0x0000, 0x10a2, 0x2104, 0x2104, 0x18e3, 0x2965, 0x4228,
		0x39e7, 0x2124, 0x2103, 0x2104, 0x2104, 0x18c3, 0x0840, 0x0000, 0x0020, 0x0020, 0x0820, 0x0820, 0x0820, 0x0820, 0x0820, 0x0820, 0x0820, 0x0820, 0x0820, 0x0820, 0x0820, 0x0820, 0x0820, 0x0820, 0x0820, 0x0820, 0x0820, 0x0820, 0x0820, 0x0820, 0x0820, 0x0820, 0x0820, 0x0820, 0x0820, 0x0820, 0x0820, 0x0820, 0x0820, 0x0820, 0x0820, 0x0820, 0x0820, 0x0820, 0x0820, 0x0840, 0x0840, 0x0820, 0x0820, 0x0820, 0x0820, 0x0820, 0x0820, 0x0820, 0x0820, 0x0820, 0x0020, 0x0820, 0x0820, 0x0820, 0x0820, 0x0820, 0x0820, 0x0820, 0x0820, 0x0820, 0x0820, 0x0820, 0x0020, 0x0820, 0x0020, 0x0000, 0x0000, 0x1082, 0x2104, 0x2104, 0x2104, 0x18e3, 0x2965, 0x4208,
		0x39c7, 0x2104, 0x18e3, 0x2103, 0x2104, 0x2104, 0x10a2, 0x0020, 0x0000, 0x0020, 0x0820, 0x0820, 0x0820, 0x0820, 0x0820, 0x0820, 0x0820, 0x0820, 0x0820, 0x0820, 0x0820, 0x0820, 0x0820, 0x0820, 0x0820, 0x0820, 0x0820, 0x0820, 0x0820, 0x0820, 0x0820, 0x0820, 0x0820, 0x0820, 0x0820, 0x0820, 0x0840, 0x0820, 0x0820, 0x0820, 0x0820, 0x0820, 0x0820, 0x0820, 0x0820, 0x0820, 0x0820, 0x0820, 0x0820, 0x0820, 0x0820, 0x0820, 0x0020, 0x0820, 0x0820, 0x0820, 0x0820, 0x0820, 0x0820, 0x0820, 0x0820, 0x0820, 0x0820, 0x0820, 0x0820, 0x0820, 0x0820, 0x0820, 0x0820, 0x0020, 0x0000, 0x0000, 0x0861, 0x20e3, 0x2124, 0x2104, 0x18e3, 0x18e3, 0x2965, 0x4208,
		0x39e7, 0x2104, 0x18e3, 0x2103, 0x2104, 0x2104, 0x18e3, 0x1082, 0x0000, 0x0000, 0x0020, 0x0020, 0x0820, 0x0820, 0x0820, 0x0820, 0x0820, 0x0820, 0x0820, 0x0820, 0x0820, 0x0820, 0x0820, 0x0820, 0x0820, 0x0820, 0x0820, 0x0820, 0x0820, 0x0820, 0x0820, 0x0820, 0x0820, 0x0820, 0x0820, 0x0820, 0x0820, 0x0820, 0x0820, 0x0820, 0x0820, 0x0820, 0x0820, 0x0820, 0x0820, 0x0820, 0x0820, 0x0820, 0x0820, 0x0820, 0x0820, 0x0820, 0x0820, 0x0820, 0x0820, 0x0820, 0x0820, 0x0820, 0x0020, 0x0820, 0x0820, 0x0820, 0x0820, 0x0820, 0x0820, 0x0820, 0x0820, 0x0820, 0x0020, 0x0020, 0x0000, 0x0841, 0x18c3, 0x2104, 0x2103, 0x2103, 0x18e3, 0x18c3, 0x2965, 0x4208,
		0x39c7, 0x2103, 0x18e3, 0x2103, 0x2104, 0x2104, 0x2104, 0x18e3, 0x0861, 0x0000, 0x0000, 0x0820, 0x0820, 0x0820, 0x0820, 0x0820, 0x0820, 0x0820, 0x0820, 0x0820, 0x0820, 0x0820, 0x0820, 0x0820, 0x0820, 0x0820, 0x0820, 0x0820, 0x0820, 0x0820, 0x0820, 0x0820, 0x0820, 0x0820, 0x0820, 0x0820, 0x0820, 0x0820, 0x0820, 0x0820, 0x0820, 0x0820, 0x0820, 0x0820, 0x0820, 0x0820, 0x0820, 0x0820, 0x0820, 0x0820, 0x0820, 0x0820, 0x0820, 0x0820, 0x0820, 0x0820, 0x0820, 0x0820, 0x0820, 0x0820, 0x0820, 0x0820, 0x0820, 0x0820, 0x0820, 0x0820, 0x0820, 0x0820, 0x0000, 0x0000, 0x0840, 0x18c3, 0x2104, 0x2104, 0x2103, 0x20e3, 0x18e3, 0x18c3, 0x2945, 0x41e7,
		0x3165, 0x2945, 0x2104, 0x18e3, 0x2104, 0x2104, 0x2103, 0x2104, 0x18c3, 0x0841, 0x0000, 0x0020, 0x0020, 0x0020, 0x0020, 0x0820, 0x0820, 0x0820, 0x0820, 0x0820, 0x0820, 0x0820, 0x0820, 0x0820, 0x0820, 0x0820, 0x0820, 0x0820, 0x0820, 0x0820, 0x0820, 0x0820, 0x0820, 0x0820, 0x0820, 0x0820, 0x0820, 0x0820, 0x0820, 0x0820, 0x0820, 0x0820, 0x0820, 0x0820, 0x0820, 0x0820, 0x0820, 0x0820, 0x0820, 0x0820, 0x0820, 0x0820, 0x0820, 0x0820, 0x0820, 0x0820, 0x0820, 0x0820, 0x0820, 0x0820, 0x0820, 0x0820, 0x0820, 0x0820, 0x0820, 0x0820, 0x0020, 0x0020, 0x0000, 0x0000, 0x10a2, 0x2103, 0x2103, 0x20e3, 0x2104, 0x20e3, 0x18e3, 0x2104, 0x3186, 0x39c7,
		0x31c7, 0x39a6, 0x2945, 0x18e3, 0x20e3, 0x20e3, 0x20e3, 0x2103, 0x2103, 0x10a2, 0x0020, 0x0000, 0x0020, 0x0820, 0x0820, 0x0820, 0x0020, 0x0820, 0x0820, 0x0820, 0x0820, 0x0820, 0x0820, 0x0820, 0x0820, 0x0820, 0x0820, 0x0820, 0x0820, 0x0820, 0x0820, 0x0820, 0x0820, 0x0820, 0x0820, 0x0820, 0x0820, 0x0820, 0x0820, 0x0820, 0x0820, 0x0820, 0x0820, 0x0820, 0x0820, 0x0820, 0x0820, 0x0820, 0x0820, 0x0820, 0x0820, 0x0820, 0x0820, 0x0820, 0x0820, 0x0820, 0x0820, 0x0820, 0x0820, 0x0820, 0x0820, 0x0820, 0x0820, 0x0820, 0x0820, 0x0820, 0x0020, 0x0000, 0x0000, 0x1082, 0x18e3, 0x2103, 0x20e3, 0x2103, 0x2104, 0x18e3, 0x2104, 0x2965, 0x3a08, 0x42ab,
		0x42ac, 0x31a6, 0x3186, 0x2124, 0x18e3, 0x20e3, 0x2103, 0x2103, 0x2104, 0x2103, 0x1082, 0x0000, 0x0000, 0x0020, 0x0020, 0x0020, 0x0020, 0x0020, 0x0020, 0x0020, 0x0020, 0x0020, 0x0020, 0x0020, 0x0020, 0x0020, 0x0020, 0x0020, 0x0020, 0x0020, 0x0020, 0x0020, 0x0020, 0x0020, 0x0020, 0x0020, 0x0020, 0x0020, 0x0020, 0x0020, 0x0020, 0x0020, 0x0020, 0x0020, 0x0020, 0x0020, 0x0020, 0x0020, 0x0020, 0x0020, 0x0020, 0x0020, 0x0020, 0x0020, 0x0020, 0x0020, 0x0020, 0x0020, 0x0020, 0x0020, 0x0020, 0x0020, 0x0020, 0x0020, 0x0020, 0x0020, 0x0020, 0x0000, 0x0841, 0x18e3, 0x2104, 0x2104, 0x2103, 0x2103, 0x18e3, 0x2103, 0x2945, 0x3165, 0x3a09, 0x4b4f,
		0x4b0e, 0x3a4a, 0x39e7, 0x31a6, 0x2104, 0x18e3, 0x2103, 0x2103, 0x2104, 0x2104, 0x18e3, 0x0861, 0x0000, 0x0000, 0x0000, 0x0000, 0x0000, 0x0000, 0x0000, 0x0000, 0x0000, 0x0000, 0x0000, 0x0000, 0x0000, 0x0000, 0x0000, 0x0000, 0x0000, 0x0000, 0x0000, 0x0000, 0x0000, 0x0000, 0x0000, 0x0000, 0x0000, 0x0000, 0x0000, 0x0000, 0x0000, 0x0000, 0x0000, 0x0000, 0x0000, 0x0000, 0x0000, 0x0000, 0x0000, 0x0000, 0x0000, 0x0000, 0x0000, 0x0000, 0x0000, 0x0000, 0x0000, 0x0000, 0x0000, 0x0000, 0x0000, 0x0000, 0x0000, 0x0000, 0x0000, 0x0000, 0x0000, 0x0840, 0x18c3, 0x2104, 0x2104, 0x2104, 0x2103, 0x18e3, 0x18e3, 0x2945, 0x3185, 0x39e8, 0x42ac, 0x4b0e,
		0x4b2e, 0x4b2f, 0x424a, 0x39c7, 0x2945, 0x2104, 0x18e3, 0x2104, 0x2104, 0x2104, 0x2104, 0x18a2, 0x0840, 0x0000, 0x0020, 0x0000, 0x0000, 0x0020, 0x0020, 0x0000, 0x0000, 0x0020, 0x0020, 0x0020, 0x0000, 0x0000, 0x0020, 0x0020, 0x0020, 0x0020, 0x0020, 0x0020, 0x0020, 0x0020, 0x0000, 0x0020, 0x0020, 0x0000, 0x0000, 0x0000, 0x0020, 0x0020, 0x0020, 0x0020, 0x0020, 0x0020, 0x0020, 0x0020, 0x0020, 0x0020, 0x0020, 0x0020, 0x0000, 0x0020, 0x0020, 0x0020, 0x0020, 0x0020, 0x0020, 0x0020, 0x0020, 0x0000, 0x0020, 0x0020, 0x0020, 0x0000, 0x0020, 0x1082, 0x2104, 0x2104, 0x2104, 0x2104, 0x2103, 0x18e3, 0x2124, 0x3165, 0x39c7, 0x42cc, 0x534f, 0x4b0e,
		0x4b0e, 0x532e, 0x4aed, 0x31a7, 0x3185, 0x2945, 0x2104, 0x2103, 0x2104, 0x2104, 0x2104, 0x18e3, 0x18c3, 0x10a2, 0x10a2, 0x10a2, 0x10a2, 0x18c2, 0x18a2, 0x10a2, 0x10a2, 0x10a2, 0x10a2, 0x10a2, 0x10a2, 0x10a2, 0x10a2, 0x18a2, 0x18a2, 0x10a2, 0x10a2, 0x18a2, 0x10a2, 0x10a2, 0x10a2, 0x18a2, 0x10a2, 0x10a2, 0x10a2, 0x10a2, 0x18a2, 0x18a2, 0x18a2, 0x10a2, 0x18a2, 0x18c2, 0x18a2, 0x18a2, 0x18a2, 0x18c2, 0x18c2, 0x10a2, 0x10a2, 0x10a2, 0x10a2, 0x10a2, 0x18a2, 0x18c3, 0x18c3, 0x18a2, 0x18a2, 0x10a2, 0x18c2, 0x18c3, 0x18a2, 0x10a2, 0x18a2, 0x18e3, 0x2104, 0x2104, 0x2104, 0x2103, 0x20e3, 0x2124, 0x2965, 0x2986, 0x42cc, 0x4b2e, 0x4b0e, 0x4aed,
		0x4b0e, 0x4b0e, 0x532f, 0x3a08, 0x3165, 0x3186, 0x2124, 0x18e3, 0x2104, 0x2104, 0x2104, 0x2104, 0x2104, 0x2104, 0x2104, 0x2104, 0x2104, 0x2104, 0x2104, 0x2104, 0x2104, 0x2104, 0x2104, 0x2104, 0x2104, 0x2104, 0x2104, 0x2104, 0x2104, 0x2104, 0x2104, 0x2104, 0x2104, 0x2104, 0x2104, 0x2104, 0x2104, 0x2104, 0x2104, 0x2104, 0x2104, 0x2104, 0x2104, 0x2104, 0x2104, 0x2104, 0x2104, 0x2104, 0x2104, 0x2104, 0x2104, 0x2104, 0x2104, 0x2104, 0x2104, 0x2104, 0x2104, 0x2104, 0x2104, 0x2104, 0x2104, 0x2104, 0x2104, 0x2104, 0x2124, 0x2124, 0x2104, 0x2104, 0x2104, 0x2104, 0x2104, 0x20e3, 0x2103, 0x2924, 0x31c7, 0x42ac, 0x4b2e, 0x4b2e, 0x4b0e, 0x4b0e,
		0x4b0e, 0x4b0e, 0x4b2e, 0x4aed, 0x3a09, 0x39a6, 0x3165, 0x2124, 0x2104, 0x20e3, 0x2103, 0x2104, 0x2104, 0x2104, 0x2104, 0x2103, 0x2103, 0x2103, 0x2103, 0x2104, 0x2104, 0x2104, 0x2104, 0x2104, 0x2104, 0x2104, 0x2104, 0x2104, 0x2104, 0x2104, 0x2104, 0x2104, 0x2104, 0x2104, 0x2104, 0x2104, 0x2104, 0x2104, 0x2104, 0x2104, 0x2104, 0x2104, 0x2104, 0x2104, 0x2104, 0x2104, 0x2104, 0x2104, 0x2104, 0x2104, 0x2104, 0x2104, 0x2104, 0x2104, 0x2104, 0x2104, 0x2104, 0x2104, 0x2104, 0x2104, 0x2104, 0x2104, 0x2104, 0x2104, 0x2104, 0x2104, 0x2104, 0x2104, 0x2104, 0x2104, 0x2104, 0x2104, 0x2924, 0x2986, 0x426a, 0x534f, 0x4b0e, 0x4b0e, 0x4b0e, 0x4b0e,
		0x4b0e, 0x4b0e, 0x4b0e, 0x534f, 0x532f, 0x3a08, 0x31a6, 0x3165, 0x2104, 0x20e3, 0x2104, 0x2103, 0x2103, 0x2103, 0x2104, 0x2104, 0x2104, 0x2103, 0x2104, 0x2104, 0x2104, 0x2104, 0x2104, 0x2104, 0x2104, 0x2104, 0x2104, 0x2104, 0x2104, 0x2104, 0x2104, 0x2104, 0x2104, 0x2104, 0x2104, 0x2104, 0x2104, 0x2104, 0x2104, 0x2104, 0x2104, 0x2104, 0x2104, 0x2104, 0x2104, 0x2104, 0x2104, 0x2104, 0x2104, 0x2104, 0x2104, 0x2104, 0x2104, 0x2104, 0x2104, 0x2104, 0x2104, 0x2104, 0x2104, 0x2104, 0x2104, 0x2104, 0x2104, 0x2104, 0x2104, 0x2104, 0x2104, 0x2104, 0x2104, 0x2104, 0x20e3, 0x2124, 0x3165, 0x428b, 0x534f, 0x4b2e, 0x4b0e, 0x4b0e, 0x4b0e, 0x4b0e,
		0x4b0e, 0x4b0e, 0x4b2e, 0x532f, 0x534f, 0x4b0e, 0x3a09, 0x2945, 0x2124, 0x2124, 0x2124, 0x2124, 0x2944, 0x2945, 0x2944, 0x2945, 0x2945, 0x2945, 0x2945, 0x2944, 0x2945, 0x2945, 0x2945, 0x2945, 0x2945, 0x2945, 0x2945, 0x2945, 0x2944, 0x2945, 0x2945, 0x2945, 0x2945, 0x2945, 0x2945, 0x2945, 0x2945, 0x2924, 0x2924, 0x2924, 0x2944, 0x2945, 0x2945, 0x2945, 0x2945, 0x2945, 0x2945, 0x2945, 0x2945, 0x2945, 0x2945, 0x2945, 0x2945, 0x2945, 0x2945, 0x2945, 0x2945, 0x2945, 0x2945, 0x2945, 0x2945, 0x2945, 0x2945, 0x2945, 0x2945, 0x2945, 0x2945, 0x2945, 0x2945, 0x2924, 0x2124, 0x2124, 0x2945, 0x4aac, 0x5370, 0x4b2e, 0x4b2e, 0x4b0e, 0x4b0e, 0x4b0e
};
const uint16_t nombre[] = {
		0x538f, 0x538f, 0x536f, 0x536f, 0x536f, 0x536f, 0x536f, 0x536f, 0x536f, 0x536f, 0x536f, 0x536f, 0x536f, 0x536f, 0x538f, 0x538f, 0x538f, 0x536f, 0x536f, 0x536f, 0x536f, 0x536f, 0x536f, 0x536f, 0x536f, 0x536f, 0x536f, 0x536f, 0x536f, 0x536f, 0x536f, 0x536f, 0x536f, 0x536f, 0x536f, 0x536f, 0x536f, 0x536f, 0x536f, 0x536f, 0x536f, 0x536f, 0x536f, 0x536f, 0x536f, 0x536f, 0x536f, 0x536f, 0x536f, 0x536f, 0x536f, 0x536f, 0x536f, 0x536f, 0x536f, 0x536f, 0x536f, 0x536f, 0x536f, 0x536f, 0x536f, 0x536f, 0x536f, 0x536f, 0x536f, 0x536f, 0x536f, 0x536f, 0x536f, 0x536f, 0x536f, 0x536f, 0x536f, 0x536f, 0x536f, 0x536f, 0x536f, 0x536f, 0x536f, 0x536f, 0x536f, 0x536f, 0x536f, 0x536f, 0x536f, 0x536f, 0x536f, 0x536f, 0x536f, 0x536f, 0x536f, 0x536f, 0x536f, 0x536f, 0x536f, 0x536f, 0x536f, 0x536f, 0x536f, 0x536f, 0x536f, 0x536f, 0x536f, 0x536f, 0x536f, 0x536f, 0x536f, 0x536f, 0x536f, 0x536f, 0x536f, 0x536f, 0x536f, 0x536f, 0x536f, 0x536f, 0x536f, 0x536f, 0x536f, 0x536f, 0x536f, 0x536f, 0x538f, 0x538f, 0x538f, 0x538f, 0x538f, 0x538f, 0x538f, 0x538f, 0x538f, 0x538f, 0x538f, 0x538f, 0x538f, 0x538f, 0x538f, 0x538f, 0x536f, 0x536f, 0x536f, 0x536f, 0x536f, 0x536f, 0x536f, 0x536f, 0x536f, 0x536f, 0x536f, 0x536f,
		0x536f, 0x534e, 0x4b0d, 0x42cd, 0x3aac, 0x3a8c, 0x3a6c, 0x3a8c, 0x3a8c, 0x3a8c, 0x3a6c, 0x3a6c, 0x3a8c, 0x3aac, 0x4b0e, 0x536f, 0x536f, 0x538f, 0x538f, 0x536f, 0x536f, 0x536f, 0x536f, 0x536f, 0x536f, 0x536f, 0x536f, 0x536f, 0x536f, 0x536f, 0x536f, 0x536f, 0x536f, 0x536f, 0x536f, 0x536f, 0x536f, 0x536f, 0x536f, 0x536f, 0x536f, 0x536f, 0x536f, 0x536f, 0x536f, 0x536f, 0x536f, 0x536f, 0x536f, 0x536f, 0x536f, 0x536f, 0x536f, 0x536f, 0x536f, 0x536f, 0x536f, 0x536f, 0x536f, 0x536f, 0x536f, 0x536f, 0x536f, 0x536f, 0x536f, 0x536f, 0x536f, 0x536f, 0x536f, 0x536f, 0x536f, 0x536f, 0x536f, 0x536f, 0x536f, 0x536f, 0x536f, 0x536f, 0x536f, 0x536f, 0x536f, 0x536f, 0x536f, 0x536f, 0x536f, 0x536f, 0x536f, 0x536f, 0x536f, 0x536f, 0x536f, 0x536f, 0x536f, 0x536f, 0x536f, 0x536f, 0x536f, 0x536f, 0x536f, 0x536f, 0x536f, 0x536f, 0x536f, 0x536f, 0x536f, 0x536f, 0x536f, 0x536f, 0x536f, 0x536f, 0x536f, 0x536f, 0x536f, 0x536f, 0x536f, 0x536f, 0x536f, 0x536f, 0x536f, 0x536f, 0x538f, 0x538f, 0x536f, 0x536f, 0x4b4e, 0x4b2e, 0x4b2e, 0x4b2e, 0x4b4e, 0x536f, 0x536f, 0x534e, 0x4b4e, 0x4b2e, 0x4b2e, 0x4b2e, 0x4b4e, 0x536f, 0x538f, 0x538f, 0x536f, 0x536f, 0x536f, 0x536f, 0x536f, 0x536f, 0x536f, 0x536f, 0x536f, 0x536f,
		0x4b0d, 0x42cc, 0x428b, 0x4aaa, 0x5b0b, 0x6b6c, 0x738c, 0x73ad, 0x73cd, 0x73cd, 0x73ad, 0x738c, 0x6b4b, 0x5aeb, 0x4aaa, 0x428b, 0x42ac, 0x4b2e, 0x536f, 0x536f, 0x536f, 0x536f, 0x536f, 0x536f, 0x536f, 0x536f, 0x536f, 0x536f, 0x536f, 0x536f, 0x536f, 0x536f, 0x536f, 0x536f, 0x536f, 0x536f, 0x536f, 0x536f, 0x536f, 0x536f, 0x536f, 0x536f, 0x536f, 0x536f, 0x536f, 0x536f, 0x536f, 0x536f, 0x536f, 0x536f, 0x536f, 0x536f, 0x536f, 0x536f, 0x536f, 0x536f, 0x536f, 0x536f, 0x536f, 0x536f, 0x536f, 0x536f, 0x536f, 0x536f, 0x536f, 0x536f, 0x536f, 0x536f, 0x536f, 0x536f, 0x536f, 0x536f, 0x536f, 0x536f, 0x536f, 0x536f, 0x536f, 0x536f, 0x536f, 0x536f, 0x536f, 0x536f, 0x536f, 0x536f, 0x536f, 0x536f, 0x536f, 0x536f, 0x536f, 0x536f, 0x536f, 0x536f, 0x536f, 0x536f, 0x536f, 0x536f, 0x536f, 0x536f, 0x536f, 0x536f, 0x536f, 0x536f, 0x536f, 0x536f, 0x536f, 0x536f, 0x536f, 0x536f, 0x536f, 0x536f, 0x536f, 0x536f, 0x536f, 0x536f, 0x536f, 0x536f, 0x536f, 0x536f, 0x536f, 0x536f, 0x538f, 0x536f, 0x4b2e, 0x4acc, 0x42cc, 0x4acc, 0x4acc, 0x42ac, 0x42ac, 0x42ac, 0x42ab, 0x42ac, 0x42ac, 0x4acc, 0x4acc, 0x42ac, 0x42cc, 0x4aed, 0x4b4e, 0x536f, 0x536f, 0x538f, 0x538f, 0x538f, 0x538f, 0x538f, 0x536f, 0x536f, 0x536f, 0x536f,
		0x3acd, 0x3a8b, 0x52ca, 0x7baa, 0xaccb, 0xdded, 0xeeae, 0xeeef, 0xf70f, 0xf72f, 0xf70f, 0xeecf, 0xde4d, 0xbd2b, 0x83c9, 0x52a9, 0x3a49, 0x3a6b, 0x4b2e, 0x5baf, 0x5baf, 0x538f, 0x538f, 0x538f, 0x538f, 0x538f, 0x538f, 0x538f, 0x538f, 0x538f, 0x538f, 0x538f, 0x538f, 0x538f, 0x538f, 0x538f, 0x538f, 0x538f, 0x538f, 0x538f, 0x538f, 0x538f, 0x538f, 0x538f, 0x538f, 0x538f, 0x538f, 0x538f, 0x538f, 0x538f, 0x538f, 0x538f, 0x538f, 0x538f, 0x538f, 0x538f, 0x538f, 0x538f, 0x538f, 0x538f, 0x538f, 0x538f, 0x538f, 0x538f, 0x538f, 0x538f, 0x538f, 0x538f, 0x538f, 0x538f, 0x538f, 0x538f, 0x538f, 0x538f, 0x538f, 0x538f, 0x538f, 0x538f, 0x538f, 0x538f, 0x538f, 0x538f, 0x538f, 0x538f, 0x538f, 0x538f, 0x538f, 0x538f, 0x538f, 0x536f, 0x536f, 0x536f, 0x536f, 0x538f, 0x538f, 0x538f, 0x538f, 0x538f, 0x538f, 0x538f, 0x538f, 0x538f, 0x538f, 0x538f, 0x538f, 0x538f, 0x538f, 0x538f, 0x538f, 0x538f, 0x538f, 0x538f, 0x538f, 0x538f, 0x538f, 0x538f, 0x538f, 0x538f, 0x538f, 0x5baf, 0x538f, 0x4b0e, 0x42ac, 0x4aab, 0x6b6b, 0x8c2c, 0x9c8d, 0x8c2c, 0x632a, 0x4248, 0x3a08, 0x4aa9, 0x7bcc, 0x9cad, 0xa4cd, 0x8c2c, 0x632a, 0x4aaa, 0x42ac, 0x4b0e, 0x4b4f, 0x536f, 0x536f, 0x536f, 0x536f, 0x536f, 0x538f, 0x538f, 0x538f, 0x538f,
		0x3ace, 0x3aab, 0x52c9, 0x83a7, 0xc4e5, 0xf605, 0xfea5, 0xfec5, 0xfec6, 0xfec6, 0xfee6, 0xff06, 0xfee7, 0xf627, 0xc528, 0x8be8, 0x6309, 0x428b, 0x3aad, 0x430e, 0x42ee, 0x42ed, 0x42ed, 0x42ed, 0x430e, 0x4b2e, 0x4b2e, 0x4b4e, 0x534e, 0x4b4e, 0x4b2e, 0x430e, 0x430d, 0x430d, 0x430d, 0x42ed, 0x42ed, 0x430e, 0x4b2e, 0x534e, 0x536f, 0x536f, 0x4b4e, 0x4b2e, 0x430d, 0x42ed, 0x42ed, 0x42ed, 0x430d, 0x4b2e, 0x4b2e, 0x4b4e, 0x4b4e, 0x4b2e, 0x4b0e, 0x430e, 0x4b0e, 0x4b2e, 0x4b4e, 0x4b4e, 0x4b2e, 0x430e, 0x430e, 0x4b2e, 0x4b4e, 0x534e, 0x534e, 0x4b2e, 0x4b0e, 0x42ed, 0x42ed, 0x42ed, 0x42ed, 0x430e, 0x4b2e, 0x536f, 0x536f, 0x538f, 0x536f, 0x4b4e, 0x4b0e, 0x42ed, 0x42ed, 0x42ed, 0x42ed, 0x4b0e, 0x4b2e, 0x534e, 0x536f, 0x536f, 0x536f, 0x536f, 0x536f, 0x536f, 0x536f, 0x534e, 0x4b2e, 0x4b0e, 0x430d, 0x42ed, 0x42ed, 0x430d, 0x430e, 0x430d, 0x430d, 0x42ed, 0x42ed, 0x430d, 0x4b2e, 0x536f, 0x536f, 0x536f, 0x534e, 0x4b2e, 0x430d, 0x42ed, 0x42ed, 0x42ed, 0x42ed, 0x4b0e, 0x430e, 0x3aad, 0x324b, 0x4aa9, 0x8be8, 0xc528, 0xddc8, 0xc528, 0x8387, 0x4a46, 0x31c5, 0x5aa6, 0x9c27, 0xd587, 0xe5e7, 0xbd07, 0x7b87, 0x4a88, 0x324b, 0x328d, 0x3aad, 0x3aad, 0x3aad, 0x3a8c, 0x3aac, 0x42ed, 0x4b2e, 0x536f, 0x536f, 0x536f,
		0x3ace, 0x42ac, 0x5ae9, 0x8bc6, 0xc4c4, 0xe562, 0xe541, 0xcc81, 0xabc0, 0x9340, 0x9b80, 0xbc61, 0xdd43, 0xedc4, 0xdd85, 0xac65, 0x7326, 0x3a06, 0x2188, 0x21ca, 0x3a6b, 0x52ed, 0x5b4d, 0x5b2d, 0x52ec, 0x42ab, 0x3a6a, 0x3a4a, 0x3a6b, 0x428b, 0x4aac, 0x4acc, 0x4a8b, 0x426a, 0x426a, 0x4aab, 0x4aec, 0x4aec, 0x4acc, 0x428b, 0x3a6b, 0x3a6b, 0x428b, 0x4aac, 0x52ec, 0x5b2d, 0x5b2d, 0x530d, 0x4acc, 0x428b, 0x3a4a, 0x3209, 0x3a29, 0x426a, 0x4acb, 0x4aec, 0x4acc, 0x428b, 0x3a6a, 0x426a, 0x42ab, 0x4acb, 0x4acc, 0x4aab, 0x428b, 0x3a4a, 0x3a4a, 0x428b, 0x4acc, 0x52ec, 0x530d, 0x530d, 0x4aec, 0x4aab, 0x428b, 0x428b, 0x3aac, 0x3aac, 0x42ac, 0x42cc, 0x4aec, 0x530c, 0x5b2d, 0x5b0d, 0x52ec, 0x4aab, 0x428b, 0x42ab, 0x42ed, 0x4b2e, 0x536f, 0x536f, 0x534e, 0x4b2e, 0x4aed, 0x42cc, 0x42ab, 0x4acb, 0x52ec, 0x530d, 0x4aec, 0x428b, 0x3a4a, 0x3a4a, 0x428a, 0x4aab, 0x4aab, 0x428b, 0x428b, 0x3a6b, 0x3a6b, 0x324a, 0x3a4a, 0x3a6a, 0x42ab, 0x530c, 0x5b4d, 0x5b2d, 0x52ec, 0x3a6b, 0x29ea, 0x29c9, 0x3a29, 0x6308, 0xa466, 0xdd85, 0xf645, 0xe5e6, 0xb4e7, 0x7b87, 0x5266, 0x4a04, 0x6a81, 0x8b00, 0x9340, 0x7ae0, 0x5223, 0x31a5, 0x29c8, 0x324b, 0x42ac, 0x52ed, 0x532d, 0x5b2d, 0x52ec, 0x4aab, 0x428b, 0x3a8b, 0x42cc, 0x4b0d,
		0x3ace, 0x42ac, 0x5b09, 0x9406, 0xcd04, 0xe543, 0xbc62, 0x72c1, 0x2921, 0x0021, 0x1082, 0x5202, 0x9ba3, 0xcce3, 0xd502, 0xa402, 0x6aa2, 0x39a3, 0x31a5, 0x5ae9, 0x9cad, 0xc630, 0xd6d2, 0xce71, 0xb56e, 0x840b, 0x5aa8, 0x31a5, 0x31a5, 0x5267, 0x7baa, 0xa4ad, 0xad0e, 0xacee, 0xacee, 0xb54f, 0xb58f, 0x9ced, 0x738a, 0x3a07, 0x2125, 0x2145, 0x4a47, 0x83eb, 0xb56e, 0xce71, 0xd6b1, 0xc630, 0xad2e, 0x7baa, 0x5247, 0x3164, 0x39a5, 0x6308, 0x946b, 0xa4cd, 0x842b, 0x5ae8, 0x4227, 0x5287, 0x7b8a, 0xa48c, 0xa4ac, 0x8bea, 0x5287, 0x2985, 0x31a6, 0x62c8, 0x9c6c, 0xc5cf, 0xce71, 0xce70, 0xbdcf, 0x9c8c, 0x6b29, 0x39e7, 0x1905, 0x1905, 0x39e7, 0x632a, 0x9cad, 0xc610, 0xd6b1, 0xce91, 0xbdaf, 0x8c4b, 0x6309, 0x4248, 0x3209, 0x3a6c, 0x430e, 0x4b4f, 0x4b2f, 0x42ed, 0x42ac, 0x4aca, 0x6b4a, 0x8c2b, 0xb52e, 0xbdaf, 0xbd8f, 0xa4ed, 0x946c, 0x9c6c, 0xaccc, 0xb52d, 0xb52e, 0x9c6c, 0x6b29, 0x39c6, 0x1905, 0x2125, 0x4227, 0x7b8a, 0xad0d, 0xc630, 0xd6d2, 0xd691, 0xb58f, 0x7beb, 0x4a68, 0x39c6, 0x5266, 0x8ba6, 0xc506, 0xee26, 0xfee6, 0xff27, 0xf6a9, 0xcd69, 0x93c7, 0x62a6, 0x5246, 0x5266, 0x5246, 0x39c5, 0x2124, 0x2124, 0x39c6, 0x6b29, 0x948c, 0xbdcf, 0xce71, 0xd691, 0xc5cf, 0x944b, 0x62e8, 0x3a07, 0x29e8, 0x322a,
		0x3ace, 0x42ac, 0x5b09, 0x9406, 0xcce4, 0xe563, 0xc4a3, 0x7b24, 0x31a5, 0x10e6, 0x1947, 0x5a86, 0x9be5, 0xc4c4, 0xc4a2, 0x9bc2, 0x72c2, 0x5a64, 0x7305, 0xa487, 0xde29, 0xff69, 0xffa9, 0xff69, 0xf6a9, 0xcd89, 0x9c28, 0x62c6, 0x5224, 0x6ac4, 0xa446, 0xdde9, 0xfeeb, 0xff4d, 0xff6d, 0xff8c, 0xff2b, 0xde09, 0x9c47, 0x62c5, 0x4a05, 0x5246, 0x83a7, 0xc549, 0xf6c9, 0xffaa, 0xffea, 0xff8a, 0xf6aa, 0xcd49, 0x93c8, 0x6285, 0x6284, 0x8bc5, 0xc526, 0xcd87, 0xac86, 0x6b05, 0x4a24, 0x62a5, 0x9c06, 0xcd27, 0xd547, 0xbca6, 0x8345, 0x5a65, 0x62c6, 0x9c48, 0xde09, 0xff2a, 0xffa9, 0xffa9, 0xff29, 0xe609, 0xa468, 0x62c7, 0x39a5, 0x39c6, 0x6ae7, 0xa468, 0xde29, 0xff6a, 0xffea, 0xffea, 0xff29, 0xdde9, 0xac88, 0x7348, 0x4248, 0x2a0a, 0x2a2b, 0x326d, 0x326d, 0x2a4d, 0x322b, 0x4aa9, 0x7b87, 0xb4c7, 0xe607, 0xfec8, 0xff2a, 0xfeeb, 0xf6ab, 0xfe8b, 0xfecb, 0xff0b, 0xff0b, 0xee4a, 0xac89, 0x62a6, 0x3985, 0x49e5, 0x8346, 0xc507, 0xf668, 0xff29, 0xffa9, 0xff8a, 0xf6ea, 0xc5aa, 0x9429, 0x7327, 0x72c4, 0x8b63, 0xb483, 0xdda3, 0xfe84, 0xfe84, 0xede3, 0xc4a3, 0x9363, 0x7b25, 0x8be9, 0xa4cc, 0xa4cd, 0x83eb, 0x5aa8, 0x5246, 0x7b27, 0xb4a8, 0xe629, 0xff2a, 0xffca, 0xffea, 0xff4a, 0xde09, 0xac88, 0x6b28, 0x4248, 0x3209,
		0x3ace, 0x42ac, 0x5ae8, 0x8ba5, 0xc4c3, 0xe583, 0xe5c6, 0xcd89, 0xb52d, 0x9cef, 0xa52f, 0xc5ad, 0xde0a, 0xe5e6, 0xcd04, 0x9bc2, 0x72c2, 0x5a42, 0x6262, 0x72e2, 0x8b81, 0x9bc0, 0xa3e0, 0xb441, 0xc4e3, 0xdd66, 0xcd47, 0xa446, 0x8345, 0x8343, 0xb443, 0xdd83, 0xf624, 0xf644, 0xf624, 0xf624, 0xf5e3, 0xdd63, 0xbca3, 0xa405, 0x9c06, 0xac68, 0xc507, 0xd586, 0xdda3, 0xdd81, 0xdd61, 0xdd82, 0xedc4, 0xe5a6, 0xc4e7, 0x93e6, 0x8364, 0xa3e3, 0xccc2, 0xcce2, 0xa403, 0x6ac3, 0x4a23, 0x5a84, 0x8b83, 0xbc62, 0xc4a2, 0xbc83, 0xa404, 0x93c6, 0xa467, 0xcd47, 0xdda5, 0xd563, 0xc501, 0xc501, 0xd563, 0xdda5, 0xc526, 0x9c27, 0x83a7, 0x93e8, 0xb4a8, 0xd566, 0xe5a4, 0xdd82, 0xd561, 0xdd61, 0xe5c3, 0xede5, 0xdd87, 0xac88, 0x7348, 0x4248, 0x320a, 0x324c, 0x326d, 0x324c, 0x3a4a, 0x5287, 0x7b45, 0xb442, 0xd522, 0xeda2, 0xf623, 0xfe45, 0xf645, 0xf605, 0xede4, 0xf624, 0xfe65, 0xf646, 0xcd26, 0x8ba5, 0x6284, 0x5243, 0x6aa2, 0x8b41, 0x9381, 0x9ba0, 0xa400, 0xbc81, 0xcd24, 0xdd86, 0xcd28, 0xa427, 0x72e4, 0x6a82, 0x8b42, 0xbc82, 0xe563, 0xdd23, 0xabe2, 0x7280, 0x51c0, 0x6261, 0x9bc3, 0xcd05, 0xd566, 0xbcc6, 0x93c6, 0x93c6, 0xb4a7, 0xdd87, 0xe5c5, 0xdd63, 0xd541, 0xdd61, 0xedc2, 0xf5e4, 0xe5a6, 0xb4c7, 0x7b89, 0x52a9,
		0x3ace, 0x42ac, 0x52c8, 0x8385, 0xbc84, 0xeda4, 0xfe85, 0xff09, 0xff6c, 0xff8e, 0xffad, 0xffab, 0xff49, 0xf646, 0xc4c3, 0x8301, 0x49a0, 0x20a0, 0x1881, 0x2903, 0x41e6, 0x5a88, 0x7328, 0x8be8, 0xb4c7, 0xd546, 0xd524, 0xac23, 0x8b62, 0x93a2, 0xb483, 0xd523, 0xcce2, 0xac01, 0x8b00, 0x82c0, 0x8b00, 0x8b20, 0x8b20, 0x9361, 0xac02, 0xc4a3, 0xcd04, 0xc4c4, 0x9bc2, 0x72c1, 0x6a61, 0x7ae1, 0xa403, 0xcce3, 0xcce4, 0xac03, 0x9382, 0xa3e2, 0xc4a3, 0xcce3, 0xa403, 0x6ac4, 0x4a24, 0x5a84, 0x8b84, 0xb463, 0xbca3, 0xbc62, 0xa3e2, 0x9bc2, 0xac43, 0xcd04, 0xd566, 0xbd07, 0xac88, 0xac88, 0xc507, 0xd565, 0xcd24, 0xac43, 0xa3e3, 0xac43, 0xc4c4, 0xcce4, 0xac23, 0x8322, 0x6a81, 0x6aa1, 0x9362, 0xbc62, 0xcce3, 0xbc83, 0x9be5, 0x7b67, 0x7beb, 0x94cf, 0xa550, 0x9cef, 0x8c2b, 0x8ba7, 0x93a4, 0xa402, 0xbc62, 0xc4c2, 0xd503, 0xd523, 0xd503, 0xc4c2, 0xbc82, 0xccc2, 0xdd43, 0xe583, 0xcce3, 0x9382, 0x5221, 0x3141, 0x2122, 0x3184, 0x4227, 0x5ac9, 0x7b89, 0xa468, 0xc507, 0xdd65, 0xcd04, 0x9be3, 0x6262, 0x49e2, 0x6ac3, 0xac23, 0xd504, 0xc4a4, 0x8343, 0x41c3, 0x2943, 0x4a03, 0x8b83, 0xc4a3, 0xd502, 0xbc62, 0x9bc2, 0x9be3, 0xc4c3, 0xd524, 0xbc83, 0x8322, 0x6241, 0x6200, 0x7aa0, 0xa360, 0xabc0, 0xa3a2, 0x7325, 0x52a7,
		0x42ce, 0x42ac, 0x52c9, 0x83a6, 0xbca4, 0xe563, 0xf5c3, 0xeda3, 0xe582, 0xe582, 0xe5a2, 0xe5a2, 0xdd41, 0xb441, 0x7ac1, 0x3960, 0x1081, 0x1083, 0x3186, 0x6b29, 0x9ccc, 0xc60f, 0xdecf, 0xeeed, 0xf6ca, 0xee26, 0xcd03, 0x9bc1, 0x8321, 0x9382, 0xbc83, 0xd504, 0xb483, 0x7b03, 0x39a2, 0x20e2, 0x18a1, 0x20a1, 0x28e1, 0x49a1, 0x7ae1, 0xb442, 0xcce3, 0xbc83, 0x8363, 0x5223, 0x39a3, 0x5223, 0x8b83, 0xbca3, 0xc4c3, 0xa402, 0x9382, 0xa3e2, 0xc4c3, 0xcce4, 0xa404, 0x62a3, 0x4a03, 0x5a63, 0x8b84, 0xb464, 0xc4a3, 0xb463, 0x9bc2, 0x9381, 0xa402, 0xc504, 0xe607, 0xee6a, 0xee6b, 0xee4b, 0xee28, 0xe5a5, 0xc4a2, 0x9b80, 0x9340, 0xa3c1, 0xbc82, 0xbc83, 0x9bc3, 0x6283, 0x41a3, 0x41e3, 0x6ac3, 0x9be3, 0xbc83, 0xbc62, 0xac03, 0x9c04, 0xb507, 0xe669, 0xf70a, 0xee69, 0xcd47, 0xac45, 0x9be3, 0xa3e3, 0xac43, 0xbc83, 0xc4c3, 0xcce3, 0xc4c3, 0xbc83, 0xb443, 0xbc83, 0xd503, 0xdd23, 0xc4a2, 0x8b42, 0x5222, 0x39a4, 0x4a47, 0x738b, 0xa50e, 0xce50, 0xe710, 0xf72d, 0xf6ca, 0xee06, 0xcce3, 0x9382, 0x5a42, 0x41e3, 0x72e3, 0xac44, 0xd524, 0xc4c4, 0x8384, 0x4a45, 0x31e5, 0x5286, 0x93c5, 0xc4c4, 0xcce3, 0xb442, 0x9381, 0x9ba2, 0xbc83, 0xd503, 0xb464, 0x72e4, 0x3183, 0x10a2, 0x1061, 0x20a0, 0x28c0, 0x3121, 0x39a4, 0x3a28,
		0x3ace, 0x42ac, 0x5ae9, 0x8bc6, 0xc4c4, 0xdd43, 0xccc2, 0xa3a1, 0x72a1, 0x5a21, 0x51e0, 0x51e0, 0x49a1, 0x3141, 0x18c2, 0x10e4, 0x31a6, 0x62e8, 0xa469, 0xcd89, 0xe608, 0xe5e6, 0xd5a5, 0xd565, 0xdd84, 0xdd64, 0xcce4, 0xa3e3, 0x8342, 0x9382, 0xb462, 0xcd03, 0xbca4, 0x8364, 0x4226, 0x2187, 0x1149, 0x0909, 0x1128, 0x31c6, 0x7305, 0xb464, 0xd503, 0xc4a3, 0x8b63, 0x5223, 0x39c3, 0x5243, 0x8b83, 0xbca4, 0xc4c3, 0xa402, 0x9382, 0xa402, 0xc4c3, 0xc4c3, 0x9bc3, 0x5a63, 0x39a2, 0x5203, 0x8343, 0xac43, 0xc4a3, 0xbc83, 0xa3e3, 0x93a2, 0xac23, 0xcce4, 0xdd64, 0xcd04, 0xac24, 0x8b43, 0x7ac1, 0x6a40, 0x59e0, 0x49a0, 0x6220, 0x9382, 0xc4a3, 0xc4c4, 0xa404, 0x6aa3, 0x41e3, 0x4a03, 0x7304, 0xac24, 0xc4c4, 0xbc63, 0x9b81, 0x7ae0, 0x8320, 0xa3e0, 0xb440, 0xa3e0, 0x9340, 0x8b21, 0x9362, 0xa403, 0xb483, 0xc4a3, 0xcce3, 0xcd04, 0xcce3, 0xbca3, 0xb463, 0xbc83, 0xcd03, 0xd523, 0xbc83, 0x93a3, 0x7b24, 0x8387, 0xa469, 0xcd6a, 0xddc9, 0xd5a7, 0xd5a5, 0xd5a4, 0xddc4, 0xdd84, 0xc4e4, 0x93c4, 0x5a84, 0x4a24, 0x7304, 0xb464, 0xd524, 0xc4c4, 0x8364, 0x4a25, 0x31c5, 0x5285, 0x93e5, 0xc4e4, 0xcd03, 0xb442, 0x9382, 0x9bc2, 0xbca3, 0xd503, 0xb463, 0x7303, 0x39a4, 0x10e5, 0x08a5, 0x10e6, 0x1926, 0x2967, 0x31e9, 0x3a4a,
		0x3ace, 0x42ac, 0x5b09, 0x9406, 0xcd04, 0xdd43, 0xbc82, 0x7b23, 0x41e4, 0x1926, 0x0907, 0x1148, 0x1148, 0x1148, 0x1148, 0x29c8, 0x5ae8, 0x9c27, 0xd546, 0xe5a5, 0xd524, 0xb444, 0x8b84, 0x8b64, 0xa405, 0xc4c4, 0xcce4, 0xac23, 0x8b62, 0x9382, 0xb462, 0xcce3, 0xbca4, 0x8ba5, 0x5ac8, 0x3a6b, 0x328e, 0x2a8f, 0x328e, 0x4aeb, 0x83a7, 0xbca5, 0xd523, 0xcce4, 0xa425, 0x7b46, 0x6ae7, 0x7b46, 0xa446, 0xcce4, 0xc4c3, 0xa3e2, 0x8b61, 0xa3e2, 0xc4c3, 0xd524, 0xb486, 0x8387, 0x6b07, 0x7b67, 0xa446, 0xbcc5, 0xc4c4, 0xb463, 0xa3e2, 0x9bc2, 0xb443, 0xcd04, 0xcd24, 0xa425, 0x6ac5, 0x39a5, 0x2106, 0x10c5, 0x10a4, 0x18c2, 0x41a2, 0x8b42, 0xc4a3, 0xdd44, 0xc4c6, 0x93c6, 0x7307, 0x7327, 0x9c06, 0xc505, 0xd544, 0xbc83, 0x8322, 0x41c2, 0x2922, 0x2922, 0x2902, 0x2902, 0x3142, 0x5202, 0x7b23, 0xac23, 0xc4c3, 0xcce3, 0xcd03, 0xcd03, 0xcce3, 0xbca3, 0xb463, 0xbc83, 0xcd03, 0xd523, 0xbc83, 0x9bc3, 0x93a3, 0xac24, 0xcd05, 0xdd65, 0xcce5, 0xa3e5, 0x8b84, 0x93c4, 0xb464, 0xcce4, 0xc4c4, 0x9be4, 0x62a3, 0x5243, 0x7303, 0xb464, 0xdd64, 0xd545, 0x9c06, 0x62a6, 0x4205, 0x5a85, 0x93a4, 0xc4c4, 0xcd03, 0xb463, 0x9ba2, 0x9bc2, 0xbca3, 0xd524, 0xbca4, 0x8ba6, 0x6b07, 0x630a, 0x7bcc, 0x9c8d, 0xa4cd, 0x9c6c, 0x73ab, 0x530b,
		0x3ace, 0x42ac, 0x5b09, 0x9406, 0xcd04, 0xe542, 0xc4a2, 0x8b84, 0x52a7, 0x324a, 0x328d, 0x430e, 0x430f, 0x3aef, 0x328e, 0x3a6b, 0x5ac7, 0x8b83, 0xc482, 0xe563, 0xe5e6, 0xde0a, 0xce0c, 0xcded, 0xddeb, 0xe5c7, 0xd524, 0xac02, 0x8b41, 0x9381, 0xbc62, 0xd502, 0xc4c3, 0x8ba5, 0x5ac7, 0x428b, 0x3acf, 0x32d0, 0x3aae, 0x4aca, 0x7346, 0xac23, 0xd503, 0xede5, 0xee29, 0xde6c, 0xde4d, 0xde4d, 0xe62a, 0xe5a6, 0xc483, 0x9361, 0x7ac0, 0x9340, 0xc482, 0xe5c5, 0xf669, 0xe68d, 0xde8e, 0xe68d, 0xee8b, 0xe607, 0xcd24, 0xac02, 0x9340, 0x8b20, 0xa3e1, 0xcd24, 0xee27, 0xe66a, 0xce2e, 0xbdf0, 0xadb1, 0x9d0f, 0x7bcb, 0x5a87, 0x5203, 0x7ac0, 0xb421, 0xe564, 0xf648, 0xe66c, 0xde6e, 0xde6d, 0xee6a, 0xf627, 0xe563, 0xb422, 0x72c3, 0x39c5, 0x1968, 0x116a, 0x116b, 0x116a, 0x21a9, 0x4a67, 0x8365, 0xb464, 0xcce3, 0xd503, 0xd523, 0xd523, 0xcd03, 0xc4c3, 0xbc83, 0xc4a3, 0xd524, 0xdd44, 0xc4a3, 0x9bc2, 0x8b21, 0x9b80, 0xc461, 0xe564, 0xe5c7, 0xd5eb, 0xce0d, 0xd62c, 0xe62a, 0xe5e7, 0xcd24, 0x9be3, 0x6262, 0x41c2, 0x6282, 0xac03, 0xe5a5, 0xfe68, 0xe60a, 0xb4ea, 0x8bc8, 0x8366, 0xa404, 0xc4c3, 0xcce3, 0xb422, 0x9361, 0x9341, 0xb442, 0xdd64, 0xee08, 0xe64b, 0xde6e, 0xe6af, 0xf6cd, 0xfe8a, 0xede8, 0xc4c6, 0x8387, 0x52a8,
		0x3ace, 0x42ac, 0x5ae8, 0x93a5, 0xc482, 0xdcc1, 0xc421, 0x8b42, 0x5aa6, 0x428a, 0x4b0e, 0x5baf, 0x5bb0, 0x4b70, 0x430f, 0x3a6c, 0x4227, 0x5a43, 0x8b20, 0xbc81, 0xede3, 0xfea6, 0xfee7, 0xfe87, 0xfe26, 0xeda4, 0xccc2, 0x9ba1, 0x82e0, 0x9320, 0xb400, 0xcc81, 0xbc42, 0x8b63, 0x52a7, 0x3a8b, 0x3ace, 0x3aef, 0x32ae, 0x3a4a, 0x4a45, 0x72c2, 0xabe1, 0xdd42, 0xfe85, 0xff47, 0xff69, 0xff48, 0xfee7, 0xede5, 0xbc83, 0x7ae1, 0x51c0, 0x5a00, 0x9321, 0xccc3, 0xfe45, 0xff07, 0xff08, 0xfea7, 0xf626, 0xe584, 0xccc2, 0xa3a1, 0x7280, 0x5a00, 0x72a0, 0xb402, 0xe5a4, 0xfee6, 0xff89, 0xffea, 0xffaa, 0xfec9, 0xc507, 0x7b04, 0x49a1, 0x4980, 0x7a80, 0xb422, 0xede4, 0xff27, 0xffa9, 0xff88, 0xfee6, 0xeda3, 0xbc21, 0x82e1, 0x5203, 0x31e7, 0x3a6c, 0x4b2f, 0x4b4f, 0x42ef, 0x42cd, 0x5ae9, 0x8385, 0xac02, 0xc440, 0xc460, 0xcc81, 0xcc81, 0xc481, 0xbc41, 0xb421, 0xbc41, 0xd4c2, 0xdce2, 0xbc41, 0x8b21, 0x6220, 0x6220, 0x8b00, 0xbc62, 0xedc4, 0xfea6, 0xfec7, 0xfe87, 0xf625, 0xe584, 0xccc3, 0x93a2, 0x5a22, 0x2922, 0x3941, 0x72a1, 0xbc42, 0xf5e4, 0xfe66, 0xe5a6, 0xb465, 0x9bc3, 0xabe2, 0xc462, 0xc461, 0x9b81, 0x6a60, 0x6200, 0x82e0, 0xbc42, 0xedc5, 0xfee7, 0xff88, 0xffa8, 0xfee5, 0xe582, 0xb400, 0x7aa0, 0x4a03, 0x31c6,
		0x42ee, 0x42ac, 0x4a68, 0x6284, 0x82c1, 0x8ac0, 0x7a60, 0x5a21, 0x4205, 0x3a4a, 0x430d, 0x538f, 0x538f, 0x5390, 0x4b4f, 0x42cd, 0x322a, 0x31a6, 0x41c2, 0x6a60, 0x9340, 0xa3a0, 0x9b80, 0x9320, 0x8ae0, 0x82e0, 0x7ac0, 0x6240, 0x51c0, 0x61e0, 0x7a60, 0x82a0, 0x7a80, 0x5a42, 0x4206, 0x3a6a, 0x42ed, 0x4b4f, 0x4b4f, 0x42cd, 0x3209, 0x39a4, 0x5201, 0x7ac0, 0x9ba0, 0xb420, 0xc4a0, 0xdd21, 0xeda3, 0xeda4, 0xc4c4, 0x7b43, 0x41a2, 0x2101, 0x3961, 0x6240, 0x9360, 0xabe0, 0xa3c0, 0x8b40, 0x82e0, 0x82c0, 0x7ac0, 0x6261, 0x4181, 0x2901, 0x3121, 0x5a00, 0x8b20, 0xac00, 0xbc80, 0xc4a0, 0xbc80, 0xabe0, 0x7ae0, 0x49c1, 0x20c1, 0x1081, 0x2921, 0x5a01, 0x8b40, 0xb440, 0xc4a0, 0xbca0, 0xac00, 0x8300, 0x5a00, 0x3982, 0x2986, 0x320a, 0x42ed, 0x538f, 0x5baf, 0x4b4f, 0x42ed, 0x52a9, 0x6284, 0x7260, 0x7a60, 0x7a80, 0x82a0, 0x82a0, 0x82a0, 0x7a80, 0x7260, 0x7a80, 0x8ae0, 0x8b00, 0x7aa0, 0x51e0, 0x3121, 0x2901, 0x3960, 0x6220, 0x8b20, 0xa3a0, 0x9b80, 0x9320, 0x82c0, 0x7aa0, 0x7aa0, 0x6a82, 0x41e4, 0x2145, 0x1905, 0x3163, 0x5a21, 0x8b20, 0xa3a0, 0x9360, 0x72a0, 0x6a20, 0x7260, 0x82a0, 0x82a0, 0x6200, 0x3941, 0x20e1, 0x3141, 0x5a20, 0x8b20, 0xac00, 0xbc80, 0xbc80, 0xabe0, 0x82e0, 0x51e0, 0x3142, 0x2166, 0x29e9,
		0x536f, 0x4b0d, 0x3a6a, 0x31e7, 0x3185, 0x2923, 0x2103, 0x2965, 0x31e7, 0x3a8b, 0x4b2e, 0x538f, 0x538f, 0x538f, 0x538f, 0x536f, 0x4b2e, 0x3a8b, 0x29e8, 0x2986, 0x2964, 0x2923, 0x2123, 0x2103, 0x2103, 0x2123, 0x2123, 0x2123, 0x2124, 0x2123, 0x2123, 0x2923, 0x2944, 0x2985, 0x31e8, 0x3a6b, 0x4b0d, 0x538f, 0x5b8f, 0x538f, 0x430d, 0x322a, 0x2987, 0x2124, 0x20e2, 0x2901, 0x49a1, 0x7ae1, 0xbc62, 0xe563, 0xd544, 0x9c05, 0x5285, 0x2165, 0x1105, 0x1905, 0x2144, 0x2963, 0x2943, 0x2103, 0x2103, 0x2103, 0x2123, 0x2144, 0x2165, 0x2166, 0x2166, 0x2145, 0x2964, 0x3163, 0x3163, 0x3162, 0x3162, 0x3143, 0x2944, 0x2165, 0x2166, 0x2167, 0x2166, 0x2166, 0x2984, 0x3163, 0x3163, 0x3162, 0x2943, 0x2123, 0x2144, 0x2187, 0x322a, 0x42ed, 0x536f, 0x538f, 0x538f, 0x536f, 0x4b2e, 0x428b, 0x31e7, 0x2965, 0x2923, 0x2923, 0x2923, 0x2923, 0x2943, 0x2943, 0x2943, 0x2923, 0x2943, 0x2943, 0x2944, 0x2945, 0x2145, 0x2146, 0x2146, 0x2165, 0x2944, 0x2943, 0x2923, 0x2103, 0x18e3, 0x1903, 0x2123, 0x2985, 0x31c7, 0x3a6b, 0x42cc, 0x3209, 0x2986, 0x2965, 0x2963, 0x2943, 0x2923, 0x2123, 0x2123, 0x2923, 0x2944, 0x2945, 0x2165, 0x2166, 0x2166, 0x2165, 0x2964, 0x3163, 0x3163, 0x3142, 0x2943, 0x2123, 0x2145, 0x2187, 0x322a, 0x42ac,
		0x538f, 0x536f, 0x4b2e, 0x42cd, 0x326c, 0x2a2b, 0x2a2b, 0x326b, 0x42ac, 0x4b2e, 0x536f, 0x536f, 0x536f, 0x536f, 0x536f, 0x538f, 0x538f, 0x536f, 0x4b0e, 0x3aac, 0x324b, 0x2a2b, 0x2a2b, 0x322b, 0x324b, 0x324b, 0x324b, 0x324b, 0x326b, 0x324b, 0x324b, 0x322b, 0x324b, 0x3a6b, 0x42cc, 0x4b0d, 0x534e, 0x536f, 0x538f, 0x538f, 0x538f, 0x4b4e, 0x3acd, 0x2a2c, 0x19aa, 0x1968, 0x31c5, 0x6ac3, 0xb422, 0xe521, 0xdd22, 0xac24, 0x6ae6, 0x3a49, 0x2a2b, 0x2a4c, 0x2a4c, 0x2a4c, 0x2a2b, 0x322b, 0x322b, 0x322b, 0x324b, 0x324b, 0x3a8c, 0x42cc, 0x42cc, 0x3a8c, 0x326c, 0x2a2b, 0x2a0b, 0x2a0b, 0x2a0b, 0x2a0b, 0x324b, 0x3a8c, 0x42cc, 0x42ed, 0x42ed, 0x3aac, 0x326c, 0x2a2b, 0x2a0b, 0x2a0b, 0x2a0b, 0x322b, 0x3a6b, 0x42cc, 0x4b0d, 0x536f, 0x538f, 0x536f, 0x536f, 0x538f, 0x536f, 0x4b0e, 0x42cd, 0x328c, 0x324b, 0x324b, 0x2a2b, 0x2a4b, 0x324b, 0x324b, 0x324b, 0x324b, 0x322b, 0x322b, 0x324b, 0x3a6b, 0x3aac, 0x42ac, 0x42ac, 0x3a8c, 0x324b, 0x322b, 0x2a2b, 0x322b, 0x324b, 0x2a2b, 0x324b, 0x326b, 0x3aac, 0x4b2e, 0x5baf, 0x536f, 0x42cd, 0x326c, 0x322b, 0x2a2b, 0x322b, 0x324b, 0x324b, 0x324b, 0x324b, 0x3a6b, 0x3aac, 0x42cc, 0x42cc, 0x3a8c, 0x326b, 0x2a2b, 0x2a0b, 0x29eb, 0x2a0b, 0x324b, 0x3a8b, 0x42cc, 0x4b0d, 0x534e,
		0x536f, 0x538f, 0x538f, 0x536f, 0x536f, 0x536f, 0x536f, 0x536f, 0x536f, 0x538f, 0x538f, 0x536f, 0x536f, 0x536f, 0x536f, 0x536f, 0x536f, 0x538f, 0x536f, 0x536f, 0x536f, 0x536f, 0x536f, 0x536f, 0x536f, 0x536f, 0x536f, 0x536f, 0x536f, 0x536f, 0x536f, 0x536f, 0x536f, 0x536f, 0x536f, 0x536f, 0x536f, 0x536f, 0x536f, 0x536f, 0x538f, 0x538f, 0x538f, 0x536f, 0x4b2f, 0x42cc, 0x52a9, 0x7305, 0xa381, 0xbc00, 0xb3c0, 0x8b22, 0x5a65, 0x4269, 0x3acd, 0x4b4f, 0x538f, 0x536f, 0x536f, 0x536f, 0x536f, 0x536f, 0x536f, 0x536f, 0x536f, 0x536f, 0x536f, 0x536f, 0x536f, 0x536f, 0x536f, 0x536f, 0x536f, 0x536f, 0x536f, 0x536f, 0x536f, 0x538f, 0x538f, 0x536f, 0x536f, 0x536f, 0x536f, 0x536f, 0x536f, 0x536f, 0x536f, 0x536f, 0x536f, 0x536f, 0x536f, 0x536f, 0x536f, 0x536f, 0x536f, 0x536f, 0x536f, 0x536f, 0x536f, 0x536f, 0x536f, 0x536f, 0x536f, 0x536f, 0x536f, 0x536f, 0x536f, 0x536f, 0x536f, 0x536f, 0x536f, 0x536f, 0x538f, 0x536f, 0x536f, 0x536f, 0x536f, 0x536f, 0x536f, 0x536f, 0x536f, 0x536f, 0x536f, 0x536f, 0x538f, 0x538f, 0x538f, 0x536f, 0x536f, 0x536f, 0x536f, 0x536f, 0x536f, 0x536f, 0x536f, 0x536f, 0x536f, 0x536f, 0x536f, 0x538f, 0x536f, 0x536f, 0x536f, 0x536f, 0x536f, 0x536f, 0x536f, 0x536f, 0x536f, 0x536f,
		0x536f, 0x536f, 0x536f, 0x538f, 0x538f, 0x538f, 0x538f, 0x538f, 0x538f, 0x536f, 0x536f, 0x536f, 0x536f, 0x536f, 0x536f, 0x536f, 0x536f, 0x536f, 0x536f, 0x536f, 0x538f, 0x538f, 0x538f, 0x538f, 0x538f, 0x538f, 0x538f, 0x538f, 0x538f, 0x538f, 0x538f, 0x538f, 0x538f, 0x538f, 0x538f, 0x538f, 0x536f, 0x536f, 0x536f, 0x536f, 0x536f, 0x536f, 0x538f, 0x538f, 0x536f, 0x4b0d, 0x428a, 0x4226, 0x49c2, 0x49a1, 0x49a1, 0x4182, 0x39c5, 0x3a49, 0x42cd, 0x536f, 0x538f, 0x538f, 0x538f, 0x538f, 0x538f, 0x538f, 0x538f, 0x538f, 0x538f, 0x538f, 0x538f, 0x538f, 0x538f, 0x538f, 0x538f, 0x538f, 0x538f, 0x538f, 0x538f, 0x538f, 0x538f, 0x538f, 0x538f, 0x538f, 0x538f, 0x538f, 0x538f, 0x538f, 0x538f, 0x538f, 0x538f, 0x538f, 0x538f, 0x536f, 0x536f, 0x536f, 0x536f, 0x536f, 0x536f, 0x538f, 0x538f, 0x538f, 0x538f, 0x538f, 0x538f, 0x538f, 0x538f, 0x538f, 0x538f, 0x538f, 0x538f, 0x538f, 0x538f, 0x538f, 0x538f, 0x538f, 0x538f, 0x538f, 0x538f, 0x538f, 0x538f, 0x538f, 0x538f, 0x538f, 0x538f, 0x538f, 0x538f, 0x538f, 0x536f, 0x536f, 0x538f, 0x538f, 0x538f, 0x538f, 0x538f, 0x538f, 0x538f, 0x538f, 0x538f, 0x538f, 0x538f, 0x538f, 0x538f, 0x538f, 0x538f, 0x538f, 0x538f, 0x538f, 0x538f, 0x538f, 0x538f, 0x538f, 0x538f, 0x536f
};
const uint16_t parqueos_disp[] = {
		0x536f, 0x536f, 0x5baf, 0x536f, 0x3229, 0x18e3, 0x2923, 0x2944, 0x2943, 0x2943, 0x2944, 0x2102, 0x2124, 0x42ab, 0x53af, 0x53af, 0x536f, 0x536f, 0x536f, 0x536f, 0x536f, 0x536f, 0x536f, 0x536f, 0x536f, 0x536f, 0x536f, 0x536f, 0x536f, 0x536f, 0x536f, 0x536f, 0x536f, 0x536f, 0x536f, 0x536f, 0x536f, 0x536f, 0x536f, 0x536f, 0x536f, 0x536f, 0x536f, 0x536f, 0x536f, 0x536f, 0x536f, 0x536f, 0x536f, 0x536f, 0x536f, 0x536f, 0x536f, 0x536f, 0x536f, 0x536f, 0x536f, 0x536f, 0x536f, 0x536f, 0x536f, 0x536f, 0x536f, 0x536f, 0x536f, 0x536f, 0x536f, 0x536f, 0x536f, 0x536f, 0x536f, 0x536f, 0x536f, 0x536f, 0x536f, 0x536f, 0x536f, 0x536f, 0x536f, 0x536f,
		0x536f, 0x538f, 0x538f, 0x42ed, 0x428b, 0x8c6e, 0xe717, 0xef58, 0xef16, 0xef16, 0xef78, 0xd6b5, 0x73ab, 0x2166, 0x3acc, 0x5bb0, 0x538f, 0x536f, 0x536f, 0x536f, 0x536f, 0x536f, 0x536f, 0x536f, 0x536f, 0x536f, 0x536f, 0x536f, 0x536f, 0x536f, 0x536f, 0x536f, 0x536f, 0x536f, 0x536f, 0x536f, 0x536f, 0x536f, 0x536f, 0x536f, 0x536f, 0x536f, 0x536f, 0x536f, 0x536f, 0x536f, 0x536f, 0x536f, 0x536f, 0x536f, 0x536f, 0x536f, 0x536f, 0x536f, 0x536f, 0x536f, 0x536f, 0x536f, 0x536f, 0x536f, 0x536f, 0x536f, 0x536f, 0x536f, 0x536f, 0x536f, 0x536f, 0x536f, 0x536f, 0x536f, 0x536f, 0x536f, 0x536f, 0x536f, 0x536f, 0x536f, 0x536f, 0x536f, 0x536f, 0x536f,
		0x536f, 0x538f, 0x538f, 0x42ee, 0x428a, 0x9c8c, 0xff53, 0xff93, 0xff52, 0xff52, 0xff93, 0xff53, 0xaced, 0x39c6, 0x3209, 0x4b4f, 0x5bb0, 0x538f, 0x538f, 0x538f, 0x538f, 0x538f, 0x538f, 0x538f, 0x538f, 0x538f, 0x538f, 0x538f, 0x538f, 0x538f, 0x536f, 0x538f, 0x538f, 0x538f, 0x538f, 0x538f, 0x538f, 0x538f, 0x538f, 0x538f, 0x538f, 0x538f, 0x538f, 0x538f, 0x538f, 0x538f, 0x538f, 0x538f, 0x538f, 0x538f, 0x538f, 0x538f, 0x538f, 0x538f, 0x538f, 0x536f, 0x536f, 0x538f, 0x538f, 0x538f, 0x538f, 0x538f, 0x538f, 0x538f, 0x536f, 0x536f, 0x538f, 0x538f, 0x538f, 0x538f, 0x538f, 0x538f, 0x536f, 0x536f, 0x536f, 0x536f, 0x536f, 0x536f, 0x536f, 0x536f,
		0x536f, 0x538f, 0x538f, 0x430f, 0x4289, 0x9bc3, 0xf604, 0xfe45, 0xfe25, 0xfe45, 0xfe24, 0xfe86, 0xee6b, 0x8bea, 0x3229, 0x430e, 0x5bf1, 0x5bb0, 0x53b0, 0x53b0, 0x53b0, 0x538f, 0x538f, 0x53b0, 0x53b0, 0x5bb0, 0x5bb0, 0x53b0, 0x53b0, 0x538f, 0x538f, 0x538f, 0x53b0, 0x53b0, 0x53b0, 0x53b0, 0x53b0, 0x5baf, 0x5baf, 0x53b0, 0x53b0, 0x53b0, 0x538f, 0x538f, 0x53b0, 0x53b0, 0x5bb0, 0x538f, 0x538f, 0x53b0, 0x53b0, 0x53b0, 0x53b0, 0x53b0, 0x538f, 0x536f, 0x538f, 0x53af, 0x5bb0, 0x53b0, 0x53b0, 0x53b0, 0x53b0, 0x538f, 0x536f, 0x538f, 0x53b0, 0x53b0, 0x53b0, 0x53b0, 0x5bb0, 0x53b0, 0x538f, 0x536f, 0x536f, 0x536f, 0x536f, 0x536f, 0x536f, 0x536f,
		0x536f, 0x538f, 0x538f, 0x430f, 0x4289, 0x9bc2, 0xf603, 0xfdc2, 0xed22, 0xe502, 0xed62, 0xfe23, 0xf604, 0x93c4, 0x31e7, 0x2a0a, 0x324a, 0x29e9, 0x29e9, 0x29e9, 0x322a, 0x42ed, 0x42ec, 0x322a, 0x29e9, 0x3229, 0x3229, 0x29e9, 0x2a09, 0x42ec, 0x538f, 0x4b0d, 0x3209, 0x29e9, 0x2a09, 0x29e9, 0x2a09, 0x3a8b, 0x42cc, 0x324a, 0x29e9, 0x3209, 0x42cc, 0x42cc, 0x3229, 0x29e8, 0x324a, 0x4b2d, 0x4aed, 0x324a, 0x29e9, 0x29e9, 0x29e9, 0x2a09, 0x42ec, 0x5baf, 0x536f, 0x3a8b, 0x29e9, 0x29e9, 0x2a09, 0x29e9, 0x3229, 0x42ed, 0x5bb0, 0x534e, 0x3a6a, 0x29e9, 0x29e9, 0x29e9, 0x29e9, 0x326a, 0x4b2e, 0x538f, 0x538f, 0x536f, 0x536f, 0x536f, 0x536f, 0x536f,
		0x536f, 0x538f, 0x538f, 0x430f, 0x4289, 0x9c03, 0xf644, 0xcce3, 0x5a01, 0x28c0, 0x6241, 0xd523, 0xf643, 0x93a2, 0x2123, 0x10e5, 0x4227, 0x5ac9, 0x5ac9, 0x52a8, 0x4207, 0x29a7, 0x29a7, 0x4247, 0x5268, 0x31a5, 0x31a5, 0x5288, 0x4206, 0x3208, 0x326b, 0x3208, 0x4206, 0x52a8, 0x5ac9, 0x5ac9, 0x4a68, 0x2986, 0x1925, 0x39e6, 0x52a9, 0x4227, 0x2986, 0x2986, 0x4227, 0x5288, 0x39e6, 0x29c8, 0x29a7, 0x4227, 0x52a9, 0x5ac9, 0x52a8, 0x4206, 0x29a6, 0x430e, 0x42ed, 0x31c7, 0x4a47, 0x5aa8, 0x5ac9, 0x52a8, 0x39c6, 0x3208, 0x4b0e, 0x3a8b, 0x31a6, 0x4a67, 0x5ac9, 0x5ac9, 0x4a47, 0x3185, 0x3209, 0x538f, 0x5bb0, 0x536f, 0x536f, 0x536f, 0x536f, 0x536f,
		0x536f, 0x538f, 0x538f, 0x430f, 0x4289, 0x9c03, 0xf643, 0xb483, 0x2964, 0x0046, 0x39a4, 0xbce3, 0xf664, 0x8b82, 0x1880, 0x4a47, 0xce33, 0xffd8, 0xffb7, 0xf797, 0xad50, 0x2124, 0x2945, 0xb5b2, 0xef36, 0xad0f, 0xad10, 0xef37, 0xbdd2, 0x4227, 0x0042, 0x39c6, 0xc5d1, 0xffb7, 0xffb7, 0xffd8, 0xe6f5, 0x62e9, 0x18c2, 0x946e, 0xf798, 0xbdb2, 0x2985, 0x31a6, 0xbdd3, 0xf798, 0x946e, 0x10c3, 0x1904, 0xad50, 0xffd8, 0xffb8, 0xffb7, 0xc5d1, 0x3185, 0x08c4, 0x10e4, 0x5ae9, 0xe6d4, 0xffb7, 0xffb7, 0xf7d8, 0xad0f, 0x39c6, 0x08a4, 0x1925, 0x7bab, 0xe716, 0xffd8, 0xffd8, 0xef16, 0x7bab, 0x10e4, 0x3a8b, 0x53af, 0x538f, 0x536f, 0x536f, 0x536f, 0x536f,
		0x536f, 0x538f, 0x538f, 0x430f, 0x4269, 0x9c03, 0xf643, 0xb482, 0x2943, 0x0066, 0x39e5, 0xbcc3, 0xee44, 0x8342, 0x2923, 0x944c, 0xff0f, 0xff0c, 0xfeec, 0xff0d, 0xde0d, 0x5ac8, 0x3984, 0xaca7, 0xff0d, 0xee8f, 0xee8f, 0xfeed, 0xe62c, 0x5a86, 0x2125, 0x83cb, 0xee6d, 0xff0c, 0xfecc, 0xff0c, 0xfeed, 0x8c0a, 0x3164, 0x9407, 0xf70d, 0xc54a, 0x2964, 0x3185, 0xc58a, 0xf6ec, 0x93e7, 0x3164, 0x736a, 0xde4d, 0xff0d, 0xfeec, 0xfeec, 0xee6d, 0x8c0b, 0x18e4, 0x3185, 0xacec, 0xfecd, 0xfeec, 0xfecc, 0xff0c, 0xde4d, 0x7369, 0x2124, 0x5288, 0xc5ce, 0xfeed, 0xfeec, 0xfecc, 0xff0e, 0xcdae, 0x5aea, 0x29c8, 0x4b0d, 0x5bb0, 0x536f, 0x536f, 0x536f, 0x536f,
		0x536f, 0x538f, 0x538f, 0x430f, 0x4289, 0x9be3, 0xf643, 0xcd24, 0x5aa6, 0x31a7, 0x62e7, 0xd565, 0xee24, 0x8342, 0x3164, 0xb4c8, 0xfec6, 0xfe02, 0xfdc2, 0xfe03, 0xfe88, 0xa48b, 0x4a24, 0x9ba0, 0xfe43, 0xfe88, 0xfe87, 0xfe22, 0xfe26, 0x7b46, 0x52a9, 0xcdad, 0xfe87, 0xfe22, 0xfe02, 0xfe02, 0xfe65, 0xb4e8, 0x5225, 0x8b61, 0xee02, 0xbcc2, 0x2964, 0x3184, 0xc4c2, 0xede1, 0x8b41, 0x5266, 0xc5ae, 0xfec9, 0xfde2, 0xfe02, 0xfe02, 0xfe67, 0xdded, 0x4a47, 0x736a, 0xfead, 0xfe44, 0xfe02, 0xfe02, 0xfe02, 0xfec9, 0xb54c, 0x52a8, 0x8c0a, 0xfeab, 0xfe44, 0xfde1, 0xfde2, 0xfe64, 0xfe8a, 0xa46b, 0x29a7, 0x3acc, 0x5bb0, 0x538f, 0x536f, 0x536f, 0x536f,
		0x536f, 0x538f, 0x538f, 0x430f, 0x4289, 0x9bc2, 0xf603, 0xfe68, 0xe6b2, 0xded7, 0xe6b2, 0xfe88, 0xf603, 0x8b62, 0x2901, 0x72a1, 0xabe1, 0x7280, 0x6a40, 0xbc82, 0xf645, 0xa423, 0x51e1, 0x9be2, 0xfe84, 0xf5a3, 0xc462, 0xd503, 0xfe24, 0x8362, 0x5202, 0xcd04, 0xfe24, 0xd502, 0xbc42, 0xdd03, 0xfe64, 0xb4a3, 0x49e1, 0x8b62, 0xee23, 0xbcc3, 0x2964, 0x3184, 0xc4e3, 0xee23, 0x8b62, 0x5201, 0xc4e4, 0xfe64, 0xc4a2, 0x9361, 0xbc82, 0xfe24, 0xdd44, 0x49e1, 0x72c2, 0xfe05, 0xf5e4, 0xc4a2, 0xb442, 0xdd43, 0xfe65, 0xb4a4, 0x5202, 0x8b62, 0xf624, 0xe583, 0xa3e1, 0xb422, 0xf603, 0xfe63, 0xa3c2, 0x29a6, 0x3acd, 0x5bb0, 0x538f, 0x536f, 0x536f, 0x536f,
		0x536f, 0x538f, 0x538f, 0x430f, 0x4289, 0x9bc3, 0xf603, 0xfe66, 0xfeaa, 0xfeec, 0xfeaa, 0xfe86, 0xeda3, 0x82e1, 0x18a1, 0x0020, 0x1881, 0x20e3, 0x3163, 0x9c04, 0xee44, 0xa402, 0x51c1, 0x9c03, 0xfea4, 0xbc62, 0x4140, 0x7ae1, 0xe562, 0x8321, 0x51e0, 0xd523, 0xee04, 0x72c2, 0x18a1, 0x7b02, 0xf644, 0xbcc3, 0x49c1, 0x8b62, 0xee44, 0xbcc3, 0x2964, 0x3184, 0xc503, 0xee24, 0x8b62, 0x49e0, 0xc4c2, 0xfe44, 0x8b64, 0x3143, 0x7303, 0xf604, 0xdd63, 0x49c0, 0x72a1, 0xfe23, 0xdd64, 0x49c1, 0x18a1, 0x9382, 0xfe64, 0xb4a2, 0x5200, 0x8b82, 0xf644, 0xcd24, 0x49e3, 0x2901, 0x72e1, 0x9bc0, 0x6241, 0x2986, 0x42ee, 0x5bb0, 0x538f, 0x536f, 0x536f, 0x536f,
		0x536f, 0x538f, 0x538f, 0x430f, 0x4289, 0x9bc3, 0xf603, 0xfe23, 0xfde2, 0xfe02, 0xfe63, 0xfe43, 0xbc22, 0x3100, 0x0022, 0x0883, 0x6b6b, 0xc635, 0xd673, 0xee4a, 0xf624, 0x9bc2, 0x49e1, 0xa443, 0xfe64, 0x9383, 0x1060, 0x28c0, 0x59c0, 0x3100, 0x51e1, 0xdd64, 0xee24, 0x6ac3, 0x0883, 0x72e3, 0xf644, 0xbcc3, 0x49e1, 0x8b62, 0xee24, 0xbcc3, 0x2964, 0x3184, 0xc503, 0xee24, 0x8b62, 0x49e1, 0xbca2, 0xfe44, 0xe60d, 0xc634, 0xde2d, 0xfe45, 0xd522, 0x49c1, 0x72a1, 0xfe44, 0xdd84, 0x41e3, 0x08a4, 0x8b63, 0xfe64, 0xbcc3, 0x51e1, 0x8321, 0xf623, 0xfe88, 0xc5ae, 0x632b, 0x2145, 0x1082, 0x0862, 0x29a7, 0x4b2e, 0x5bb0, 0x538f, 0x536f, 0x536f, 0x536f,
		0x536f, 0x538f, 0x538f, 0x430f, 0x4289, 0x9be3, 0xf624, 0xed83, 0xcc21, 0xbbe0, 0xc441, 0xb3c0, 0x59c0, 0x0021, 0x18e4, 0x7348, 0xde2c, 0xff6f, 0xff4d, 0xfec8, 0xfe24, 0x9ba2, 0x49c1, 0xa443, 0xf644, 0x9ba3, 0x1904, 0x10e5, 0x1105, 0x08a4, 0x5202, 0xdd83, 0xee24, 0x7303, 0x10c4, 0x7b23, 0xf644, 0xbcc3, 0x49e1, 0x8b62, 0xee24, 0xbcc3, 0x2964, 0x3184, 0xc503, 0xee24, 0x8b62, 0x49e1, 0xbca2, 0xfe64, 0xfeca, 0xff6f, 0xfeea, 0xfe03, 0xd4a1, 0x4980, 0x72c2, 0xfe44, 0xdd84, 0x4a24, 0x1925, 0x93a4, 0xfe44, 0xc503, 0x4181, 0x4161, 0xc4a2, 0xfea5, 0xff09, 0xeef0, 0xbdf1, 0x5ae9, 0x0882, 0x29c8, 0x534e, 0x538f, 0x536f, 0x536f, 0x536f, 0x536f,
		0x536f, 0x538f, 0x538f, 0x430f, 0x4269, 0x9c03, 0xf644, 0xbca3, 0x49a2, 0x20c2, 0x2903, 0x20e2, 0x10c3, 0x1106, 0x5ae9, 0xd5ec, 0xfe87, 0xed61, 0xe522, 0xf5e3, 0xf624, 0x9bc3, 0x49e1, 0xa443, 0xf644, 0x9ba2, 0x2986, 0x3ace, 0x53b0, 0x328c, 0x62c6, 0xdd43, 0xee04, 0x6ae3, 0x10c4, 0x7b24, 0xf644, 0xbcc3, 0x49e1, 0x8b62, 0xee24, 0xbcc3, 0x2964, 0x3184, 0xc503, 0xee24, 0x8b62, 0x49e1, 0xbcc3, 0xfe64, 0xe543, 0xc481, 0xc441, 0xc421, 0x9b20, 0x3100, 0x72c2, 0xfe44, 0xdd84, 0x4a24, 0x1926, 0x93a4, 0xfe64, 0xcd64, 0x41a2, 0x0001, 0x49c0, 0xb481, 0xf5e2, 0xfec6, 0xff0b, 0xacab, 0x3185, 0x29c8, 0x4b2e, 0x5bb0, 0x538f, 0x536f, 0x536f, 0x536f,
		0x536f, 0x538f, 0x538f, 0x430f, 0x4269, 0x9c03, 0xf623, 0xb483, 0x4268, 0x2a4d, 0x3aee, 0x42ee, 0x3aee, 0x3a8c, 0x6b26, 0xddc5, 0xedc3, 0x7260, 0x3920, 0x9be2, 0xee44, 0xa403, 0x51c1, 0xa443, 0xf644, 0x9ba3, 0x29a6, 0x430e, 0x5bf2, 0x3ace, 0x62e6, 0xdd43, 0xee04, 0x62a2, 0x0842, 0x72c2, 0xf644, 0xbce3, 0x49e1, 0x8b62, 0xee44, 0xbcc3, 0x2902, 0x2902, 0xbcc3, 0xee24, 0x8b62, 0x49e1, 0xc4e3, 0xfe44, 0x8b21, 0x1860, 0x1040, 0x1060, 0x1040, 0x0840, 0x8322, 0xfe64, 0xd564, 0x39a2, 0x0863, 0x8b63, 0xfe64, 0xcd23, 0x49c2, 0x0842, 0x10a3, 0x2922, 0x6a60, 0xbc40, 0xf624, 0xee6a, 0x8c0a, 0x29c7, 0x42cd, 0x5bb0, 0x538f, 0x536f, 0x536f, 0x536f,
		0x536f, 0x538f, 0x538f, 0x430f, 0x4269, 0x9c03, 0xf623, 0xbca3, 0x52e9, 0x432f, 0x5bd0, 0x5bd0, 0x5390, 0x42cd, 0x6ae5, 0xdd62, 0xede4, 0x8387, 0x5289, 0xb486, 0xf644, 0x9be2, 0x49c1, 0xa443, 0xf644, 0x9ba3, 0x29a6, 0x42ee, 0x5bd1, 0x3aad, 0x62e6, 0xd522, 0xf624, 0xa468, 0x630a, 0xac67, 0xfe64, 0xb4a2, 0x49c1, 0x8b42, 0xee24, 0xdd86, 0x7b69, 0x7b89, 0xdd85, 0xede3, 0x8b42, 0x49e1, 0xc4e3, 0xfe64, 0x9c06, 0x4208, 0x3a08, 0x3a08, 0x1925, 0x10a3, 0x8322, 0xfe23, 0xe5c5, 0x83c8, 0x62ea, 0xbca7, 0xfe84, 0xbca2, 0x5202, 0x6b49, 0xbdb0, 0x946d, 0x39c6, 0x5a43, 0xd564, 0xfe64, 0xa3e4, 0x29a6, 0x3acd, 0x5bb0, 0x538f, 0x536f, 0x536f, 0x536f,
		0x536f, 0x538f, 0x538f, 0x430f, 0x4269, 0xa403, 0xf643, 0xbcc3, 0x52c9, 0x430f, 0x5390, 0x538f, 0x4b6f, 0x3acd, 0x6ae5, 0xd521, 0xfe65, 0xfef1, 0xff76, 0xfeec, 0xfe24, 0x9ba2, 0x49c1, 0xa443, 0xf644, 0x9ba3, 0x29a6, 0x42ee, 0x5bd1, 0x3aad, 0x62e6, 0xd4c1, 0xfe44, 0xfeef, 0xff76, 0xfeee, 0xfe64, 0xb462, 0x49e1, 0x8b41, 0xede3, 0xfea9, 0xff54, 0xff53, 0xfea8, 0xeda2, 0x8321, 0x51e1, 0xc4a2, 0xfe64, 0xfe8d, 0xf735, 0xff96, 0xef56, 0x8c4d, 0x2124, 0x7ae1, 0xfde2, 0xfe67, 0xff32, 0xff76, 0xfeac, 0xfe84, 0xb461, 0x5a01, 0x8ba4, 0xfea7, 0xfeab, 0xce11, 0xcdce, 0xf626, 0xf5e2, 0x9ba2, 0x31c6, 0x42ee, 0x5bb0, 0x538f, 0x536f, 0x536f, 0x536f,
		0x536f, 0x538f, 0x538f, 0x430f, 0x4289, 0x9be3, 0xf603, 0xbca3, 0x52c9, 0x430f, 0x5390, 0x538f, 0x4b6f, 0x3aad, 0x5a64, 0xcc81, 0xfe44, 0xfe88, 0xfe89, 0xfe66, 0xfe24, 0x9bc2, 0x49c1, 0xa422, 0xf623, 0x9ba2, 0x29a6, 0x42ee, 0x5bd1, 0x3aad, 0x5245, 0xc441, 0xfe44, 0xfe87, 0xfe89, 0xfe46, 0xfe64, 0xb483, 0x41a1, 0x7260, 0xed83, 0xfe85, 0xfe88, 0xfe67, 0xfe65, 0xede4, 0x8b42, 0x4160, 0xabe1, 0xfe44, 0xfe67, 0xfe89, 0xfec9, 0xfec9, 0x9c06, 0x20e3, 0x59e1, 0xe522, 0xfe65, 0xfe68, 0xfe88, 0xfe66, 0xfe03, 0x9b81, 0x4140, 0x82e0, 0xf5e2, 0xfe85, 0xfea9, 0xfea8, 0xfe85, 0xed82, 0x8b21, 0x29a6, 0x42ee, 0x5bb0, 0x538f, 0x536f, 0x536f, 0x536f,
		0x536f, 0x538f, 0x538f, 0x432f, 0x4269, 0x9b61, 0xf520, 0xbbe1, 0x52a8, 0x430f, 0x5390, 0x538f, 0x53b0, 0x42ed, 0x2124, 0x82a0, 0xf582, 0xfe02, 0xcc60, 0xabc1, 0xeda3, 0xa402, 0x49c1, 0xa381, 0xfd61, 0x9321, 0x2986, 0x430e, 0x5bf1, 0x430e, 0x2966, 0x6a40, 0xed62, 0xfe22, 0xfdc2, 0xfde3, 0xfe64, 0xc4c3, 0x3961, 0x20a0, 0x9b81, 0xfde3, 0xfde2, 0xbc00, 0xbc21, 0xf5a3, 0x9b82, 0x20a0, 0x51a0, 0xd4e2, 0xfe43, 0xfde2, 0xfe01, 0xfde1, 0x9382, 0x18e3, 0x1041, 0x7ac1, 0xfda2, 0xfe02, 0xfde2, 0xfe23, 0xc482, 0x4980, 0x0820, 0x3940, 0xbc42, 0xfe03, 0xfe02, 0xfe02, 0xfde3, 0xabc1, 0x30e0, 0x2166, 0x4b0e, 0x5bb0, 0x538f, 0x536f, 0x536f, 0x536f,
		0x536f, 0x538f, 0x53af, 0x434f, 0x3a48, 0x7a60, 0xc380, 0x8aa0, 0x4a68, 0x432f, 0x53b0, 0x536f, 0x5baf, 0x536f, 0x19a8, 0x3121, 0xa320, 0xc400, 0x7240, 0x4980, 0xab80, 0x82a0, 0x3900, 0x8280, 0xc3c0, 0x7220, 0x2986, 0x430e, 0x5bd0, 0x53b0, 0x220a, 0x2902, 0x92e0, 0xc400, 0xc401, 0xdd02, 0xfe44, 0xcd24, 0x41c3, 0x0022, 0x4960, 0xb3c0, 0xbbe0, 0x5180, 0x4980, 0xb3a0, 0x7a60, 0x1082, 0x1061, 0x82a0, 0xcc20, 0xc3e0, 0xc400, 0xbbe0, 0x6a41, 0x2986, 0x08c6, 0x4161, 0xb380, 0xc400, 0xc400, 0xc400, 0x7a60, 0x20c2, 0x0084, 0x10a3, 0x61e0, 0xbbc0, 0xcc20, 0xcc20, 0xbba0, 0x59c0, 0x0062, 0x29c8, 0x534e, 0x538f, 0x538f, 0x536f, 0x536f, 0x536f,
		0x536f, 0x536f, 0x538f, 0x538f, 0x3a6a, 0x2123, 0x2902, 0x2123, 0x3a4a, 0x536f, 0x5390, 0x536f, 0x538f, 0x5bb0, 0x4b0d, 0x2166, 0x18a1, 0x20c1, 0x1081, 0x1081, 0x20c1, 0x18a1, 0x1081, 0x18c2, 0x20c1, 0x18c2, 0x29a7, 0x4b2e, 0x5bb0, 0x5bd0, 0x4b2d, 0x2186, 0x18a2, 0x1881, 0x1880, 0x8b42, 0xfe44, 0xcd43, 0x5265, 0x1968, 0x1925, 0x2922, 0x2922, 0x18c2, 0x18c3, 0x2902, 0x2123, 0x29a7, 0x2145, 0x18c2, 0x20c1, 0x20c1, 0x20c1, 0x20a1, 0x18a2, 0x3209, 0x3a6b, 0x2145, 0x18a1, 0x20c1, 0x20c1, 0x20c1, 0x18a1, 0x2125, 0x322a, 0x3209, 0x18c2, 0x20a1, 0x20c1, 0x20c1, 0x18a1, 0x10a2, 0x2186, 0x42cc, 0x536f, 0x538f, 0x536f, 0x536f, 0x536f, 0x536f,
		0x536f, 0x536f, 0x536f, 0x538f, 0x536e, 0x430e, 0x42ee, 0x430e, 0x534e, 0x538f, 0x538f, 0x536f, 0x536f, 0x538f, 0x538f, 0x4b2e, 0x3aac, 0x328c, 0x3aac, 0x42ac, 0x3a8c, 0x3aac, 0x42cc, 0x3aac, 0x3a8c, 0x3aac, 0x4b0d, 0x536f, 0x538f, 0x538f, 0x536f, 0x4b2d, 0x3acd, 0x2a4c, 0x1105, 0x7b02, 0xfe23, 0xcd23, 0x5285, 0x3aad, 0x432f, 0x430e, 0x42ee, 0x4b2e, 0x4b2e, 0x42ee, 0x4b0e, 0x534e, 0x4b2d, 0x3aac, 0x3a8c, 0x3a8c, 0x3a8c, 0x3a8c, 0x3aac, 0x4b2e, 0x536e, 0x430d, 0x3a8c, 0x3a8c, 0x3a8c, 0x3a8c, 0x3aac, 0x42ed, 0x534e, 0x534e, 0x42cc, 0x3a8c, 0x3a8c, 0x3a8c, 0x3a8c, 0x42cc, 0x4b2d, 0x536f, 0x538f, 0x536f, 0x536f, 0x536f, 0x536f, 0x536f,
		0x536f, 0x536f, 0x536f, 0x536f, 0x538f, 0x5baf, 0x5bb0, 0x5bb0, 0x538f, 0x536f, 0x536f, 0x536f, 0x536f, 0x536f, 0x538f, 0x5baf, 0x5bb0, 0x5bb0, 0x5bb0, 0x5bb0, 0x5bb0, 0x5bb0, 0x5bb0, 0x5bb0, 0x5bb0, 0x5bb0, 0x53af, 0x538f, 0x536f, 0x536f, 0x536f, 0x5baf, 0x5bf1, 0x53b0, 0x324a, 0x8b63, 0xf5e2, 0xcce2, 0x5285, 0x3acd, 0x53b0, 0x5bb0, 0x5bb0, 0x5bb0, 0x5bb0, 0x5bb0, 0x5baf, 0x538f, 0x5bb0, 0x5bb0, 0x5bb0, 0x5bb0, 0x5bb0, 0x5bb0, 0x5bb0, 0x538f, 0x538f, 0x5bb0, 0x5bb0, 0x5bb0, 0x5bb0, 0x5bb0, 0x5bb0, 0x5bb0, 0x538f, 0x538f, 0x5bb0, 0x5bb0, 0x5bb0, 0x5bb0, 0x5bb0, 0x5bb0, 0x5b8f, 0x538f, 0x536f, 0x536f, 0x536f, 0x536f, 0x536f, 0x536f,
		0x536f, 0x536f, 0x536f, 0x536f, 0x538f, 0x538f, 0x538f, 0x5b8f, 0x538f, 0x5b8f, 0x538f, 0x538f, 0x538f, 0x536f, 0x536f, 0x536f, 0x536f, 0x536f, 0x536f, 0x536f, 0x536f, 0x536f, 0x536f, 0x536f, 0x536f, 0x536f, 0x536f, 0x536f, 0x536f, 0x536f, 0x536f, 0x536f, 0x538f, 0x4b70, 0x3a8b, 0x8b64, 0xfd40, 0xcc40, 0x5244, 0x3acd, 0x5370, 0x538f, 0x536f, 0x536f, 0x536f, 0x536f, 0x538f, 0x5baf, 0x5bb0, 0x5bb0, 0x5bb0, 0x5bb0, 0x5bb0, 0x5baf, 0x538f, 0x536f, 0x536f, 0x536f, 0x538f, 0x5baf, 0x5bb0, 0x5bb0, 0x53af, 0x538f, 0x536f, 0x536f, 0x536f, 0x536f, 0x536f, 0x536f, 0x536f, 0x536f, 0x536f, 0x536f, 0x536f, 0x536f, 0x536f, 0x536f, 0x536f, 0x536f,
		0x536f, 0x536f, 0x536f, 0x538f, 0x534e, 0x430d, 0x42cc, 0x42ed, 0x4b2e, 0x430d, 0x42cc, 0x430d, 0x536f, 0x538f, 0x536f, 0x536f, 0x536f, 0x536f, 0x536f, 0x536f, 0x536f, 0x536f, 0x536f, 0x536f, 0x536f, 0x536f, 0x536f, 0x536f, 0x536f, 0x536f, 0x536f, 0x536f, 0x538f, 0x5370, 0x3a6b, 0x7282, 0xc3c0, 0xa320, 0x49e4, 0x3acd, 0x5390, 0x538f, 0x536f, 0x536f, 0x538f, 0x538f, 0x4b4e, 0x42cc, 0x3a8b, 0x42ac, 0x42ed, 0x42cc, 0x3a8b, 0x42ac, 0x4b4e, 0x538f, 0x538f, 0x538f, 0x536e, 0x430d, 0x3a8c, 0x3a8c, 0x42ed, 0x536f, 0x538f, 0x536f, 0x536f, 0x536f, 0x536f, 0x536f, 0x536f, 0x536f, 0x536f, 0x536f, 0x536f, 0x536f, 0x536f, 0x536f, 0x536f, 0x536f,
		0x536f, 0x536f, 0x538f, 0x536f, 0x3a6a, 0x2986, 0x31c6, 0x2985, 0x1904, 0x2965, 0x31c6, 0x31c6, 0x3a6a, 0x536f, 0x538f, 0x536f, 0x536f, 0x536f, 0x536f, 0x536f, 0x536f, 0x536f, 0x536f, 0x536f, 0x536f, 0x536f, 0x536f, 0x536f, 0x536f, 0x536f, 0x536f, 0x536f, 0x538f, 0x538f, 0x42ac, 0x2985, 0x3142, 0x2943, 0x29a6, 0x4b0d, 0x538f, 0x538f, 0x536f, 0x536f, 0x5bb0, 0x536f, 0x3a6a, 0x2965, 0x2965, 0x2144, 0x18c3, 0x2124, 0x2985, 0x2965, 0x3229, 0x4b4e, 0x5bb0, 0x5bb0, 0x42ed, 0x2986, 0x2965, 0x2965, 0x29a6, 0x42cc, 0x5bb0, 0x538f, 0x536f, 0x536f, 0x536f, 0x536f, 0x536f, 0x536f, 0x536f, 0x536f, 0x536f, 0x536f, 0x536f, 0x536f, 0x536f, 0x536f,
		0x536f, 0x538f, 0x538f, 0x430e, 0x42aa, 0x8c4e, 0xce55, 0x946e, 0x3184, 0x7bec, 0xd695, 0x948e, 0x31e8, 0x42ed, 0x538f, 0x538f, 0x536f, 0x536f, 0x536f, 0x536f, 0x536f, 0x536f, 0x536f, 0x536f, 0x536f, 0x536f, 0x536f, 0x536f, 0x536f, 0x536f, 0x536f, 0x536f, 0x536f, 0x536f, 0x536f, 0x4b2e, 0x42ee, 0x430e, 0x4b4e, 0x536f, 0x536f, 0x536f, 0x536f, 0x536f, 0x5bb0, 0x4b2e, 0x3a4a, 0x8c4e, 0xce55, 0x8c4e, 0x39c5, 0x7bac, 0xce55, 0x9ccf, 0x3a28, 0x3aac, 0x5bb0, 0x536f, 0x42ac, 0x5b0a, 0xc5f2, 0xce33, 0x630a, 0x3209, 0x536f, 0x538f, 0x536f, 0x536f, 0x536f, 0x536f, 0x536f, 0x536f, 0x536f, 0x536f, 0x536f, 0x536f, 0x536f, 0x536f, 0x536f, 0x536f,
		0x536f, 0x538f, 0x5bd0, 0x42ee, 0x42aa, 0xad0e, 0xff75, 0xb54e, 0x4a05, 0xa4ee, 0xfff7, 0xbd8f, 0x39e7, 0x42cd, 0x53b0, 0x5bb0, 0x53af, 0x53af, 0x53af, 0x538f, 0x538f, 0x538f, 0x53af, 0x53af, 0x53af, 0x53af, 0x53af, 0x538f, 0x538f, 0x536f, 0x538f, 0x538f, 0x53af, 0x53af, 0x5bb0, 0x5bd0, 0x5bb0, 0x5bb0, 0x5bb0, 0x5bb0, 0x53af, 0x53af, 0x53af, 0x5bb0, 0x5bb0, 0x432e, 0x428a, 0xb54f, 0xfff6, 0xb570, 0x5246, 0x946c, 0xff95, 0xc5af, 0x4227, 0x3a8c, 0x5bd0, 0x538f, 0x42ac, 0x6b8b, 0xf713, 0xff73, 0x736a, 0x2a09, 0x4b6f, 0x5bb0, 0x53af, 0x53af, 0x53af, 0x53af, 0x538f, 0x536f, 0x536f, 0x538f, 0x53af, 0x53af, 0x53af, 0x53af, 0x538f, 0x538f,
		0x538f, 0x536e, 0x4b4f, 0x21ca, 0x2123, 0x9be3, 0xf666, 0xac64, 0x4181, 0x93c4, 0xee66, 0xa424, 0x31c6, 0x3aad, 0x4b4e, 0x4b2e, 0x4b0d, 0x430d, 0x4b2e, 0x534e, 0x536f, 0x534e, 0x4b0d, 0x4b0e, 0x4b2e, 0x4b0e, 0x430d, 0x4b2e, 0x536f, 0x538f, 0x536f, 0x4b2e, 0x4b0d, 0x430d, 0x430d, 0x4b0d, 0x4b4e, 0x536f, 0x4b4e, 0x4b0d, 0x4b0e, 0x4b2e, 0x4b2e, 0x4b0e, 0x4b4f, 0x430e, 0x4269, 0x9c04, 0xee05, 0xa424, 0x49c1, 0x93c3, 0xf666, 0xb483, 0x2943, 0x21ca, 0x4b4f, 0x4b4f, 0x42cc, 0x6b06, 0xeda4, 0xf5e4, 0x6ae4, 0x322a, 0x4b4f, 0x4b4e, 0x4b0d, 0x430d, 0x430d, 0x4b2e, 0x534e, 0x538f, 0x536f, 0x4b4e, 0x4b0d, 0x430d, 0x430d, 0x4b0d, 0x4b4e, 0x538f,
		0x536f, 0x29e8, 0x1925, 0x10c3, 0x28e1, 0x9bc1, 0xf643, 0xb482, 0x3120, 0x20e0, 0x51c0, 0x3981, 0x2165, 0x29c8, 0x2166, 0x2124, 0x2125, 0x2125, 0x2125, 0x29c7, 0x42ac, 0x29c7, 0x1924, 0x1904, 0x10e4, 0x1904, 0x1924, 0x1925, 0x3a6b, 0x5bb0, 0x42cc, 0x2166, 0x1924, 0x2145, 0x2125, 0x1924, 0x29e8, 0x3a8b, 0x31e8, 0x2125, 0x1924, 0x1904, 0x1924, 0x2124, 0x2186, 0x322a, 0x3a29, 0x3962, 0x49a0, 0x3100, 0x3100, 0x9c02, 0xfe63, 0xb462, 0x2921, 0x10c3, 0x1924, 0x21a9, 0x326b, 0x6b05, 0xed82, 0xf5a1, 0x72c3, 0x2a0a, 0x326b, 0x2165, 0x1924, 0x2145, 0x2144, 0x1904, 0x3208, 0x536f, 0x4b0d, 0x2166, 0x1924, 0x2145, 0x2145, 0x1904, 0x2986, 0x4b0d,
		0x2a0a, 0x4248, 0x946e, 0xb5b4, 0xacee, 0xc506, 0xf603, 0xac21, 0x3982, 0x5aec, 0x9d12, 0x73ad, 0x18e4, 0x10e4, 0x7bcc, 0xb592, 0xb5b2, 0xbdb3, 0x94af, 0x39e7, 0x1925, 0x5289, 0x9cf0, 0xa511, 0x8c4d, 0xa510, 0xad51, 0x6b0a, 0x2986, 0x29c9, 0x29c8, 0x5ae9, 0xad71, 0xb5b2, 0xb5b2, 0xa510, 0x4a68, 0x10e5, 0x52aa, 0xad51, 0xad10, 0x630a, 0x842d, 0xbdb3, 0x83ec, 0x1925, 0x2187, 0x6b4c, 0x9491, 0x5b0d, 0x3983, 0x93a1, 0xf643, 0xd545, 0xa4ee, 0xad93, 0x948f, 0x3a08, 0x1105, 0x62c4, 0xedc3, 0xf5c3, 0x72e4, 0x1106, 0x2167, 0x6b2b, 0xad72, 0xbdb2, 0xb5b2, 0x8c2d, 0x3a07, 0x1987, 0x21a7, 0x5288, 0xa4f0, 0xbdb3, 0xbdb2, 0xa4f0, 0x5aea, 0x1946,
		0x18e4, 0x7bcb, 0xe6d4, 0xffb7, 0xff53, 0xfe8a, 0xf603, 0xa3e1, 0x41c3, 0x9cef, 0xffd8, 0xb54f, 0x18e3, 0x39e6, 0xce11, 0xffd6, 0xffd6, 0xffb6, 0xeef4, 0x7bab, 0x18e3, 0x62e8, 0xdeb3, 0xfff6, 0xff74, 0xffb5, 0xff95, 0xbd90, 0x4206, 0x0841, 0x31a5, 0xad0f, 0xffb5, 0xffd5, 0xffd5, 0xff75, 0x8c0c, 0x18e3, 0x5ac8, 0xff54, 0xff95, 0xbd6f, 0xd672, 0xffb7, 0xce11, 0x39c6, 0x18e3, 0xacee, 0xffb8, 0xad51, 0x4a04, 0x8b40, 0xf623, 0xfe68, 0xff52, 0xffb7, 0xef14, 0x7bcb, 0x18c3, 0x5201, 0xe5a3, 0xfe03, 0x6aa3, 0x0863, 0x4207, 0xbd90, 0xff96, 0xffd6, 0xffb6, 0xe6b3, 0x734a, 0x10a2, 0x2944, 0x9cce, 0xf755, 0xffd6, 0xffd6, 0xff75, 0xa4ce, 0x2124,
		0x5ac9, 0xcdee, 0xfeca, 0xfe45, 0xfe46, 0xfe66, 0xfe24, 0xa402, 0x41a1, 0x9c04, 0xfec7, 0xa404, 0x41e5, 0xb54f, 0xfeac, 0xfe66, 0xfe66, 0xfe45, 0xfea9, 0xd64f, 0x52a9, 0x5a42, 0xcd44, 0xfec7, 0xfe67, 0xfe46, 0xfe67, 0xf6cd, 0x946c, 0x31a6, 0x7bcb, 0xf6ee, 0xfe67, 0xfe45, 0xfe45, 0xfea8, 0xe64e, 0x6b2a, 0x5222, 0xe585, 0xfe88, 0xfeac, 0xfe69, 0xfe66, 0xfecc, 0xacee, 0x3163, 0x9bc3, 0xfea7, 0xac85, 0x49c1, 0x8b62, 0xfe24, 0xfe65, 0xfe46, 0xfe45, 0xfeca, 0xce0f, 0x5ac9, 0x49e1, 0xdd83, 0xf5e4, 0x5a42, 0x2986, 0xa4ce, 0xfeed, 0xfe66, 0xfe45, 0xfe45, 0xfeeb, 0xbd8d, 0x5aca, 0x738b, 0xe68e, 0xfea8, 0xfe45, 0xfe45, 0xfea8, 0xde2d, 0x840d,
		0x6ac5, 0xdda6, 0xfe64, 0xf5a2, 0xeda3, 0xfe04, 0xfe24, 0xa403, 0x4180, 0x9bc1, 0xf643, 0xa3c1, 0x49e2, 0xcd07, 0xfe65, 0xf5c2, 0xe542, 0xed82, 0xfea4, 0xee27, 0x6284, 0x5a21, 0xcd02, 0xfe43, 0xf5c3, 0xed82, 0xfe03, 0xfe86, 0xa426, 0x41a3, 0x8bc5, 0xfea7, 0xfde3, 0xed62, 0xed82, 0xfe23, 0xee07, 0x7b45, 0x5201, 0xe542, 0xfe23, 0xfe45, 0xfde4, 0xfde2, 0xfe65, 0xbcc7, 0x3962, 0x9381, 0xfe43, 0xac42, 0x49c1, 0x8b83, 0xfe44, 0xfe24, 0xf5a3, 0xf5a2, 0xfe64, 0xddc7, 0x6ac4, 0x49e1, 0xdd83, 0xf5e4, 0x5a43, 0x3185, 0xb4c7, 0xfe86, 0xf5c2, 0xe542, 0xed62, 0xfe65, 0xcd46, 0x6ac5, 0x8385, 0xee26, 0xfe23, 0xe541, 0xed82, 0xfe84, 0xee26, 0x9c26,
		0x6261, 0xdd83, 0xf604, 0x8302, 0x51e1, 0xb483, 0xf644, 0xac43, 0x4181, 0x9be2, 0xf684, 0xa3e2, 0x49c0, 0xc4a2, 0xfe64, 0xa403, 0x3141, 0x6241, 0xd543, 0xcd02, 0x51e0, 0x5a21, 0xd584, 0xee24, 0x8322, 0x5201, 0xbc83, 0xf644, 0xa402, 0x3960, 0x8b81, 0xfe64, 0xc4a3, 0x49c1, 0x6261, 0xdd83, 0xf5e3, 0x72c1, 0x5221, 0xe584, 0xfe44, 0xc462, 0x7281, 0xac23, 0xfe64, 0xb442, 0x3140, 0x93a2, 0xfe64, 0xa463, 0x49c1, 0x8ba3, 0xf665, 0xcce3, 0x6241, 0x8302, 0xe5e4, 0xdda3, 0x6261, 0x49e1, 0xe583, 0xf5e4, 0x5a63, 0x2943, 0xac63, 0xfe64, 0xac23, 0x49a1, 0x7b02, 0xede3, 0xcd22, 0x6260, 0x8321, 0xee23, 0xdd44, 0x5a22, 0x51e1, 0xbca2, 0xcd42, 0x8301,
		0x6282, 0xddc4, 0xede4, 0x51e2, 0x1062, 0x93c3, 0xf664, 0xac43, 0x4181, 0x9bc2, 0xf684, 0xa3e2, 0x49c1, 0xccc3, 0xfe64, 0xcda9, 0x6b6b, 0x2965, 0x20e1, 0x20e0, 0x1080, 0x6262, 0xe5e4, 0xe5e4, 0x5202, 0x1082, 0x9be3, 0xf664, 0xa423, 0x3961, 0x8ba2, 0xfe84, 0xac23, 0x10a2, 0x3182, 0xcd64, 0xf624, 0x72e2, 0x5a21, 0xeda4, 0xfe04, 0x6a61, 0x0840, 0x8342, 0xfe84, 0xbc83, 0x3140, 0x93a2, 0xfe64, 0xac63, 0x49c1, 0x93c3, 0xf664, 0xac63, 0x18a2, 0x49c2, 0xdda4, 0xdde4, 0x6282, 0x49e1, 0xe583, 0xf604, 0x5a63, 0x2943, 0xac63, 0xfe64, 0xcd48, 0x8c2e, 0xaccb, 0xf625, 0xcd02, 0x6261, 0x8341, 0xf624, 0xee27, 0x944b, 0x31c7, 0x18a1, 0x2900, 0x20c1,
		0x6282, 0xddc4, 0xede4, 0x5243, 0x18e4, 0x9c03, 0xf664, 0xac43, 0x4181, 0x9bc2, 0xfe84, 0xa3e3, 0x3120, 0x8b21, 0xf5c3, 0xfee8, 0xf6ce, 0xbd90, 0x6b6c, 0x10e5, 0x0043, 0x6282, 0xe5e4, 0xe5e4, 0x5a63, 0x18e4, 0xa403, 0xf664, 0xa423, 0x3961, 0x8ba2, 0xfe64, 0xb463, 0x2144, 0x4204, 0xd564, 0xf604, 0x7ac2, 0x5a21, 0xedc4, 0xf5e4, 0x5223, 0x10a2, 0x93a3, 0xfe84, 0xbc83, 0x3140, 0x93a2, 0xfe64, 0xa463, 0x49c1, 0x93c3, 0xf664, 0xb463, 0x2124, 0x5224, 0xdda4, 0xddc4, 0x6282, 0x49e1, 0xe583, 0xf604, 0x5a63, 0x2963, 0xac22, 0xfe44, 0xfecb, 0xff73, 0xff0e, 0xfea5, 0xcd02, 0x5a21, 0x5201, 0xd502, 0xfea6, 0xfeec, 0xcdf0, 0x73cd, 0x39e7, 0x1106,
		0x6282, 0xdda4, 0xede4, 0x5243, 0x1904, 0x9c04, 0xf664, 0xac43, 0x4181, 0x9be2, 0xfe84, 0xac43, 0x1081, 0x18a0, 0xb401, 0xfe02, 0xfe84, 0xff6c, 0xe6d0, 0x630a, 0x10a3, 0x5a41, 0xe5e4, 0xe5e4, 0x5a63, 0x20e4, 0xa403, 0xf664, 0xa423, 0x3961, 0x8ba2, 0xfe64, 0xb463, 0x2944, 0x4a24, 0xd564, 0xf604, 0x72c2, 0x5a21, 0xeda4, 0xf5e4, 0x5a83, 0x1904, 0x93c4, 0xfe84, 0xbc83, 0x3140, 0x93a2, 0xfe64, 0xa463, 0x49c1, 0x93c2, 0xf664, 0xb463, 0x2124, 0x5224, 0xddc4, 0xddc4, 0x6261, 0x49e1, 0xe583, 0xf604, 0x5a63, 0x2963, 0xac43, 0xfe44, 0xfe45, 0xfe25, 0xfe04, 0xfe44, 0xd523, 0x51e2, 0x1041, 0x7ac1, 0xed82, 0xfe63, 0xff29, 0xff30, 0x946e, 0x1925,
		0x6282, 0xdda4, 0xedc3, 0x5203, 0x10c3, 0x9be3, 0xf664, 0xac43, 0x4181, 0x9bc2, 0xfe84, 0xb443, 0x18a1, 0x0000, 0x28e0, 0x6241, 0xbc41, 0xf5e2, 0xfea8, 0xbdae, 0x4227, 0x5a41, 0xdda3, 0xe604, 0x5a23, 0x18a3, 0x9be3, 0xf664, 0xa423, 0x3961, 0x8ba2, 0xfe64, 0xac43, 0x1903, 0x41e3, 0xd564, 0xf604, 0x72c2, 0x5a21, 0xeda4, 0xfde4, 0x5a83, 0x1904, 0x93c4, 0xfe84, 0xbc83, 0x3140, 0x9ba2, 0xfe64, 0xa463, 0x49c1, 0x93c3, 0xf664, 0xac63, 0x18e3, 0x49e3, 0xdda4, 0xddc4, 0x6282, 0x49e1, 0xe583, 0xf5e4, 0x5a43, 0x2943, 0xac84, 0xfe64, 0xc4a2, 0x6220, 0x4980, 0x51c0, 0x4180, 0x18a0, 0x0001, 0x1080, 0x49a1, 0xa3c1, 0xe581, 0xfe87, 0xcdcc, 0x6b4a,
		0x6282, 0xdda4, 0xede4, 0x6263, 0x2923, 0xa424, 0xf664, 0xac43, 0x4181, 0x9be2, 0xfe84, 0xa402, 0x3142, 0x6309, 0x7bec, 0x3a07, 0x20c1, 0x7ac1, 0xfe25, 0xee48, 0x5a84, 0x5a41, 0xd583, 0xee04, 0x6aa3, 0x2923, 0xac24, 0xf664, 0xa423, 0x3961, 0x8b82, 0xfe84, 0xb463, 0x2923, 0x4a03, 0xd564, 0xf604, 0x72c2, 0x5a21, 0xeda3, 0xfde4, 0x6283, 0x1904, 0x93c4, 0xfe84, 0xbc83, 0x3940, 0x9ba2, 0xfe64, 0xa463, 0x49c1, 0x93c3, 0xf664, 0xb484, 0x3143, 0x5a43, 0xddc4, 0xddc4, 0x6282, 0x49e1, 0xe584, 0xf604, 0x5222, 0x2101, 0xac83, 0xf684, 0xa3e3, 0x18c2, 0x0002, 0x0021, 0x0001, 0x0861, 0x4a67, 0x7bec, 0x5ac9, 0x2923, 0x6221, 0xd583, 0xee47, 0x9c27,
		0x6282, 0xd563, 0xfe66, 0xd5ee, 0xc5f1, 0xee2a, 0xf624, 0xa402, 0x4181, 0x9be2, 0xf684, 0xa3e2, 0x49c2, 0xc549, 0xff0b, 0xc5ac, 0x7bed, 0x9c6a, 0xfe25, 0xe5a3, 0x5a41, 0x5a21, 0xcd22, 0xfe86, 0xde0e, 0xcdf2, 0xee2a, 0xfe44, 0xa3e2, 0x3961, 0x8b62, 0xfe44, 0xee09, 0xc5d1, 0xcdcf, 0xf646, 0xedc3, 0x7ae2, 0x5a21, 0xeda3, 0xf5e4, 0x6283, 0x1904, 0x93c4, 0xfe84, 0xbc83, 0x3940, 0x9ba2, 0xfe65, 0xac63, 0x49c1, 0x8b82, 0xfe44, 0xee29, 0xc5d1, 0xd5ee, 0xfe66, 0xdd63, 0x6281, 0x49e1, 0xe583, 0xfec6, 0x83c7, 0x41e4, 0xa401, 0xfe64, 0xe60a, 0xbdb1, 0xb5d3, 0xbdd2, 0x6b6b, 0x2944, 0x8bc6, 0xf6eb, 0xee6c, 0x946d, 0x8c2b, 0xe5c6, 0xe5c3, 0x93a1,
		0x6221, 0xdd23, 0xfe85, 0xfecb, 0xff0d, 0xfea8, 0xfe04, 0xa402, 0x4181, 0x9be2, 0xf6a5, 0xa3e3, 0x49a0, 0xc482, 0xfe43, 0xfea8, 0xff0d, 0xfecb, 0xfe65, 0xe542, 0x59e0, 0x5a21, 0xcd03, 0xfea5, 0xfecb, 0xff0e, 0xfea8, 0xfe23, 0x9b81, 0x3920, 0x8301, 0xfe23, 0xfe88, 0xfeed, 0xfeec, 0xfe66, 0xe542, 0x7281, 0x5221, 0xedc4, 0xfde4, 0x6283, 0x1904, 0x93c4, 0xfe84, 0xbc83, 0x3940, 0x9ba2, 0xfe65, 0xac63, 0x49c1, 0x8b62, 0xfe24, 0xfea7, 0xff0d, 0xfeeb, 0xfe85, 0xd502, 0x5a00, 0x4980, 0xe543, 0xfee6, 0xa486, 0x5203, 0x9b81, 0xfe44, 0xfea8, 0xff0d, 0xff4e, 0xff6e, 0x9c69, 0x2963, 0x8342, 0xfe23, 0xfea6, 0xfecc, 0xfecc, 0xfe86, 0xe542, 0x8b01,
		0x20c0, 0xa3a2, 0xf5e4, 0xfe44, 0xfe03, 0xfe44, 0xfe24, 0xac22, 0x4180, 0x9b81, 0xfe03, 0x9ba2, 0x28c0, 0x7aa1, 0xed83, 0xfe64, 0xfe23, 0xfe64, 0xfe04, 0xa381, 0x28e0, 0x5a21, 0xd564, 0xfe85, 0xfe23, 0xfe23, 0xfe44, 0xdd03, 0x61e0, 0x1020, 0x51a0, 0xd4c2, 0xfe44, 0xfe23, 0xfe23, 0xfe23, 0xaba2, 0x30e0, 0x51c0, 0xed42, 0xf542, 0x5a43, 0x1904, 0x9383, 0xfdc2, 0xb402, 0x3120, 0x9341, 0xfdc3, 0xabe1, 0x49a1, 0x8b82, 0xfe64, 0xfe64, 0xfe03, 0xfe44, 0xf5e4, 0x9b61, 0x2080, 0x2080, 0xa3a1, 0xfe64, 0xb483, 0x3940, 0x59c0, 0xdd23, 0xfe64, 0xfe23, 0xfe23, 0xfe43, 0xa3c2, 0x18c1, 0x49a1, 0xccc2, 0xfe44, 0xfe43, 0xfe43, 0xfe24, 0xbc22, 0x3900,
		0x1106, 0x51e2, 0xcc41, 0xf561, 0xdca1, 0xdca1, 0xed22, 0x9b61, 0x3940, 0x92e0, 0xf520, 0x9b41, 0x1061, 0x1880, 0xabc1, 0xf541, 0xf541, 0xf582, 0xcc81, 0x4980, 0x0022, 0x6262, 0xdda4, 0xf624, 0xdce2, 0xe501, 0xf541, 0x9320, 0x18c1, 0x0023, 0x10a1, 0x7aa0, 0xed21, 0xf541, 0xf541, 0xdca1, 0x59e0, 0x0001, 0x51c1, 0xdc60, 0xdc60, 0x51e2, 0x18e3, 0x8b01, 0xf4e0, 0xa340, 0x30e0, 0x8ac0, 0xece0, 0xa340, 0x4140, 0x8b01, 0xed41, 0xd4a1, 0xd481, 0xf541, 0xcc40, 0x51e2, 0x0906, 0x1946, 0x51c1, 0xd480, 0xbc21, 0x28e1, 0x1061, 0x9300, 0xed41, 0xf541, 0xed01, 0xed01, 0x9b62, 0x1904, 0x10a3, 0x7261, 0xe4c1, 0xf541, 0xf541, 0xdca1, 0x7281, 0x0083,
		0x3acd, 0x2923, 0x3900, 0x5180, 0x3900, 0x3900, 0x4980, 0x3100, 0x1060, 0x3100, 0x51a0, 0x3941, 0x1904, 0x10e4, 0x3121, 0x4960, 0x5180, 0x5180, 0x4140, 0x1081, 0x08a4, 0x6ac4, 0xe5c4, 0xe5e4, 0x7ae2, 0x4140, 0x4960, 0x28c0, 0x18e4, 0x2a0a, 0x29c7, 0x2901, 0x4980, 0x51a0, 0x51a0, 0x4160, 0x2102, 0x10e4, 0x2923, 0x4980, 0x4980, 0x2902, 0x18e3, 0x3962, 0x51a0, 0x3920, 0x1060, 0x3100, 0x51c0, 0x3920, 0x1880, 0x3100, 0x5180, 0x3900, 0x3100, 0x4980, 0x4120, 0x2944, 0x42ed, 0x430e, 0x2965, 0x4140, 0x4140, 0x2104, 0x1905, 0x3101, 0x5180, 0x51a0, 0x4980, 0x4960, 0x3942, 0x31e8, 0x324b, 0x2922, 0x4960, 0x51a0, 0x5180, 0x4120, 0x3163, 0x3a6b,
		0x538f, 0x3209, 0x10e5, 0x08a4, 0x10c4, 0x10c4, 0x08c4, 0x10e5, 0x1905, 0x1105, 0x08c5, 0x1925, 0x29c8, 0x3229, 0x1946, 0x08c4, 0x08c4, 0x08c4, 0x10c4, 0x1106, 0x1947, 0x6ae4, 0xe5e4, 0xe5e4, 0x6261, 0x0001, 0x0084, 0x10e5, 0x29e8, 0x532e, 0x534e, 0x326b, 0x2a0a, 0x2a0a, 0x2a0a, 0x2a0a, 0x3a8b, 0x42cc, 0x3a6b, 0x2a0a, 0x2a0a, 0x3a6b, 0x42ab, 0x324b, 0x2a0a, 0x2a2a, 0x324a, 0x322a, 0x2a0a, 0x322a, 0x324a, 0x322a, 0x2a0a, 0x2a0a, 0x2a0a, 0x2a0a, 0x2a0a, 0x3aac, 0x538f, 0x5b8f, 0x42cc, 0x2a0a, 0x2a0a, 0x42ac, 0x42ec, 0x324a, 0x2a0a, 0x2a0a, 0x2a0a, 0x2a0a, 0x324a, 0x4b0d, 0x536e, 0x3a8b, 0x2a0a, 0x2a0a, 0x2a0a, 0x2a0a, 0x3a8b, 0x538f,
		0x538f, 0x534e, 0x42cc, 0x3a8b, 0x42ac, 0x42ac, 0x42ac, 0x42ac, 0x42cc, 0x42ed, 0x4b0d, 0x4b0d, 0x4b2d, 0x4b4e, 0x42ed, 0x42ab, 0x42ac, 0x42ac, 0x42ac, 0x3a8c, 0x322b, 0x7305, 0xe5c3, 0xe5e3, 0x6a82, 0x1105, 0x324b, 0x42ec, 0x4b2e, 0x538f, 0x53b0, 0x5bb0, 0x53b0, 0x53b0, 0x53b0, 0x5bb0, 0x5bb0, 0x5baf, 0x53b0, 0x53b0, 0x53b0, 0x5bb0, 0x5bb0, 0x53b0, 0x53b0, 0x5bb0, 0x5bb0, 0x5bb0, 0x53b0, 0x5bb0, 0x5bb0, 0x5bb0, 0x53b0, 0x5bb0, 0x5bb0, 0x53b0, 0x5bb0, 0x5bb0, 0x538f, 0x536f, 0x53af, 0x5bb0, 0x5bb0, 0x5bb0, 0x5baf, 0x53b0, 0x53b0, 0x53b0, 0x53b0, 0x53b0, 0x53b0, 0x538f, 0x538f, 0x5bb0, 0x5bb0, 0x53b0, 0x53b0, 0x5bb0, 0x53b0, 0x538f,
		0x536f, 0x538f, 0x538f, 0x538f, 0x538f, 0x538f, 0x538f, 0x538f, 0x538f, 0x5b8f, 0x5bb0, 0x5b8f, 0x538f, 0x538f, 0x538f, 0x538f, 0x538f, 0x538f, 0x5bb0, 0x5390, 0x3acd, 0x72e4, 0xdd01, 0xe521, 0x6aa3, 0x2a09, 0x4b6f, 0x5bb0, 0x538f, 0x538f, 0x536f, 0x538f, 0x538f, 0x538f, 0x538f, 0x538f, 0x538f, 0x538f, 0x538f, 0x538f, 0x538f, 0x538f, 0x538f, 0x538f, 0x538f, 0x538f, 0x538f, 0x538f, 0x538f, 0x538f, 0x538f, 0x538f, 0x538f, 0x538f, 0x538f, 0x538f, 0x538f, 0x538f, 0x536f, 0x536f, 0x538f, 0x538f, 0x538f, 0x538f, 0x538f, 0x538f, 0x538f, 0x538f, 0x538f, 0x538f, 0x538f, 0x538f, 0x536f, 0x538f, 0x538f, 0x538f, 0x538f, 0x538f, 0x538f, 0x536f,
		0x536f, 0x536f, 0x538f, 0x538f, 0x538f, 0x538f, 0x536f, 0x538f, 0x538f, 0x536f, 0x536f, 0x536f, 0x536f, 0x536f, 0x538f, 0x538f, 0x538f, 0x538f, 0x538f, 0x4b70, 0x3acd, 0x6a84, 0xd440, 0xdc40, 0x6a62, 0x326b, 0x5390, 0x5b8f, 0x536f, 0x536f, 0x536f, 0x536f, 0x536f, 0x536f, 0x536f, 0x536f, 0x536f, 0x536f, 0x536f, 0x536f, 0x536f, 0x536f, 0x536f, 0x536f, 0x536f, 0x536f, 0x536f, 0x536f, 0x536f, 0x536f, 0x536f, 0x536f, 0x536f, 0x536f, 0x536f, 0x536f, 0x536f, 0x536f, 0x536f, 0x536f, 0x536f, 0x536f, 0x536f, 0x536f, 0x536f, 0x536f, 0x536f, 0x536f, 0x536f, 0x536f, 0x536f, 0x536f, 0x536f, 0x536f, 0x536f, 0x536f, 0x536f, 0x536f, 0x536f, 0x536f,
		0x536f, 0x536f, 0x536f, 0x536f, 0x536f, 0x536f, 0x536f, 0x536f, 0x536f, 0x536f, 0x536f, 0x536f, 0x536f, 0x536f, 0x536f, 0x536f, 0x536f, 0x536f, 0x538f, 0x5390, 0x42ed, 0x3163, 0x4140, 0x4120, 0x2923, 0x3a8b, 0x5390, 0x538f, 0x536f, 0x536f, 0x536f, 0x536f, 0x536f, 0x536f, 0x536f, 0x536f, 0x536f, 0x536f, 0x536f, 0x536f, 0x536f, 0x536f, 0x536f, 0x536f, 0x536f, 0x536f, 0x536f, 0x536f, 0x536f, 0x536f, 0x536f, 0x536f, 0x536f, 0x536f, 0x536f, 0x536f, 0x536f, 0x536f, 0x536f, 0x536f, 0x536f, 0x536f, 0x536f, 0x536f, 0x536f, 0x536f, 0x536f, 0x536f, 0x536f, 0x536f, 0x536f, 0x536f, 0x536f, 0x536f, 0x536f, 0x536f, 0x536f, 0x536f, 0x536f, 0x536f
};
const uint16_t indicador[] = {
		0x65fc, 0x65dc, 0x6ddc, 0x6ddc, 0x6ddc, 0x6ddc, 0x6ddc, 0x6ddc, 0x6ddc, 0x6ddc, 0x6ddc, 0x6ddc, 0x6ddc, 0x6ddc, 0x6ddc, 0x6ddc, 0x6ddc, 0x6ddc, 0x6ddc, 0x6ddc, 0x6ddc, 0x6ddc, 0x6ddc, 0x6ddc, 0x6ddc, 0x6ddc, 0x6ddc, 0x6ddc, 0x6ddc, 0x6ddc, 0x6ddc, 0x6ddc, 0x6ddc, 0x6ddc, 0x6ddc, 0x6dfc, 0x6dfd, 0x4cf8,
		0x865d, 0x65dc, 0x65dc, 0x65dc, 0x65dc, 0x65dc, 0x65dc, 0x65dc, 0x65dc, 0x65dc, 0x65dc, 0x65dc, 0x65dc, 0x65dc, 0x65dc, 0x65dc, 0x65dc, 0x65dc, 0x65dc, 0x65dc, 0x65dc, 0x65dc, 0x65dc, 0x65dc, 0x65dc, 0x65dc, 0x65dc, 0x65dc, 0x65dc, 0x65dc, 0x65dc, 0x65dc, 0x65dc, 0x65dc, 0x65fc, 0x6e1d, 0x555a, 0x2331,
		0x8e7d, 0x763d, 0x5dbc, 0x5dbc, 0x5dbc, 0x5dbc, 0x5dbc, 0x5dbc, 0x5dbc, 0x5dbc, 0x5dbc, 0x5dbc, 0x5dbc, 0x5dbc, 0x5dbc, 0x5dbc, 0x5dbc, 0x5dbc, 0x5dbc, 0x5dbc, 0x5dbc, 0x5dbc, 0x5dbc, 0x5dbc, 0x5dbc, 0x5dbc, 0x5dbc, 0x5dbc, 0x5dbc, 0x5dbc, 0x5dbc, 0x5dbc, 0x5dbc, 0x5ddc, 0x5ddc, 0x559b, 0x2bb3, 0x1aef,
		0x8e7d, 0x865d, 0x4d9c, 0x353b, 0x355b, 0x355b, 0x355b, 0x355b, 0x355b, 0x355b, 0x355b, 0x355b, 0x355b, 0x355b, 0x355b, 0x355b, 0x355b, 0x355b, 0x355b, 0x355b, 0x355b, 0x355b, 0x355b, 0x355b, 0x355b, 0x355b, 0x355b, 0x355b, 0x355b, 0x355b, 0x355b, 0x355b, 0x355b, 0x355c, 0x357c, 0x2c98, 0x1b10, 0x2310,
		0x865d, 0x865d, 0x4d9c, 0x2d3b, 0x2d3b, 0x2d3b, 0x2d3b, 0x2d3b, 0x2d3b, 0x2d3b, 0x2d3b, 0x2d3b, 0x2d3b, 0x2d3b, 0x2d3b, 0x2d3b, 0x2d3b, 0x2d3b, 0x2d3b, 0x2d3b, 0x2d3b, 0x2d3b, 0x2d3b, 0x2d3b, 0x2d3b, 0x2d3b, 0x2d3b, 0x2d3b, 0x2d3b, 0x2d3b, 0x2d3b, 0x2d3b, 0x2d3b, 0x2d5c, 0x2d5c, 0x2498, 0x1b10, 0x1b10,
		0x865d, 0x7e5d, 0x459c, 0x253b, 0x2d3b, 0x2d3b, 0x2d3b, 0x2d3b, 0x2d3b, 0x2d3b, 0x2d3b, 0x2d3b, 0x2d3b, 0x2d3b, 0x2d3b, 0x2d3b, 0x2d3b, 0x2d3b, 0x2d3b, 0x2d3b, 0x2d3b, 0x2d3b, 0x2d3b, 0x2d3b, 0x2d3b, 0x2d3b, 0x2d3b, 0x2d3b, 0x2d3b, 0x2d3b, 0x2d3b, 0x2d3b, 0x2d3b, 0x2d5c, 0x2d5c, 0x2498, 0x1b10, 0x1b10,
		0x7e5d, 0x7e5d, 0x459c, 0x253b, 0x253b, 0x253b, 0x253b, 0x253b, 0x253b, 0x253b, 0x253b, 0x253b, 0x253b, 0x253b, 0x253b, 0x253b, 0x253b, 0x253b, 0x253b, 0x253b, 0x253b, 0x253b, 0x253b, 0x253b, 0x253b, 0x253b, 0x253b, 0x253b, 0x253b, 0x253b, 0x253b, 0x253b, 0x253b, 0x253c, 0x255c, 0x2498, 0x1310, 0x1310,
		0x7e5d, 0x7e5d, 0x3d9c, 0x1d1b, 0x1d3b, 0x1d3b, 0x1d3b, 0x1d3b, 0x1d3b, 0x1d3b, 0x1d3b, 0x1d3b, 0x1d3b, 0x1d3b, 0x1d3b, 0x1d3b, 0x1d3b, 0x1d3b, 0x1d3b, 0x1d3b, 0x1d3b, 0x1d3b, 0x1d3b, 0x1d3b, 0x1d3b, 0x1d3b, 0x1d3b, 0x1d3b, 0x1d3b, 0x1d3b, 0x1d3b, 0x1d3b, 0x1d3b, 0x1d3c, 0x255c, 0x1c98, 0x1310, 0x1310,
		0x7e5d, 0x765d, 0x3d9c, 0x151b, 0x1d3b, 0x1d3b, 0x1d3b, 0x1d3b, 0x1d3b, 0x1d3b, 0x1d3b, 0x1d3b, 0x1d3b, 0x1d3b, 0x1d3b, 0x1d3b, 0x1d3b, 0x1d3b, 0x1d3b, 0x1d3b, 0x1d3b, 0x1d3b, 0x1d3b, 0x1d3b, 0x1d3b, 0x1d3b, 0x1d3b, 0x1d3b, 0x1d3b, 0x1d3b, 0x1d3b, 0x1d3b, 0x1d3b, 0x1d3c, 0x1d5c, 0x1498, 0x1310, 0x1310,
		0x765d, 0x765d, 0x357c, 0x0d1b, 0x153b, 0x153b, 0x153b, 0x153b, 0x153b, 0x153b, 0x153b, 0x153b, 0x153b, 0x153b, 0x153b, 0x153b, 0x153b, 0x153b, 0x153b, 0x153b, 0x153b, 0x153b, 0x153b, 0x153b, 0x153b, 0x153b, 0x153b, 0x153b, 0x153b, 0x153b, 0x153b, 0x153b, 0x153b, 0x153c, 0x155c, 0x1478, 0x0b10, 0x0b10,
		0x765d, 0x765d, 0x2d7c, 0x0d1b, 0x0d1b, 0x0d1b, 0x0d1b, 0x0d1b, 0x0d1b, 0x0d1b, 0x0d1b, 0x0d1b, 0x0d1b, 0x0d1b, 0x0d1b, 0x0d1b, 0x0d1b, 0x0d1b, 0x0d1b, 0x0d1b, 0x0d1b, 0x0d1b, 0x0d1b, 0x0d1b, 0x0d1b, 0x0d1b, 0x0d1b, 0x0d1b, 0x0d1b, 0x0d1b, 0x0d1b, 0x0d1b, 0x0d1b, 0x0d3c, 0x0d3c, 0x0c78, 0x0b10, 0x0b10,
		0x6e5d, 0x6e3d, 0x2d7c, 0x051b, 0x0d1b, 0x0d1b, 0x0d1b, 0x0d1b, 0x0d1b, 0x0d1b, 0x0d1b, 0x0d1b, 0x0d1b, 0x0d1b, 0x0d1b, 0x0d1b, 0x0d1b, 0x0d1b, 0x0d1b, 0x0d1b, 0x0d1b, 0x0d1b, 0x0d1b, 0x0d1b, 0x0d1b, 0x0d1b, 0x0d1b, 0x0d1b, 0x0d1b, 0x0d1b, 0x0d1b, 0x0d1b, 0x0d1b, 0x0d3c, 0x0d3c, 0x0c78, 0x0310, 0x02f0,
		0x6e5d, 0x6e3d, 0x257c, 0x051b, 0x051b, 0x051b, 0x051b, 0x051b, 0x051b, 0x051b, 0x051b, 0x051b, 0x051b, 0x051b, 0x051b, 0x051b, 0x051b, 0x051b, 0x051b, 0x051b, 0x051b, 0x051b, 0x051b, 0x051b, 0x051b, 0x051b, 0x051b, 0x051b, 0x051b, 0x051b, 0x051b, 0x051b, 0x051b, 0x051c, 0x053c, 0x0478, 0x0310, 0x02f0,
		0x6e3d, 0x6e3d, 0x257c, 0x04fb, 0x051b, 0x051b, 0x051b, 0x051b, 0x051b, 0x051b, 0x051b, 0x051b, 0x051b, 0x051b, 0x051b, 0x051b, 0x051b, 0x051b, 0x051b, 0x051b, 0x051b, 0x051b, 0x051b, 0x051b, 0x051b, 0x051b, 0x051b, 0x051b, 0x051b, 0x051b, 0x051b, 0x051b, 0x051b, 0x051b, 0x053c, 0x0478, 0x0310, 0x02f0,
		0x6e3d, 0x6e3d, 0x257c, 0x04fb, 0x04fb, 0x04fb, 0x04fb, 0x04fb, 0x04fb, 0x04fb, 0x04fb, 0x04fb, 0x04fb, 0x04fb, 0x04fb, 0x04fb, 0x04fb, 0x04fb, 0x04fb, 0x04fb, 0x04fb, 0x04fb, 0x04fb, 0x04fb, 0x04fb, 0x04fb, 0x04fb, 0x04fb, 0x04fb, 0x04fb, 0x04fb, 0x04fb, 0x04fb, 0x051b, 0x051c, 0x0458, 0x0310, 0x02f0,
		0x6e3d, 0x6e3d, 0x255c, 0x04fb, 0x04fb, 0x04fb, 0x04fb, 0x04fb, 0x04fb, 0x04fb, 0x04fb, 0x04fb, 0x04fb, 0x04fb, 0x04fb, 0x04fb, 0x04fb, 0x04fb, 0x04fb, 0x04fb, 0x04fb, 0x04fb, 0x04fb, 0x04fb, 0x04fb, 0x04fb, 0x04fb, 0x04fb, 0x04fb, 0x04fb, 0x04fb, 0x04fb, 0x04fb, 0x051b, 0x051c, 0x0457, 0x02f0, 0x02f0,
		0x6e3d, 0x6e3d, 0x255b, 0x04db, 0x04fb, 0x04fb, 0x04fb, 0x04fb, 0x04fb, 0x04fb, 0x04fb, 0x04fb, 0x04fb, 0x04fb, 0x04fb, 0x04fb, 0x04fb, 0x04fb, 0x04fb, 0x04fb, 0x04fb, 0x04fb, 0x04fb, 0x04fb, 0x04fb, 0x04fb, 0x04fb, 0x04fb, 0x04fb, 0x04fb, 0x04fb, 0x04fb, 0x04fb, 0x04fb, 0x051b, 0x0457, 0x02f0, 0x02f0,
		0x6e3d, 0x6e3d, 0x255b, 0x04da, 0x04db, 0x04fb, 0x04fb, 0x04fb, 0x04fb, 0x04fb, 0x04fb, 0x04fb, 0x04fb, 0x04fb, 0x04fb, 0x04fb, 0x04fb, 0x04fb, 0x04fb, 0x04fb, 0x04fb, 0x04fb, 0x04fb, 0x04fb, 0x04fb, 0x04fb, 0x04fb, 0x04fb, 0x04fb, 0x04fb, 0x04fb, 0x04fb, 0x04fb, 0x04fb, 0x051b, 0x0457, 0x02f0, 0x02f0,
		0x6e3c, 0x6e1c, 0x255b, 0x04da, 0x04da, 0x04da, 0x04da, 0x04da, 0x04da, 0x04da, 0x04da, 0x04da, 0x04da, 0x04da, 0x04da, 0x04da, 0x04da, 0x04da, 0x04da, 0x04da, 0x04da, 0x04da, 0x04da, 0x04da, 0x04da, 0x04da, 0x04da, 0x04da, 0x04da, 0x04da, 0x04da, 0x04da, 0x04da, 0x04fb, 0x04fb, 0x0457, 0x02f0, 0x02ef,
		0x6e1c, 0x6e1c, 0x253b, 0x04ba, 0x04da, 0x04da, 0x04da, 0x04da, 0x04da, 0x04da, 0x04da, 0x04da, 0x04da, 0x04da, 0x04da, 0x04da, 0x04da, 0x04da, 0x04da, 0x04da, 0x04da, 0x04da, 0x04da, 0x04da, 0x04da, 0x04da, 0x04da, 0x04da, 0x04da, 0x04da, 0x04da, 0x04da, 0x04da, 0x04da, 0x04fb, 0x0437, 0x02ef, 0x02cf,
		0x6e1c, 0x6e1c, 0x255b, 0x04da, 0x04da, 0x04da, 0x04da, 0x04da, 0x04da, 0x04da, 0x04da, 0x04da, 0x04da, 0x04da, 0x04da, 0x04da, 0x04da, 0x04da, 0x04da, 0x04da, 0x04da, 0x04da, 0x04da, 0x04da, 0x04da, 0x04da, 0x04da, 0x04da, 0x04da, 0x04da, 0x04da, 0x04da, 0x04da, 0x04da, 0x04fb, 0x0437, 0x02ef, 0x02cf,
		0x6e1c, 0x6e1c, 0x251a, 0x0499, 0x0499, 0x04b9, 0x04b9, 0x04b9, 0x04b9, 0x04b9, 0x04b9, 0x04b9, 0x04b9, 0x04b9, 0x04b9, 0x04b9, 0x04b9, 0x04b9, 0x04b9, 0x04b9, 0x04b9, 0x04b9, 0x04b9, 0x04b9, 0x04b9, 0x04b9, 0x04b9, 0x04b9, 0x04b9, 0x04b9, 0x04b9, 0x04b9, 0x04b9, 0x04b9, 0x04ba, 0x0436, 0x02cf, 0x02cf,
		0x763d, 0x4d7a, 0x0bf5, 0x03b4, 0x03d5, 0x03d5, 0x03d5, 0x03d5, 0x03d5, 0x03d5, 0x03d5, 0x03d5, 0x03d5, 0x03d5, 0x03d5, 0x03d5, 0x03d5, 0x03d5, 0x03d5, 0x03d5, 0x03d5, 0x03d5, 0x03d5, 0x03d5, 0x03d5, 0x03d5, 0x03d5, 0x03d5, 0x03d5, 0x03d5, 0x03d5, 0x03d5, 0x03d5, 0x03d5, 0x03d5, 0x03f5, 0x0352, 0x02cf,
		0x5dfc, 0x1416, 0x0394, 0x03b4, 0x03b4, 0x03b4, 0x03b4, 0x03b4, 0x03b4, 0x03b4, 0x03b4, 0x03b4, 0x03b4, 0x03b4, 0x03b4, 0x03b4, 0x03b4, 0x03b4, 0x03b4, 0x03b4, 0x03b4, 0x03b4, 0x03b4, 0x03b4, 0x03b4, 0x03b4, 0x03b4, 0x03b4, 0x03b4, 0x03b4, 0x03b4, 0x03b4, 0x03b4, 0x03b4, 0x03b4, 0x03d5, 0x03d4, 0x02f0,
		0x1c98, 0x03d5, 0x03f5, 0x03f5, 0x03f5, 0x03f5, 0x03f5, 0x03f5, 0x03f5, 0x03f5, 0x03f5, 0x03f5, 0x03f5, 0x03f5, 0x03f5, 0x03f5, 0x03f5, 0x03f5, 0x03f5, 0x03f5, 0x03f5, 0x03f5, 0x03f5, 0x03f5, 0x03f5, 0x03f5, 0x03f5, 0x03f5, 0x03f5, 0x03f5, 0x03f5, 0x03f5, 0x03f5, 0x03f5, 0x03f5, 0x03f5, 0x03f5, 0x03f5
};






#endif /* INC_BITMAPS_H_ */
